bangumiId,kind,lang,title,content
1,primary,ja-JP,転生重騎士はゲーム知識で無双する,"""転生重騎士はゲーム知識で無双する"" は、コアゲーマーの普通の青年が異世界に重騎士として転生し、誤解と陰謀によって王都を追放されながらも、前世で培った膨大なゲーム知識と戦術で数々の危機を乗り越える物語。マップ攻略やモンスターの弱点、アイテムコンボを駆使し、経営や戦略的思考で道を切り開く。見た目は鈍重だが頼れる重装戦闘が魅力で、冷徹な判断とコミカルなギャップが痛快な異世界転生作品。"
2,primary,ja-JP,ジョジョの奇妙な冒険 スティール・ボール・ラン,"""ジョジョの奇妙な冒険 スティール・ボール・ラン"" は『ジョジョの奇妙な冒険』シリーズ第7部。1890年のアメリカ西部を舞台に、死者を蘇らせる聖者の遺体を巡り、複数の勢力が大陸横断レースに参加する。下半身不随の元天才騎手ジョニィ・ジョースターが謎の騎手ジャイロ・ツェペリと共にレースに挑み、遺体争奪戦に巻き込まれていく。馬術とスタンド能力、西部劇、ミステリーが融合し、過酷な旅路での二人の成長と救済が感動を呼ぶ、シリーズ最高峰と称される作品。"
3,primary,ja-JP,THE WORLD IS DANCING,"""THE WORLD IS DANCING"" はダンスをテーマにしたオリジナルアニメ。世界中を舞台に、ダンスを通じて心をつなぐ物語が描かれる。ダンスを愛する若者たちが、地域ごとに異なるダンススタイルで感情や夢を伝え、言語や文化の壁を越えて出会い、リズムを通じて互いを理解していく。華やかな映像とノリの良いビート、多様なダンスが魅力で、青春・友情・自己表現をテーマに、躍動感あふれる想像力豊かな作品。"
4,primary,ja-JP,ドラえもん,"""ドラえもん"" は国民的定番のSFコメディアニメ。22世紀から来たネコ型ロボットのドラえもんが、問題児の小学生のび太を助けるため、四次元ポケットのひみつ道具で様々なトラブルを解決するが、しばしば事態を悪化させて笑いを巻き起こす。友情や家族、成長をテーマに、のび太としずか、ジャイアン、スネ夫たちの少年時代を描き、道具を巡る冒険を通して勇気や優しさ、あきらめない心を教えてくれる、多くの世代に愛され続ける名作。"
5,primary,ja-JP,彼女と彼女の猫 -Everything Flows-,"""彼女と彼女の猫 -Everything Flows-"" は新海誠の初期短編をアニメ化した作品。野良猫の視点から、飼い主の少女の孤独や強さ、隠れた優しさを描く。猫の独特な視点で、人間とペットの無言の寄り添いと理解が繊細に描かれ、都会の暮らしの中の温かさが詩的なナレーションで表現される。四季の移ろいや窓の外の景色を見つめる猫の眼差しが、孤独や絆、命の尊さへの深い思いを静かに伝える、時間をかけて味わいたい癒しの短編。"
6,primary,ja-JP,うしおととら,"""うしおととら"" 第2期は、藤田和日郎原作の同名アクションマンガをアニメ化。宿敵でありながら共闘する少年蒼月潮と大妖怪とらの冒険を描く。妖怪を退ける力を持つ潮は、千年間獣の槍に封じられていたとらと出会い、数々の妖怪や黒幕との戦いを通して成長していく。第2期では宿敵ハクメンの章へと突入し、古今に渡る壮大な陰謀が明らかに。爆発的なバトルと深い友情が魅力の妖怪バトル作品の金字塔。"
7,primary,ja-JP,スペースパトロール ルル子,"""スペースパトロール ルル子"" はTRIGGER制作のオリジナル短編アニメ。宇宙パトロール隊員の少女ルル子のドタバタ冒険を描く。正義感に溢れるが猪突猛進でドジなルル子は、宇宙犯罪者との戦いの中で、犯罪者の息子に恋をしてしまい、正義と恋愛の狭間で揺れる。誇張された演出と超高速のテンポ、数々のオマージュとギャグが詰まった、秒単位で笑わせる奇想天外なSFコメディ。"
8,primary,ja-JP,迷家-マヨイガ-,"""迷家-マヨイガ-"" は水島努監督によるオリジナルミステリーアニメ。現実逃避の動機を持つ多様な男女30人が、ナナキ村という廃村に集まり、謎のイベントに参加する。調査が進むにつれ、村の不気味な真実――巨大な謎の怪物、行方不明者の言い伝え、それぞれの過去が浮かび上がる。集団心理とユートピアの幻想、人間の闇を描いた、息詰まるサイコサスペンス作品。"
9,primary,ja-JP,影鰐-KAGEWANI-,"""影鰐-KAGEWANI-"" 第2期は、短編ホラーアニメ『影鰐』の続編。不可解な失踪・死亡事件を調査する中、主人公は静かに人間を喰らう謎の存在・影鰐を発見する。その起源は古代の伝説に繋がっていた。今期は影鰐の正体と事件の背後にある組織の陰謀が明かされる。冷たいトーンと緊迫した展開、都市伝説と科学捜査、オカルト要素が融合した息苦しいホラー作品。"
10,primary,ja-JP,ジョジョの奇妙な冒険 ダイヤモンドは砕けない,"""ジョジョの奇妙な冒険 ダイヤモンドは砕けない"" はシリーズ第4部。舞台はエジプトから平和な日本の町・杜王町へ。1999年、ジョースター家の血を引く東方仗助が故郷に戻り、スタンド使いによる怪事件に巻き込まれる。連続殺人鬼・吉良吉影を追うため、仗助は康一や億泰、露伴らと共に調査と戦闘を繰り広げる。町の日常と奇妙なスタンドバトルが融合した、シリーズ屈指の人気パート。"
11,primary,ja-JP,テラフォーマーズ リベンジ,"""テラフォーマーズ リベンジ"" は『テラフォーマーズ』アニメの第2期。西暦2599年、人類は火星をテラフォーミングするためゴキブリを送り込んだが、数世紀後に凶暴化した超パワーの火星ゴキブリによる反撃を受ける。火星を奪還すべく、各国は遺伝子改造された超兵士たちの遠征隊を送り込み、強力な虫との凄絶な戦いを繰り広げる。今期は火星生物の進化の謎と政治的な陰謀がさらに明かされ、小町小吉たちがより危険な戦場へと投げ込まれる。"
12,primary,ja-JP,逆転裁判,"""逆転裁判"" はCAPCOMの同名法廷ミステリーゲームをアニメ化。新米弁護士・成歩堂龍一が、数々の逆転劇に満ちた事件に挑む。丹念な捜査と鋭い尋問、証言の矛盾を暴き、無実の依頼人を救う。ゲームの名場面を忠実に再現し、誇張された演出と迫力あるBGMで、真実をひっくり返す快感が味わえる。検事・御剣怜侍や友人・真宵との因縁も描かれるミステリーファン必見の作品。"
13,primary,ja-JP,アスタリスク 戦星の乙女,"""アスタリスク 戦星の乙女"" 第2期は同名ライトノベルのアニメ化。水の学園都市・星導館学園での学園バトルを描く。魔導適性を持つ少年天霧綾斗は、姉の失踪の真相を探るため成長を続け、学園の頂点を決めるフェスタ・フェスタに参加する。今期は綾斗の過去やアスタリスク評議会、星脈世代の争いが次第に明らかになり、強敵たちとの学園闘技と熱い戦いが繰り広げられる。典型的なライトノベル学園バトル作品。"
14,primary,ja-JP,ニンジャスレイヤー フロムアニメイシヨン,"""ニンジャスレイヤー フロムアニメイシヨン"" は同名ウェブ小説をアニメ化。現代日本で暗躍するニンジャスレイヤーの物語。普通の会社員・藤木戸健二はニンジャ組織の抗争に巻き込まれ、最愛の女性を惨殺された後、謎の力によってニンジャスレイヤーへと変貌し、ニンジャ組織への復讐の道を歩む。衝撃的な演出と疾走感あふれるニンジャバトル、ウェブ小説特有の誇張された文体が魅力で、バイオレンス美学とナンセンスな笑いが同居する異色作。"
15,primary,ja-JP,機動戦士ガンダムUC RE:0096,"""機動戦士ガンダムUC RE:0096"" は『ガンダムUC』OVAを再編集したテレビ版。宇宙世紀0096年を舞台に、少年バナージ・リンクスが謎のモビルスーツ・ユニコーンガンダムと出会い、ラプラスの箱を巡る宇宙戦争に巻き込まれる。人類の未来を導く鍵として、NT-Dシステムと覚醒しつつあるニュータイプ能力が描かれる。壮麗な宇宙戦闘と深い政治劇、戦争への省察が魅力の傑作。"
16,primary,ja-JP,僕のヒーローアカデミア,"""僕のヒーローアカデミア"" は堀越耕平原作の同名漫画をアニメ化。超能力が当たり前の世界で、無個性の少年緑谷出久はヒーローを志す。最強ヒーロー・オールマイトの力を継承し、雄英高校で爆豪や麗日、轟らと共に成長しながら、敵連合と戦う。熱いヒーロー育成と仲間との絆、個性豊かな個性設計が魅力で、ゼロから歩み出す出久の成長が心を打つ熱血作品。"
17,primary,ja-JP,パンでPeace!,"""パンでPeace!"" は4コマ漫画をアニメ化した日常系アニメ。16歳の少女みなみがパン屋で働く日常を描く。優しい言葉と笑顔、手作りのパンで、訪れる客や友人たちを癒していく。大きなドラマはないが、温かい小さな物語を通して、人と人とのささやかな優しさや絆が描かれ、画面からパンの香りが漂ってきそうなほのぼのとした癒し作品。"
18,primary,ja-JP,マクロスΔ,"""マクロスΔ"" は『マクロス』シリーズ最新作。人類が様々な銀河文明と共存する未来で、バルキリー飛行部隊とアイドルグループ・ワルキューレが共に戦う。少女たちの歌はヴァール症候群に感染した者を鎮める力を持ち、敵の歌は破壊と狂気をもたらす。凄腕パイロット・ハヤテと歌姫フレイヤの成長を軸に、美しい空中戦と感動の音楽、三角関係を描く。"
19,primary,ja-JP,コンクリート・レボルティオ〜超人幻想〜 THE LAST SONG,"""コンクリート・レボルティオ〜超人幻想〜 THE LAST SONG"" は本作の第2期。超人や妖怪、ロボットが存在するもう一つの時代を舞台に、国家は彼らを登録・管理する超人課を設立する。第2期は変わりゆく時代の中で、人吉爾朗と超人課メンバーの立場の葛藤を描き、正義と秩序、理想と現実の狭間で苦悩する超人の姿が描かれる。複雑な構成と鋭い社会批評で知られる異色の群像ファンタジー。"
20,primary,ja-JP,アイカツ!,"""アイカツ!"" 第2期はアイドル活動シリーズの続編。スターライト学園で星宮いちごたち少女のアイドル生活が続く。いちごは新しいライバルや友人と出会い、様々なイベントやオーディションに参加しながらトップアイドルを目指して成長していく。華やかな衣装と感動の歌とダンス、夢にあふれた展開で、アイドル界の輝きとドラマが描かれる。"
21,primary,ja-JP,ブレイブルー オルタメモリー,"""ブレイブルー オルタメモリー"" は同名2D格闘ゲームをアニメ化。魔道書と蒼の継承者を巡る戦いを描く。都市階級が激しく分断された世界で、覚醒者や魔道師たちが蒼の力の争奪戦に巻き込まれる。主人公ラグナは世界の崩壊を招いた者に抗うため戦い、妹ニュウや個性豊かなキャラクターたちと複雑な因縁で絡み合う。華麗な戦闘シーンと広大な世界観が魅力の格闘ゲームアニメ化作品。"
22,primary,ja-JP,蒼き鋼のアルペジオ,"""蒼き鋼のアルペジオ"" は同名漫画をアニメ化。自我を持つ軍艦少女と人類のSF海戦物語。謎の艦隊・霧によって海洋を封鎖され、人類は制海権を失う。少年千早群像は偶然霧の軍艦イ401に乗り込み、そのメンタルモデルの少女イオナと契約し、海を取り戻すための戦いに挑む。緻密な艦船考証とSF設定、自我や信頼、人間性の限界を問うテーマが魅力の作品。"
23,primary,ja-JP,革命機ヴァルヴレイヴ,"""革命機ヴァルヴレイヴ"" 第2期は第1期の続編。少年時縞ハルトがヴァルヴレイヴに乗って戦う物語。国際紛争に巻き込まれたハルトはヴァルヴレイヴのパイロットとなり、滅亡した国家の王女や咲森学園の仲間たちと共に強大な帝国の圧政に立ち向かう。第2期ではヴァルヴレイヴの真実、不死者、人類の未来が次第に明らかになり、ハルトはその力のために大きな代償を払う。壮大なロボット戦争と複雑な政治劇が魅力の作品。"
24,primary,ja-JP,アウトブレイク・カンパニー,"""アウトブレイク・カンパニー"" は同名ライトノベルをアニメ化。オタクの高校生・加納慎一が、異世界の日本大使としてオタク大使に抜擢され、魔法世界に2D文化を広める物語。ハーフエルフのメイド・ミュセルや竜人のラクーナなど個性豊かな仲間と暮らしながら、アニメやゲーム、漫画のサブカルチャーで閉ざされた世界を変えていく。異世界とオタク文化、ライトコメディが融合した日常系作品。"
25,primary,ja-JP,キルラキル,"""キルラキル"" はTRIGGER制作のオリジナル熱血アニメ。転校生の纏流子は神衣鮮血を纏い、父の仇を探すため本能字学園に殴り込み、学園を支配する鬼龍院皐月とその精鋭・四天王と戦う。戦いが進むにつれ、神衣や生命戦維、人間の本能を巡る壮大な陰謀が浮かび上がる。誇張された爆発的な演出と痛快なバトル、成長する流子と鮮血の絆が魅力の世代を代表するアクションアニメ。"
26,primary,ja-JP,IS〈インフィニット・ストラトス〉,"""IS〈インフィニット・ストラトス〉"" 第2期は同名ライトノベルをアニメ化。女性専用兵器ISの唯一の男性操縦者・織斑一夏の学園バトルコメディ。第1期に続き、一夏は学園祭や訓練、大会で仲間たちとの絆を深めながら、新たな強敵や試練に立ち向かう。華麗なISバトルとハーレムラブコメ、軽快な日常が売りの典型的なライトノベル学園バトルハーレム作品。"
27,primary,ja-JP,京騒戯画,"""京騒戯画"" は同名短編アニメをアニメ化。混沌と秩序が交錯する鏡都で、少女コトは失踪した父を探す不思議な冒険に出る。鏡都は人間と妖怪が共存する魔法の世界で、コトは様々な思惑を持つ妖怪たちと出会い、都の謎と創生の真実を巡る事件に巻き込まれる。大胆な色彩と独特の美しい和風映像、無限の想像力が魅力の作品。"
28,primary,ja-JP,コッペリオン,"""コッペリオン"" は同名漫画をアニメ化。原子力発電所事故で死の都市と化した近未来の東京を舞台に、特殊部隊の少女たちが廃墟で危険な任務を遂行する。主人公・成瀬荊は姉妹と共に汚染区域に入り、生存者の救出と真実の究明に挑む。廃墟と化した都市を背景に、少女たちの勇気と犠牲を通して希望や責任、生存を描く、緊張感あふれる作品。"
29,primary,ja-JP,ガンダムビルドファイターズ,"""ガンダムビルドファイターズ"" は『ガンダム』シリーズのスピンオフ。ガンプラ（ガンダムのプラモデル）による戦いを描く熱い物語。少年イオリ・セイが作ったガンプラを、謎の達人レイジが操り、二人はタッグを組んで全日本ガンプラバトル選手権に挑む。模型製作とバーチャルバトルを完璧に融合し、明るく爽快な展開と熱いバトル、友情が魅力。"
30,primary,ja-JP,ゴールデンタイム,"""ゴールデンタイム"" は竹宮ゆゆこ原作の同名ライトノベルをアニメ化。大学生・多田万里は入学後に高校時代までの記憶を徐々に失いながらも、過去の自分に悩む。優しい先輩・林田奈々や恋敵・柳澤光央と出会い、青春の甘さと切なさに満ちた恋物語が展開する。記憶や成長、選択を繊細に描いた、リアルで優しい青春恋愛作品。"
31,primary,ja-JP,のうコメ〜俺の絶対選択が学園ラブコメを全力で邪魔している〜,"""のうコメ〜俺の絶対選択が学園ラブコメを全力で邪魔している〜"" は同名ライトノベルをアニメ化。高校生・甘草奏は突然頭の中に現れる強制的な選択肢に悩まされ、恥ずかしい行動を強要される。ある日神様と名乗る少女と出会い、絶対選択に導かれながら学園ラブコメに巻き込まれていく。ギャグ的な設定と誇張されたコメディ演出が魅力の学園ラブコメ。"
32,primary,ja-JP,勇者になれなかった俺はしぶしぶ就職を決意しました。,"""勇者になれなかった俺はしぶしぶ就職を決意しました。"" は同名ライトノベルをアニメ化。勇者に魔王が倒され平和になった世界で、魔王の息子・ラウルは引き継ぐ使命を失い、普通の青年として魔法商店で働くことになる。元魔王軍の少女・フィノが応募してきて、共に働く中で様々なドタバタを繰り広げる。異世界バイトをテーマにしたライトコメディ作品。"
33,primary,ja-JP,東京レイヴンズ,"""東京レイヴンズ"" は同名ライトノベルをアニメ化。現代の東京を舞台に、陰陽師と呪術者の秘かな戦いが続く。自称ダメ陰陽師の少年・土御門春虎は事件に巻き込まれ、幼馴染の夏目や友人の鈴鹿と共に陰陽師の世界へ引き戻される。陰陽術と熱いバトル、学園生活が融合した人気のオカルトバトル作品。"
34,primary,ja-JP,ストライク・ザ・ブラッド,"""ストライク・ザ・ブラッド"" は同名ライトノベルをアニメ化。世界最強の吸血鬼・暁古城が絃神島の彩海学園に監視対象として入学し、剣巫の少女・姫柊雪菜とタッグを組む。魔族や聖戦機構、様々な陰謀と戦いながら、古城の秘められた吸血鬼の力が次第に覚醒していく。バトルと学園生活、恋愛が融合した現代ファンタジーバトル作品。"
35,primary,ja-JP,ホワイトアルバム2,"""ホワイトアルバム2"" は同名美少女ゲームをアニメ化。高校の軽音楽部の北原春希は、学園祭前に歌の才能あふれる少女・小木曽雪菜と出会い、そして実力はあるがクールな天才・冬馬かずさと出会う。三人は音楽を通じて複雑な感情の網に絡み合う。繊細な心理描写と息苦しいリアルな空気感、大人の恋愛ドラマが特徴で、三角関係の苦さが語り継がれる名作。"
36,primary,ja-JP,フリージング ヴァイブレーション,"""フリージング ヴァイブレーション"" は『フリージング』アニメの第2期。異次元生物・NOVAの脅威に対抗するため、人類はパンドラと呼ばれる聖痕持ちの戦士を育成する。今期は青井和哉とサテライザーの戦いと絆を軸に、NOVAの真実やパンドラの使命、それぞれの過去が明かされる。華麗な熱血バトルと個性的なキャラクター描写が魅力の作品。"
37,primary,ja-JP,リトルバスターズ! リフレイン,"""リトルバスターズ! リフレイン"" はゲームアニメ化の第2期であり核心編。直枝理樹とリトルバスターズは学園生活の中で世界の秘密に触れていく。今期はその裏側にある真実が明かされ、世界の繰り返しや仲間の犠牲、再会の物語が感動的に描かれる。友情と絆をテーマに、Key作品らしい泣ける展開が魅力。"
38,primary,ja-JP,機巧少女は傷つかない,"""機巧少女は傷つかない"" は同名ライトノベルをアニメ化。魔術世界の学園で、人形使いと自動人形が共存する。少年赤羽雷真は人形使いになるため入学するが、敗北後に自分の自動人形・夜々に襲われる。二人は衝突と調整を経て、好敵手から共闘者へと関係を変えていく。学園バトルと人形の設定が魅力で、雷真と夜々の掛け合いが楽しい作品。"
39,primary,ja-JP,境界の彼方,"""境界の彼方"" は同名ライトノベルをアニメ化。人間と妖夢が共存する世界で、血を操る半妖夢の少年・神原秋人が最強の妖夢使い・栗山未来と出会う。未来は秋人への特別な反応から妖夢討伐に巻き込まれ、二人は共に戦ううちに距離を縮めていく。ファンタジーバトルと学園ラブコメを融合し、京都アニメーションの繊細な作画と優しい感情描写が光る作品。"
40,primary,ja-JP,夜桜四重奏〜ハナノウタ〜,"""夜桜四重奏〜ハナノウタ〜"" は同名漫画をアニメ化。人間と妖怪が共存する桜新町の物語。町で起こる妖怪絡みの事件を解決するため、力を持つ少年少女たちが守護団を結成し、町を脅かす存在と戦う。4人の主人公を中心に、町を守る中での成長と絆、町の深い秘密が描かれる。和風ファンタジーを基盤に、アクションと日常、ミステリーが融合した作品。"
41,primary,ja-JP,黒子のバスケ,"""黒子のバスケ"" 第2期は第1期の続編。幻の6人目・黒子テツヤと火神大我の成長を描く。誠凛高校バスケ部は全国制覇を目指し、キセキの世代の青峰大輝や赤司征十郎、黄瀬涼太らと壮絶な試合を繰り広げる。誇張された超能力バスケと緊張感あふれる試合シーン、熱いチームワークが魅力のスポーツアニメの代表格。"
42,primary,ja-JP,メガネブ!,"""メガネブ!"" はメガネを愛する高校生たちの日常を描くオリジナル学園アニメ。主人公・三荻ミツバは入学後に眼鏡部へ入部し、部員たちとメガネ談義や様々な活動を繰り広げる。メガネを絆に、少年たちの純粋な友情と普通の温かい学園生活が描かれる。清潔な作風とほのぼのとした癒しの雰囲気が魅力の作品。"
43,primary,ja-JP,マギ The kingdom of magic,"""マギ The kingdom of magic"" 第2期は同名漫画をアニメ化。アラジンとアリババの冒険が続く。今期はマグノシュタット学園と魔導士の戦争を中心に、アラジンが魔法を学びながら国家の争いに巻き込まれ、アリババが迷いの中で自らの道を探す。壮大な世界観とファンタジー設定、激しい戦い、そして権力や国家、奴隷制のテーマを深く描く傑作。"
44,primary,ja-JP,ポケットモンスター XY,"""ポケットモンスター XY"" は『ポケモン』アニメの第6シリーズ。美しいカロス地方を舞台に、サトシとピカチュウが新たな仲間と出会い、ジムバッジを集めながら旅をする。華麗なバトル描写とメガシンカの導入、ライバルやチャンピオン・カルネとの戦いが描かれ、トレーナーとポケモンの深い絆が表現される。"
45,primary,ja-JP,弱虫ペダル,"""弱虫ペダル"" は同名漫画をアニメ化。オタクの高校生・小野田坂道が自転車競技に夢を見出す物語。坂道は総北高校自転車競技部に入部し、今泉や鳴子らと共に高校レースで戦いながら成長していく。レース戦術の緻密な描写とチームワーク、熱いシーンが魅力で、内気なオタクからエースへと変貌する坂道の成長が感動を呼ぶ。"
46,primary,ja-JP,ダイヤのA,"""ダイヤのA"" は同名野球漫画をアニメ化。青道高校野球部の熱い物語。主人公・沢村栄純は独特のピッチングを武器に青道へ入学し、天才捕手・御幸一也や多くの仲間たちと甲子園を目指す。リアルな野球戦術と丁寧な試合描写、キャラクターの成長が魅力で、少年たちの青春群像が感動的に描かれる野球アニメの定番。"
47,primary,ja-JP,サムライフラメンコ,"""サムライフラメンコ"" はオリジナルアニメ。普通の青年・羽佐間正義がボランティア警察官になったことから、本物の犯罪やヒーローとの戦いに巻き込まれていく。出会った相棒・後藤英徳やフラメンコと名乗る謎の存在により、物語は軽いコメディからシリアスな壮大なヒーロー譚へと変貌する。予想外の展開と独特のヒーロー観が話題を呼んだ作品。"
48,primary,ja-JP,ガリレイドンナ,"""ガリレイドンナ"" はガリレオの子孫である三姉妹の物語を描くオリジナルアニメ。三人の子孫はそれぞれ才能と個性を持つが、祖父の残した財宝を巡る国際的な争いに巻き込まれてしまう。ガリレオの遺産を手がかりに、科学と冒険に満ちた旅が展開し、真実を追う中で姉妹の絆が深まる。科学要素とアクションアドベンチャー、温かい日常が融合した作品。"
49,primary,ja-JP,ファイ・ブレイン 神のパズル,"""ファイ・ブレイン 神のパズル"" 第3期はパズルアニメの第3シーズン。天才パズル解き・大門カイトが、囚われた仲間や友を救うため、神のパズルと呼ばれる古代のパズルに挑み続ける。今期は新しいパズル機構と強力なライバルが登場し、カイトのパズル能力がさらに磨かれる。知的なパズル解決と緊張感ある対決が魅力のパズルアニメの異色作。"
50,primary,ja-JP,ログ・ホライズン,"""ログ・ホライズン"" は同名ライトノベルをアニメ化。オンラインゲーム『エルダー・テイル』のアップデート後、3万人以上のプレイヤーがゲーム世界に閉じ込められログアウト不能になる。ベテランプレイヤーのシロエは知略と統率力でゲーム世界に影響力を築き、現実に戻る方法を模索する。戦略と経営、MMO設定が魅力のMMOアニメの傑作。"
51,primary,ja-JP,声優戦隊ボイストーム7,"""声優戦隊ボイストーム7"" は声優業界をテーマにしたオリジナルアニメ。声優学校に通う若者たちがプロを目指して奮闘する姿を描く。オーディションや収録現場、事務所、日常生活など、業界のリアルな描写とコメディが満載。声の仕事を入り口に、声の世界の魅力と裏方の苦労が描かれ、声優志望者の真摯な姿が感動的で楽しい作品。"
52,primary,ja-JP,はじめの一歩 Rising,"""はじめの一歩 Rising"" は名作ボクシングアニメの第3期。幕之内一歩は鴨川ジムで修行を続け、世界レベルのチャンピオンを目指してより強い相手に挑戦する。今期は一歩がさらに厳しいライバルと対戦し、リングで敗北と突破を経験しながらより大きな力を磨く。リアルなボクシング描写と熱い試合シーン、キャラクターの成長が魅力のボクシングアニメの代表格。"
53,primary,ja-JP,摸索吧！部活剧,これは女子高生たちが部活を立ち上げ、部活動の方向性を模索する実験的短編アニメ。主人公たちは即興の演技と対話で物語を進め、実験性とコメディに満ち、従来のアニメの枠組みを打ち破る。独特の演出技術やメタ的な笑い、アニメ制作へのパロディが特徴で、くだらない部活のアイデアで笑いを生む、ミーム精神あふれる実験的ギャグアニメ。
54,primary,ja-JP,ミス・モノクローム,"""ミス・モノクローム"" はバーチャルアイドルを描く短編アニメ。主人公ミス・モノクロームはアイドルを愛するロボット少女で、偶然の目覚めからアイドルになるために奮闘する。誇張された演出とテンポの速いギャグ、ナンセンスな展開が特徴で、夢に向かってドタバタを繰り返す姿が愛らしい。極端なテンポと密集した笑いが魅力の軽快な癒し系ショートアニメ。"
55,primary,ja-JP,プピポー!,"""プピポー!"" は未来から来た謎の生物プピポーと人間の少女の心温まる日常を描く短編アニメ。不思議な能力でプピポーは少女と様々な軽い事件を起こし、次第に彼女の大切なパートナーになっていく。独特の画風と癒しの雰囲気、シンプルな物語で人間と謎の生物の絆を描く、穏やかで純粋な癒し作品。"
56,primary,ja-JP,のんのんびより,"""のんのんびより"" は同名漫画をアニメ化。田舎の分校を舞台に、越谷姉妹と転校生の宮内れんげのスローライフを描く。日本の田園風景を四季折々に描き、子供たちの素朴な生活が魅力。ゆったりとしたテンポと淡い画風、癒しの雰囲気で、れんげの純真な口癖や姉妹の掛け合いが微笑ましい日常アニメの代表作。"
57,primary,ja-JP,ぎんぎつね,"""ぎんぎつね"" は同名漫画をアニメ化。神社の巫女・冴木まことと狐の神使・銀太郎の心温まる日常を描く。まことは上田天神社の巫女で、神と交信できる銀太郎は毒舌ながらも彼女を静かに見守る。神社の祭事や参拝者の願い、少女の成長を軸に、神使と人間の絆と温かさが描かれる。繊細な作画と静謐な雰囲気が魅力の癒し系日常作品。"
58,primary,ja-JP,蒼の彼方のフォーリズム,"""蒼の彼方のフォーリズム"" は同名ゲームをアニメ化。騎士学園で少女たちが馬に乗り、槍と剣を操って競う世界。主人公・美咲海斗は怪我を機に支援側へ回り、騎士候補生たちを助け、彼女たちとの深い信頼を築く。学園騎士競技と恋愛を中心に、少女たちの凛々しい姿と青春が描かれる。競技の熱さとロマンチックな空気が融合した作品。"
59,primary,ja-JP,凪のあすから,"""凪のあすから"" はP.A.WORKS制作のオリジナルアニメ。海と陸という二つの世界の少年少女たちの青春を描く。海底の村・汐鹿生の若者たちは潮の変化により陸の学校へ転校し、陸の仲間たちと出会い、恋と友情に絡み合う。繊細な感情描写と壮大な海の景色、洗練された作画が魅力で、潮と時間のメタファーが通底する美しく切ない青春群像劇。"
60,primary,ja-JP,世界で一番強くなりたい!,"""世界で一番強くなりたい!"" は同名ライトノベルをアニメ化。人気アイドルの萩原さくらが怪我を機にプロレスへ転向し、レスリングの舞台で成長していく物語。女子プロレスを中心に、さくらは練習と試合で限界に挑戦し、次第に観客の認めるところとなる。アイドルとプロレスの要素を融合し、アイドルの華やかさとリングの汗と情熱が描かれる。"
61,primary,ja-JP,てーきゅう,"""てーきゅう"" はテニス部の少女たちのシュールな日常を描くギャグ短編アニメ。テンポの速いギャグと誇張された演出、奇想天外なネタが特徴で、真面目なテニスの試合も笑いのシーンに変えてしまう。各話は極めて短いが笑いの密度は濃く、部員たちのドジな試合と練習風景が繰り広げられる。暇つぶしにぴったりの爆笑ショートアニメ。"
62,primary,ja-JP,限制级杀手,これは暗殺者を描くギャグアニメ。謎の殺し屋が予想外の方法で様々な暗殺任務をこなすが、いつも笑えるトラブルに巻き込まれる。淡々としたユーモアと誇張されたバイオレンスコメディが特徴で、真面目な任務とナンセンスな日常が自由に行き来する。主人公のギャップや裏社会のキャラクターたちが独特のブラックユーモアを生み出す異色作。
63,primary,ja-JP,名探偵コナン,"""名探偵コナン"" は国民的定番のミステリーアニメ。高校生探偵・工藤新一は黒の組織に毒を盛られて幼児化し、江戸川コナンと名乗り、毛利小五郎の元で生活しながら子供の姿で難事件を解決していく。巧妙な殺人事件と黒の組織の陰謀、灰原哀や服部平次らとの連携、蘭との恋愛が絡み合う。密室殺人から怪盗キッドの華麗な登場まで、コナンの緻密な推理が光る。"
64,primary,ja-JP,ONE PIECE,"""ONE PIECE"" は尾田栄一郎原作の同名漫画をアニメ化。少年ルフィは海賊王になるため、仲間と共に麦わら海賊団を結成し、伝説の宝・ワンピースを探してグランドラインを航海する。熱い冒険と仲間との絆、壮大な世界観が魅力で、ゾロやナミ、サンジ、ウソップらとの友情を深めながら、海軍や四皇、世界政府との激闘に巻き込まれていく。"
65,primary,ja-JP,NARUTO -ナルト- 疾風伝,"""NARUTO -ナルト- 疾風伝"" は『ナルト』の続編。修行から戻ったナルトの成長を描く。ナルトはサクラやサスケと共に木ノ葉隠れの里で任務を遂行し、大蛇丸や暁、第四次忍界大戦の渦に巻き込まれていく。忍術バトルと絆、平和をテーマに、ナルトは不撓の努力と尾獣の力で成長し、サスケとの宿命的な対決が通底する。熱血忍者アニメの金字塔。"
66,primary,ja-JP,キングダム,"""キングダム"" 第2期は同名漫画をアニメ化。中国戦国時代末期を舞台に、大将軍を目指す少年・信が親友・漂や大将軍・王騎と出会い、天下統一の大きな戦いに巻き込まれていく。今期は秦と趙の戦いなど史実の出来事が続き、戦場での信の成長と群雄たちの活躍が描かれる。壮大な戦争シーンと熱いキャラクター成長、本格的な歴史背景が魅力の歴史アニメの傑作。"
67,primary,ja-JP,探险托里兰托 1000年的真宝,これは若き探検家たちの宝探し冒険を描くオリジナルアドベンチャーアニメ。主人公と仲間たちは、千年眠り続ける伝説の宝物を探すため、神秘のトトリトント大陸で数々の危険や謎に立ち向かう。軽快な冒険と仲間との絆が特徴で、罠やモンスター、宝の伝説が次々と登場し、少年たちは勇気と知恵で危機を乗り越える。明るく前向きな冒険心あふれる作品。
68,primary,ja-JP,プリティーリズム・レインボーライブ,"""プリティーリズム・レインボーライブ"" は『プリティーリズム』シリーズ第4期。ダンスとファッションで夢を叶える少女たちの物語。主人公・彩瀬なるはプリズムメロディーを聞いて才能を開花させ、舞台で挑戦を続ける。華やかなステージ演出とファッション要素、少女たちの成長を主軸に、アイドル界の煌めきと挑戦が描かれる。"
69,primary,ja-JP,〈物語〉シリーズ セカンドシーズン,"""〈物語〉シリーズ セカンドシーズン"" は西尾維新の小説をアニメ化した第2期。複数の独立しながらも絡み合うストーリーで構成され、阿良々木暦の吸血鬼や怪異、友人たちとの過去が掘り下げられる。貝木泥舟や戦場ヶ原ひたぎ、忍野扇のエピソードを収録。独特の会話文体と極端な映像表現、恋愛・ミステリー・哲学・ギャグが融合した芸術性の高い傑作。"
70,primary,ja-JP,宇宙兄弟,"""宇宙兄弟"" は同名漫画をアニメ化。宇宙飛行士を目指す兄弟の物語。弟の日々人が宇宙飛行士になった後、兄の六太は子供の頃の夢を再燃させ、厳しい選抜を経てJAXAに入り宇宙に挑む。リアルな宇宙知識と温かい兄弟の絆、感動的な成長物語が魅力で、希望と感動に満ちたパワフルで温かい作品。"
71,primary,ja-JP,HUNTER×HUNTER,"""HUNTER×HUNTER"" は冨樫義博原作の同名漫画をアニメ化。少年ゴンはハンターである父を探すためハンター試験に挑み、キルアやクラピカ、レオリオらと共に戦う。巧妙な念能力バトルと冷たさと温かさが同居する物語が魅力で、ハンター試験編、ゾルディック家編、幻影旅団編、グリードアイランド編が圧巻。ゴンの純真さやキルアの苦悩と成長が人間の深みを描く。"
72,primary,ja-JP,聖闘士星矢Ω,"""聖闘士星矢Ω"" は『聖闘士星矢』シリーズの新章。記憶を失った聖闘士・光牙が、アテナの導きで新世代の聖闘士となり、仲間と共に地上の平和を守るため戦う。新世代のキャラクターを登場させつつ、古典的な聖闘士設定を踏襲し、マルスの神など新たな脅威を巡る冒険が展開する。光牙の成長と聖衣バトル、聖闘士たちの友情と犠牲が描かれる。"
73,primary,ja-JP,超青春姐弟s,これは姉と弟の可笑しな日常を描く短編アニメ。兄妹の掛け合いを中心に、誇張されたギャグと生活感のある笑いで、お菓子の奪い合いから日常の些細なことまで、リアルで爆笑の共感を呼ぶ。短い軽快なエピソードとテンポの良い展開、密集した笑いで、兄妹の性格の対比と日常の喧嘩が面白く、家族の温かさも伝える。
74,primary,ja-JP,黏黏糊糊!!角质君,これは角質を主人公にしたギャグ短編アニメ。角質の視点から、掃除から奇妙な遭遇まで、擬人化された角質の生活が楽しく描かれる。誇張された演出とナンセンスな設定、極端なテンポと密集した笑いが特徴で、前提自体の馬鹿らしさを忘れさせてしまう奇想天外なショートアニメ。
75,primary,ja-JP,DIABOLIK LOVERS,"""DIABOLIK LOVERS"" は同名乙女ゲームをアニメ化。吸血鬼が住む学校に転校した少女・小森ユイが、六兄弟の吸血ゲームに巻き込まれる。ダークな吸血鬼設定と美形キャラクター、アンニュイな掛け合いが特徴で、ユイは危険な兄弟たちとの関係に緊張しながらも禁断の誘惑に抗えない。ゴシックな美しさと恐怖とロマンスが同居する独特のダークロマンス作品。"
76,primary,ja-JP,とある飛空士への恋歌,"""とある飛空士への恋歌"" は同名ライトノベルをアニメ化。空の島の聖王国を舞台に、少年パイロット・カルエルと貴族の少女の身分差と戦火の中の恋が描かれる。空を駆ける飛空シーンと切ない恋愛の空気感が魅力で、守るべきものへの決意と、青二才から一人前のパイロットへの成長が描かれる。空戦の壮大さと恋の切なさ、戦争の残酷さが織り交ざるロマンチックな戦争青春恋愛作品。"
77,primary,ja-JP,魔法戦争,"""魔法戦争"" は同名ライトノベルをアニメ化。深夜に倒れていた少女を助けた普通の高校生・七瀬武は、魔法に目覚めたことを知り、魔術師たちの戦争に巻き込まれていく。魔法バトルと学園生活を背景に、武は魔法庁と黒魔術師の脅威に立ち向かいながら真実を追求する。ミステリーとどんでん返しに満ちたプロット、熱い戦闘シーンが魅力の作品。"
78,primary,ja-JP,鬼灯の冷徹,"""鬼灯の冷徹"" は同名漫画をアニメ化。地獄の大王の補佐官・鬼灯の可笑しな日常を描く。クールで毒舌な鬼灯は、獄卒や金魚草、様々な問題児たちと掛け合いながら地獄の事務をこなす。日本の地獄神話と現代の職場コメディを融合し、地獄を官僚組織として描くブラックユーモアが魅力の名作コメディ。"
79,primary,ja-JP,桜Trick,"""桜Trick"" は百合テーマの日常系アニメ。親友の高山春香と園田優の親密な関係を描く。高校生活の中で二人の距離は縮まり、キスを通じて互いを大切に思う気持ちを表現する。温かい癒しの雰囲気と繊細な感情描写が魅力で、明るい淡い色合いの作画が少女たちの純粋で仄かな感情を描き出す人気百合作品。"
80,primary,ja-JP,妖怪ウォッチ,"""妖怪ウォッチ"" は国民的な妖怪アニメ。妖怪ウォッチで妖怪が見えるようになった少年・天野ケータが、妖怪執事ウィスパーらと共に妖怪が引き起こす事件を解決していく。軽快な日常と可愛い妖怪キャラクター、コレクション要素が特徴で、冒険を通して妖怪たちの心情を理解し、友情を築いていく。ゲームや玩具など多方面に展開する子供たちに愛される国民的IP。"
81,primary,ja-JP,フューチャーカード バディファイト,"""フューチャーカード バディファイト"" はカードバトルアニメ。少年・未門牙王がカードバトルの大会で成長していく物語。バディモンスターと共に戦い、大会で強敵に挑み、多くのライバルと友情を深める。熱いカードバトルとバディとの絆、王道の少年向け展開が魅力で、カードゲームの戦略性と少年漫画らしい熱さと感動が描かれる。"
82,primary,ja-JP,ニセコイ,"""ニセコイ"" は同名漫画をアニメ化。ヤクザの跡取り・一条楽とマフィアのボスの娘・桐崎千棘が、家族の平和のため偽の恋人を演じる。共に過ごすうちに二人の心は温まり、楽の初恋の謎も明らかになっていく。楽しいラブコメディと複雑なキャラクター関係、ドラマチックな展開が魅力のラブコメアニメの王道。"
83,primary,ja-JP,マケン姫っ! 通,"""マケン姫っ! 通"" は『マケン姫っ!』の第2期。学園バトルとラブコメが続く。天日学園で大山タケルはマケンを巡り戦いながら、ヒロインたちと同居生活を送る。今期はキャラクターとバトルシーンが増え、タケルのマケン能力が覚醒し、強敵との対決が激化する。サービスとバトル、ハーレム要素が融合した学園ハーレムバトル作品。"
84,primary,ja-JP,生徒会役員共*,"""生徒会役員共*"" は4コマ漫画をアニメ化。生徒会の可笑しな日常を描く。天草シノ会長とメンバーたちが生徒会室で下ネタギャグを繰り広げる。テンポの速い会話とパロディ、大人向けのユーモアが特徴で、密度の濃い笑いと疾走感あるテンポが魅力の深夜アニメの代名詞。"
85,primary,ja-JP,いなり、こんこん、恋いろは。,"""いなり、こんこん、恋いろは。"" は同名漫画をアニメ化。少女・伏見いなりが狐の神使を助けたことで変身能力を得るが、神々との因縁に巻き込まれていく。京都を舞台に、神社や神様、恋愛が融合し、いなりの成長と初恋が温かく描かれる。美しい京都の風景と繊細な感情描写、和風ファンタジー要素が魅力の優しい癒し作品。"
86,primary,ja-JP,世界征服〜謀略のズヴィズダー〜,"""世界征服〜謀略のズヴィズダー〜"" はオリジナルアニメ。悪の組織・ズヴィズダーが世界征服を企み、精鋭の幹部たちが正義のヒーローと戦う。独特の悪役視点と可愛いキャラクターデザイン、コメディとシリアスの融合、正義と平和のテーマが描かれる。可愛い悪役少女たちが真顔で世界征服を企む様子が面白く、後半は深みを増す。"
87,primary,ja-JP,ノブナガン,"""ノブナガン"" は同名漫画をアニメ化。謎の力を持つ少女・織田ノブナが、戦国武将たちと共に現代と過去を行き来しながら世界を脅かす敵と戦う。戦国歴史とSF要素を融合し、熱いバトルと歴史の再解釈が魅力。ロボットのような未来装備とタイムトラベル設定で歴史上の戦国武将を再解釈する、歴史とSFが交錯する異色作。"
88,primary,ja-JP,バディ・コンプレックス,"""バディ・コンプレックス"" はオリジナルロボットアニメ。普通の高校生・渡瀬青葉が未来世界の戦いに巻き込まれ、メカパイロットの弓原雛と出会い、共に強敵と戦う。タイムスリップと友情の絆、熱いロボットバトルが魅力で、青葉と雛のパートナーシップが核となる。洗練されたメカデザインと流麗なバトルシーン、時間のパラドックスを巡るプロットが描かれる。"
89,primary,ja-JP,ウィッチクラフトワークス,"""ウィッチクラフトワークス"" は同名漫画をアニメ化。普通の少年・多華宮仄が魔女に襲われた際、魔女騎士の火々里綾火に救われ、二人は結ばれる。仄は実は魔女で、綾火を密かに守っており、二人は学園生活の中で魔女と騎士の争いに巻き込まれていく。バトルとラブコメを融合し、強いヒロインと圧倒的な力のギャップ、流麗なバトルシーンが魅力。"
90,primary,ja-JP,ノラガミ,"""ノラガミ"" は同名漫画をアニメ化。無名の神・夜トが人間界を彷徨い、賽銭を稼ぐため日雇いの仕事を請け負う。少女・壱岐ひよりと神器の雪音と出会い、神々と妖怪の世界に巻き込まれていく。現代神話と熱いバトル、温かい日常が融合し、夜トが自らの価値を求めながら絆を得ていく姿が描かれる。共闘と救済のテーマが光る人気ファンタジー。"
91,primary,ja-JP,ウィザード・バリスターズ〜弁魔士セシル,"""ウィザード・バリスターズ〜弁魔士セシル"" は魔法と法廷をテーマにしたオリジナルアニメ。魔法弁護士のセシルがバリスターとして魔法で依頼人を弁護し、魔法法律界の様々な陰謀に立ち向かう。法廷対決と魔法バトルを融合し、魔法法律界でのセシルの活躍と成長が描かれる。法律ジャンルとファンタジーの斬新な融合が魅力の作品。"
92,primary,ja-JP,そにアニ -SUPER SONICO THE ANIMATION-,"""そにアニ -SUPER SONICO THE ANIMATION-"" は同名キャラクターをアニメ化。ソニコは大学生でありロックバンドのボーカル。バンドメンバーや家族との時間を中心に、彼女の日常が描かれる。癒しの日常と音楽要素が特徴で、ソニコの純真で愛らしい性格とスローライフが、練習やライブ、猫との日々を通して温かく描かれる。穏やかで輝く日常を描いた癒し作品。"
93,primary,ja-JP,のうりん,"""のうりん"" は同名ライトノベルをアニメ化。農業高校の生徒・畑耕作と木下林檎らクラスメイトのドタバタ学園生活を描く。農業を背景に、ギャグとパロディ、サービスが満載で、農業知識から学園生活までがネタにされる。テンポの良い展開と密集した笑いで、真面目な農業テーマを楽しく描き、耕作と林檎の恋愛線も織り交ぜる独特の学園コメディ。"
94,primary,ja-JP,中二病でも恋がしたい! 戀,"""中二病でも恋がしたい! 戀"" は本作の第2期。高校入学後も中二病の小鳥遊六花と富樫勇太の日常が続く。今期は六花の現実の問題が浮上し、笑いと揺れの中であれし二人の感情が深まっていく。繊細な感情描写と楽しい日常、京都アニメーションの超絶作画が魅力で、中二病の可愛らしさと現実に向き合う成長が描かれる。"
95,primary,ja-JP,未確認で進行形,"""未確認で進行形"" は同名漫画をアニメ化。少女・夜ノ森小紅は姉の手配で、何か秘密を抱えた婚約者・三峰白夜と同居生活を始める。小紅と白夜、その妹を中心に、恋愛とファンタジー要素を織り交ぜた日常が描かれる。洗練された作画と、小紅の警戒心と好奇心、白夜の謎めいた優しさの対比が面白い。癒しのラブコメ日常作品。"
96,primary,ja-JP,最近、妹のようすがちょっとおかしいんだが。,"""最近、妹のようすがちょっとおかしいんだが。"" は同名漫画をアニメ化。少年・神前美月と妹・ひよりの間に、幽霊少女の憑依により混沌とした日常が展開する。ひよりは幽霊少女に取り憑かれ、その願いを叶えるため美月と様々な気まずい接触をする。境界線上ギャグが特徴で、笑いと温かさの間を行き来するライトな学園コメディ。"
97,primary,ja-JP,STRANGE+,"""STRANGE+"" は探偵事務所のメンバーのシュールな日常を描くギャグ短編アニメ。探偵の巧己と助手たちが様々な奇妙な依頼をこなす。テンポの速いギャグとパロディ、奇想天外な展開で、極短いエピソードの中に密集した笑いを詰め込む。事件自体よりもキャラクターたちの楽しい掛け合いが中心の、ストレス解消にぴったりのショートアニメ。"
98,primary,ja-JP,Z/X IGNITION,"""Z/X IGNITION"" はカードゲームをアニメ化。少年たちと異世界の存在Z/Xとの戦いを描く。主人公・天王寺飛鳥はパラレルワールド侵攻の危機の中、カードでZ/Xを召喚し、仲間と共に地球を守るため戦う。カード召喚と熱いバトル、複線的な物語展開が特徴で、飛鳥は様々な相手との戦いで成長し、Z/Xとパラレルワールドの真実に迫る。"
99,primary,ja-JP,ノブナガ・ザ・フール,"""ノブナガ・ザ・フール"" は同名漫画をアニメ化。科学と魔法が共存する時代、戦国の覇者・織田信長が型破りな行動で運命に挑む。歴史的人物とSF設定を融合し、信長の大胆さと過激さを熱く描く。時代を超えたビジョンと鉄腕で天下統一を目指し、明智光秀や豊臣秀吉との関係も緊張感あふれる。歴史とファンタジーが交錯する独特の信長像が魅力。"
100,primary,ja-JP,咲-Saki- 全国編,"""咲-Saki- 全国編"" は麻雀アニメ『咲-Saki-』の第2期。宮永咲と全国の強豪校の麻雀達人がチーム戦で激突する。今期は全国大会の激しい戦いが中心。超能力麻雀と緊張感あふれる対局、少女たちの成長を主軸に、咲と仲間たちが全国大会へ挑む。麻雀という地味な題材を熱く描き、個性豊かな麻雀天才少女たちが続々登場する競技アニメの異色作。"
101,primary,ja-JP,銀の匙 Silver Spoon,"""銀の匙 Silver Spoon"" 第2期は荒川弘原作の同名漫画をアニメ化。都会育ちの少年・八軒勇吾が大蝦夷農業高校で成長していく物語。豚や馬、牛との生活を通じて、命の重さや農業の過酷さを理解しながら自らの道を見つけていく。今期は実習や甲子園、進路の選択を巡り、田舎のリアルをユーモアとリアリティで描く。夢と現実、命の尊厳をテーマにした名作。"
102,primary,ja-JP,"Wake Up, Girls!","""Wake Up, Girls!"" は東北の仙台にある小さな芸能事務所で結成されたアイドルグループWake Up, Girls!の7人の物語。事務所の倒産危機に直面しながら、落ちぶれた環境の中で努力と情熱でアイドル活動に励み、笑いと涙の中で少しずつ成長していく。アイドル業界のリアルで少し残酷な描写で知られ、夢と友情が感動的に描かれるアイドルアニメの異色作。"
103,primary,ja-JP,摸索吧！部活剧 再来一个,これは即興の対話で部活動の方向性を模索する実験的短編アニメの第2期。今期は新キャラクターが登場し、くだらない部活のアイデアと即興の中で笑いを生み出し続ける。従来の物語を打ち破る展開とテンポの速いギャグ、アニメ制作へのパロディが特徴で、制作過程の笑いとキャラクターたちの自虐が絶妙に組み合わさるミーム精神あふれるギャグ短編。
104,primary,ja-JP,となりの関くん,"""となりの関くん"" は同名漫画をアニメ化。授業中に全く集中せず、折り紙や将棋、自作ゲーム機など驚くべきミニチュア遊びに没頭する隣の席の男子・関くんの物語。隣の席の横井さんはずっと見守り、コメントせずにはいられないが、関くんの創意工夫に感心させられる。短く凝縮されたエピソードと独特の視点、繊細な描写で、クラスの中の別種の楽しさを見せるライトで楽しい学園ショート。"
105,primary,ja-JP,ディーふらぐ!,"""ディーふらぐ!"" は同名漫画をアニメ化。ゲーム制作部の少女たちの可笑しな日常を描く。ゲーム制作部に入部した部長・風間堅次は、個性豊かな部員たちとキャラクターデザインからゲームプログラミングまで数々の騒動を繰り広げる。テンポの速いギャグとパロディ、ナンセンスなコメディが特徴で、ゲーム開発の混乱を楽しく描く。"
106,primary,ja-JP,ハマトラ,"""ハマトラ"" は同名漫画をアニメ化。超能力ミニマムを持つ者たちの物語。探偵のナイスと相棒のムラサキは横浜で探偵事務所を営み、ミニマム関連の事件を解決していく。調査が進むにつれ、超能力者を巡る組織の陰謀に巻き込まれ、過去と向き合う。エピソード的な事件とメインストーリーが交錯する、ミステリーとバトル、都市サスペンスが融合した作品。"
107,primary,ja-JP,GO!GO!575,"""GO!GO!575"" は和歌をテーマにした短編アニメ。5・7・5の音で短歌を詠む女子高生二人の物語。日本の伝統的な和歌と現代の学園生活を融合し、チャットや日常のやり取りで5・7・5の形式で感情を表現する。淡い作風とテンポの良い展開、日本文化の雰囲気が魅力で、伝統と現代を巧みに融合させた異色のカルチャーショート。"
108,primary,ja-JP,みんな集まれ! ファルコム学園,"""みんな集まれ! ファルコム学園"" はファルコムのゲームキャラクターたちのパロディアニメ。軌跡シリーズやイースシリーズの多数の名キャラクターが架空の学園に集まり、共同生活を送る。原作設定とギャップのある笑いを生み、ファルコム作品へのオマージュとギャグが満載。リィンやエステルからアドルまで、人気キャラクターがQ版で登場し楽しい掛け合いを繰り広げる。"
109,primary,ja-JP,Pupa,"""Pupa"" は同名漫画をアニメ化。兄妹のダークな物語。妹・ユメが怪物に襲われた後、兄・ヨウタロウも怪物と化し、妹を救うため人間を喰らい始める。陰鬱なトーンと残酷な展開、タブーな兄妹関係で知られ、過激な残虐描写が話題になった。絶望的な絆と狂気を描く、物議を醸した異色のダーク作品。"
110,primary,ja-JP,遊☆戯☆王ARC-V,"""遊☆戯☆王ARC-V"" は『遊☆戯☆王』シリーズ第5弾。融合召喚による次元決闘を描く。エンタメデュエルを理想とする主人公・遊矢は、アクションデュエルを舞台にマイアミシティで冒険し、別次元のデュエリストたちと出会う。カードバトルとクロス次元の物語、アクションデュエルが特徴で、遊矢はデュエルで成長し、次元戦争の真実に迫る。"
111,primary,ja-JP,それでも世界は美しい,"""それでも世界は美しい"" は同名少女漫画をアニメ化。雨を操る雨の国の第四王女・ニケが、政治的な同盟のため太陽の国・晴れの国の太陽王・リヴィウスに嫁ぐ。二人はすれ違いと対立の中で距離を縮め、ニケの無邪気さと歌が王を癒していく。ロマンチックな雰囲気と能力設定、感動の音楽が魅力のファンタジーラブストーリー。"
112,primary,ja-JP,レディ ジュエルペット,"""レディ ジュエルペット"" は『ジュエルペット』シリーズのアニメ。少女とジュエルペットの友情と魔法の冒険を描く。主人公・りりぃとジュエルペットたちは学校や世界で様々な活動をし、ジュエルを集めながら人を助ける。可愛いキャラクターと魔法の変身、少女向けの日常が特徴で、友情と夢のテーマが描かれる。女児向けの癒し系魔法日常アニメ。"
113,primary,ja-JP,ハピネスチャージプリキュア!,"""ハピネスチャージプリキュア!"" は『プリキュア』シリーズ第11弾。みんなを幸せにしたいという願いから、少女・愛乃めぐみと三人がプリキュアに変身し、世界の心の力を守るため戦う。可愛い変身と甘い日常、熱いバトルを融合し、個性豊かな四人が支え合いながら成長していく。幸せの意味を戦いの中で探る少女向け魔法少女アニメの代表格。"
114,primary,ja-JP,金色のコルダ Blue♪Sky,"""金色のコルダ Blue♪Sky"" は『金色のコルダ』シリーズのアニメ。星奏学院音楽科の学生たちの物語。主人公・小日向かなでが音楽科に入学し、オーケストラ部の男子たちと演奏を重ね、音楽を通じて理解を深めていく。クラシック音楽を中心に、合奏やコンクール、青春の恋が描かれ、優雅な音楽の雰囲気が満ちる芸術性の高い恋愛アニメ。"
115,primary,ja-JP,エスカ&ロジーのアトリエ〜黄昏の空の錬金術士〜,"""エスカ&ロジーのアトリエ〜黄昏の空の錬金術士〜"" は同名ゲームをアニメ化。錬金術士たちの日常と冒険を描く。少年ロジーと少女エスカは辺境の工房で錬金術を学び、汚染された世界を救うため実験と探索を重ねる。アトリエシリーズの温かい雰囲気を受け継ぎ、錬金術と日常、冒険が魅力で、黄昏の世界で成長する二人の姿が描かれる。"
116,primary,ja-JP,ブレイドアンドソウル,"""ブレイドアンドソウル"" は同名オンラインゲームをアニメ化。剣霊と妖魔が共存する世界での冒険を描く。アン・ジンヒョルと仲間たちの戦いが、力と復讐を巡って展開する。華麗なアクションと格闘要素、東洋ファンタジーの世界観が魅力で、復讐と救済の間で自らの道を探すキャラクターたちの姿が描かれる。"
117,primary,ja-JP,シドニアの騎士,"""シドニアの騎士"" は同名漫画をアニメ化。宇宙を漂流する人類が、ガウナと呼ばれる謎の存在と戦うため、ガーディアンと呼ばれるメカで戦うSF物語。少年・谷風長道はシドニアの中で成長し、ガウナの秘密と人類の生存の希望を次第に暴いていく。3DCG表現とハードなSF設定、壮大な宇宙戦闘が魅力のハードSFアニメの代表格。"
118,primary,ja-JP,悪魔のリドル,"""悪魔のリドル"" は、特殊な学園の暗殺クラスの10人の少女と標的の少女・一ノ瀬晴の物語を描くオリジナルアニメ。全員が晴を狙う中、生徒・東兎角は彼女を守りたいという気持ちを抱いていく。緊張感あふれる雰囲気と百合要素、幾重にも重なる謎が魅力で、暗殺と保護のゲームと兎角と晴の絆が描かれる。"
119,primary,ja-JP,僕らはみんな河合荘,"""僕らはみんな河合荘"" は同名漫画をアニメ化。高校生・宇佐和成の河合荘での下宿生活を描く。そこで文学少女の河合律と出会い、二人は下宿生活と個性豊かな住人たちの中で少しずつ距離を縮めていく。温かい癒しの日常と繊細な恋愛、独特の画風が魅力で、宇佐と律の不器用な掛け合いが青春のときめきと恥じらいを見事に描く。"
120,primary,ja-JP,プリティーリズム・オールスターセレクション,"""プリティーリズム・オールスターセレクション"" は『プリティーリズム』シリーズの総集編アニメ。過去作のキャラクターが集結し、新しい視点から輝くステージを振り返る。ダンスとファッション、アイドルの夢を中心に、名場面をまとめ、ファンへの特別な回顧とトリビュートを提供する。歴代ヒロインたちの活躍と成長、華やかな歌とダンスシーンが魅力。"
121,primary,ja-JP,魔神之骨,これはバンダイのオリジナルアニメで、少年・龍牙がドラゴンボーンの力を受け、地球を脅かす竜族と仲間たちと共に戦う物語。カードや玩具との連動が特徴で、龍牙は戦いの中で成長し、世界を守る仲間たちと深い絆を築く。竜の召喚と戦闘を中心に、少年向けの熱い展開と友情が描かれる、子供から若い視聴者に適した作品。
122,primary,ja-JP,ソウルイーターノット!,"""ソウルイーターノット!"" は『ソウルイーター』のスピンオフ。激しい戦闘に向かない少女たちの死武専での日常を描く。三人組は明るい雰囲気の中で職人と武器の道を学ぶ。原作の世界観とキャラクターを引き継ぎつつ、日常と友情を中心に可愛らしい作風で描かれる。春鳥つぐみらが学園で友達を作り、成長の喜びを味わう癒しの日常作品。"
123,primary,ja-JP,魔法科高校の劣等生,"""魔法科高校の劣等生"" は同名ライトノベルをアニメ化。魔法が技術として扱われる学校で、司波達也と深雪兄妹はそれぞれ劣等生と優等生と評価されるが、達也は誰よりも優れた力を秘めている。兄妹関係と魔法学園、政治闘争を背景に、達也の謎と圧倒的な強さを描く典型的なライトノベル学園バトル作品。"
124,primary,ja-JP,ジョジョの奇妙な冒険 スターダストクルセイダース,"""ジョジョの奇妙な冒険 スターダストクルセイダース"" はシリーズ第3部。空条承太郎と祖父ジョセフらが母を救うためエジプトへ旅立ち、DIOとそのスタンド使いと激しい戦いを繰り広げる。スタンドシステムを導入し、知略戦と熱さに満ち、仲間たちが一人ずつ加わり名チームを結成する。シリーズを代表する最も名高いパート。"
125,primary,ja-JP,魔法少女大戦,"""魔法少女大戦"" は日本の各都道府県の擬人化魔法少女を集めたオリジナルアニメ。各地域の少女たちが魔法少女として戦う。ファンタジーバトルにご当地ネタを織り交ぜ、複数の少女の独立した物語を短編で描く。各魔法少女は都道府県に対応し、独特のデザインと武器を持つ。アイドルとご当地、魔法少女を軽やかに融合した意欲作。"
126,primary,ja-JP,デート・ア・ライブ,"""デート・ア・ライブ"" 第2期は同名ライトノベルをアニメ化。五河士道がデートで精霊を救う物語が続く。時崎狂三など新たな精霊と対面し、士道はデートで好感度を上げて能力を封印していく。ラブコメディとバトル、ギャップ萌えが特徴で、狂三の登場が今期の見どころ。精霊たちの個性豊かな魅力と、デートと戦闘の両立が描かれるライトノベルハーレムバトルの定番。"
127,primary,ja-JP,棺姫のチャイカ,"""棺姫のチャイカ"" は同名ライトノベルをアニメ化。戦争終結後、解体屋の少年トールと妹のアカリは、旅の途中で棺を持つ少女チャイカと出会い、三人でチャイカの遺産を探す旅に出る。ファンタジーアドベンチャーと謎多きチャイカ、熱いバトルが特徴で、トールたちは帝国の残した真実に次第に迫っていく。チャイカの棺の秘密や様々な勢力、兄妹の絆が絡み合うミステリアスな冒険譚。"
128,primary,ja-JP,風雲維新ダイ☆ショーグン,"""風雲維新ダイ☆ショーグン"" は幕末の黒船来航を舞台にしたギャグ短編アニメ。技術格差に対抗するため、将軍は美少女に巨大ロボットを操らせることを決断し、ドタバタを繰り広げる。歴史パロディとロボット、コメディが特徴で、誇張された演出が幕末の歴史をナンセンスなロボットバトルに変えてしまう。少女が巨大メカを操るギャップが愛らしい、ストレス解消にぴったりのコメディショート。"
129,primary,ja-JP,ブラック・ブレット,"""ブラック・ブレット"" は同名ライトノベルをアニメ化。ガストレアに感染した世界で、呪われた子供たちがガストレアと戦う力を持つ。少年・里見蓮太郎とそのパートナーの延珠は民間警備会社の社員として、ガストレアと戦いながら世界の陰謀に触れていく。ポストアポカリプスバトルと悲壮な生存、パートナーの絆が特徴で、残酷なバトルと重い空気感が魅力の作品。"
130,primary,ja-JP,メカクシティアクターズ,"""メカクシティアクターズ"" はカゲロウプロジェクトをアニメ化。少年・シンタローが謎の集団・メカクシ団と出会う物語。特殊な能力を持つ少年少女たちが様々な事件に巻き込まれ、多重な語りと断片的な時系列、独特の演出が特徴で、各キャラクターの過去とメカクシ団の核心の秘密が層状に明かされる。カゲロウプロジェクトの楽曲と世界観を映像化し、切ない少女たちの運命が描かれる。"
131,primary,ja-JP,蟲師 続章,"""蟲師 続章"" は『蟲師』アニメの続編。人間と蟲が共存する世界で、蟲を見ることができる蟲師・ギンコが旅を続け、蟲に悩む人々を助ける。エピソード形式で展開し、各話が蟲に関わる切ない物語を描く。静謐な作風と深い哲学、美しい映像が魅力で、命や執着、自然をテーマにした何度も味わいたい哲学的作品。"
132,primary,ja-JP,極黒のブリュンヒルデ,"""極黒のブリュンヒルデ"" は同名漫画をアニメ化。幼馴染の死を予言された少年・村上良太が、魔女と名乗る転校生・黒羽寧子と出会う。寧子と仲間たちは研究機関から脱走し、いつ命を落としてもおかしくない秘密を抱えている。ダークファンタジーと緊迫した展開、悲劇的な運命が特徴で、魔女たちの命のカウントダウンと機関の陰謀が絡み合う。"
133,primary,ja-JP,selector infected WIXOSS,"""selector infected WIXOSS"" はカードゲームをアニメ化。WIXOSSカードバトルに参加する少女たちのダークな物語。セレクターとなった少女たちはバトルで願いを叶えるが、次第に残酷なルールと陰謀に巻き込まれていく。少女たちの願いへの執着、セレクターの悲劇的な運命が描かれ、カードバトルと心理ホラーが融合した異色の傑作。"
134,primary,ja-JP,キャプテン・アース,"""キャプテン・アース"" はボンズ制作のオリジナルロボットアニメ。高校生の真夏大地が謎の少女と巨大ロボットに出会い、地球のチームの一員として宇宙からの敵と戦う。爽やかな青春日常と熱いロボットバトルを融合し、友情と成長、守ることの意味を描く。個性的なメカデザインと流麗な戦闘が魅力の熱さと温かさを併せ持つ作品。"
135,primary,ja-JP,ラブライブ! School idol project,"""ラブライブ! School idol project"" 第2期は第1期の続編。音ノ木坂学院のアイドルグループμ'sの成長を描く。廃校の危機に直面する学校で、9人の少女たちがアイドル活動に励み、今期はラブライブの大会に挑戦し、夢と現実の選択を迫られる。感動の楽曲と熱い夢追いの物語、繊細なキャラクター描写が魅力で、ライブシーンは壮観。アイドルアニメの金字塔。"
136,primary,ja-JP,一週間フレンズ。,"""一週間フレンズ。"" は同名漫画をアニメ化。友達の記憶を一週間しか保てない少女・藤宮香織は、毎週記憶を失ってしまう。少年・長谷祐樹は毎週新しく友達になり直すことを続け、繰り返しの出会いの中で二人は大切な感情を積み重ねていく。繊細な感情と優しい語り、淡い切なさが特徴で、香織の孤独と祐樹の執着が胸を打つ、涙を誘う癒し作品。"
137,primary,ja-JP,神々の悪戯,"""神々の悪戯"" は乙女ゲームをアニメ化。神話の神々とヒロインの学園恋愛を描く。少女・草薙結衣は日本やギリシャ、北欧神話の神々が集う学園に入学し、個性豊かな神々と交流する。美形キャラクターと神話設定、恋愛が特徴で、学園の中で神々が伝説とは違う可愛い一面を見せる。洗練されたキャラクターデザインと豪華声優陣が魅力の女性向け作品。"
138,primary,ja-JP,星刻の竜騎士,"""星刻の竜騎士"" は同名ライトノベルをアニメ化。竜騎士養成学園でダメな適性を持つと嘲笑される少年・アッシュが、偶然にも最強の竜少女・エーコと契約する。竜騎士学園とバトル、ラブコメが特徴で、アッシュとエーコの掛け合いが見どころ。エーコのツンデレから依存への変化、竜騎士の大会でのアッシュの躍進が楽しい、学園バトルとファンタジーを融合した作品。"
139,primary,ja-JP,もしも旗を折られたら,"""もしも旗を折られたら"" は同名ライトノベルをアニメ化。少年・旗立颯太は人や物の上に見えるフラグを見て折る能力を持ち、わざと距離を置くが、トラブルに巻き込まれ続ける。ラブコメと超常設定、複雑なフラグシステムが特徴で、颯太は周囲のヒロインたちの上に見えるフラグを自らの方法で折っていく。ラブコメの皮を被ったミステリー本線が隠された異色の学園恋愛作品。"
140,primary,ja-JP,ご注文はうさぎですか?,"""ご注文はうさぎですか?"" は同名漫画をアニメ化。ラビットハウスという喫茶店の少女たちの日常を描く。ココアが町にやってきてチノらと出会い、可愛いキャラクターと温かい日常、スイーツが魅力の癒し系モエ日常アニメの代表格。喫茶店の少女たちはそれぞれ魅力があり、コーヒー作りからお菓子を食べるまで全てが癒し。ココアとチノたちの掛け合いが満載のほのぼの作品。"
141,primary,ja-JP,ノーゲーム・ノーライフ,"""ノーゲーム・ノーライフ"" は同名ライトノベルをアニメ化。全ての暴力を禁じ、全てがゲームで決まる世界。天才兄妹のソラとシロがゲーム世界に召喚され、知略を尽くして様々な相手に挑む。ハイIQの駆け引きとファンタジー世界、兄妹の絆が特徴で、ソラとシロはゲームのルールで次々と勝利していく。盤上ゲームからビデオゲームまで、計算と逆転に満ちた勝負が白熱。"
142,primary,ja-JP,ブレイクブレイド,"""ブレイクブレイド"" は同名漫画をアニメ化。全ての人間が魔法を使える世界で、唯一魔法を使えない少年・ライガットの物語。彼は帝国と国の戦争に参加し、デルフィングという古代メカに乗り、幼馴染たちと因縁を絡めながら戦う。戦争と友情、熱いメカバトルが特徴で、ライガットは強敵との戦いで成長し、戦争がもたらす犠牲と選択の重さが描かれる。"
143,primary,ja-JP,ダイミダラー,"""ダイミダラー"" は同名漫画をアニメ化。特殊な体を持つ主人公が、少女たちとのエネルギー交換でペンギン型ロボットを動かす。率直なサービスコメディとロボットバトルが特徴で、文句を言いながら世界を救う、パロディとサービスが融合した作品。大人向けの笑いと熱いメカバトル、ペンギンメカのギャップが愛らしく、テンポの良い展開と密集した笑いが魅力のメカコメディ。"
144,primary,ja-JP,ハイキュー!!,"""ハイキュー!!"" は古舘春一原作の同名漫画をアニメ化。小巨人に憧れた少年・日向翔陽はバレーボールに夢中になり、烏野高校バレー部で天才セッター・影山飛雄とコンビを組む。リアルで緻密なバレー描写と熱い試合、チームの成長が魅力で、烏野全員が全国大会を目指して戦う。日向と影山の衝突から息の合ったコンビへの成長が痛快で、スポーツアニメの名作と名高い。"
145,primary,ja-JP,金田一少年の事件簿R,"""金田一少年の事件簿R"" は名作ミステリーアニメのシリーズ。天才高校生探偵・金田一一が様々な難事件を解決していく。祖父譲りの推理力で、密室やアリバイの古典的なパズルを解き明かす。正統派ミステリーと複雑な事件設計、緊張感ある展開が特徴で、事件が巧妙に設計され、犯人の意外性が光る。ミステリーの枠を超えた人間洞察が魅力の日本正統派ミステリーアニメの代表格。"
146,primary,ja-JP,相扑力士松太郎,これは相撲界のレジェンド、松太郎の物語を描く相撲アニメ。天性の怪力を持つ松太郎は相撲の世界でのし上がるが、短気とわがままですぐにトラブルを起こす。リアルな相撲描写とキャラクターの成長が特徴で、力士たちの汗と情熱が描かれる。無鉄砲な少年から一人立ちする力士への成長、相撲の取組の迫力、師弟愛とライバル関係が繊細に描かれるパワフルな作品。
147,primary,ja-JP,FAIRY TAIL,"""FAIRY TAIL"" 第2期は第1期の続編。魔導士ギルド・フェアリーテイルのメンバーの冒険を描く。今期はナツやルーシィたちがタルタロスなど新たな強敵に立ち向かい、魔法世界を巡る大事件に巻き込まれる。熱いバトルと仲間との絆、壮大な魔法世界が魅力で、爆発力と感動にあふれる。フェアリーテイルの仲間たちの絆とナツの不屈の情熱が感動を呼ぶ熱血ファンタジーの王道。"
148,primary,ja-JP,监督不行届,これは漫画家の自伝的漫画をアニメ化した作品。漫画家の妻と、同じく漫画家の夫との楽しい日常を描く。夫婦生活の些細なことや笑い話を自虐的に描き、実際の夫婦が声を当てるリアリティと笑いに満ちている。締め切り地獄から日常の些細なことまで、二人の生活は温かさとギャグにあふれ、短編のテンポの良い展開で思わず微笑んでしまう、普通の夫婦生活の幸せと真実が描かれる。
149,primary,ja-JP,M3〜ソノ黒キ鋼〜,"""M3〜ソノ黒キ鋼〜"" はアークと呼ばれる存在と戦う少年少女たちのメカ戦を描くオリジナルアニメ。主人公・イザムと仲間たちは戦いの中で、自分たちの正体と世界の真実を暴いていく。鬱蒼とした雰囲気と心理描写、SFバトルが特徴で、やや陰鬱な作風。若者たちは過酷な戦いの中で大きな心理的圧力を背負い、未知の脅威への恐怖と成長が描かれる異色作。"
150,primary,ja-JP,ピンポン THE ANIMATION,"""ピンポン THE ANIMATION"" は松本大洋原作の同名漫画をアニメ化。卓球の世界で天才二人、月本誠と星野裕の成長を描く。二人は卓球台で激突し、独特の画風と高速の卓球描写、深い心理描写が特徴で、才能や情熱、人生の選択を探求する。神童から迷走、そして再生へ、星野と月本の成長はリアルで残酷。卓球のスピードと熱さを表現したスポーツアニメの中でも芸術性の高い作品。"
151,primary,ja-JP,ドラゴンボール改 魔人ブウ編,"""ドラゴンボール改 魔人ブウ編"" は『ドラゴンボール』のアニメ。悟空たちと魔人ブウの最終決戦を描く。無限に再生する最強の敵に対し、悟空やベジータたちは命がけで立ち向かい、最後は元気玉で戦争を終わらせる。熱いバトルと地球の運命が魅力で、『ドラゴンボールZ』魔人ブウ編のリマスター版。超サイヤ人変身から界王神の登場まで、ブウとの戦いが白熱する。"
152,primary,ja-JP,ナナナの埋蔵金,"""ナナナの埋蔵金"" は同名ライトノベルをアニメ化。借金から逃げてナナエ島へ来た少年・夜止上樹が、地縛霊の少女ナナナと出会い、ナナナが生前に埋めた財宝を探す。パズルアドベンチャーと可愛い幽霊少女、熱い推理が特徴で、上樹は財宝探しを巡る様々な謎解きと争いに巻き込まれる。ナナナの天然さと上樹の機知が楽しいコントラスト。"
153,primary,ja-JP,ベイビーステップ,"""ベイビーステップ"" は同名漫画をアニメ化。真面目な少年・丸尾栄一郎が、勉強のような集中力でテニスに打ち込み、科学的なトレーニングと自己挑戦で上達していく。リアルなテニス技術とデータ分析、主人公の成長が特徴で、テニス競技の知恵と魅力が描かれる。丸尾はテニスを学問として捉え、データ分析と技術の研鑽で急成長。試合の描写が丁寧で専門的な、堅実なスポーツ作品。"
154,primary,ja-JP,犬神さんと猫山さん,"""犬神さんと猫山さん"" は百合テーマの短編アニメ。犬っぽいのに犬が苦手な猫山と、猫っぽいのに猫が苦手な犬神が、惹かれ合いながらも怖がる日常を送る。可愛いキャラクターデザインと温かい百合の掛け合い、軽やかな雰囲気が特徴で、二人は矛盾とときめきの間で揺れる。淡い画風が少女たちの生々しく仄かな感情を見事に描く。短編ながら癒しにあふれた百合作品の清新な一作。"
155,primary,ja-JP,ぷちます! -PETIT IDOLM@STER-,"""ぷちます! -PETIT IDOLM@STER-"" 第2期はアイマスシリーズのQ版ショートアニメ。765プロの事務所でのミニチュア化したアイドルたちの日常を描く。Q版アイドルたちが可愛さと理不尽な行動で笑いを生む。春香、千早、伊織まで名キャラクターが全てQ版化され、ミニドラマや掛け合いが魅力的。極短いエピソードの中に密集した笑いを詰め込んだアイマスファン必見の癒しの小品。"
156,primary,ja-JP,ばらかもん,"""ばらかもん"" は同名漫画をアニメ化。若き書道家・半田清舟が、老達人に殴った罰で辺境の島へ送られ、島民や子供たちとの交流を通して書道と人生を再理解していく。温かい癒しの日常と成長のテーマ、島の素朴な人情が魅力で、清舟は無邪気な島民たち、特に少女・なるとの交流で心を開いていく。書道の芸術と田舎の日常が融合した、笑いの中に感動がある心温まる作品。"
157,primary,ja-JP,戦国BASARA Judge End,"""戦国BASARA Judge End"" は『戦国BASARA』シリーズのアニメ。天下取りを巡る戦国武将たちの激闘を描く。誇張されたキャラクターデザインとバトルシーンが特徴で、真田幸村や伊達政宗らがそれぞれの野望で激突する。ゲームの華麗な必殺技とキャラクターの魅力を存分に引き出し、一騎当千の戦場の活躍が熱く誇張して描かれる。"
158,primary,ja-JP,グラスリップ,"""グラスリップ"" はP.A.WORKSのオリジナルアニメ。夏に出会った七人の少年少女の青春を描く。主人公・深水透子は未来の断片を見る能力を持ち、少年・沖倉駆らとの感情が夏の間に絡み合う。美しい映像と繊細な感情の空気感が特徴で、透子の先見性と恋への戸惑い、若者たちの悩みが夏の風景と共に流れる。文学的な香りの強い青春作品。"
159,primary,ja-JP,黒執事 Book of Circus,"""黒執事 Book of Circus"" は『黒執事』のアニメ。シエルと悪魔執事セバスチャンが謎のサーカスを調査する物語。サーカスの裏にはシエルの過去に繋がる暗い真実が隠され、二人は華やかさと陰謀の中で暗躍する。ゴシック様式と陰謀、主従関係が特徴で、サーカスの失踪事件や人体実験などダークな設定が華麗なビクトリアン背景と交錯する。"
160,primary,ja-JP,RAIL WARS!,"""RAIL WARS!"" は同名漫画をアニメ化。鉄道が国営化されたパラレルワールドを舞台に、鉄道警察隊の少女・桜井あおいが鉄道の秩序と安全を守るため戦う。鉄道と制服、アクション要素が特徴で、あおいは任務を通して一人前の警察官へと成長する。列車内のアクションが楽しく、少女たちの制服と鉄道設定が独特の雰囲気を作る軽快な作品。"
161,primary,ja-JP,ペルソナ4 ザ・ゴールデン,"""ペルソナ4 ザ・ゴールデン"" は同名ゲームをアニメ化。田舎町で連続殺人事件を調査する転校生・鳴上悠の物語。彼は仲間たちと真夜中のテレビの中の世界に入り、ペルソナの力に目覚める。ミステリーとペルソナバトル、青春の日常が融合し、ペルソナシリーズ独特の世界観に満ちている。鳴上と仲間たちは真実を調査しながら自分の心と向き合い、成長の勇気が描かれる。"
162,primary,ja-JP,普通の女子校生が【ろこどる】やってみた。,"""普通の女子校生が【ろこどる】やってみた。"" は同名漫画をアニメ化。ご当地アイドルに選ばれた普通の女子高生二人のプロモーション活動を描く。宇佐美奈々子と小此木このみは県のイベントで少しずつ人気を集め、ライトなアイドル日常とご当地プロモーション、コメディ要素が特徴。二人は故郷をPRするため学園祭やイベントで様々な笑いを生む。地域活性化とアイドルを軽やかに描く癒し作品。"
163,primary,ja-JP,スペース☆ダンディ,"""スペース☆ダンディ"" 第2期は渡辺信一郎監督のSFコメディアニメ。宇宙人ハンターのダンディの冒険を描く。ダンディは相棒たちと宇宙で珍しい宇宙人を狩る。エピソード形式で展開し、パロディとオマージュ、奇想天外な想像力が融合した自由奔放な作風が特徴。ハードSFからナンセンスコメディまで、毎回異なる監督が担当し多彩な作風を見せる。"
164,primary,ja-JP,プリパラ,"""プリパラ"" は奇跡に満ちたアイドルテーマパーク・プリパラを舞台にしたアイドルアニメ。真中らぁらと仲間たちがパークでアイドルとして活動し、華やかなステージと可愛いキャラクター、明るい展開で友情と夢が描かれる。らぁらはプリパラで多くのアイドルの友達と出会い、ファッションと歌とダンスで自己表現する。色鮮やかなステージと子供らしい展開が魅力の人気少女向けアイドルアニメ。"
165,primary,ja-JP,ひめゴト,"""ひめゴト"" は女装コメディの短編。有川ひめは姉の借金により生徒会の男の娘部に入部させられ、女装生活を送る。爆笑の女装日常とサービス、パロディが特徴で、ひめは生徒会での女装生活で様々な笑いを巻き起こす。テンポの良い展開と密集した笑い、生徒会メンバーたちの掛け合いが魅力のストレス解消コメディショート。"
166,primary,ja-JP,ソードアート・オンライン,"""ソードアート・オンライン"" 第2期は同名ライトノベルをアニメ化。キリトのVR世界の冒険が続く。今期はファントム・バレット編を収録し、キリトは偽名で銃を中心とした世界に入り、死亡事件を調査、狙撃手のシノンと出会う。VRMMO設定と緊張感あるバトル、キャラクターの成長が魅力で、GGOでの銃撃戦が白熱し、影から抜け出すシノンの成長が感動的。"
167,primary,ja-JP,機動戦士ガンダムさん,"""機動戦士ガンダムさん"" は『ガンダム』シリーズのパロディアニメ。ガンダムのキャラクターをQ版化し、可笑しな日常を描く。誇張された演出とガンダムネタのコメントが特徴で、戦場から離れたキャラクターたちの楽しい一面が描かれる。アムロやシャアなど名キャラクターが全てQ版化され、日常での掛け合いが原作へのオマージュとギャグに満ちている。ガンダムファン必見のライトギャグ作品。"
168,primary,ja-JP,Fate/kaleid liner プリズマ☆イリヤ ツヴァイ!,"""Fate/kaleid liner プリズマ☆イリヤ ツヴァイ!"" は『Fate』シリーズのスピンオフアニメ。イリヤと美遊が魔法少女になってカードを集める物語。今期はキャラクターとバトルが増え、魔法少女となったイリヤが新たな敵に立ち向かう。魔法少女の変身とFateの世界観、日常コメディが特徴で、シリアスなFate設定とライトな魔法少女の空気感を融合。"
169,primary,ja-JP,LOVE STAGE!!,"""LOVE STAGE!!"" はBLアニメ。芸能一家に生まれた漫画好きの少年・瀬名泉水と人気タレント・一条龍馬の恋を描く。龍馬の猛アタックに泉水が少しずつ心を開いていく。ライトで甘いBL恋愛とコメディ、声優ネタが特徴。偶然の再会から、龍馬の情熱的な追いかけと泉水のツンデレな反応が笑いとときめきに満ちている。人気のBLアニメ。"
170,primary,ja-JP,少年ハリウッド,"""少年ハリウッド"" は少年アイドルグループ・少年ハリウッドの成長を描くアイドルアニメ。5人のメンバーが東京の小さな劇場を舞台に、トップアイドルになる夢を追う。繊細な青春群像と音楽、夢追いの物語が特徴で、メンバーそれぞれが個性と夢を持ち、小さな劇場の舞台で一歩ずつ成長していく。アイドルの苦悩と現実との衝突をリアルに描く文芸性の高いアイドルアニメ。"
171,primary,ja-JP,東京ESP,"""東京ESP"" は同名漫画をアニメ化。超能力を得た女子高生・漆葉リンカが、能力を悪用する者たちと都市で戦う。超能力バトルと正義と混沌が同居する都市が特徴で、ESP使い同士の争いが展開する。リンカは普通の少女から戦士へと覚醒し、仲間たちと共に能力者の世界と陰謀を知っていく。華麗な戦闘シーンと多様な超能力設定が魅力のスタンダードな超能力バトル作品。"
172,primary,ja-JP,アルドノア・ゼロ,"""アルドノア・ゼロ"" はオリジナルロボットアニメ。火星のメカの圧倒的な力により火星と地球の戦争が勃発。普通の少年・界塚伊奈帆の知略と火星皇子・スレインの運命が交錯する。壮大な戦争と知略戦、悲劇的なトーンが特徴で、物議を醸した結末が話題に。伊奈帆は圧倒的な技術差を冷徹な頭脳で対抗し、スレインの忠誠と野心の間の苦悩が切ない。"
173,primary,ja-JP,人生,"""人生"" は同名ライトノベルをアニメ化。生徒相談室のメンバーが学校の悩みをリレー形式で解決していく。ライトなコメディ日常と様々な悩み、キャラクターの掛け合いが特徴で、ゆったりとしたテンポ。メンバーは個性豊かで、様々な悩みに対して頼りないが面白いアドバイスを繰り出す。笑いの中に学生の青春の悩みも描かれる学園コメディ。"
174,primary,ja-JP,アルジェヴォルン,"""アルジェヴォルン"" はオリジナルロボットアニメ。少年たちのメカ戦の物語を描く。主人公・時宗はメカに乗って戦争に参加し、戦争と平和の真実を次第に知っていく。SF戦争と成長、ロボットバトルが特徴で、時宗の戦場での成長と戦争への省察が通底する。ハードなメカデザインと激しい戦闘シーン、傭兵部隊と大国の争いが絡む緊迫感あふれる堅実なロボット戦争作品。"
175,primary,ja-JP,Free!-Eternal Summer-,"""Free!-Eternal Summer-"" は水泳アニメ『Free!』の第2期。ハル、マコト、リン、そして宗介が高校水泳部で夢を追い続ける。今期は全国大会と進路の選択が中心。繊細な感情と熱い水泳レース、青春の絆が特徴で、ハルの自由への追求、リンの苦悩、宗介の絡みが緊張感を生む。水中アニメーションが美しく、キャラクターたちの友情とライバル関係が魅力的なスポーツアニメ。"
176,primary,ja-JP,精霊使いの剣舞,"""精霊使いの剣舞"" は同名ライトノベルをアニメ化。女性だけの精霊使いの学園で、少年・風早神人が唯一の男性精霊使いとなり、貴族の少女たちと共に訓練する。精霊召喚と剣舞バトル、ハーレム要素が特徴で、神人は剣舞祭で次第に実力を見せていく。洗練されたキャラクターデザインと華麗なバトル、神人と精霊使いの少女たちの掛け合いが魅力のライトファンタジーハーレムバトル作品。"
177,primary,ja-JP,幕末Rock,"""幕末Rock"" は幕末を舞台にした音楽アニメ。新撰組と倒幕派がロックで激突する。坂本龍馬らがロックで変革を歌う。歴史的人物とロックを融合し、情熱と誇張された演出が満載。幕末の志士たちをロックバンドとして描き、音楽で理想と抵抗を表現する。華麗なキャラクターデザインと熱いパフォーマンス、ビートの効いた楽曲が魅力の異色の音楽アニメ。"
178,primary,ja-JP,修业魔女璐璐萌,これは同名漫画をアニメ化した作品。見習い魔女ルルモンと少年の契約コメディを描く。ルルモンは規律違反の罰として少年と奇妙な契約を結び、二人は魔法と日常の中で様々な笑いを巻き起こす。魔法少女とコメディ日常、温かい雰囲気が特徴で、ルルモンの天然さと少年のツッコミの対比、テンポの良い展開と密集した笑いで、魔法設定の下のライトな日常を描く癒しと笑いの作品。
179,primary,ja-JP,モモキュンソード,"""モモキュンソード"" は同名ライトノベルをアニメ化。桃太郎の物語を基に、少女・桃子が桃太郎の名を継ぎ、仲間と共に鬼族と戦う。和風ファンタジーと可愛い少女バトル、コメディが特徴で、桃子たちの冒険が描かれる。桃太郎伝説を再解釈し、桃子と三人の仲間の冒険は笑いと戦いに満ち、和風の描写と妖怪設定が独特の雰囲気を作る。"
180,primary,ja-JP,ヤマノススメ セカンドシーズン,"""ヤマノススメ セカンドシーズン"" は登山アニメの続編。少女・あおいと幼馴染のひなた、そして友人たちが日々の中で様々な山に挑戦する。今期は新キャラクターとより豊かな登山シーンが追加され、癒しの日常と美しい山の風景、少女たちの成長が魅力。高所恐怖症のあおいが少しずつ登山を好きになり、山での少女たちの笑いと感動が描かれる。風景画が美しく、登山知識も織り交ぜた温かい日常作品。"
181,primary,ja-JP,アオハライド,"""アオハライド"" は同名少女漫画をアニメ化。主人公・吉岡双葉は中学時代に初恋の相手・馬渕洸が転校したことを後悔し、高校で再会した二人は再び距離を縮めていく。繊細な学園恋愛と青春の悩み、淡い切なさが特徴で、双葉と洸の感情のもつれが切なく描かれる。偽りの自分を演じる双葉と、家庭の変化で冷たくなった洸。再び知り合う過程で仮面を外していく二人の姿が胸を打つ。"
182,primary,ja-JP,アカメが斬る!,"""アカメが斬る!"" は同名漫画をアニメ化。少年タツミは帝都に来て暗殺集団ナイトレイドに加わり、腐敗した帝国の打倒を目指す。ダークな残酷な世界観と悲劇的な結末、激しいバトルで知られ、キャラクターたちの運命は不遇で衝撃的。ナイトレイドのメンバーはそれぞれ信念と悲しい過去を持ち、帝国との戦いで次々と犠牲になっていく。血と涙の中で成長するタツミ、涙を誘う衝撃の結末が忘れられないダーク熱血作品。"
183,primary,ja-JP,さばげぶっ!,"""さばげぶっ!"" は同名漫画をアニメ化。新入生の園川モモカがサバイバルゲーム部に入部し、先輩たちの指導のもとサバゲーに参加する。ガンアクションとコメディ、サービスが融合し、モモカはゲームの中で才能を発揮していく。戦術ブリーフィングから実地訓練まで、部の少女たちが予想外の方法で勝利する。テンポの良い展開と密集した笑いが魅力の学園コメディ。"
184,primary,ja-JP,六畳間の侵略者!?,"""六畳間の侵略者!?"" は同名ライトノベルをアニメ化。安アパートの三畳間をめぐり、幽霊や魔法少女、地底人などが侵略してくる少年・里見孝太郎の物語。群像コメディとファンタジーバトル、ハーレム要素が特徴で、様々な侵略者により孝太郎の賃貸生活が賑やかになる。幽霊のクラノ、魔法少女のティアなど、それぞれに目的を持つ侵略者たちとの掛け合いが笑いを誘う。"
185,primary,ja-JP,花物語,"""花物語"" は『物語』シリーズの一部。神原駿河と謎の少女・沼地蝋花との物語を描く。本作は駿河の高校時代に焦点を当て、吸血鬼とスポーツクラブの因縁を巡る。シリーズ独特の会話文体と映像表現を継承し、物語シリーズのサイドストーリー。駿河の過去と内面の傷が詳細な語りで描かれ、蝋花との再会と別れがシリーズらしい物の哀れを運ぶ。"
186,primary,ja-JP,東京喰種トーキョーグール,"""東京喰種トーキョーグール"" は同名漫画をアニメ化。人間を喰らう喰種が東京に潜む世界で、大学生・金木研が事件により半喰種となり、人間と喰種の間で苦悩する。暗く陰鬱な雰囲気と残酷な生存競争、心理描写で知られ、金木の成長と変貌が印象的。喰種と人間の憎悪と悲劇的な連鎖が通底する、映像のインパクトが強いダーク作品の代表格。"
187,primary,ja-JP,STRANGE+,"""STRANGE+"" 第2期は第1期の続編。探偵事務所のシュールな日常が続く。探偵の巧己と助手たちが様々な奇妙な依頼をこなす。今期は原作の笑いにさらに奇想天外な展開が加わる。テンポの速いギャグとパロディが特徴で、探偵事務所の変人たちが相変わらず笑える方法で事件を処理する。極短いエピソードに密集した笑いを詰め込んだ、ストレス解消にぴったりのショートアニメ。"
188,primary,ja-JP,月刊少女野崎くん,"""月刊少女野崎くん"" は同名4コマ漫画をアニメ化。少女・佐倉千代が片思いの野崎梅太郎に告白すると、彼が少女漫画家であることが判明し、二人は漫画制作を通じて可笑しな日常を送る。ラブコメと少女漫画制作過程、密集した笑いで知られ、そのアンチテンプレ展開が広く評価されている。野崎の鈍感さと千代の純真さがギャップ萌えを生み、少女漫画の定石をネタにした名作コメディ。"
189,primary,ja-JP,フランチェスカ,"""フランチェスカ"" は福岡のご当地プロモーションアニメ。少女フランチェスカが何らかの理由で記憶を失い、福岡で新生活を始め、地元のキャラクターたちと交流する。福岡の名所や特産品を舞台に、ご当地プロモーションと日常の癒しの色彩が強い。フランチェスカは福岡の街で地元の人々と出会い、記憶と自分自身を取り戻していく。福岡のグルメや観光、文化を軽やかで温かい雰囲気で見せる作品。"
190,primary,ja-JP,残響のテロル,"""残響のテロル"" は渡辺信一郎監督のオリジナルアニメ。二人の少年が東京でテロを起こし、追う刑事と知略を巡らせる。緊張感ある雰囲気と冷めた語り、社会問題への問いかけで知られ、静かでありながら緊張感を帯びた作風。二人の少年の過去と動機が捜査の中で徐々に明らかになり、彼らは爆弾で社会に問いかける。刑事・柴崎の追跡と少年たちの運命が交錯する。"
191,primary,ja-JP,ノブナガ・コンチェルト,"""ノブナガ・コンチェルト"" は同名漫画をアニメ化。現代の高校生・サブロウが戦国時代にタイムスリップし、織田信長と間違われて天下取りの道を歩む。歴史タイムスリップとユーモア、熱さの共存が特徴で、サブロウは現代知識で乱世をかき乱す。サブロウは現代的な思考で戦国の英雄たちと渡り合い、帰蝶や秀吉との関係も楽しい。歴史のリアルさと軽妙な笑いのバランスが魅力の異色の戦国アニメ。"
192,primary,ja-JP,PSYCHO-PASS サイコパス,"""PSYCHO-PASS サイコパス"" 新編集版は第1期の再編集版。心理指数で管理される近未来社会で、刑事の常守朱と執行官の狡噛慎也が犯罪を追う。サイバーパンクの世界観と哲学的省察、緊迫した捜査で知られる。心理指数が全てを決める社会で、朱の純真さと狡噛の苦悩、天才犯罪者・槙島聖護との対決が通底する。システムと正義、人間性の深い探究が魅力のSF犯罪アニメの傑作。"
193,primary,ja-JP,闇芝居,"""闇芝居"" 第2期はホラー短編アニメの続編。昭和風の紙芝居で様々な都市伝説や怪談を語る。各話が背筋の凍る怪談を中心に展開する。懐かしい画風と猟奇的な展開、背筋が凍る雰囲気で知られる。怨霊や呪い、歪んだ日常まで、数分の中で強い恐怖が生み出され、紙芝居の形式が不気味さを増幅するホラーファン必見の作品。"
194,primary,ja-JP,ドラマティカルマーダー,"""ドラマティカルマーダー"" は同名BLゲームをアニメ化。もう一つの世界で、少年・蒼葉が記憶と真実を求めながら血みどろのラリーに巻き込まれていく。サイバーパンクの世界観とBL要素、サスペンスバトルが特徴で、蒼葉と様々なキャラクターの関係が層状に描かれる。蒼葉は各キャラクターとの交流で真実に近づいていく。冷めた空気感とサスペンス展開が魅力のBLゲームアニメ化の代表作。"
195,primary,ja-JP,Re:␣ハマトラ,"""Re:␣ハマトラ"" は『ハマトラ』の第2期。ナイスとムラサキの超能力探偵の物語が続く。今期は超能力組織の陰謀が深まり、ナイスとムラサキは真実を追いながら過去の影と向き合う。エピソード的なミステリーとメインのサスペンスが融合し、横浜の街で能力者たちの因縁が浮かび上がる。落ち着いた空気感と緊密なプロットが魅力の堅実な都市サスペンス作品。"
196,primary,ja-JP,ハナヤマタ,"""ハナヤマタ"" は同名漫画をアニメ化。内気な少女・関谷なるが、アメリカ帰りの少女ハナと出会い、よさこいを学びながら夢を追う物語。よさこいと少女たちの友情、青春の成長をテーマに、エネルギーと癒しに満ちている。ハナに励まされ、なるはダンス部に入部し、恥ずかしがり屋の内気な自分から舞台で輝く姿への成長が感動的。ダンスシーンが優雅で、少女たちの支え合いが温かい。"
197,primary,ja-JP,美少女戦士セーラームーン Crystal,"""美少女戦士セーラームーン Crystal"" は『セーラームーン』のリメイク版。原作漫画に忠実に、月野うさぎがセーラームーンとして覚醒し、仲間たちとダーク・キングダムと戦う。華麗な変身と少女バトル、原作の世界観が特徴で、原作に近い作風。うさぎはドジな少女から愛と正義を守る戦士へ成長し、亜美やまことたちとの絆、衛との恋が絡み合う。"
198,primary,ja-JP,テラフォーマーズ,"""テラフォーマーズ"" は同名漫画をアニメ化。火星を地球環境に適応させるため送られたゴキブリが、巨大な凶暴な異星生物へと進化し、人類は遺伝子改造された戦士を送り込んで駆除する。残虐なバトルと悲劇的な犠牲、SF設定で知られ、命がけの死闘が続く。遠征隊のメンバーはそれぞれ遺伝子能力を持ち、火星ゴキブリとの死闘で消耗していく。残虐描写と絶望的な空気感が印象的なハードSFバトルの代表作。"
199,primary,ja-JP,アイカツ!,"""アイカツ!"" 第3期はアイドル活動シリーズの続編。スターライト学園の少女たちのアイドル生活を描く。今期はスターライトクイーンカップなどの大会が中心。華やかなステージ演出とファッション、夢を追う少女たちをテーマに、いちごたちはアイドルとして挑戦を続ける。歌とダンスシーンが華やかで、アイドル界の煌めきとドラマが描かれる少女向けアイドルアニメの定番。"
200,primary,ja-JP,山賊の娘ローニャ,"""山賊の娘ローニャ"" はスウェーデンの児童文学をアニメ化。山賊の娘ローニャと、敵対する一族の息子ビルクの友情を描く。ローニャは山の中で自由に育ち、対立と理解の中でビルクと深い絆を結ぶ。自然の風景と童話的な雰囲気、成長のテーマが特徴で、ローニャの冒険は童心と勇気に満ちている。北欧の森の美しさを描いた、家族で楽しめる童話的作品。"
201,primary,ja-JP,寄生獣 セイの格率,"""寄生獣 セイの格率"" は同名漫画をアニメ化。右手に寄生された高校生・泉新一が、寄生生物と共存を余儀なくされ、同族と戦いながら成長し、人間社会を省察していく。深い哲学的思考と緊張感あるバトル、命の本質の探求で知られる。新一と寄生生物ミギーは対立から共闘へと進み、他の寄生生物との戦いで少しずつ変化していく。人間の生態的地位、命の残酷さ、共存を深く問う娯楽と思想を兼ね備えた傑作。"
202,primary,ja-JP,笑对阴天,これは明治の京都で死刑囚を収容する獄舎を営む三人兄弟が、呪われた刀と倒幕派の陰謀に巻き込まれる物語。和風アドベンチャーと兄弟の絆、妖怪バトルが特徴で、陰キャラ三兄弟が京都の動乱の中で正義を守る。長男の明るさ、末っ子の弱さ、次男の謎めいた正体が交錯し、呪いの刀と幕末の勢力と対峙する。和風の雰囲気が濃厚で、兄弟の絆が通底する時代色あふれる作品。
203,primary,ja-JP,甘城ブリリアントパーク,"""甘城ブリリアントパーク"" は同名ライトノベルをアニメ化。高校生・可児江西也が、経営難の遊園地・甘城ブリリアントパークの支配人にされ、期限付きで立て直しを任される。経営とコメディ、ファンタジー要素が融合し、魔法世界の住民たちと協力して奮闘する。妖精たちの住民は個性豊かで、西也は経営の知恵とギャグで次々と問題を解決していく。テンポの良い展開と密集した笑いが魅力のライトで楽しい作品。"
204,primary,ja-JP,ガンダム Gのレコンギスタ,"""ガンダム Gのレコンギスタ"" は富野由悠季監督の『ガンダム』シリーズのアニメ。宇宙世紀後の新たな時代で、少年ベルリがガンダムに乗り仲間たちと冒険する。独特のメカデザインと壮大な世界観、富野節の語りが特徴。ベルリ、姉のアイーダ、謎の少女ラライヤがエネルギーと政治を巡る争いに巻き込まれる。メカバトルは富野らしい疾走感があり、プロットは跳躍的でありながら味わい深い。"
205,primary,ja-JP,俺、ツインテールになります。,"""俺、ツインテールになります。"" は同名ライトノベルをアニメ化。ツインテールを愛する高校生・観束総二が、ツインテールの戦士に変身して異世界からの侵略者と戦う。変身とバトル、パロディが融合し、総二と仲間たちはツインテールの愛を守る。異世界からの敵が人類のツインテールを根絶しようとし、総二たちはツインテール戦士として戦う。"
206,primary,ja-JP,早安恋味糕点店,これはスイーツを巡る製菓学校の女子学生と教師の日常を描く短編アニメ。スイーツ作りと恋愛要素、軽やかな雰囲気が特徴で、少女たちは学びながら恋心を育んでいく。繊細なスイーツと少女たちの青春を融合し、各話がスイーツを中心に展開する。可愛らしい画風と温かい雰囲気が魅力の、食と恋愛を併せ持つライトショート作品。
207,primary,ja-JP,結城友奈は勇者である,"""結城友奈は勇者である"" はオリジナルアニメ。神樹様の世界で、勇者部の少女たちが敵・バーテックスと戦う。少女たちは戦いで力を得るが、その代償は大きい。日常と残酷さの対比、悲劇的な運命、少女たちの絆で知られ、涙を誘う。勇者部の少女たちは普通の日常と過酷な戦いを行き来し、力の代償と犠牲が胸を締め付ける。癒しと絶望の間を揺れる、近年最も話題になったオリジナルアニメの一つ。"
208,primary,ja-JP,SHIROBAKO,"""SHIROBAKO"" はP.A.WORKSのオリジナルアニメ。アニメ制作会社・武蔵野アニメーションで働く新人制作進行・宮森あおいと仲間たちのアニメ作りを描く。アニメ制作の表と裏をリアルに描き、業界へのリスペクトと愛情にあふれ、生き生きとした群像劇。脚本、絵コンテ、作画、声優まで、制作の全工程が詳細に描かれる。締め切りやトラブル、危機に奮闘するあおいと仲間たちの姿が感動的。"
209,primary,ja-JP,おれんちのふろじじょう,"""おれんちのふろじじょう"" は少年・立花と美しい人魚の男子・若狭の同居生活を描く短編アニメ。若狭の図々しさと立花のツンデレがギャップ萌えを生む。ライトコメディと日常、サービスが特徴で、人魚の若狭が立花の風呂場から出ていかない。テンポの良い展開と密集した笑いで、人間と異種族の奇妙な友情が描かれるストレス解消のショートアニメ。"
210,primary,ja-JP,ガンダムビルドファイターズトライ,"""ガンダムビルドファイターズトライ"" は『ガンダムビルドファイターズ』の続編。神木セカイと仲間たちのガンプラバトルの新たな物語。今期は3対3のチーム戦が中心で、セカイは高坂ユウマ、星野フミナとチームを組み、ガンプラバトル選手権で成長していく。熱いバトルとキャラクターの絆が魅力で、三人のチームワークと個々の葛藤が交錯する。"
211,primary,ja-JP,天体のメソッド,"""天体のメソッド"" は円盤型の街と謎の円盤、その力を持つ少女たちの物語を描くオリジナルアニメ。久弥直樹のプロットは願いとその代償を巡り、少女たちの友情と円盤の真実が層状に明かされる。優しいながらも淡い切なさが漂う。円盤の街の7人の少女たちの過去と現在が交錯し、願いの代償と再会の約束が通底する。フレッシュな映像と繊細な感情が魅力の温かくも切ない作品。"
212,primary,ja-JP,デンキ街の本屋さん,"""デンキ街の本屋さん"" は同名漫画をアニメ化。電気街の漫画店で働く店員たちの日常を描く。少年・ひおと個性豊かな店員たちが職場で様々な笑いを巻き起こす。オタク文化とコメディ、職場の日常が特徴で、品出しやレジ、オタク客とのやり取りなど、漫画店の仕事がアニメや漫画ネタの笑いに満ちている。"
213,primary,ja-JP,失われた未来を求めて,"""失われた未来を求めて"" は同名ゲームをアニメ化。現代の学園を舞台に、未来の悲劇を防ぐため過去に戻るSF恋愛物語。タイムトラベルとミステリー、恋愛が絡み合い、未来の記憶と選択を中心に展開する。主人公たちは学園の奇妙な出来事を調査しながら未来の真実を知り、何度も過去に戻って運命を変えようとする。サスペンスと感動が融合した作品。"
214,primary,ja-JP,棺姫のチャイカ AVENGING BATTLE,"""棺姫のチャイカ AVENGING BATTLE"" はトールたちの冒険の続編。今期はチャイカの遺産争奪戦が本格化し、トールとチャイカは帝国、禁書、竜族を巡る壮大な陰謀に巻き込まれる。ファンタジーアドベンチャーと熱いバトル、幾重にも重なる謎が特徴で、チャイカの正体や帝国の野望、仲間たちの絆が絡み合う。冒険の雰囲気が濃厚で、第2期はさらに壮大なスケールの作品。"
215,primary,ja-JP,Fate/stay night [Unlimited Blade Works],"""Fate/stay night [Unlimited Blade Works]"" は同名ゲームをアニメ化。聖杯戦争を描く。魔術師・衛宮士郎とセイバー、アーチャーなどのサーヴァントが聖杯を巡って戦う。本作は凛ルートを中心に、士郎の理想とアーチャーの真実に焦点を当てる。華麗なバトルと壮大な世界観、深いテーマで知られ、士郎の理想主義とアーチャーの幻滅の対比が核心。ufotable制作のバトルシーンは業界屈指。"
216,primary,ja-JP,蟲師 続章,"""蟲師 続章"" 第2話パートは『蟲師』続編の第2部。ギンコは旅の中で蟲に悩む人々を助け続ける。エピソード形式で展開し、静謐な作風と深い哲学を継承。各話は命と自然についての短詩のよう。ギンコは傍観者として様々な事件に関わり、蟲の設定が人間の執着と自然の摂理を象徴する。静かな語りの中に深い省察を込めた、何度も味わいたい哲学的作品。"
217,primary,ja-JP,オオカミ少女と黒王子,"""オオカミ少女と黒王子"" は同名漫画をアニメ化。虚栄心の強い少女・篠原エリカが彼氏がいるという嘘をつき、サディストの佐田恭也に脅されて偽の彼氏を演じる。二人は偽の交際の中で次第に本物の感情を育んでいく。ラブコメとギャップ萌え、繊細な感情が特徴で、エリカの虚勢と恭也のサディズムの対比が楽しい。少女の揺れる心と恋の甘さが細やかに描かれる。"
218,primary,ja-JP,クロスアンジュ 天使と竜の輪舞,"""クロスアンジュ 天使と竜の輪舞"" はオリジナルロボットアニメ。貴族の王女アンジュはメカを操れる魔女として覚醒し、追放されて囚人部隊に加わり、竜や社会の偏見と戦う。壮大な世界観と激しい展開、熱いバトルで知られ、キャラクターの成長が感動的。傲慢な王女から囚人部隊へと転落したアンジュが、絶望的な状況の中で再び立ち上がる。"
219,primary,ja-JP,魔弾の王と戦姫,"""魔弾の王と戦姫"" は同名ライトノベルをアニメ化。少年ティグルが戦いの中で戦姫エレオノーラと出会い、大国間の戦争に巻き込まれていく。ファンタジー戦争と戦姫の力、ロマンティックな冒険が特徴で、ティグルは戦火の中で英雄へと成長していく。ティグルの弓術と戦姫の超人能力が戦火の中で勇気と知恵を見せる。壮大な戦争シーンとロマンチックなキャラクターの交流が魅力。"
220,primary,ja-JP,selector spread WIXOSS,"""selector spread WIXOSS"" は『selector infected WIXOSS』の続編。るう子たち少女がWIXOSSカードバトルを続ける物語。今期はセレクターの運命と少女たちの願いが深く描かれる。ダークな逆転展開と心理ゲーム、運命の感覚で知られる。戦いの中でWIXOSSの本質に疑問を抱くるう子と、少女たちの願いの裏の代償が絡み合う。"
221,primary,ja-JP,暁のヨナ,"""暁のヨナ"" は同名漫画をアニメ化。高華国の王女ヨナは、父が殺された後、幼馴染のハクと逃げ延び、四龍戦士を探して国を再興する旅に出る。冒険と成長、少女の覚醒で知られ、ヨナはか弱い王女から強い女性へと成長していく。逃避行の中で弓を磨き、仲間を集めるヨナ。ファンタジー設定とキャラクターの成長が感動的で、ヨナの変貌が頼もしいパワフルで温かい作品。"
222,primary,ja-JP,神撃のバハムート GENESIS,"""神撃のバハムート GENESIS"" はCygames制作のファンタジーアニメ。神と魔の戦争が終わった世界で、逃亡する魔導士アミラが賞金稼ぎのファバロと出会い、バハムート復活の危機に巻き込まれる。洗練された映像と壮大なファンタジー世界観、冒険物語で知られる。追跡劇の中のファバロとアミラの掛け合いと、神魔の暗躍が絡み合う。ゲームアニメ化の中でも豪華な作品。"
223,primary,ja-JP,グリザイアの果実,"""グリザイアの果実"" は同名ゲームをアニメ化。女性だけの学園に転入した少年・風見雄二が、5人の少女たちのそれぞれの過去を知っていく。暗い雰囲気と心理描写、癒しの結末で知られ、少女たちの傷と救済を中心に描く。5人の少女はそれぞれ重い過去を抱え、雄二も彼女たちを理解する過程で自分の秘密を明かす。陰鬱な空気と繊細な心理描写、救済と温かさの感動的な結末が魅力。"
224,primary,ja-JP,七つの大罪,"""七つの大罪"" は同名漫画をアニメ化。王国の王女エリザベスが伝説の騎士団・七つの大罪を探し、その団長メリオダスと出会う。ファンタジーアドベンチャーと熱いバトル、仲間との絆で知られ、七つの大罪のメンバーは個性豊かで、王国の危機とメリオダスの過去を巡って物語が展開する。メリオダスとエリザベスの絆、大罪たちの忠誠、王国の陰謀が絡み合う。"
225,primary,ja-JP,まじっく快斗1412,"""まじっく快斗1412"" は怪盗キッドシリーズのアニメ。高校生・黒羽快斗が父の怪盗キッドの身分を引き継ぎ、世界中で華麗な怪盗を働く。華麗なマジックとキッドの洒脱なパフォーマンス、ラブコメが特徴で、快斗は父の真実を追う。怪盗キッドと普通の学生を行き来する快斗。青子との掛け合いや警察との対決が楽しく、マジックシーンが華麗で流麗。"
226,primary,ja-JP,ワールドトリガー,"""ワールドトリガー"" は同名漫画をアニメ化。異世界からの近界民が地球に侵攻し、その脅威に対抗するため国境防衛機関・ボーダーが戦闘員を育成する。少年・空閑遊真と三雲修がボーダーに入り、戦いの中で成長していく。戦術バトルとチームワーク、厳密な世界観で知られ、遊真と修はボーダーの部隊戦で次第に頭角を現す。戦術設計が緻密で、個性豊かなキャラクターが多数登場する。"
227,primary,ja-JP,牙狼〈GARO〉-炎の刻印-,"""牙狼〈GARO〉-炎の刻印-"" は『牙狼』シリーズのアニメ。人間を守るため魔獣ホラーと戦う魔戒騎士の物語。騎士レオンは父の遺志を継ぎ、陰謀と闇の中で成長していく。洗練された3DCGと華麗なバトル、ダークなファンタジー雰囲気が特徴で、レオンと黄金騎士の絆、ホラーとの戦いが印象的。特撮由来のアニメの傑作。"
228,primary,ja-JP,繰繰れ! コックリさん,"""繰繰れ! コックリさん"" は同名漫画をアニメ化。狐の神使と名乗るコックリさんが、天然少女・市松こひなに召喚され、そのまま同居して世話を焼く。日常コメディとギャグ、温かい雰囲気が特徴で、コックリの過保護な世話焼き姿と少女の天然さの対比が楽しい。テンポの良い展開と密集した笑い、笑いの奥にある二人の奇妙な絆と温かさが描かれる。"
229,primary,ja-JP,弱虫ペダル GRANDE ROAD,"""弱虫ペダル GRANDE ROAD"" は『弱虫ペダル』の第2期。小野田坂道と総北高校自転車競技部が高校総体を戦う。今期は箱根学園との激突が中心で、登坂、スプリント、チームワークの試練が描かれる。熱いレースとキャラクターの成長で知られ、総北と箱根の山岳バトルが白熱し、坂道の登坂力と仲間たちの連携が視聴者の血を沸かせる。"
230,primary,ja-JP,PSYCHO-PASS サイコパス 2,"""PSYCHO-PASS サイコパス 2"" は『PSYCHO-PASS』の第2期。相棒を失った後も犯罪と戦い続ける新米刑事・常守朱の物語。今期は新たな執行官と対立する敵が登場し、集団心理とシステム批判を中心に展開する。サイバーパンクの世界観と哲学的省察を継承し、システムと正義の間での朱の信念、新たな敵の策略、集団犯罪の分析が通底する。"
231,primary,ja-JP,ログ・ホライズン,"""ログ・ホライズン"" 第2期は第1期の続編。シロエとログ・ホライズンギルドがエルダー・テイルの世界で探検を続ける。今期は生産、戦闘、ギルド戦争が中心で、シロエは知略で様々な勢力と駆け引きする。戦略と経営、MMO冒険が特徴で、シロエの冷徹な頭脳戦、ギルド運営、大規模戦闘が見どころ。MMOアニメの中でも戦略と知略を重視した作品。"
232,primary,ja-JP,四月は君の嘘,"""四月は君の嘘"" は同名漫画をアニメ化。ピアノを弾けなくなったピアニスト・有馬公生が、自由奔放なバイオリニスト・宮園かをりと出会い、音楽を通じて互いを救っていく。音楽と青春、涙を誘う語りで知られ、かをりの秘密と公生の再生が多くの視聴者を感動させた。公生はかをりとの連弾でピアノの喜びを再発見する。演奏シーンが感動的で、結末の別れが涙を誘う。"
233,primary,ja-JP,ガールフレンド(仮),"""ガールフレンド(仮)"" は同名ゲームをアニメ化。聖櫻学園の少女たちの日常を描く。多数の女性キャラクターの生活の断片をエピソード形式で描き、友情と部活、青春を中心に展開する。淡い作風と可愛いキャラクターが特徴で、登場する少女たちは個性豊か。ゆったりとしたテンポと癒しの雰囲気で、少女たちの普通でありながら輝く学園生活が描かれる。"
234,primary,ja-JP,トリニティセブン,"""トリニティセブン"" は同名ライトノベルをアニメ化。魔術を使う少女との出会いから、少年・春日アラタは魔王復活の陰謀に巻き込まれ、選定者候補として魔道学園に入学する。魔法バトルとハーレム要素、熱い語りが特徴で、アラタの学園での成長と戦いが見どころ。魔道学園の設定とハーレムの掛け合い、アラタの覚醒と魔王教団の陰謀が絡み合う。"
235,primary,ja-JP,異能バトルは日常系のなかで,"""異能バトルは日常系のなかで"" は同名ライトノベルをアニメ化。文芸部の部員たちが突然超能力に目覚めるが、実際の危機がなく、日常でしか使えない。ギャグと対比、超能力テーマの解体が特徴で、能力バトルの体裁を借りたコメディ日常が展開する。主人公たちの超能力は強力だが役に立たず、様々な馬鹿げた日常の争いが笑いを誘う。誇張された演出と密集した笑いで、シリアスな超能力テーマを完全にコメディ化した独創的な作品。"
236,primary,ja-JP,怪盗ジョーカー,"""怪盗ジョーカー"" は同名漫画をアニメ化。少年怪盗ジョーカーが世界中の宝物を盗み、ライバルや警察と戦う。華麗なマジックと誇張された演出、エピソード形式の冒険が特徴で、ジョーカーと相棒ハチの冒険が楽しい。ジョーカーの盗みの計画はいつも予想外で想像力に富む。家族で楽しめる少年向けアドベンチャー作品。"
237,primary,ja-JP,大図書館の羊飼い,"""大図書館の羊飼い"" は同名ゲームをアニメ化。少年・筧京太郎が白崎つぐみと出会い、図書部に入部し、悩みを抱える生徒を助けていく。学園恋愛と図書館、青春の日常が特徴で、少女たちの夢と羊飼いの伝説を中心に描く。図書部の部員たちは人助けを通して成長し、筧とつぐみの掛け合いが温かい。図書館を背景に夢と選択を描く癒しの学園作品。"
238,primary,ja-JP,愛・天地無用!,"""愛・天地無用!"" は『天地無用!』シリーズの短編。天地とその周囲の人々の日常が続く。Q版キャラクターとライトコメディ、古典的なハーレム設定が特徴で、原作へのパロディと回顧が展開する。天地と多くのキャラクターのQ版の掛け合いが愛らしく、極短いエピソードで軽い日常が描かれる。シリーズファン向けのライトな作品。"
239,primary,ja-JP,旦那が何を言っているかわからない件,"""旦那が何を言っているかわからない件"" は4コマ漫画をアニメ化。オタクの夫と普通の妻の日常を描く。妻は夫のオタク語が理解できず、笑いの中で二人は理解を深めていく。ショートギャグと温かい雰囲気、オタク文化ネタが特徴。アニメやゲーム、同人誌まで、夫のオタク行動を妻の視点からツッコミ、アニメや漫画ネタの笑いに満ちている。笑いの奥に夫婦の理解と温かさが描かれる。"
240,primary,ja-JP,バディ・コンプレックス 未来への回想,"""バディ・コンプレックス 未来への回想"" は『バディ・コンプレックス』の完結編。渡瀬青葉と弓原雛の最後の物語。青葉はタイムジャンプの真実の中で選択を迫られ、時を超えた二人の絆が結実する。ロボットバトルと感動的な結末で知られる。時間のパラドックスの中で青葉と雛の運命が交錯し、温かくも衝撃的な結末が描かれる。"
241,primary,ja-JP,憑物語,"""憑物語"" は『物語』シリーズの一部。影縫余弦の保護を失った阿良々木暦が、新たな怪異の危機に直面する物語。本作は斧乃木余接の過去に焦点を当て、暦は吸血鬼の力に頼らずに進む。シリーズ独特の会話と映像スタイルを継承し、余接の存在と由来が詳細な語りで描かれる。"
242,primary,ja-JP,探偵オペラ ミルキィホームズ TD,"""探偵オペラ ミルキィホームズ TD"" は『ミルキィホームズ』シリーズのアニメ。怪盗帝国と戦う探偵少女たちの物語。4人の少女がミルキィホームズ学園での日常と冒険の中でコメディと推理を見せる。可愛いキャラクターとパロディ、軽やかな雰囲気が特徴で、少女たちの推理はいつもドタバタを巻き起こす。"
243,primary,ja-JP,アブソリュート・デュオ,"""アブソリュート・デュオ"" は同名ライトノベルをアニメ化。超能力具現化の学園・昊陵学園に入学した少年・九重透流が、アブソリュート・デュオの力で戦う。学園バトルとハーレム要素、熱い対決が特徴で、透流は戦いの中で世界の真実を暴いていく。透流とジュリやエルら少女たちの掛け合いがサービスとアンニュイさに満ち、学園内のランキング戦と強敵との対決が白熱する。"
244,primary,ja-JP,みんな集まれ! ファルコム学園,"""みんな集まれ! ファルコム学園"" 第2期は第1期の続編。ファルコムのゲームキャラクターたちの学園でのパロディ日常が続く。軌跡やイースなどの作品のキャラクターが集まり、ギャップとギャグで笑いを生む。リィンやエステルなどキャラクターのQ版の掛け合いが愛らしく、極短いエピソードの中に密集した笑いを詰め込んだファルコムファン必見のライト作品。"
245,primary,ja-JP,ドマイガーD,"""ドマイガーD"" は巨大ロボット・ドマイガーDの戦いを描く短編アニメ。謎の巨大ドールとその操縦者が東京で激突する。ハイパー展開とサイケデリックな演出、ナンセンスコメディが特徴。シリアスなロボット設定に大量のパロディを混ぜ込んだナンセンスなプロットと独特の演出、疾走感と奇想天外な想像力が魅力の実験的コメディ作品。"
246,primary,ja-JP,ユリ熊嵐,"""ユリ熊嵐"" は幾原邦彦監督のオリジナルアニメ。人間と熊の対立する世界で、少女・紅羽と熊の少女・銀子が種族を超えた友情を育む。幾原的な象徴性と抽象的な演出、童話的な雰囲気で知られ、愛と孤独、理解を探求する。人間と熊の断絶と紅羽と銀子の絆が幾原独特の語りで展開する。"
247,primary,ja-JP,神様はじめました,"""神様はじめました"" 第2期は、""神様はじめました◎"" として知られる。土地神となった女子高生・桃園奈々生が神使の巴衛と暮らす。今期は神使の過去と奈々生の成長が中心。恋愛と和風神話、温かい日常が特徴で、巴衛の過去編が感動的で、奈々生の神使と少女の間での揺れが甘さと切なさに満ちている。"
248,primary,ja-JP,美男高校地球防衛部LOVE!,"""美男高校地球防衛部LOVE!"" はオリジナルギャグアニメ。イケメン男子高の男子生徒たちが宇宙人に選ばれ、地球防衛部のメンバーに変身して悪の勢力と戦う。イケメンと変身、コメディ、パロディが特徴で、男の子変身テーマを少女漫画風の画風でパッケージ。誇張された華麗な変身シーンがシリアスな宇宙人設定と強烈に対比。"
249,primary,ja-JP,军人少女,これはミリタリーの少女たちの日常を描く漫画をアニメ化。ミリタリーテーマとコメディ日常が融合し、少女たちは軍事知識を巡って様々な馬鹿げた掛け合いを繰り広げる。銃の知識から軍事戦術まで、ミリタリー好きの少女たちの日常を面白おかしく描く。テンポの良い展開と密集した笑いが魅力の、ミリタリーをテーマにしたストレス解消のショートアニメ。
250,primary,ja-JP,艦隊これくしょん -艦これ-,"""艦隊これくしょん -艦これ-"" は同名ゲームをアニメ化。深海棲艦と戦う艦娘たちの物語。吹雪ら少女たちが鎮守府で暮らし、戦う。艦船擬人化とバトル、癒しの日常が特徴で、艦娘たちのデザインと絆が見どころ。駆逐艦の吹雪が新人から頼れる戦士への成長、鎮守府の少女たちの温かい日常、深海棲艦との戦いが絡み合う。"
251,primary,ja-JP,新妹魔王の契約者,"""新妹魔王の契約者"" は同名ライトノベルをアニメ化。父の突然の再婚で、少年・東城刃更は二人の魔王の娘の義理の妹を得て、彼女たちと主従契約を結ばされる。わがままな義妹たちの世話に追われつつ魔王族の争いに巻き込まれ、内に秘めた魔族の血が次第に覚醒していく。サービスと熱いバトル、ハーレム要素が融合し、刃更と澪、万里亜の掛け合いがギャグとアンニュイさに満ちた典型的なライトノベル学園バトルハーレム作品。"
252,primary,ja-JP,血液型くん2,"""血液型くん2"" は血液型シリーズの第2期。A、B、O、AB型の擬人化キャラクターたちのコメディ日常を描く。血液型男子たちの性格の違いから笑いを生み、各血液型の特徴を誇張して、血液型の知識を思わずうなずきながら学べる。シンプルで可愛い作画、短くてテンポの良い展開、日常の話題をテンポの速いギャグで描くストレス解消のショートアニメ。"
253,primary,ja-JP,PUNKISS! 2次元,"""PUNKISS! 2次元"" は2次元ネタを語る主人公たちの可笑しな日常を描くギャグ短編アニメ。声優やアニメ、ゲームなどオタク文化を中心に、キャラクターたちが真面目に様々なオタクトピックを語る。テンポの速い展開と密集した笑いで、オタクの日常を生き生きと描くオタク向けのライトコメディショート。"
254,primary,ja-JP,東京喰種トーキョーグール√A,"""東京喰種トーキョーグール√A"" は『東京喰種』の第2期。アオギリに加入した金木研の物語。喰種と人間の間で苦悩し、次第にダークになっていく金木。トーカやシュウらとの関係も変化する。前作の陰鬱な雰囲気を継承し、より残酷な戦いが展開。金木の変貌と喰種組織の確執が絡み合い、悲劇的な結末が金木の運命を嘆かせる。"
255,primary,ja-JP,冴えない彼女の育てかた,"""冴えない彼女の育てかた"" は同名ライトノベルをアニメ化。オタクの少年・安芸倫也は美少女ゲームを作ることを決意し、偶然出会った少女・加藤恵をヒロインにして、先輩の霞ヶ丘詩羽や幼馴染の英梨々と共にゲーム制作に奮闘する。オタク文化とラブコメ、ゲーム制作をテーマに、倫也と魅力的なヒロインたちの掛け合いがギャグとときめきに満ちた代表的なラブコメ。"
256,primary,ja-JP,幸腹グラフィティ,"""幸腹グラフィティ"" は同名漫画をアニメ化。祖母を亡くした女子高生・町子リョウは一人暮らしで、祖母の味のトラウマに悩んでいたが、少女・きりんとの出会いで食への愛を再燃させる。食と少女たちの日常をテーマに、各話が美味しい料理を中心に展開し、リョウときりん、椎名たちの食事の時間が温かく癒しに満ちている。"
257,primary,ja-JP,銃皇無尽のファフニール,"""銃皇無尽のファフニール"" は同名ライトノベルをアニメ化。ドラゴンの脅威にさらされる世界で、少女たちが竜の力を持つDとして覚醒し、学園で訓練する。少年・物部悠は唯一の男性Dとして学園に入り、少女たちと共に竜の脅威と戦う。学園バトルと竜の力、ハーレム要素が特徴で、悠は戦いの中で実力を見せ、ヒロインたちとの掛け合いがサービスとアンニュイさに満ちた典型的なライトノベルバトルハーレム作品。"
258,primary,ja-JP,蒼穹のファフナー EXODUS,"""蒼穹のファフナー EXODUS"" は『ファフナー』シリーズの続編。人類がファフナーに乗って異界のフェストゥムと戦う物語。少年少女たちは過酷な戦場で仲間と故郷を守るため戦い、犠牲を払う。悲劇的な戦争と生と死の深い探求、キャラクターの絆で知られ、第二世代のパイロットの成長が感動的。メカ戦闘シーンが洗練され、重厚ながら感動的なハードSFアニメの傑作。"
259,primary,ja-JP,アイドルマスター シンデレラガールズ,"""アイドルマスター シンデレラガールズ"" はアイドルシリーズのアニメ。346プロダクションが立ち上げたシンデレラプロジェクトでアイドルになる少女たちの物語。ヒロインの島村卯月や渋谷凛、本田未央らがアイドルの道で成長していく。群像劇と音楽、夢追いの物語が特徴で、シンデレラガールズは個性豊かで、オーディションからステージまでの道のりが汗と感動に満ちている。"
260,primary,ja-JP,ジョジョの奇妙な冒険 スターダストクルセイダース エジプト編,"""ジョジョの奇妙な冒険 スターダストクルセイダース エジプト編"" はシリーズ第3部の後半。承太郎たちがエジプトへ向かう途中、DIOの部下たちと激突する。今期のスタンドバトルはさらに白熱し、DIOとの宿命の最終決戦から様々な奇妙なスタンド能力まで、知略と熱さに満ちている。承太郎や花京院、ポルナレフらの犠牲と勇気が感動的で、DIOとの決着は歴史に刻まれる名勝負。"
261,primary,ja-JP,デス・パレード,"""デス・パレード"" は死者たちが集う謎のバー・クインデシムを描くオリジナルアニメ。死者はゲームを強制され、生前の本性が明らかになる。バーテンダーのデキムと謎の少女・知幸がそれらの魂を観察し、裁く。人間性と生と死、善悪をテーマに、各話がゲームを通して一人の死者の生と選択を明かす。重厚で深遠な空気感、生と死への問いかけが知的で深い作品。"
262,primary,ja-JP,暗殺教室,"""暗殺教室"" は同名漫画をアニメ化。殺せないはずの謎の生物・殺せんせーが3年E組の担任となり、1年後に地球を破壊すると宣言。生徒たちはその間に殺せんせーを暗殺しなければならない。学園とコメディ、熱さをテーマに、3年E組の生徒たちは暗殺訓練で成長し、殺せんせーと生徒たちの絆が感動的。笑いと温かさを巧みに融合し、殺せんせーは忘れられないキャラクター。"
263,primary,ja-JP,デュラララ!!×2 承,"""デュラララ!!×2 承"" は『デュラララ!!』シリーズの続編。池袋の都市伝説の新章を描く。今期は既存キャラクターに新キャラクターが加わり、首や妖刀、様々な変人たちを巡る事件が絶えず展開し、群像劇の語りは相変わらず冴え渡る。多線並行の語りで池袋の混沌とした日常と陰謀を織り交ぜ、テンポが良く逆転が続く都市群像劇の傑作。"
264,primary,ja-JP,アルドノア・ゼロ,"""アルドノア・ゼロ"" 第2期は第1期の続編。火星と地球の戦争の中での伊奈帆とスレインの運命を描く。今期は伊奈帆とアセイラム姫の関係、スレインの野望がさらに発展し、戦争の真実が次第に明かされる。壮大な戦争シーンと知略戦、悲劇的なトーンで知られ、結末の逆転が衝撃的。伊奈帆の冷静さとスレインの執着が通底する。"
265,primary,ja-JP,DOG DAYS'',"""DOG DAYS''"" は『DOG DAYS』シリーズのアニメ。少年・シンクが異世界の国家・ビスコッティに勇者として召喚され、国同士のスポーツ競技に参加する物語。ファンタジーと競技、明るい雰囲気が特徴で、シンクは試合で様々な国の戦士たちと激突し、王女たちとの交流も温かい。戦争をスポーツとして描き、死や流血がなく明るく爽快な全年齢向けのライト作品。"
266,primary,ja-JP,ローリング☆ガールズ,"""ローリング☆ガールズ"" は架空の関東で世界平和を守る少女たちの旅を描くオリジナルアニメ。主人公・森友望未と仲間たちは旅に出る。ロードムービーと群像劇、ナンセンスコメディが特徴で、少女たちは道中で様々な変な人々や出来事に出会う。独特の画風と大胆な演出、コメディとシリアスの切り替え、時代の香りと想像力あふれる異色のオリジナル作品。"
267,primary,ja-JP,黒子のバスケ,"""黒子のバスケ"" 第3期はシリーズ最終シーズン。誠凛高校が全国大会で最強の洛山と激突する。今期は赤司の帝王力が完全に発揮され、黒子と火神の最終決戦が白熱。熱い試合とキャラクターの成長で知られ、キセキの世代が全員集結し、全試合が戦術と熱さに満ち、最終決戦での黒子と火神の爆発が視聴者の血を沸かせる。"
268,primary,ja-JP,夜ノヤッターマン,"""夜ノヤッターマン"" は『ヤッターマン』シリーズの続編。悪役ヤッターマンの子孫を中心に描く。世界の宝を盗んで楽しむ金持ち一族を止めるため、ヤッターマンの名を継ぐ少年たちが立ち上がる。メカバトルとコメディ、復讐をテーマに、華麗な作画と誇張された演出で、古典へのオマージュと新たな物語を加え、緊張感と逆転に満ちた異色のメカアニメ。"
269,primary,ja-JP,純潔のマリア,"""純潔のマリア"" は同名漫画をアニメ化。中世フランスで強大な魔法を持つ魔女マリアが、自らのやり方で村の平和を守る。マリアは魔法で戦争を止めようとし、教会や天使の標的となる。魔女と戦争、信仰をテーマに、善悪の間でのマリアの選択が深く描かれる。古典的な美しい作画と詳細な中世史描写が魅力のファンタジーと思想が融合した作品。"
270,primary,ja-JP,聖剣使いの禁呪詠唱,"""聖剣使いの禁呪詠唱"" は同名ライトノベルをアニメ化。前世の記憶を持つ少年・灰村諸葉が、転生後に学園へ入り、二つの前世を持つ聖剣使いとなる。学園バトルと禁呪、ハーレム要素が特徴で、諸葉は魔術科の生徒たちとの戦いで実力を見せ、ヒロインたちとの掛け合いがサービスに満ちている。華麗なバトルシーンと斬新な設定が魅力の典型的なライトノベル学園バトルハーレム作品。"
271,primary,ja-JP,戦国無双,"""戦国無双"" は同名ゲームをアニメ化。天下統一を目指す戦国武将たちの戦いを描く。真田幸村や明智光秀らがそれぞれの信念を持ち、戦場に情熱を注ぐ。華麗なアクションシーンと武将の群像劇が特徴で、無双バトルの爽快感と武将たちの絆と運命が絡み合う。歴史の枠組みの中で武将たちの英雄譚を描くゲームアニメ化の中でも熱い作品。"
272,primary,ja-JP,美少女戦士セーラームーン Crystal,"""美少女戦士セーラームーン Crystal"" 第2期は第1期の続編。月野うさぎと仲間たちが新たな敵と戦う。今期のブラック・ムーン編では、未来からの敵が侵攻し、セーラー戦士たちとちびうさの運命が絡み合う。原作漫画に忠実に、華麗な変身とバトルシーンで、うさぎは愛と正義を守る戦いの中で成長していく。"
273,primary,ja-JP,ISUCA,"""ISUCA"" は不思議な世界での少年の冒険を描く短編アニメ。ファンタジー設定と独特の画風が特徴で、イスカは旅の中で様々な奇妙な出来事に出会う。物語は短いが想像力に富み、ライトでミステリアスな雰囲気と個性の強い作画が魅力の芸術的香りのする短編作品。"
274,primary,ja-JP,Go! プリンセスプリキュア,"""Go! プリンセスプリキュア"" はプリキュアシリーズのアニメ。人々の夢を奪おうとする敵と戦うため、3人の少女がプリキュアに変身する。プリンセスと夢、魔法をテーマに、春野はるかたちが戦いの中で皆の夢を守る。華麗な衣装とバトルシーン、熱いバトルと温かい日常のバランスが魅力で、夢と友情の力を伝える。"
275,primary,ja-JP,アニメで分かる心療内科,"""アニメで分かる心療内科"" は心理治療をテーマにした短編アニメ。心の健康知識を面白おかしく普及させる。主人公と看護師が誇張された演出で様々な心理症状を解説する。パロディと教育、ナンセンスが特徴で、笑いの中で心の健康の常識を伝える。短くて笑いの密度が濃く、シリアスな心理テーマを軽やかに描く娯楽性と教育性を兼ね備えた作品。"
276,primary,ja-JP,旦那が何を言っているかわからない件,"""旦那が何を言っているかわからない件"" 第2期は第1期の続編。オタクの夫と普通の妻の日常を描く。妻は相変わらず夫のオタク語が理解できず、笑いの中で二人は理解を深める。今期は妊娠など新たな生活の章も追加。ショートギャグと温かい雰囲気、オタク文化ネタが特徴で、笑いの中に夫婦の理解と温かさが描かれる。"
277,primary,ja-JP,やはり俺の青春ラブコメはまちがっている。続,"""やはり俺の青春ラブコメはまちがっている。続"" はシリーズ第2期。比企谷八幡と雪ノ下雪乃、由比ヶ浜結衣らの関係が奉仕部の活動を通して深く変化していく。今期は文化祭や依頼、三人の複雑な感情を巡り、八幡の自己犠牲的な問題解決がさらに深い思考を促す。繊細な心理描写と青春の深い探求で知られ、キャラクターたちの内面の独白と葛藤が印象に残る。"
278,primary,ja-JP,レーカン!,"""レーカン!"" は同名漫画をアニメ化。幽霊が見える女子高生・天海響は、そのせいで中二病扱いされる。幽霊や友達との日常を通して少しずつ成長していく。幽霊とコメディ、日常が特徴で、響と優しい幽霊たちの掛け合いが温かくて楽しい。可愛い作画と明るい雰囲気、ライトコメディの中の少女の成長を描く癒しの日常作品。"
279,primary,ja-JP,魔法少女リリカルなのはViVid,"""魔法少女リリカルなのはViVid"" はなのはシリーズのアニメ。なのはの娘・ヴィヴィオの成長を描く。ヴィヴィオは格闘大会に出場するため修行に励み、仲間との切磋琢磨で成長していく。魔法少女バトルと競技、家族愛をテーマに、ヴィヴィオと母なのはの絆、仲間との対決が熱さと温かさに満ち、華麗なバトルシーンが魅力。"
280,primary,ja-JP,ダンジョンに出会いを求めるのは間違っているだろうか,"""ダンジョンに出会いを求めるのは間違っているだろうか"" は同名ライトノベルをアニメ化。迷宮都市オラリオの冒険者ギルドで、少年ベル・クラネルが強くなるためダンジョンに挑み続ける。ダンジョンの奥で強力なモンスターや謎の少女と出会い、その秘密を次第に暴いていく。ダンジョン探索と冒険、熱いバトルが特徴で、ベルの成長と冒険が魅力の人気ファンタジーアドベンチャー作品。"
281,primary,ja-JP,長門有希ちゃんの消失,"""長門有希ちゃんの消失"" は『ハルヒ』シリーズのスピンオフ。パラレルワールドの普通の女子高生・長門有希とキョンの恋愛日常を描く。ハルヒがいないこの世界では、有希は宇宙人ではなく内気な普通の少女。恋愛と日常、青春が特徴で、有希の成長とキョンとの掛け合いが温かく、淡い作画が魅力の癒しの学園恋愛作品。"
282,primary,ja-JP,ヴァンパイア・ホームズ,"""ヴァンパイア・ホームズ"" は吸血鬼と自称するホームズと仲間たちの可笑しな日常を描く短編アニメ。ホームズの推理はいつもギャグに満ち、ワトソンらとの掛け合いが笑いを誘う。パロディとミステリー、コメディが特徴で、古典的な探偵設定を完全にナンセンス化。短くてテンポの良い展開が魅力のストレス解消コメディショート。"
283,primary,ja-JP,食戟のソーマ,"""食戟のソーマ"" は同名漫画をアニメ化。エリート料理学校・遠月学園で、少年・幸平創真が料理バトルで頂点に挑む。残酷な料理競争の中で成長し、個性豊かな強敵たちと食戟で対決。食と熱さ、競技が特徴で、料理の描写が食欲をそそり、対決シーンが緊張と興奮に満ち、創真の独創的な料理とあきらめない精神が魅力の食アニメの名作。"
284,primary,ja-JP,ジュエルペット マジカルチェンジ,"""ジュエルペット マジカルチェンジ"" は『ジュエルペット』シリーズのアニメ。少女とジュエルペットの魔法の冒険を描く。主人公たちはジュエルペットと共に魔法世界で様々な活動をし、ジュエルを集めながら人を助ける。可愛いキャラクターと魔法の変身、少女向けの日常が特徴で、明るい映像と温かい雰囲気が魅力の女児向け癒しの魔法日常アニメ。"
285,primary,ja-JP,プリパラ,"""プリパラ"" 第2期は第1期の続編。アイドルテーマパーク・プリパラで少女たちのアイドル活動が続く。真中らぁらと仲間たちは新たなステージで多くの挑戦に立ち向かい、新しいアイドルの友達と出会う。華やかなステージ演出と可愛いキャラクター、明るい展開が特徴で、歌とダンスシーンが感動的。"
286,primary,ja-JP,電波教師,"""電波教師"" は同名漫画をアニメ化。2次元しか学べないと豪語する科学好きの青年が、教育困難なクラスの代役として受け持つ。独自の教育法で生徒たちが目標を見つける手助けをする。教育とコメディ、感動が特徴で、ジュンイチローの型破りな授業が面白くて感動的。"
287,primary,ja-JP,境界のRINNE,"""境界のRINNE"" は高橋留美子原作の同名漫画をアニメ化。幽霊が見える少女・真宮桜が、半死神の少年・六道りんねと出会い、二人で幽霊を成仏させる手助けをする。オカルトとコメディ、日常が特徴で、桜とりんねはオカルト事件を解決しながら掛け合いを繰り広げる。高橋留美子らしいコメディテイストと軽快なエピソードが魅力の温かいオカルト日常作品。"
288,primary,ja-JP,終わりのセラフ,"""終わりのセラフ"" は同名漫画をアニメ化。ウイルスで荒廃した世界で、吸血鬼が生き残った人間を支配する。少年・百夜優一郎は吸血鬼への復讐のため、人間の抵抗組織に加わり、親友のミカエラやシノアら仲間たちと共に戦う。吸血鬼とバトル、復讐をテーマに、優一郎の怒りと成長が通底し、バトルシーンが華麗で、ダークながら熱い空気感が魅力の人気作。"
289,primary,ja-JP,ハイスクールD×D BorN,"""ハイスクールD×D BorN"" はシリーズのアニメ。悪魔の高校生・兵藤一誠の成長を描く。悪魔になった一誠は成長を続け、今期は堕天使や神器使いとの戦いに巻き込まれ、ヒロインたちとのサービス満載の掛け合いも。バトルとハーレム、コメディが特徴で、一誠の熱血でエロいキャラが唯一無二。華麗なバトルシーンが魅力のライトノベルハーレムバトル作品。"
290,primary,ja-JP,ガンスリンガー ストラトス,"""ガンスリンガー ストラトス"" は同名ゲームをアニメ化。二つの大国に分かれた近未来世界での少年たちの戦いを描く。主人公たちは無重力の世界で任務を遂行し、敵対勢力と銃撃戦を繰り広げる。SFとガンアクション、熱さが特徴で、バトルシーンが流麗で、キャラクターの成長と絆が通底し、設定が斬新なスタンダードなSFバトルアニメ。"
291,primary,ja-JP,Fate/stay night [Unlimited Blade Works],"""Fate/stay night [Unlimited Blade Works]"" 第2期は第2シーズン。衛宮士郎とアーチャーの対決、聖杯戦争の真実が今期で完全に明かされる。士郎の理想主義への固執とアーチャーの幻滅が鋭く対比され、最終決戦でセイバーや凛との絆が高まる。華麗なバトルと壮大な世界観、深いテーマで知られ、ufotableの作画は業界屈指。"
292,primary,ja-JP,プラスティック・メモリーズ,"""プラスティック・メモリーズ"" は記憶を持つアンドロイドが当たり前の未来を描くオリジナルアニメ。少年・水柿ツカサは寿命を迎えたロボットの回収を担う会社に入社する。回収任務の中でパートナーロボット・アイラとの仲を深めるが、彼女には定められた記憶の消去が待っている。ロボットと人間の感情、別れをテーマに、涙を誘う展開と温かい日常が交錯し、結末が感動的なSF作品。"
293,primary,ja-JP,うたの☆プリンスさまっ♪ マジLOVEレボリューションズ,"""うたの☆プリンスさまっ♪ マジLOVEレボリューションズ"" はシリーズのアニメ。芸術学校に入ったヒロイン・七海春歌とアイドルたちの恋愛を描く。今期も春歌と6人のアイドルは音楽と芸能の道で成長を続ける。音楽と恋愛、アイドルが特徴で、華やかなステージ演出と感動の楽曲、春歌とアイドルたちの掛け合いが甘い。"
294,primary,ja-JP,血界戦線,"""血界戦線"" は同名漫画をアニメ化。異世界と繋がったニューヨークで、異界人と人間が共存する街の中、少年レオナルドが秘密組織ライブラに入る。都市ファンタジーと熱いバトル、群像劇が特徴で、レオは強力な視力で戦いで活躍し、ライブラメンバーとの掛け合いがギャグと感動に満ちている。"
295,primary,ja-JP,アルスラーン戦記,"""アルスラーン戦記"" は田中芳樹の小説をアニメ化。パルス王国の王子アルスラーンは、王国が敵国に滅ぼされた後、再興への道を歩む。逃避行の中で知将や仲間たちを集め、一歩一歩王の道へ。歴史と戦争、英雄の成長をテーマに、アルスラーンの仁徳と知恵、ダリューンら将軍との絆が通底する。"
296,primary,ja-JP,ベイビーステップ,"""ベイビーステップ"" 第2期は第1期の続編。丸尾栄一郎がテニス競技で成長を続ける。データ分析と地道なトレーニングで、丸尾はより高い舞台へと上がり、強敵との対決がより激しくなる。リアルなテニス技術と科学的トレーニング、主人公の成長で知られ、試合描写が丁寧で専門的。"
297,primary,ja-JP,SHOW BY ROCK!!,"""SHOW BY ROCK!!"" はバンド少女たちの冒険を描く音楽アニメ。ギタリストのシアンを中心とするバンドたちが音楽の世界で悪の勢力と戦い、ロックの力で世界を救う。音楽と可愛いキャラクター、コメディが特徴で、バンドの演奏が感動的で、キャラクターたちの日常の掛け合いがギャグに満ち、テンポが良い。"
298,primary,ja-JP,雨色ココア,"""雨色ココア"" は喫茶店・レインカラーの日常を描く短編アニメ。喫茶店のスタッフと客がコーヒーを巡って交流する。癒しと日常、コーヒーが特徴で、各話が喫茶店での小さな物語を中心に展開。淡い作画と静かな雰囲気、コーヒーの香りと人々の日常が絡み合う癒しのショート作品。"
299,primary,ja-JP,HELLO!! きんいろモザイク,"""HELLO!! きんいろモザイク"" は『きんいろモザイク』シリーズの第2期。少女たちの学園日常を描く。アリスがイギリスから日本にやってきて、陽子や綾ら友人と楽しい学園生活を送る。モエ日常と友情、癒しが特徴で、少女たちの掛け合いが魅力とギャグに満ち、明るく可愛い作画とゆったりした温かい雰囲気が魅力のモエ日常アニメの代表格。"
300,primary,ja-JP,ダイヤのA,"""ダイヤのA"" 第2期は第1期の続編。青道高校野球部が甲子園を目指して戦い続ける。沢村栄純、御幸一也らが試合の中で成長し、今期の相手はさらに強力で、試合はより激しい。リアルな野球戦術と丁寧な試合描写、キャラクターの成長で知られ、沢村のピッチングの進歩とチームの団結が視聴者の血を沸かせる。"
301,primary,ja-JP,怪盗ジョーカー,"""怪盗ジョーカー"" 第2期はシリーズの続編。少年怪盗ジョーカーが世界中の宝物を盗み続け、ライバルや警察を出し抜く。今期は新しいライバルやパートナーが登場し、さらに華麗なマジック盗難計画が展開する。華麗なマジックと誇張された演出、エピソード形式の冒険が特徴で、ジョーカーとハチの冒険が楽しい。"
302,primary,ja-JP,閃乱カグラ,"""閃乱カグラ"" は同名ゲームをアニメ化。学園で忍者少女たちの戦いと日常を描く。半蔵学院の忍者少女たちが悪の忍者勢力と激突する。忍者とバトル、サービス要素が特徴で、少女たちの忍術対決が華麗でスリリング、日常の掛け合いもサービス満載。"
303,primary,ja-JP,黏黏糊糊!!角质君 第2期,これは擬人化された角質キャラクターのショートアニメの第2期。第1期に続き、角質キャラクターの視点からナンセンスな日常が描かれる。角質の生活は相変わらず奇想天外なアイデアと笑いに満ち、誇張された演出とナンセンスな設定が特徴。短くて疾走感のあるテンポで、角質の奇妙な日常をライトコメディで描く。
304,primary,ja-JP,てーきゅう,"""てーきゅう"" 第4期はシリーズの続編。テニス部の少女たちのナンセンスな日常が続く。テンポの速いギャグと誇張された演出、奇想天外なネタが特徴で、テニスの試合も様々な笑いのシーンに変わる。各話は極短いが笑いの密度が濃い。"
305,primary,ja-JP,我是高宫茄乃,これは『のんのんびより』のスピンオフショート。特定の視点から、キャラクターの田舎暮らしのゆったりしたエピソードを描く。本編と同じ画風で、明るい癒しの雰囲気。キャラクターの日常と楽しい出来事を中心にした、のんのんびよりファン必見のサイドストーリー。
306,primary,ja-JP,ミカグラ学園組曲,"""ミカグラ学園組曲"" は同名ライトノベルをアニメ化。様々な才能を持つ者が集うミカグラ学園に入学した少年・市谷マナビが、部活連盟主催の学園行事に巻き込まれる。学園バトルとコメディ、群像劇が特徴で、学園の奇妙な設定と様々なキャラクターの掛け合いが楽しい。"
307,primary,ja-JP,響け! ユーフォニアム,"""響け! ユーフォニアム"" は同名小説をアニメ化。北宇治高校吹奏楽部の少女たちの青春を描く。主人公・黄前久美子は部員たちと目標に向かって努力し、コンクールで夢を追う。音楽と青春、成長をテーマに、久美子の成長と部員たちの絆が繊細で感動的。映像と音楽が素晴らしく、演奏シーンが圧巻の京都アニメーションの傑作。"
308,primary,ja-JP,銀魂,"""銀魂"" は『銀魂』シリーズの続編。万事屋銀ちゃんと仲間たちの江戸での可笑しな日常を描く。今期は人気エピソードとシリアスな本筋が収録され、銀さんはコメディと熱さを行き来し、攘夷志士や将軍との物語が魅力。パロディとツッコミ、熱さが特徴で、ナンセンスコメディと感動的なプロットが融合。"
309,primary,ja-JP,トリアージX,"""トリアージX"" は同名漫画をアニメ化。特殊部隊ブラックラベルの少女たちの制裁任務を描く。少女たちは表向きの身分に隠れて、法で裁けない悪党と戦う。アクションとバトル、制服が特徴で、少女たちのバトルシーンが華麗で、任務の緊張と日常の温かさが交錯する。"
310,primary,ja-JP,俺物語!!,"""俺物語!!"" は同名漫画をアニメ化。外見は怖いが心優しい大男・剛田猛男の恋愛を描く。猛男は優しい少女・大和凛子に恋をする。親友の砂川誠との友情も感動的。恋愛と友情、ギャップ萌えが特徴で、猛男は外見に似合わず純粋で優しく、凛子との掛け合いが甘い。"
311,primary,ja-JP,放課後のプレアデス,"""放課後のプレアデス"" はアニメプロジェクトをアニメ化。宇宙人と共に欠片を集める少女たちの物語。プレアデスの少女たちは車に乗って冒険し、散らばった星の欠片を集める。魔法少女とSF、日常が特徴で、少女たちの冒険が楽しく、淡い作画と温かいキャラクターの掛け合いが魅力。"
312,primary,ja-JP,えとたま,"""えとたま"" はマルチメディアプロジェクトをアニメ化。十二支を代表する少女たちの戦いを描く。十二神将の地位を争うため、少女たちはトーナメントを開催する。擬人化十二支とバトル、コメディが特徴で、キャラクターは個性豊かで、バトルシーンが華麗でテンポが良い。"
313,primary,ja-JP,パンチライン,"""パンチライン"" はパンツを見ると世界が滅びる呪いを受けた少年・伊里達遊太を描くオリジナルアニメ。呪いを解くため遊太は行動を起こす。奇想天外なアイデアとコメディ、ミステリーが特徴で、ナンセンスで面白い設定。プロットは逆転とギャグに満ち、ナンセンスな表面の裏に幾重もの謎が隠され、結末が驚きの意欲作。"
314,primary,ja-JP,浦和小调,これは埼玉県浦和を舞台にした少女たちの日常を描く短編アニメ。ご当地風景とキャラクターの掛け合い、地域振興の香りが特徴で、少女たちの日常の断片が軽やかで温かい。可愛い作画と短い展開で、浦和の魅力を気軽な日常で見せる癒しのご当地作品。
315,primary,ja-JP,ニセコイ:,"""ニセコイ:"" は『ニセコイ』アニメの第2期。一条楽と桐崎千棘らラブコメが続く。今期は楽と多くの女性キャラクターとの掛け合いが中心で、初恋の謎と恋愛線がさらに発展する。明るいラブコメと複雑なキャラクター関係が特徴で、誤解と偶然が絶えず、笑いと糖度が濃い。"
316,primary,ja-JP,シドニアの騎士 第九惑星戦役,"""シドニアの騎士 第九惑星戦役"" は『シドニアの騎士』の第2期。谷風長道とシドニアの戦士たちがガウナと戦い続ける。今期の戦いはさらに激しく、長道と星白閑らとの絆が深まる。3DCGとハードSF設定、壮大な宇宙戦争で知られ、衝撃的なバトルシーンが魅力。"
317,primary,ja-JP,聖闘士星矢 黄金魂,"""聖闘士星矢 黄金魂"" は北欧を舞台に黄金聖闘士たちの戦いを描く。アイオロスを中心に、復活した黄金聖闘士たちが女神アテナを守るため戦う。古典的な聖闘士バトルと黄金聖衣の魅力、熱さをテーマに、黄金聖闘士たちがそれぞれの技を披露する。"
318,primary,ja-JP,グリザイアの迷宮,"""グリザイアの迷宮"" は『グリザイアの果実』の続編。学園での風見雄二の過去と現在を描く。今期は雄二と少女たちの過去が明かされ、迷宮学園の真実を巡って展開する。暗い雰囲気と心理描写、キャラクターの絆が特徴で、雄二の成長と少女たちの救済が絡み合う。"
319,primary,ja-JP,山田くんと7人の魔女,"""山田くんと7人の魔女"" は同名漫画をアニメ化。問題児の不良・山田竜は転んで優等生の白石うららにキスしたことで入れ替わり、キスで超能力が発動することを発見する。超能力とラブコメ、学園が特徴で、山田は魔女を探しながら多くの少女と絡む。"
320,primary,ja-JP,英国一家，吃在日本,これは日本に引っ越してきたイギリス人家族が日本食を楽しむ物語を描く短編アニメ。食と日常、文化交流が特徴で、イギリス人家族の日本での食事体験が楽しく、日本料理と家族の反応を可愛い作画で描く。
321,primary,ja-JP,グリザイアの楽園,"""グリザイアの楽園"" は『グリザイア』シリーズの最終章。風見雄二と学園の少女たちの物語が完結する。今期は雄二の過去と少女たちの未来を巡り、迷宮学園の真実と各キャラクターの救済が絡み合う。暗い雰囲気と心理描写、温かい結末で知られ、雄二と少女たちは共に過去と向き合い未来へ進む。"
322,primary,ja-JP,おくさまが生徒会長!,"""おくさまが生徒会長!"" は生徒会長の若菜羽衣と副会長の和泉隼斗のラブコメを描く短編アニメ。会長に当選した羽衣は隼斗と同居生活を始める。恋愛とコメディ、サービスが特徴で、二人の掛け合いがギャグとアンニュイさに満ち、短くてテンポが良い。"
323,primary,ja-JP,GANGSTA.\,"""GANGSTA.\"" は黄昏の街エルガストゥルムで暗躍する便利屋と様々な勢力の争いを描く。賞金稼ぎやギャングが街の影で暗躍する。ギャングとアクション、群像劇が特徴で、ハードボイルドな画風と陰鬱な雰囲気、灰色の領域でのキャラクターたちの闘争が緊張感に満ちている。"
324,primary,ja-JP,ケイオスドラゴン 赤竜戦役,"""ケイオスドラゴン 赤竜戦役"" はマルチメディアプロジェクトをアニメ化。赤竜が支配する異世界での少年たちの冒険を描く。主人公・忌ブキは守りたい人々のために出発し、赤竜を巡る戦争に巻き込まれる。ファンタジーと冒険、群像劇が特徴で、壮大な世界観と絡み合うキャラクターの運命。"
325,primary,ja-JP,アクエリオンロゴス,"""アクエリオンロゴス"" は『アクエリオン』シリーズのアニメ。アクエリオンに乗って謎の敵と戦う少年少女たちを描く。主人公・灰吹陽は学園で能力に目覚め、現実を侵食する敵と仲間たちと共に戦う。メカバトルと熱さ、学園が特徴で、アクエリオンの合体バトルが華麗。"
326,primary,ja-JP,乱歩奇譚 Game of Laplace,"""乱歩奇譚 Game of Laplace"" は江戸川乱歩の作品をアニメ化。天才高校生・小林が怪事件の解決に参加する。小林は明智警部と共に謎の犯罪者を追いながら、ラプラスのゲームに巻き込まれる。ミステリーとサスペンス、ダークな雰囲気が特徴で、乱歩の探偵世界を現代的にアレンジ。"
327,primary,ja-JP,青春×機関銃,"""青春×機関銃"" は同名漫画をアニメ化。サバイバルゲームに参加する少年少女たちを描く。女子高生・立花蛍は友を救うためサバイバルゲームの戦いに参加し、パートナーたちとフィールドで競う。ガンアクションと熱さ、青春が特徴で、サバイバルゲームの戦術対決が緊張と興奮に満ちている。"
328,primary,ja-JP,城下町のダンデライオン,"""城下町のダンデライオン"" は同名漫画をアニメ化。子供が多い王族の中で、次期国王を決めるための王女たちの超能力争いが始まる。主人公・桜田シオは多くの兄弟姉妹の競争の中で、王家の責任を次第に理解していく。王族の日常と超能力、コメディが特徴で、多くの個性豊かなキャラクターが登場。"
329,primary,ja-JP,ヘタリア,"""ヘタリア"" 第6期はヘタリアシリーズのアニメ。擬人化された国家たちのコメディ日常が続く。世界の国々が可愛いキャラクターとして交流し、歴史や文化、国家関係をネタに笑いを生む。パロディと歴史、コメディが特徴で、個性豊かなキャラクター。"
330,primary,ja-JP,うしおととら,"""うしおととら"" は『うしおととら』アニメの統合版。少年・蒼月潮と妖怪のとらの冒険を描く。潮は獣の槍を手に、とらと共に様々な妖怪や黒幕と戦う。熱いバトルと友情、和風妖怪が特徴で、敵から信頼へと変わっていく二人の成長が感動的。"
331,primary,ja-JP,ミス・モノクローム,"""ミス・モノクローム"" 第2期は第1期の続編。バーチャルアイドルのミス・モノクロームがアイドルの夢を追い続ける。モノクロームの日常は相変わらずナンセンスで笑いに満ち、誇張された演出とテンポの速いギャグが特徴。"
332,primary,ja-JP,兔宝的悲惨日常 梦幻篇,これは『うーさーのその日暮らし』シリーズの続編。いじめられるウサギ・うーさーの不憫で可笑しな日常を描く。ブラックユーモアとパロディ、日常が特徴で、うーさーの不運な体験がギャグに満ちている。
333,primary,ja-JP,わかば*ガール,"""わかば*ガール"" は同名漫画をアニメ化。女子高生・若葉の日常を描く。若葉は友人たちと学校でゆったりとした楽しい時間を過ごす。日常と癒し、友情が特徴で、少女たちの温かく可愛い掛け合いと淡い作画が魅力。"
334,primary,ja-JP,GATE 自衛隊 彼の地にて、斯く戦えり,"""GATE 自衛隊 彼の地にて、斯く戦えり"" は同名小説をアニメ化。異世界に渡る自衛隊の物語。開かれたゲートを通じて自衛隊が異世界の文明と接触する。主人公・伊丹が異世界で冒険と調査を行う。ミリタリーとファンタジー、冒険が特徴で、自衛隊と異世界の文化衝突が面白い。"
335,primary,ja-JP,クラスルーム☆クライシス,"""クラスルーム☆クライシス"" は火星軌道上のハイテク学園での少年少女たちを描くオリジナルアニメ。主人公ら天才学生たちが学園のクラス活動で様々な事件に巻き込まれる。学園とコメディ、SFが特徴で、キャラクターの掛け合いがギャグに満ちている。"
336,primary,ja-JP,戦姫絶唱シンフォギアGX,"""戦姫絶唱シンフォギアGX"" は『シンフォギア』シリーズのアニメ。歌を使って戦う少女たちを描く。シンフォギアを装着した戦士たちが歌を力に、謎のノイズと戦う。今期は新たな脅威とキャラクターが登場。音楽とバトル、熱さが特徴で、歌と戦闘を組み合わせたパフォーマンスが感動的。"
337,primary,ja-JP,デュラララ!!×2 転,"""デュラララ!!×2 転"" はシリーズのアニメ。池袋の都市伝説の群像劇が続く。今期は新キャラクターと新事件を中心に、池袋の変人たちの混沌とした日常が続く。多線の語りと都市サスペンス、群像劇が特徴で、目まぐるしい逆転と交錯。"
338,primary,ja-JP,Charlotte,"""Charlotte"" はKey×P.A.WORKSのオリジナルアニメ。特殊能力を持つ少年・乙坂有宇を描く。生徒会の少女・友利奈緒と出会い、星ノ海学園で他の能力者を助ける。超能力と青春、悲喜劇が特徴で、有宇の成長と世界の真実が層状に明かされる。"
339,primary,ja-JP,WORKING!!,"""WORKING!!"" 第3期はシリーズの続編。ファミリーレストラン・ワグナリアのスタッフのコメディ日常が続く。小鳥遊宗太と個性豊かなスタッフの掛け合いがギャグに満ち、日常とコメディ、群像劇が特徴。"
340,primary,ja-JP,下ネタという概念が存在しない退屈な世界,"""下ネタという概念が存在しない退屈な世界"" は同名ライトノベルをアニメ化。厳しい倫理法が支配する未来の日本で、少年・奥間狸吉は先輩を追って純潔の学校組織に入るが、猥褻物を広める地下組織に巻き込まれる。パロディとツッコミ、サービスが特徴で、ナンセンスで面白い設定。"
341,primary,ja-JP,ガッチャマン クラウズ インサイト,"""ガッチャマン クラウズ インサイト"" はシリーズのアニメ。NOTEを使って世界を守る少女たちを描く。主人公・一ノ瀬はじめと仲間たちが新たな敵に立ち向かう。SFと群像劇、社会問題が特徴で、集合意識と個人の価値を探求する。"
342,primary,ja-JP,六花の勇者,"""六花の勇者"" は同名ライトノベルをアニメ化。魔王復活の危機で、選ばれた六人の勇者が集まるが、その中に敵が混ざっている。主人公アドレットは無実を証明するため戦う。ファンタジーとミステリー、知略戦が特徴で、勇者たちの疑心暗鬼と真実の解明が層状に進む。"
343,primary,ja-JP,ドラゴンボール超,"""ドラゴンボール超"" は『ドラゴンボール』の新作。悟空たちが力の大会などの新章で戦う。破壊神や全王などの新キャラクターが登場し、悟空は神の領域の戦いで限界を突破していく。熱いバトルとユーモア、壮大な世界観が特徴。"
344,primary,ja-JP,ワカコ酒,"""ワカコ酒"" は働く女性・村崎ワカコが仕事帰りに酒と料理を楽しむ物語を描く短編アニメ。食と癒し、孤独が特徴で、ワカコの一人酒の情景が雰囲気満点で、食欲をそそる料理と酔いの楽しさを描く。"
345,primary,ja-JP,ゴッドイーター,"""ゴッドイーター"" は同名ゲームをアニメ化。アラガミに荒廃した世界で、神機を使って戦うゴッドイーターたちの物語。少年・空木レンカはゴッドイーター部隊に入り、仲間たちとアラガミと戦う。バトルとSF、生存が特徴で、独特の画風と華麗なバトルシーン。"
346,primary,ja-JP,赤髪の白雪姫,"""赤髪の白雪姫"" は同名漫画をアニメ化。天然の赤髪を持つ少女・白雪は、王子の妾になるのを逃れるため国を離れ、隣国の若き王・ゼンと出会う。宮廷生活の中で二人は距離を縮め、ロマンチックな物語が展開する。恋愛と宮廷、冒険が特徴で、白雪の自立と強さ、ゼンの優しさが美しく響く。"
347,primary,ja-JP,To LOVEる -とらぶる- ダークネス,"""To LOVEる -とらぶる- ダークネス"" 第2期は『To LOVEる』シリーズのアニメ。リトと多くの少女たちのハーレム日常が続く。今期はダークス姉妹やモモの計画を中心に、リトのトラブルが激化。ラブコメとサービス、パロディが特徴で、サービスシーンが豊富。"
348,primary,ja-JP,てーきゅう,"""てーきゅう"" 第5期はシリーズの続編。テニス部の少女たちのナンセンスな日常が続く。テンポの速いギャグと誇張された演出、奇想天外なネタが特徴で、各話は極短いが笑いの密度が濃い。"
349,primary,ja-JP,実は私は,"""実は私は"" は同名漫画をアニメ化。主人公が密かに恋する少女の正体は吸血鬼だった。彼女の秘密を守るため、主人公は正体を隠す手助けをする。オカルトとラブコメ、コメディが特徴で、多くの正体を隠す少女たちを巡る。"
350,primary,ja-JP,のんのんびより りぴーと,"""のんのんびより りぴーと"" は『のんのんびより』の第2期。田舎の分校の少女たちのゆったりした日常が続く。宮内れんげと越谷姉妹が四季の移ろいの中で普通でありながら素敵な時間を過ごす。癒しと日常、田園風景が特徴で、ゆったりしたテンポと淡い画風。"
351,primary,ja-JP,百万偶像,これはアイドルを目指す少女たちの奮闘を描く短編アニメ。アイドルと日常、コメディが特徴で、少女たちの夢追いの中の掛け合いが楽しく、アイドル業界の日常を明るい雰囲気で描く。
352,primary,ja-JP,怪兽酒场干杯！,これは酒場でのモンスターたちの日常を描く短編アニメ。モンスターテーマの酒場で、様々なモンスターキャラクターと人間の客の掛け合いが楽しい。コメディと日常、モンスターが特徴で、独特の画風と明るい雰囲気。
353,primary,ja-JP,オーバーロード,"""オーバーロード"" は同名ライトノベルをアニメ化。人気ゲームの終了時、主人公・鈴木悟はギルドと共に異世界に転移し、最強の魔導王アインズ・ウール・ゴウンとなる。アンデッドの君主として異世界で勢力を築く。異世界とダークファンタジー、群像劇が特徴で、アインズの力と慎重さのギャップが魅力の異世界ジャンルの傑作。"
354,primary,ja-JP,それが声優!,"""それが声優!"" は新人声優の奮闘を描く短編アニメ。声優業界のリアルな日常をテーマに、主人公たちがオーディションや収録、仕事の中で成長していく。多くの実在の声優のカメオ出演と業界ネタが満載。"
355,primary,ja-JP,モンスター娘のいる日常,"""モンスター娘のいる日常"" は同名漫画をアニメ化。人間と亜人が共存する現代世界で、少年・来留主公人が政府の手配により数人のモンスター娘と同居生活を送る。モンスター娘とハーレム、サービスが特徴で、様々なモンスター娘との同居生活がギャグとアンニュイさに満ちている。"
356,primary,ja-JP,ビキニ・ウォリアーズ,"""ビキニ・ウォリアーズ"" はビキニアーマーの少女戦士たちの冒険を描く短編アニメ。ファンタジー世界で魔王討伐に出発する少女たち。バトルとサービス、パロディが特徴で、美少女と冒険を組み合わせ、サービス映像満載。"
357,primary,ja-JP,洲崎西 THE ANIMATION,"""洲崎西 THE ANIMATION"" は声優ユニット洲崎西のラジオ番組をアニメ化した短編アニメ。二人の声優の日常の掛け合いをテーマに、ラジオのネタと二人の交流を映像化。コメディと声優、日常が特徴で、声優ユニットのファン必見。"
358,primary,ja-JP,空戦魔導士候補生の教官,"""空戦魔導士候補生の教官"" は同名ライトノベルをアニメ化。魔法甲虫の脅威にさらされる世界で、少年カナタが空戦魔導士の教官として候補生たちを指導する。空中戦と学園、ハーレムが特徴で、カナタと少女候補生たちの掛け合いがサービス満載。"
359,primary,ja-JP,純情ロマンチカ3,"""純情ロマンチカ3"" は『純情ロマンチカ』シリーズのアニメ。美咲と宇佐見らBLカップルの恋愛を描く。今期も複数のカップルの感情の発展が描かれる。BL恋愛と温かさ、コメディが特徴で、甘くて感動的な掛け合い。"
360,primary,ja-JP,干物妹! うまるちゃん,"""干物妹! うまるちゃん"" は同名漫画をアニメ化。外では完璧優等生、家ではぐーたらな妹の土間うまるが、兄・タイヘイとの可笑しな同居生活を送る。日常とコメディ、兄妹愛が特徴で、家でのぐーたらぶりと外での完璧な姿のギャップが愛らしい。"
361,primary,ja-JP,がっこうぐらし!,"""がっこうぐらし!"" は同名漫画をアニメ化。感染が発生した後の世界で、学校生活部の少女たちが学園で生き延びる。ポストアポカリプス生存と癒し、ホラーが特徴で、廃墟の学園での平穏な日常の裏に残酷な真実が隠されている。"
362,primary,ja-JP,だんちがい,"""だんちがい"" は何人もの姉と暮らす主人公の日常を描く短編アニメ。家族コメディとサービス、コメディが特徴で、個性豊かな姉たちとの掛け合いがギャグに満ちている。"
363,primary,ja-JP,監獄学園,"""監獄学園"" は同名漫画をアニメ化。校則の厳しい私立八光学院で、校則違反の5人の男子が投獄され、ナンセンスな生存コメディが展開する。コメディとパロディ、サービスが特徴で、男子たちが刑務所で生徒会と知恵比べ。"
364,primary,ja-JP,VENUS PROJECT -CLIMAX-,"""VENUS PROJECT -CLIMAX-"" はヴィーナスプロジェクトのアニメ。少女アイドルたちの奮闘を描く。ヴィーナスプロジェクトの選抜をテーマに、少女たちがアイドルの道で成長していく。アイドルと音楽、夢追いが特徴で、歌とダンスシーンが華やか。"
365,primary,ja-JP,枕男子,"""枕男子"" は就寝前に様々な美男子と過ごす時間を描く短編アニメ。女性向けと癒し、ファンタジー要素が特徴で、各話が一人の美男子を中心に、洗練された作画で就寝前の甘い雰囲気を作る。"
366,primary,ja-JP,アイドルマスター シンデレラガールズ,"""アイドルマスター シンデレラガールズ"" 第2期は第1期の続編。シンデレラガールズがアイドルの道で成長を続ける。今期はアイドルたちの活動と新たな挑戦が中心で、各キャラクターの物語が深まる。群像劇と音楽、夢追いが特徴。"
367,primary,ja-JP,Fate/kaleid liner プリズマ☆イリヤ ツヴァイ ヘルツ!,"""Fate/kaleid liner プリズマ☆イリヤ ツヴァイ ヘルツ!"" は『Fate』シリーズのスピンオフアニメ。イリヤと美遊の魔法少女としての戦いが続く。今期はキャラクターとバトルが増え、魔法少女となったイリヤの日常と危機が絡み合う。"
368,primary,ja-JP,DIABOLIK LOVERS,"""DIABOLIK LOVERS"" 第2期は第1期の続編。少女・小森ユイと吸血鬼兄弟の因縁が続く。吸血ゲームの中でのユイの運命が深まり、ダークな吸血鬼設定と美形キャラクター、アンニュイな掛け合いが特徴。"
369,primary,ja-JP,かみさまみならい ヒミツのここたま,"""かみさまみならい ヒミツのここたま"" は見習い神様の少女たちが人々の悩みを解決する短編アニメ。神様として人々の願いを叶える少女たち。癒しと日常、神様が特徴で、可愛い作画と温かい雰囲気。"
370,primary,ja-JP,ルパン三世,"""ルパン三世"" は名作怪盗アニメシリーズ。ルパン三世と仲間たちの冒険を描く。世界中の宝物を盗むルパンが、ライバルの銭形警部と知略を巡らせる。怪盗と冒険、コメディが特徴で、ルパンの機知と魅力が抜群。"
371,primary,ja-JP,枪与假面舞会,これは同名ライトノベルをアニメ化。仮面舞踏会が盛んな世界で、少年アラタが仮面を使った戦いに巻き込まれる。バトルとミステリー、ファンタジーが特徴で、アラタの成長と仮面舞踏会の真実が層状に明かされる。
372,primary,ja-JP,ヤング ブラック・ジャック,"""ヤング ブラック・ジャック"" は手塚治虫の名作をアニメ化。若き日のブラック・ジャック（間黒男）の物語。医学生時代のブラック・ジャックが様々な医療事件に遭遇し、次第に独自の医療哲学を形成していく。"
373,primary,ja-JP,影鰐-KAGEWANI-,"""影鰐-KAGEWANI-"" は謎の事件を調査する中で影鰐に遭遇する主人公を描くホラー短編アニメ。影鰐は人間を喰らう未知の生物。ホラーとサスペンス、エピソード形式が特徴で、冷たい画風と陰鬱な雰囲気。"
374,primary,ja-JP,ハッカドール,"""ハッカドール"" は3体のAIハッカドールが人間の日常を手助けする短編アニメ。少女型ハッカドールが様々な方法で人間の問題を解決する。SFとコメディ、日常が特徴で、可愛い作画とテンポの良い展開。"
375,primary,ja-JP,ミス・モノクローム,"""ミス・モノクローム"" 第3期はシリーズの続編。バーチャルアイドルのミス・モノクロームがアイドルの夢を追い続ける。モノクロームの日常は相変わらずナンセンスで笑いに満ち、誇張された演出とテンポの速いギャグが特徴。"
376,primary,ja-JP,ヘヴィーオブジェクト,"""ヘヴィーオブジェクト"" は同名ライトノベルをアニメ化。OBJECTという巨大兵器が支配する戦場で、二人の少年が一般兵として巨大なOBJECTに挑む。メカバトルと戦争、熱さが特徴で、少年たちは知恵と勇気で圧倒的な力に抗い、華麗なバトルシーンとキャラクターの成長と絆が通底する。"
377,primary,ja-JP,ノラガミ ARAGOTO,"""ノラガミ ARAGOTO"" は『ノラガミ』の第2期。夜トとひよりの物語が続く。今期は恵比寿、黄泉、夜トの過去を巡り、戦いと感情がより深くなる。現代神話と熱いバトル、温かい日常で知られ、夜トは自己の価値を求める中で新たな絆を得る。"
378,primary,ja-JP,K RETURN OF KINGS,"""K RETURN OF KINGS"" は『K』シリーズのアニメ。力を持つ王とそのクランの戦いを描く。今期は銀の王・伊佐那社と多くの王の確執が中心。華麗なキャラクターデザインと超能力バトル、群像劇が特徴で、色彩と演出が視覚的にインパクト大。"
379,primary,ja-JP,蒼穹のファフナー EXODUS,"""蒼穹のファフナー EXODUS"" 第2部は『ファフナー』の続編。少年少女たちがファフナーに乗ってフェストゥムと戦い続ける。今期の戦争はより残酷で、第二世代パイロットの犠牲と成長が感動的。悲劇的な戦争と生と死の深い探求で知られるハードSFアニメ。"
380,primary,ja-JP,金田一少年の事件簿R,"""金田一少年の事件簿R"" 第2期はシリーズの続編。金田一一が難事件を解決し続ける。今期の事件は正統ミステリーの魅力を保ち、密室やアリバイの巧妙な謎が特徴。ミステリーとサスペンス、緊張感のある展開で、金田一の推理が糸を紡ぐように解きほぐされる。"
381,primary,ja-JP,うたわれるもの 偽りの仮面,"""うたわれるもの 偽りの仮面"" は同名ゲームをアニメ化。記憶を失った少年ハクは、謎の少女クオンに助けられ、大国ヤマトの政争に加わる。ファンタジーと政治、群像劇が特徴で、乱世でのハクの成長と決断が緊張感に満ちている。"
382,primary,ja-JP,Peeping Life TV,"""Peeping Life TV"" シーズン1は、独特の画風で日常の様々なコメディシーンを描く短編アニメ。日常観察とデッドパンなユーモア、パロディが特徴で、普通の生活の細部を誇張して描く。"
383,primary,ja-JP,ムコ,"""ムコ"" は同名漫画をアニメ化。ゴールデンレトリバーのムコとガラス職人の主人・小松の温かい日常を描く。ムコは犬の視点から世界を観察し、主人との掛け合いが癒しに満ちている。ペットと日常、温かさが特徴。"
384,primary,ja-JP,学戦都市アスタリスク,"""学戦都市アスタリスク"" はシリーズ第1期。天霧綾斗の星導館学園での戦いを描く。姉の失踪の真相を探るため綾斗は戦いに参加し、実力者たちと学園決闘で競う。学園バトルと熱さ、ファンタジーが特徴。"
385,primary,ja-JP,落第騎士の英雄譚,"""落第騎士の英雄譚"" は同名ライトノベルをアニメ化。魔法騎士学園で、落第騎士の黒鉄一輝が最強の少女ステラ・ヴァーミリオンと出会い、二人で肩を並べて戦う。学園バトルと熱さ、恋愛が特徴で、一輝は剣技と知恵で強敵に挑む。"
386,primary,ja-JP,終物語,"""終物語"" は『物語』シリーズのアニメ。阿良々木暦の高校最後の春を描く。今期は暦と神原駿河、忍野扇の因縁を巡り、シリーズの謎が次第に明かされる。独特の対話スタイルと極端な映像表現、思索的な語りで知られる。"
387,primary,ja-JP,KOWABON,"""KOWABON"" は3DCGで現代の都市型ホラーを描く短編ホラーアニメ。ホラーとサスペンス、都市伝説が特徴で、独特の画風と不気味な雰囲気、限られた尺で強い恐怖感を生む。"
388,primary,ja-JP,進撃! 巨人中学校,"""進撃! 巨人中学校"" は『進撃の巨人』のスピンオフコメディアニメ。原作キャラクターを中学校の日常に配置する。エレンやミカサたちが学校でコメディ日常を繰り広げる。パロディとツッコミ、日常が特徴で、シリアスな原作を完全にコメディ化。"
389,primary,ja-JP,ハイキュー!!,"""ハイキュー!!"" 第2期は第1期の続編。烏野高校バレー部が戦い続ける。日向と影山は合宿や試合を通して成長し、今期の相手はより強力。リアルなバレー描写と熱い試合、チームの成長で知られ、烏野全員の努力と絆が視聴者の血を沸かせる。"
390,primary,ja-JP,機動戦士ガンダム 鉄血のオルフェンズ,"""機動戦士ガンダム 鉄血のオルフェンズ"" はガンダムシリーズのアニメ。火星の少年たちの戦いを描く。三日月と鉄華団は火星での抑圧に抗うためメカに乗る。メカバトルと熱さ、群像劇が特徴で、残酷な世界で生き延びる鉄華団の少年たちの犠牲と信念が感動的。"
391,primary,ja-JP,温泉幼精ハコネちゃん,"""温泉幼精ハコネちゃん"" は温泉妖精ハコネちゃんと少年・冬哉の日常を描く短編アニメ。ハコネちゃんは人間界にやってきて冬哉と出会う。癒しと温泉、日常が特徴で、可愛い作画と明るい雰囲気。"
392,primary,ja-JP,雨色ココア ようこそ、レインカラー!,"""雨色ココア ようこそ、レインカラー!"" は『雨色ココア』シリーズの作品。喫茶店・レインカラーの日常を描く。今期も喫茶店の温かい物語が続き、スタッフと客の掛け合いが癒しに満ちている。"
393,primary,ja-JP,小森さんは断れない!,"""小森さんは断れない!"" は同名漫画をアニメ化。小森さんは人の頼みを断れず、日常で様々な出来事に巻き込まれ続ける。コメディと日常、ツッコミが特徴で、小森の悩みと周囲との掛け合いがギャグに満ちている。"
394,primary,ja-JP,コメット・ルシファー,"""コメット・ルシファー"" は鉱山の街で謎の少女と出会う少年ソウゴを描くオリジナルアニメ。ソウゴと少女ルーシーは冒険を通して世界の秘密を知る。ファンタジーと冒険、成長をテーマに、美しい映像と温かい雰囲気。"
395,primary,ja-JP,コンクリート・レボルティオ 超人幻想,"""コンクリート・レボルティオ 超人幻想"" はシリーズ第1期。超人と人間が共存する世界で、様々な超人事案を処理する超人課を描く。主人公・人吉爾朗の正義と秩序の間の選択が通底する。複雑な語り構造と鋭い社会批判で知られる。"
396,primary,ja-JP,ワンパンマン,"""ワンパンマン"" は同名漫画をアニメ化。絶対的な力を持つヒーロー・サイタマが、その強さゆえに退屈な日々を送る。熱いバトルとコメディ、ヒーローが特徴で、サイタマの一撃必殺の爽快感と様々なヒーローの群像劇が相まって、近年最も影響力のある熱い作品。"
397,primary,ja-JP,女高中生给你做饭了！,これは女子高生たちが料理を作る物語を描く短編アニメ。食と日常、癒しが特徴で、少女たちが様々な料理を作る過程が楽しく、食欲をそそる料理と少女たちの掛け合いを可愛い作画で描く。
398,primary,ja-JP,てーきゅう,"""てーきゅう"" 第6期はシリーズの続編。テニス部の少女たちのナンセンスな日常が続く。テンポの速いギャグと誇張された演出、奇想天外なネタが特徴で、各話は極短いが笑いの密度が濃い。"
399,primary,ja-JP,おそ松さん,"""おそ松さん"" は赤塚不二夫の名作漫画をアニメ化。松野家の六つ子の日常を描く。見た目は同じだが性格の異なる六人が、ニート生活の中で様々な笑いを生む。パロディとツッコミ、社会風刺が特徴で、ナンセンスな日常の裏に現実への風刺を潜ませた現象的なコメディアニメ。"
400,primary,ja-JP,ゆるゆり さん☆ハイ!,"""ゆるゆり さん☆ハイ!"" は『ゆるゆり』シリーズのアニメ。七森中学校のごらく部の少女たちの日常を描く。あかりと仲間たちが部室で楽しい時間を過ごす。百合と日常、コメディが特徴で、少女たちの掛け合いが魅力とギャグに満ちている。"
401,primary,ja-JP,ハイスクール・スター・ミュージカル,"""ハイスクール・スター・ミュージカル"" は星の学園の音楽科の生徒たちの成長を描く音楽アニメ。夢のステージのため、少年たちは学園で切磋琢磨しながら夢を追う。音楽と青春、群像劇が特徴で、個性豊かなキャラクターと感動的な歌とダンスシーン。"
402,primary,ja-JP,新あたしンち,"""新あたしンち"" は『あたしンち』シリーズの続編。花輪家の可笑しな日常を描く。みーちゃんの夫や子供との平凡な家族生活がギャグに満ちている。家族コメディと日常、ツッコミが特徴で、家族生活の些細な出来事を生き生きと描く。"
403,primary,ja-JP,緋弾のアリアAA,"""緋弾のアリアAA"" は『緋弾のアリア』のスピンオフ。武装探偵高校の少女たちの戦いを描く。あかりを中心に、少女たちが武装探偵として学校で任務を遂行する。アクションと学園、群像劇が特徴。"
404,primary,ja-JP,DD北斗の拳2 イチゴ味+,"""DD北斗の拳2 イチゴ味+"" は『北斗の拳』のQ版コメディアニメ。名作キャラクターをQ版化し、日常を描く。ケンシロウたちがQ版の世界で様々な笑いを起こす。パロディとツッコミ、日常が特徴で、短くて笑いの密度が濃い。"
405,primary,ja-JP,探偵チームKZ事件ノート,"""探偵チームKZ事件ノート"" は少年探偵チームが学校の事件を解決するミステリー短編アニメ。メンバーそれぞれに持ち味があり、推理力を発揮しながら事件を調査する。ミステリーとサスペンス、学園が特徴で、短くてテンポが良い。"
406,primary,ja-JP,俺がお嬢様学校に「庶民サンプル」としてゲッツされた件,"""俺がお嬢様学校に「庶民サンプル」としてゲッツされた件"" は同名ライトノベルをアニメ化。普通の高校生・神楽坂公人は、お金持ちのお嬢様だけのエリート女学校に「庶民サンプル」として連れて行かれる。学園とハーレム、コメディが特徴。"
407,primary,ja-JP,ダンス・ウィズ・デビルス,"""ダンス・ウィズ・デビルス"" は悪魔と少女の恋愛を描く女性向けアニメ。悪魔のゲームに巻き込まれた立華リツカが、魅力的な悪魔たちと交流する。恋愛とファンタジー、音楽が特徴で、ゴシックな雰囲気と美形キャラクター。"
408,primary,ja-JP,美しき罠 桜子の事件簿,"""美しき罠 桜子の事件簿"" は同名小説をアニメ化。骨を愛する桜子さんと少年・館脇正太郎が骨を通して様々な事件を解決する。ミステリーとサスペンス、日常が特徴で、桜子の知識と独特な性格が魅力。"
409,primary,ja-JP,対魔導学園35試験小隊,"""対魔導学園35試験小隊"" は同名ライトノベルをアニメ化。魔法が禁止された世界で、対魔導学園の35試験小隊が魔法の遺物回収の任務を遂行する。小隊の隊長・草薙タケルと隊員たちが任務を通して成長する。"
410,primary,ja-JP,不思議なソメラちゃん,"""不思議なソメラちゃん"" は同名4コマ漫画をアニメ化。超能力者と自称する少女・ソメラの日常を描く。ソメラの妄想と超能力設定が可笑しい。日常とパロディ、ツッコミが特徴で、短くてテンポが良い。"
411,primary,ja-JP,すべてがFになる,"""すべてがFになる"" は森博嗣のミステリー小説をアニメ化。建築学科の学生・犀川創平と研究者・西之園萌絵が、隔離された研究施設を訪れ密室殺人事件に巻き込まれる。正統ミステリーとサスペンス、哲学が特徴。"
412,primary,ja-JP,牙狼 -紅蓮ノ月-,"""牙狼 -紅蓮ノ月-"" は平安時代を舞台にした『牙狼』シリーズのアニメ。魔戒騎士がホラーと戦う物語。陰陽師と魔戒騎士が不気味な時代で人々を守る。和風ファンタジーと華麗なバトルが特徴で、牙狼の鎧と和の美意識を融合。"
413,primary,ja-JP,新妹魔王の契約者 BURST,"""新妹魔王の契約者 BURST"" は『新妹魔王の契約者』の第2期。刃更と魔王の娘たちの戦いが続く。今期の相手はさらに強力で、刃更の魔族の血がさらに覚醒。サービスと熱いバトル、ハーレム要素が融合。"
414,primary,ja-JP,ご注文はうさぎですか??,"""ご注文はうさぎですか??"" は『ご注文はうさぎですか?』の第2期。ラビットハウスでの少女たちの日常が続く。ココア、チノらがより温かい時間を過ごす。可愛いキャラクターと温かい日常、デザートが特徴で、明るく癒しの映像。"
415,primary,ja-JP,終わりのセラフ 名古屋決戦編,"""終わりのセラフ 名古屋決戦編"" は『終わりのセラフ』の第2期。優一郎、シノアらが名古屋で戦う。人間と吸血鬼の戦争が全面化し、優一郎の怒りと成長が絡み合う。吸血鬼とバトル、復讐をテーマに、バトルシーンが過酷でダークながら熱い。"
416,primary,ja-JP,ヴァルキリードライヴ マーメイド,"""ヴァルキリードライヴ マーメイド"" は『ヴァルキリードライヴ』シリーズのアニメ。少女たちの戦いを描く。島で特殊な力に目覚める少女たち。バトルと百合、サービスが特徴で、変身と戦闘を組み合わせた華麗なバトルシーン。"
417,primary,ja-JP,モンスターストライク,"""モンスターストライク"" は同名ゲームをアニメ化。少年・焔レンと仲間たちがビー玉で戦う物語。モンスターストライクの世界で様々なモンスターと戦うレン。冒険とバトル、友情が特徴で、華麗なバトルシーンと楽しい冒険。"
418,primary,ja-JP,血液型くん4,"""血液型くん4"" は血液型シリーズの第4期。擬人化された血液型キャラクターのコメディ日常が続く。A、B、O、AB型のキャラクターが性格の違いからギャグを生む。コメディと日常、教育が特徴で、シンプルで可愛い作画と短い尺。"
419,primary,ja-JP,あにトレ! EX,"""あにトレ! EX"" は学園で少女たちが体操する物語を描く短編アニメ。フィットネスと日常、サービスが特徴で、体操中の少女たちの掛け合いが楽しい。"
420,primary,ja-JP,ポケットモンスターXY&Z,"""ポケットモンスターXY&Z"" はポケモンアニメシリーズ。サトシとピカチュウがカロス地方での冒険を続ける。今期はメガシンカと新ライバルが登場し、サトシたちの熱いバトルが続く。冒険とバトル、絆が特徴。"
421,primary,ja-JP,お姉ちゃんが来た,"""お姉ちゃんが来た"" は姉たちがいる少年の日常を描く短編アニメ。主人公は姉たちに囲まれて生活する。家族コメディとサービス、コメディが特徴で、姉たちの魅力をライトコメディで描く。"
422,primary,ja-JP,プリンス・オブ・ストライド オルタナティブ,"""プリンス・オブ・ストライド オルタナティブ"" は男子による疾走スポーツ・ストライドの物語を描くスポーツアニメ。少年たちがチームを組み、ストライドで競い、トラックで汗を流す。スポーツと熱さ、群像劇が特徴。"
423,primary,ja-JP,無彩限のファントム・ワールド,"""無彩限のファントム・ワールド"" は同名ライトノベルをアニメ化。脳機能の変異でファントムが発生する世界で、少年・一条晴彦と仲間たちがファントムと戦う。ファンタジーとバトル、コメディが特徴で、サービス満載。"
424,primary,ja-JP,ハルチカ,"""ハルチカ"" は同名小説をアニメ化。吹奏楽部の高校生・ハルタとチカが音楽とミステリーで学校の事件を解決する。ミステリーと音楽、青春が特徴で、ハルタの音楽の才能とチカとのコンビが魅力。"
425,primary,ja-JP,アクティヴレイド 機動強襲室第八係,"""アクティヴレイド 機動強襲室第八係"" は強化装甲を使って犯罪者と戦う特務機関第八係を描くオリジナルアニメ。第八係のメンバーが危険な任務を遂行する。メカバトルと警察、群像劇が特徴。"
426,primary,ja-JP,少女たちは荒野を目指す,"""少女たちは荒野を目指す"" は同名ゲームをアニメ化。少年・北条文太郎と少女たちが集まり、ゲームを作る。ゲーム制作と青春、恋愛が特徴で、少女たちがゲーム作りを通して成長していく。"
427,primary,ja-JP,NORN9 ノルン+ノネット,"""NORN9 ノルン+ノネット"" は同名乙女ゲームをアニメ化。少女・こはるが9人の少年と出会い、運命の交錯が描かれる。恋愛とファンタジー、群像劇が特徴で、個性豊かなキャラクターと華やかで温かい雰囲気。"
428,primary,ja-JP,僕だけがいない街,"""僕だけがいない街"" は同名漫画をアニメ化。青年・藤沼悟は過去に戻る力「リバイバル」を持つ。誘拐され殺された同級生を救うため、悟は小学生時代に戻り悲劇を変えようとする。ミステリーとタイムリープ、温かさをテーマに、悟の贖罪の旅が緊張と感動に満ちている。"
429,primary,ja-JP,おじさんとマシュマロ,"""おじさんとマシュマロ"" はおじさんヒゲとマシュマロ好きの同僚・若宮の掛け合いを描く短編アニメ。若宮のマシュマロへの執着とおじさんのツッコミがギャグに満ちている。日常とコメディ、恋愛が特徴。"
430,primary,ja-JP,ファンタシースターオンライン2,"""ファンタシースターオンライン2"" は同名ゲームをアニメ化。仮想世界での少年少女たちの冒険を描く。ファンタシースターの世界で戦い、探索する主人公たち。冒険とバトル、群像劇が特徴。"
431,primary,ja-JP,だがしかし,"""だがしかし"" は同名漫画をアニメ化。田舎の駄菓子屋で、少年・鹿田ココノツが都会から来た少女・枝垂ほたるに出会う。ほたるの駄菓子への執着に挑まれる。食とコメディ、日常が特徴で、駄菓子の魅力とキャラクターの掛け合いを組み合わせる。"
432,primary,ja-JP,暗殺教室,"""暗殺教室"" 第2期はシリーズ最終シーズン。3年E組の生徒たちが殺せんせーの暗殺に励み続ける。今期は殺せんせーの過去と3年E組の卒業を巡り、暗殺と温かさが感動的に絡み合う。学園とコメディ、熱さをテーマに、笑いと感動を巧みに融合し、結末の別れが涙を誘う。"
433,primary,ja-JP,ルパン三世 イタリアン・ゲーム,"""ルパン三世 イタリアン・ゲーム"" は『ルパン三世』の映画。イタリアでのルパンの冒険を描く。ルパンと仲間たちがイタリアで盗みの作戦を実行する。怪盗と冒険、コメディが特徴で、機知と魅力が抜群のルパン。"
434,primary,ja-JP,教えて! ギャル子ちゃん,"""教えて! ギャル子ちゃん"" はアメリカ人のギャル子ちゃんが日本人と交流する短編アニメ。ギャル子ちゃんは英語で質問し、キャラクターたちが様々な形で答える。コメディと日常、文化交流が特徴で、短くて笑いの密度が濃い。"
435,primary,ja-JP,石膏ボーイズ,"""石膏ボーイズ"" はアイドル化された石膏像たちの日常を描く短編アニメ。アイドルになった石膏像たちが様々な笑いを起こす。パロディとアイドル、日常が特徴で、可愛い作画とテンポの良い展開。"
436,primary,ja-JP,ディバインゲート,"""ディバインゲート"" は同名ゲームをアニメ化。ディバインゲートが開かれた世界での少年たちの冒険を描く。ゲートを求めて様々な敵と戦う主人公たち。ファンタジーと冒険、バトルが特徴。"
437,primary,ja-JP,紅殻のパンドラ,"""紅殻のパンドラ"" は士郎正宗、六道神士原作の漫画をアニメ化。機械化改造されたサイボーグ少女と相棒が近未来の都市で冒険する。SFとアクション、日常が特徴で、可愛いキャラクターデザインとSF設定を融合。"
438,primary,ja-JP,霊剣山 星屑たちの宴,"""霊剣山 星屑たちの宴"" は同名小説をアニメ化した中国の修仙アニメ。修仙者の少年・王陸の成長を描く。霊剣山で修行し、師匠の王舞らとの掛け合いがギャグに満ちている。修仙とコメディ、熱さが特徴で、斬新な設定とテンポの良い展開。"
439,primary,ja-JP,昭和元禄落語心中,"""昭和元禄落語心中"" は同名漫画をアニメ化。落語家・与太郎と師匠の菊比古の落語の世界を描く。落語と芸、人生をテーマに、菊比古の落語の生き様と師弟の絆が通底する。静謐で風雅な雰囲気と丁寧な落語の描写が魅力の昭和の香り漂う芸術作品。"
440,primary,ja-JP,ブブキ・ブランキ,"""ブブキ・ブランキ"" は少年とブブキ少女たちの冒険を描くオリジナルアニメ。記憶を失った少年アズマがブブキの力を取り戻し、少女たちと敵と戦う。ファンタジーとバトル、熱さが特徴で、華麗な3DCGバトルシーン。"
441,primary,ja-JP,ラクエンロジック,"""ラクエンロジック"" はファンタジーと現実の狭間で、ロジックの力を持つ少年たちが戦うオリジナルアニメ。主人公・イチカは謎の少女との出会いで覚醒し、パートナーたちと脅威に立ち向かう。ファンタジーとバトル、熱さが特徴。"
442,primary,ja-JP,デュラララ!!×2 結,"""デュラララ!!×2 結"" はシリーズの完結編。池袋の都市伝説の群像劇がクライマックスを迎える。今期は多くのキャラクターの運命が交錯し、首を巡る事件と陰謀が収束へ。多線の語りと都市サスペンス、群像劇が特徴で、テンポが良く逆転が続く。"
443,primary,ja-JP,ナースウィッチ小麦ちゃんR,"""ナースウィッチ小麦ちゃんR"" は魔法ナース小麦の日常と戦いを描く短編アニメ。魔法ナースとして街を守ることと日常を切り替えながら生きる。魔法少女とコメディ、日常が特徴で、短くてテンポが良い。"
444,primary,ja-JP,暦物語,"""暦物語"" は『物語』シリーズのアニメ。高校時代に阿良々木暦が様々な怪異と遭遇する物語。今期は暦の怪異体験を短編形式で振り返る。独特の対話スタイルと極端な映像表現で知られ、暦の内省と怪異との葛藤が深い。"
445,primary,ja-JP,虹色デイズ,"""虹色デイズ"" は同名漫画をアニメ化。4人の男子と女子高生の青春恋愛を描く。夏樹と杏奈らの恋の葛藤が青春にあふれている。恋愛と日常、群像劇が特徴で、リアルで楽しいキャラクターの掛け合い。"
446,primary,ja-JP,大家さんは思春期!,"""大家さんは思春期!"" は若い男性と女子高生の大家さんの日常を描く短編アニメ。男子は女子高生の大家さんから部屋を借り、二人の同居生活が楽しい。日常とコメディ、恋愛が特徴で、短くてテンポが良い。"
447,primary,ja-JP,ディメンションW,"""ディメンションW"" は同名漫画をアニメ化。次元エネルギーが発見された近未来で、次元回収屋・真淵京馬が街に住んでいる。謎の少女と出会い、次元エネルギーを巡る陰謀に巻き込まれる。SFとアクション、サスペンスが特徴で、独特の画風と華麗なバトルシーン。"
448,primary,ja-JP,灰と幻想のグリムガル,"""灰と幻想のグリムガル"" は同名ライトノベルをアニメ化。記憶を失った少年たちが異世界グリムガルで生き延びる。異世界と生存、群像劇が特徴で、リアルな描写と重厚な雰囲気が強く印象に残る。残酷な世界で少しずつ成長する主人公たちがリアルで感動的。"
449,primary,ja-JP,闇芝居,"""闇芝居"" 第3期は紙芝居形式で様々な怪談を語るホラー短編アニメシリーズ。ノスタルジックな画風とグロテスクなプロット、背筋が凍る雰囲気で知られ、数分で強い恐怖感を生む。"
450,primary,ja-JP,最弱無敗の神装機竜,"""最弱無敗の神装機竜"" は同名ライトノベルをアニメ化。ドラグライドと呼ばれる機甲鎧が普及した世界で、少年ルクスが学園で最弱のドラグナイトとして成長する。学園バトルとハーレム、熱さが特徴で、サービス満載。"
451,primary,ja-JP,シュヴァルツェスマーケン,"""シュヴァルツェスマーケン"" は同名ライトノベルをアニメ化。パラレルワールドの東ドイツで、メカに乗る少年たちの戦いを描く。東西ドイツの緊張の中で、少年たちは残酷な戦争に巻き込まれる。メカバトルと戦争、群像劇が特徴で、重厚な雰囲気。"
452,primary,ja-JP,赤髪の白雪姫,"""赤髪の白雪姫"" 第2部は『赤髪の白雪姫』の第2期。白雪とゼンの恋物語が続く。白雪は宮廷で薬草の才能を見せ、ゼンとの絆がさらに深まる。恋愛と宮廷、冒険が特徴で、淡く美しい映像。"
453,primary,ja-JP,てーきゅう,"""てーきゅう"" 第7期はシリーズの続編。テニス部の少女たちのナンセンスな日常が続く。テンポの速いギャグと誇張された演出、奇想天外なネタが特徴で、各話は極短いが笑いの密度が濃い。"
454,primary,ja-JP,血液型くん4,"""血液型くん4"" は血液型シリーズの第4期。擬人化された血液型キャラクターのコメディ日常が続く。A、B、O、AB型のキャラクターが性格の違いからギャグを生む。コメディと日常、教育が特徴で、シンプルで可愛い作画。"
455,primary,ja-JP,魔法少女什么的已经够了啦。,これは魔法少女の日常を描く短編アニメ。魔法少女になった主人公がマスコットや友達と日常を過ごす。魔法少女の設定を脱構築し、テンポの良い展開と密集した笑いで少女たちの掛け合いを描く。
456,primary,ja-JP,蒼の彼方のフォーリズム,"""蒼の彼方のフォーリズム"" は同名ゲームをアニメ化。反重力飛行スポーツ・フライングサーカスが人気の世界で、少年・日向晶也が天才少女・倉科明日香と出会い、空の競技の青春を描く。スポーツと恋愛、熱さが特徴。"
457,primary,ja-JP,この素晴らしい世界に祝福を!,"""この素晴らしい世界に祝福を!"" は同名ライトノベルをアニメ化。死んだ引きこもりの少年・佐藤和真は異世界に転生し、駄女神アクア、爆裂魔法使いのめぐみん、マゾ騎士ダクネスとパーティーを組み、荒唐無稽な冒険を繰り広げる。異世界とコメディ、ツッコミが特徴で、和真と仲間たちの珍道中がギャグに満ちた異世界コメディの傑作。"
458,primary,ja-JP,亜人,"""亜人"" は同名漫画をアニメ化。不死身の亜人・永井圭は人間に狩られながら逃亡し、戦う。SFとサスペンス、アクションが特徴で、亜人の設定とバトルシーンが衝撃的。圭の絶望の中での奮闘と選択が印象的。"
459,primary,ja-JP,这个男人、工作是魔法,これは魔法事務所で働く少年と依頼人たちの掛け合いを描く短編アニメ。魔法と日常、温かさが特徴で、淡い作画と温かい雰囲気、軽妙なエピソードで魔法と人間の心を描く癒しのショート作品。
460,primary,ja-JP,リルリルフェアリル フェアリルのゲート,"""リルリルフェアリル フェアリルのゲート"" は妖精の少女たちの冒険を描く女児向けアニメ。妖精たちはフェアリルのゲートを通って様々な活動をし、人間の願いを叶える手助けをする。魔法と日常、癒しが特徴。"
461,primary,ja-JP,GATE 自衛隊 彼の地にて、斯く戦えり 炎龍編,"""GATE 自衛隊 彼の地にて、斯く戦えり 炎龍編"" は『GATE』の第2期。自衛隊の異世界での冒険が続く。今期は異世界の紛争を中心に、伊丹と異世界の住人たちとの交流が深まる。ミリタリーとファンタジー、冒険が特徴。"
462,primary,ja-JP,アイカツ!,"""アイカツ!"" 第4期は『アイカツ!』シリーズのアニメ。スターライト学園の少女たちのアイドル生活が続く。今期は星宮いちごとパートナーたちが新たな挑戦と大会に挑む。華やかなステージ演出とファッションコーディネート、夢追う少女たちが特徴。"
463,primary,ja-JP,魔法つかいプリキュア!,"""魔法つかいプリキュア!"" はプリキュアシリーズのアニメ。魔法で変身する少女たちを描く。魔法の世界と人間の世界を行き来しながら、闇の勢力と戦う少女たち。魔法と少女のバトル、日常が特徴。"
464,primary,ja-JP,フェアリーテイル ZERO,"""フェアリーテイル ZERO"" は『フェアリーテイル』の前日譚。フェアリーテイルギルドの創設を描く。メイビスを中心に、ギルドの起源と最初の冒険を描く作品。熱いバトルと仲間との絆、壮大な魔法世界で知られる。"
465,primary,ja-JP,くまみこ,"""くまみこ"" は同名漫画をアニメ化。巫女の少女・雨宿まちと熊の相棒・ナツが村で暮らす。まちは人見知りを克服しようと努力する。日常と癒し、コメディが特徴で、まちとナツの掛け合いが温かくて可笑しい。"
466,primary,ja-JP,Re:ゼロから始める異世界生活,"""Re:ゼロから始める異世界生活"" は同名ライトノベルをアニメ化。コンビニ帰りの普通の少年・ナツキ・スバルは異世界に召喚され、死んでやり直す能力を得る。異世界で死に戻りを繰り返しながら、守りたい人を守るため戦う。異世界とサスペンス、涙をテーマに、スバルの絶望と執念が感動的な代表的な異世界作品。"
467,primary,ja-JP,ベイブレードバースト,"""ベイブレードバースト"" はベイブレードバトルアニメ。ベーゴマで戦う少年たちを描く。主人公たちはベイブレードの大会で成長し、実力者と対決する。競技と熱さ、玩具が特徴で、華麗なバトルシーンと成長と絆。"
468,primary,ja-JP,怪盗ジョーカー,"""怪盗ジョーカー"" 第3期は第3シーズン。少年怪盗ジョーカーが華麗な盗みの冒険を続ける。今期は新ライバルと新事件が登場し、さらに華麗なマジック盗難計画が展開。華麗なマジックと誇張された演出、エピソード形式の冒険。"
469,primary,ja-JP,12歳。 〜ちっちゃなムネのトキメキ〜,"""12歳。 〜ちっちゃなムネのトキメキ〜"" は同名漫画をアニメ化。小学6年生の少女たちの恋と成長を描く。花日と高尾の初恋の物語が少女心にあふれている。恋愛と日常、成長をテーマに、可愛い作画と温かい雰囲気で少女たちの瑞々しい感情を丁寧に描く。"
470,primary,ja-JP,美少女戦士セーラームーン Crystal,"""美少女戦士セーラームーン Crystal"" 第3期はシリーズの続編。月野うさぎと仲間たちが新たな敵と戦う。今期のデスバスターズ編では、セーラー戦士たちが新たな敵と戦う。原作漫画に忠実で、華麗な変身とバトルシーン。"
471,primary,ja-JP,ばくおん!!,"""ばくおん!!"" はオートバイのある少女たちの日常を描く短編アニメ。バイクを知らない少女たちが仲間の導きでバイク文化に触れる。バイクと日常、コメディが特徴で、バイクの魅力と少女たちの掛け合いを組み合わせる。"
472,primary,ja-JP,龙心战纪,これは竜の力を持つ少年たちの戦いを描くオリジナルアニメ。竜の脅威の中で冒険する主人公たち。ファンタジーと冒険、熱さが特徴で、華麗なバトルシーンと成長と絆が通底する。
473,primary,ja-JP,ハンドレッド,"""ハンドレッド"" は同名ライトノベルをアニメ化。未知の生命体に襲われる世界で、武器型装甲ハンドレッドに共鳴する少年が少女たちと共に戦う。学園バトルとハーレム、熱さが特徴で、サービス満載。"
474,primary,ja-JP,プリパラ,"""プリパラ"" 第3期はシリーズの続編。プリパラでの少女たちのアイドル活動が続く。今期は新キャラクターと新ステージが登場し、らぁらとパートナーたちのアイドル生活がさらに華やかに。"
475,primary,ja-JP,薄桜鬼 御伽草子,"""薄桜鬼 御伽草子"" は『薄桜鬼』シリーズのQ版アニメ。新選組のキャラクターをQ版化し、日常を描く。千鶴と新選組の面々がQ版の世界で様々な笑いを起こす。パロディと日常、ツッコミが特徴。"
476,primary,ja-JP,ジョーカー・ゲーム,"""ジョーカー・ゲーム"" は同名小説をアニメ化。第二次世界大戦前、スパイ組織D機関のメンバーが様々な諜報任務を遂行する。各メンバーが特殊技能を持ち、危険な環境で任務を完遂する。スパイとサスペンス、群像劇が特徴で、クールな雰囲気と巧妙なプロット。"
477,primary,ja-JP,バトルスピリッツ ダブルドライブ,"""バトルスピリッツ ダブルドライブ"" は『バトルスピリッツ』シリーズのアニメ。カードで戦う少年たちを描く。カードバトルで成長し、実力者と対決する主人公たち。カードと熱さ、冒険が特徴。"
478,primary,ja-JP,双星の陰陽師,"""双星の陰陽師"" は同名漫画をアニメ化。大きな力を持つ少年・焔魔堂ろくろと少女・化野紅緒が双星の陰陽師として、穢れと呼ばれる悪霊と共に戦う。陰陽師とバトル、熱さが特徴で、ろくろと紅緒のコンビネーションが緊張感に満ちている。"
479,primary,ja-JP,クレーンゲールズ,"""クレーンゲールズ"" はクレーンゲームを通して物語が進む少女たちを描く短編アニメ。地球を救うためクレーンゲームに挑む宇宙人の少女たち。コメディと日常、ナンセンスが特徴で、ナンセンスで面白い設定とテンポの良い展開。"
480,primary,ja-JP,SUPER LOVERS,"""SUPER LOVERS"" は海堂晴と養子の弟・零の恋愛を描くBL恋愛アニメ。過去のトラウマで心を閉ざす零を、晴は優しさで少しずつ溶かしていく。BL恋愛と温かさ、癒しが特徴で、温かい雰囲気と繊細な感情の変化。"
481,primary,ja-JP,鬼斬,"""鬼斬"" は同名ゲームをアニメ化。和風の少女たちの戦いを描く。鬼の脅威の中で力を持つ少女たちが戦う。バトルと和風、群像劇が特徴で、華麗なバトルシーンと魅力的なキャラクターの掛け合い。"
482,primary,ja-JP,文豪ストレイドッグス,"""文豪ストレイドッグス"" は同名漫画をアニメ化。異能力がある世界で、文豪たちが異能で戦う。孤児の中島敦は武装探偵社に加わり、太宰らと事件を解決する。異能バトルと文豪の擬人化、群像劇が特徴で、近年最も人気の高い作品。"
483,primary,ja-JP,アイカツスターズ!,"""アイカツスターズ!"" は『アイカツ!』シリーズのアニメ。四ツ星学園の少女たちのアイドル生活を描く。トップアイドルを目指す少女たち。華やかなステージ演出とファッションコーディネート、夢追う少女たちが特徴。"
484,primary,ja-JP,あんハピ♪,"""あんハピ♪"" は同名漫画をアニメ化。幸福を掲げる学校で、不幸体質の少女たちが幸せクラスを結成する。日常と癒し、コメディが特徴で、少女たちが幸せを追い求めて努力する。"
485,primary,ja-JP,クロムクロ,"""クロムクロ"" は古代文明が残した古代の巨大兵器と少年たちの物語を描くオリジナルアニメ。黒部の街で少年たちが機械に乗って戦い、黒い残骸を巡る陰謀に巻き込まれる。メカバトルと熱さ、群像劇が特徴。"
486,primary,ja-JP,ネトゲの嫁は女の子じゃないと思った?,"""ネトゲの嫁は女の子じゃないと思った?"" は同名ライトノベルをアニメ化。オンラインゲームで女性プレイヤーに告白して振られた少年・西村英騎は、その相手が現実では同級生だと知る。オンラインゲームとラブコメ、日常が特徴。"
487,primary,ja-JP,甲鉄城のカバネリ,"""甲鉄城のカバネリ"" はオリジナルアニメ。カバネに荒らされた世界で、少年・生駒が装甲列車・甲鉄城の上で少女・無名らと戦う。スチームパンクとゾンビ、熱さが特徴で、独自の設定と華麗なバトルシーン。"
488,primary,ja-JP,坂本ですが?,"""坂本ですが?"" は同名漫画をアニメ化。完璧超人の高校生・坂本が、そのスマートで完璧な行動で全校を魅了する。コメディと日常、ツッコミが特徴で、坂本の華麗な行動と冷静な対応がギャグに満ちている。"
489,primary,ja-JP,少年メイド,"""少年メイド"" は同名漫画をアニメ化。母を亡くした少年・千尋が、おじの家でメイド生活を始める。日常と癒し、コメディが特徴で、千尋とおじの家族の温かくて可笑しい掛け合い。"
490,primary,ja-JP,境界のRINNE,"""境界のRINNE"" 第2期は第1期の続編。真宮桜と半死神の六道りんねが幽霊を成仏させる手助けを続ける。今期は新たなオカルト事件とキャラクターが登場。オカルトとコメディ、日常が特徴。"
491,primary,ja-JP,田中くんはいつもけだるげ,"""田中くんはいつもけだるげ"" は同名漫画をアニメ化。極度の面倒くさがりの少年・田中と頼れる友人・太田の日常が楽しい。日常とコメディ、癒しが特徴で、田中のぐうたらと太田の頼もしさの対比がギャップ萌え。"
492,primary,ja-JP,キズナイーバー,"""キズナイーバー"" は痛みを共有する少年少女たちを描くオリジナルアニメ。キズナイーバーに選ばれた少年少女たちは痛みを共有することで互いを理解していく。SFと青春、群像劇が特徴で、人と人との繋がりと孤独を探求。"
493,primary,ja-JP,ハイスクール・フリート,"""ハイスクール・フリート"" は艦艇を操る少女たちを描くオリジナルアニメ。横須賀女子海洋学校で、少女たちが艦艇に乗って訓練と冒険を行う。艦艇と学園、群像劇が特徴で、華麗なバトルシーンと魅力的な成長と絆。"
494,primary,ja-JP,ふらいんぐうぃっち,"""ふらいんぐうぃっち"" は同名漫画をアニメ化。見習い魔女・木幡真琴が修行のため青森の親戚の家に来て、従姉妹たちと暮らす。魔法と日常、癒しが特徴で、田舎での真琴のゆったりした生活が温かくて楽しい。"
495,primary,ja-JP,とんかつDJアゲ太郎,"""とんかつDJアゲ太郎"" はとんかつ屋の少年アゲ太郎がDJに興味を持つ短編アニメ。アゲ太郎はとんかつとDJの共通点を見つける。食と音楽、コメディが特徴で、とんかつとDJを巧みに組み合わせる。"
496,primary,ja-JP,三者三葉,"""三者三葉"" は同名漫画をアニメ化。名前に「葉」の字が入る3人の少女の日常を描く。日常と癒し、コメディが特徴で、少女たちの掛け合いが魅力とギャグに満ちている。"
497,primary,ja-JP,うさかめ,"""うさかめ"" は女子高生とウサギの日常を描く短編アニメ。少女たちはウサギをテーマにした活動を巡って交流する。日常と癒し、コメディが特徴で、可愛い作画とテンポの良い展開。"
498,primary,ja-JP,ワガママハイスペック,"""ワガママハイスペック"" は同名ゲームをアニメ化。天才少年と学園の生徒会長たちの日常を描く。学園と恋愛、日常が特徴で、主人公と少女たちの掛け合いがギャグに満ちている。"
499,primary,ja-JP,ビッグオーダー,"""ビッグオーダー"" は同名漫画をアニメ化。支配の力を持つ少年・星宮エイジが、その力を得た後様々な異能力者と戦う。超能力とバトル、熱さが特徴で、エイジの力と世界の真実が層状に明かされる。"
500,primary,ja-JP,マギ シンドバッドの冒険,"""マギ シンドバッドの冒険"" は『マギ』の前日譚。七海の覇王・シンドバッドの成長を描く。若きシンドバッドは冒険を通して力に目覚め、伝説の王となっていく。ファンタジーと冒険、熱さが特徴で、シンドバッドの成長と世界の展開が魅力。"
501,primary,ja-JP,エンドライド,"""エンドライド"" は現実世界から異世界アンドライドへ渡る少年の冒険を描くオリジナルアニメ。偶然水晶に囲まれた異世界に辿り着き、クーデターに遭った王子エミリオと出会い、二人は王位奪還のため肩を並べて戦う。ファンタジー冒険と熱いバトル、二人の主人公の絆が特徴で、バトルシーンが華麗で、少年たちの成長と友情が通底する。"
502,primary,ja-JP,BROTHERHOOD FINAL FANTASY XV,"""BROTHERHOOD FINAL FANTASY XV"" は『FF15』のスピンオフアニメ。主人公ノクティスと仲間たちの兄弟のような絆を描く。四人のチームの旅の中での掛け合いと絆を短編形式で描き、ゲームの背景を補完する。友情と冒険、FFの世界観が特徴で、映像が洗練され、温かく感動的なキャラクターの掛け合いが魅力。"
503,primary,ja-JP,ラグナストライクエンジェルズ,"""ラグナストライクエンジェルズ"" は巨大化した少女戦士たちが謎の敵と戦う短編アニメ。少女たちは特殊な装置で巨大化し、激しい戦いを繰り広げる。バトルとサービス、パロディが特徴で、極短い尺とテンポの良い展開、誇張された設定の中で少女戦士たちの対決を描く。"
504,primary,ja-JP,猫の日本史,"""猫の日本史"" は猫で日本史を描く短編アニメ。歴史上の人物が可愛い猫として登場。歴史とコメディ、教育が特徴で、軽妙な日常の中で日本の歴史をわかりやすく普及する。可愛い作画と短い尺で、楽しさと知識を両立させた全年齢向けの歴史教育作品。"
505,primary,ja-JP,ミニふらいんぐうぃっち,"""ミニふらいんぐうぃっち"" は『ふらいんぐうぃっち』のスピンオフショート。見習い魔女まことがの日常が続く。まことの田舎でのゆったりした生活と魔法の冒険が温かい。魔法と日常、癒しが特徴で、淡い作画と静かな雰囲気で魔女の生活を軽妙な物語で描く。"
506,primary,ja-JP,ReLIFE,"""ReLIFE"" は同名漫画をアニメ化。無職の27歳・海崎新太は、謎の組織の手助けで高校生活に戻り、17歳として青春をやり直す。青春と成長、癒しをテーマに、新太は高校生たちとの交流を通して人生を見つめ直す。温かい雰囲気と青春への感動的な思い、心に響く結末が魅力の癒し作品。"
507,primary,ja-JP,RS計画 -Rebirth Storage-,"""RS計画 -Rebirth Storage-"" は終末世界で機械に乗って戦う少年少女を描くオリジナル短編アニメ。復讐のため目覚めた少女が少年と共に戦う。メカバトルとSF、熱さが特徴で、短い尺に重厚な雰囲気とバトルと絆を描くクールな作品。"
508,primary,ja-JP,不機嫌なモノノケ庵,"""不機嫌なモノノケ庵"" は同名漫画をアニメ化。妖怪が見える少年がモノノケ庵の使いとなり、庵主の安倍晴斎と共に妖怪事件を解決する。妖怪と日常、癒しが特徴で、少年と晴斎のコンビネーションが楽しく、一話完結の物語が温かくて面白い。"
509,primary,ja-JP,ベルセルク,"""ベルセルク"" は三浦建太郎の同名漫画をアニメ化。傭兵団・鷹の団のガッツとグリフィスの物語。中世の残酷な世界を生き抜くガッツと、グリフィスや鷹の団との絆が悲劇へと向かう。ダークファンタジーと残酷な戦い、深いテーマで知られ、映像が洗練された重厚な空気感が魅力の漫画アニメ化の傑作。"
510,primary,ja-JP,ももくり,"""ももくり"" は同名漫画をアニメ化。女子高生・栗原くるりの年下の彼氏・ももとの甘い恋愛を描く。くるりの恋人ももへの執着と妄想が可笑しい。恋愛と日常、コメディが特徴で、可愛い作画と明るい雰囲気、糖度の高い掛け合いが魅力のライトな癒し恋愛日常作品。"
511,primary,ja-JP,食戟のソーマ 弐ノ皿,"""食戟のソーマ 弐ノ皿"" は『食戟のソーマ』の第2期。幸平創真が遠月学園での料理バトルに挑み続ける。今期は秋の選抜と食戟の戦いがより激化し、創真は個性豊かな強敵と競う。食と熱さ、競技が特徴で、食欲をそそる料理描写と緊張感のある対決シーンが魅力の食アニメの名作。"
512,primary,ja-JP,ラブライブ! サンシャイン!!,"""ラブライブ! サンシャイン!!"" は『ラブライブ!』シリーズのアニメ。廃校を救うため、浦の星女学院の9人の少女がスクールアイドルになる物語。千歌とパートナーたちがアイドル活動で成長していく。音楽と夢追い、群像劇が特徴で、感動的な楽曲と華やかなステージ演出。"
513,primary,ja-JP,初恋モンスター,"""初恋モンスター"" は同名漫画をアニメ化。小学生の二階堂千歳は大学生と自称する高橋奏に出会うが、実は小学5年生と判明する。ラブコメとギャップ、コメディが特徴で、奏の大人びた外見と幼い心のギャップがギャグに満ち、設定がナンセンスで面白い。"
514,primary,ja-JP,B-PROJECT 鼓動*アンビシャス,"""B-PROJECT 鼓動*アンビシャス"" は事務所B-PROJECTのアイドルたちの成長を描く女性向けアイドルアニメ。少年たちはアイドルステージで夢を追う。音楽とアイドル、群像劇が特徴で、華やかな楽曲とステージ演出、個性豊かなキャラクターが魅力。"
515,primary,ja-JP,DAYS,"""DAYS"" は同名漫画をアニメ化。サッカー少年・柄本つくしの成長を描く。サッカーの天才・風間陣にサッカー部へ導かれ、つくしはピッチで成長を続ける。サッカーと熱さ、青春が特徴で、試合シーンが熱く、つくしの努力とチームの絆が感動的。"
516,primary,ja-JP,Rewrite,"""Rewrite"" は同名ゲームをアニメ化。緑豊かな学園で、少年・天王寺瑚太朗が少女たちと出会い、謎に満ちた冒険が展開する。ファンタジーとミステリー、群像劇が特徴で、瑚太朗は真実を求める中で世界の秘密を次第に知る。"
517,primary,ja-JP,屁吾郎,これはおならをテーマにしたショートコメディアニメ。パロディと日常、ユーモアが特徴で、ナンセンスで面白い設定、極短い尺の中で様々なコメディギャグを繰り出す。シンプルな作画とテンポの良い展開、ナンセンスで勝負するライトなショートアニメ。
518,primary,ja-JP,アルスラーン戦記 風塵乱舞,"""アルスラーン戦記 風塵乱舞"" は『アルスラーン戦記』の第2期。アルスラーン王子が王国再興の道で成長を続ける。今期は新たな敵と試練に直面し、アルスラーンの仁徳と知恵がさらに発揮される。歴史と戦争、英雄の成長をテーマに、戦争シーンが壮大で、キャラクターの絆と選択が緊張感に満ちている。"
519,primary,ja-JP,テイルズ オブ ゼスティリア ザ クロス,"""テイルズ オブ ゼスティリア ザ クロス"" は同名ゲームをアニメ化。天族と人間が共存する世界で、導師ソレイの冒険を描く。ソレイは汚れを浄化するため旅立ち、仲間たちと戦う。ファンタジーと冒険、熱さが特徴で、制作が洗練され、華麗なバトルシーンが魅力。"
520,primary,ja-JP,orange,"""orange"" は同名漫画をアニメ化。女子高生・高宮菜穂は10年後の自分からの手紙を受け取り、未来を変えるために行動する。手紙には転校生・成瀬翔が死ぬと記されており、菜穂と仲間たちは彼の運命を変えようとする。SFと恋愛、青春をテーマに、菜穂の成長と翔の救済が絡み合う。"
521,primary,ja-JP,斉木楠雄のΨ難,"""斉木楠雄のΨ難"" は同名漫画をアニメ化。超能力を持つ高校生・斉木楠雄は静かな生活を望むが、様々なトラブルに悩まされる。コメディとツッコミ、超能力が特徴で、楠雄の諦観した内心と周囲の奇行の対比が可笑しい。疾走感のあるテンポと密集した笑いが魅力のコメディアニメの傑作。"
522,primary,ja-JP,パズドラクロス,"""パズドラクロス"" は同名ゲームをアニメ化。パズル合わせでドラゴンの相棒と戦う少年を描く。パズドラの世界で冒険し、様々なドラゴンと共に戦う主人公たち。冒険とバトル、熱さが特徴で、華麗なバトルシーンと成長と絆が通底する。"
523,primary,ja-JP,ばなにゃ,"""ばなにゃ"" はバナナの皮に隠れる猫たちの日常を描く短編アニメ。バナナ猫たちの無邪気で可愛い仕草が癒しに満ちている。可愛いペットと日常、癒しが特徴で、柔らかく可愛い作画と明るい雰囲気、極短い尺で猫たちの可愛さを見せる。"
524,primary,ja-JP,NEW GAME!,"""NEW GAME!"" は同名漫画をアニメ化。ゲーム会社に入社した新米ゲーム開発者・涼風青葉の職場生活を描く。ゲーム制作の日々の中で、青葉は先輩たちと交流する。職場と日常、癒しが特徴で、可愛い作画と温かい雰囲気、ゲーム業界の日常を生き生きと描く。"
525,primary,ja-JP,SHOW BY ROCK!! しょ〜と!!,"""SHOW BY ROCK!! しょ〜と!!"" は『SHOW BY ROCK!!』の短編アニメ。バンド少女たちの日常が続く。音楽とコメディ、日常が特徴で、短い尺とテンポの良い展開でバンドメンバーの掛け合いを描く。"
526,primary,ja-JP,甘々と稲妻,"""甘々と稲妻"" は同名漫画をアニメ化。シングルファーザーの犬塚公平と娘が、少女・飯田小鳥との出会いで料理を学び始める。料理と家族愛、癒しをテーマに、公平が娘のために料理をする温かい日常が感動的。料理を丁寧に描き、心温まる親子愛が魅力の癒しの家族作品。"
527,primary,ja-JP,D.Gray-man HALLOW,"""D.Gray-man HALLOW"" は『D.Gray-man』のアニメ。エクソシストが千年伯爵と戦う。アレンと仲間たちはアクマと戦いながら組織の秘密を暴いていく。バトルとファンタジー、群像劇が特徴で、ダークな雰囲気とキャラクターの絆と犠牲が緊張感に満ちている。"
528,primary,ja-JP,タブー・タトゥー,"""タブー・タトゥー"" は同名漫画をアニメ化。少年・赤塚正義は少女を守る際に禁断の刺青を埋め込まれ、特殊な力を得る。バトルとファンタジー、熱さが特徴で、正義は様々な敵との戦いで刺青の真実を次第に知る。"
529,primary,ja-JP,SERVAMP-サーヴァンプ-,"""SERVAMP-サーヴァンプ-"" は同名漫画をアニメ化。高校生・城田真昼はクロという名の吸血鬼のサーヴァントを拾い、同居生活を始める。吸血鬼とバトル、日常が特徴で、真昼とクロの掛け合いがギャグに満ち、日常とバトルが融合する。"
530,primary,ja-JP,腐男子高校生活,"""腐男子高校生活"" はBLに興味を持つ腐男子高校生の日常を描く短編アニメ。コメディと日常、腐文化が特徴で、腐男子たちがBLネタを巡って交流する。短くてテンポが良く、軽妙な日常の中でキャラクターたちの面白さを描く。"
531,primary,ja-JP,チア男子!!,"""チア男子!!"" は同名小説をアニメ化。男子チアリーディング部の物語。チアリーディングの大会で優勝するため、少年たちが努力する。スポーツと青春、熱さが特徴で、男子チアという斬新な設定が光る。"
532,primary,ja-JP,無双学園H×H,"""無双学園H×H"" は同名ライトノベルをアニメ化。魔法装備の能力を持つ少年キズナが、学園で女性の仲間たちと共に戦う。学園バトルとハーレム、サービスが特徴で、主人公の魔法装備強化能力が売り。"
533,primary,ja-JP,スカーレッドライダーゼクス,"""スカーレッドライダーゼクス"" は同名ゲームをアニメ化。謎のレッドの脅威にさらされる世界で、少女とナイツたちが共に戦う。ファンタジーとバトル、群像劇が特徴で、華麗な作画と多くのキャラクター、少女とナイツの絆が通底する。"
534,primary,ja-JP,ツキウタ。,"""ツキウタ。"" は同名プロジェクトをアニメ化。アイドルグループSix GravityとProcellarumの物語。少年たちはアイドルステージで夢を追う。音楽とアイドル、群像劇が特徴で、華やかな楽曲とステージ演出が魅力の女性向けアイドルアニメ。"
535,primary,ja-JP,Fate/kaleid liner プリズマ☆イリヤ ドライ!!,"""Fate/kaleid liner プリズマ☆イリヤ ドライ!!"" は『Fate』シリーズのスピンオフアニメ。イリヤと美遊の魔法少女バトルが新章を迎える。今期は美遊の過去と世界の危機を巡り、魔法少女の変身とFateの世界観、バトルが特徴。"
536,primary,ja-JP,OZMAFIA!!,"""OZMAFIA!!"" は同名乙女ゲームをアニメ化。記憶を失った少女フーカがマフィア一家の若者たちと出会う。恋愛とマフィア、群像劇が特徴で、華麗な作画。フーカとキャラクターたちの掛け合いが魅力的で、記憶と陰謀を巡るプロットが展開する。"
537,primary,ja-JP,魔法少女? なりあ☆がーるず,"""魔法少女? なりあ☆がーるず"" は魔法少女に憧れる3人の少女を描く短編アニメ。魔法少女になった妄想の中で日常を送る少女たち。コメディと日常、ツッコミが特徴で、短くてテンポが良い。"
538,primary,ja-JP,レガリア The Three Sacred Stars,"""レガリア The Three Sacred Stars"" は機械に乗って戦う少女たちを描くオリジナルアニメ。三人の姉妹が巨大機械の戦いの中で世界の真実を暴いていく。メカバトルと少女、熱さが特徴で、華麗なバトルシーンと成長と絆が通底する。"
539,primary,ja-JP,はんだくん,"""はんだくん"" は『ばらかもん』のスピンオフアニメ。若き書道家・半田清舟の高校時代を描く。常に誤解されるため悩む半田。コメディと日常、ツッコミが特徴で、半田の誤解コメディがギャグに満ちている。"
540,primary,ja-JP,この美術部には問題がある!,"""この美術部には問題がある!"" は同名漫画をアニメ化。美術部の少女・宇佐美みずきは部長の内巻すばるに片思いするが、彼は3次元より2次元にしか興味がない。ラブコメと日常、コメディが特徴で、みずきの片思いと美術部の日常がギャグに満ちている。"
541,primary,ja-JP,美男高校地球防衛部LOVE! LOVE!,"""美男高校地球防衛部LOVE! LOVE!"" はシリーズの第2期。美男高校の地球防衛部が悪の勢力と戦い続ける。今期は新敵と新キャラクターが登場し、少年たちの変身バトルが相変わらずパロディに満ちている。美男と変身、コメディ、パロディが特徴。"
542,primary,ja-JP,planetarian 〜ちいさなほしのゆめ〜,"""planetarian 〜ちいさなほしのゆめ〜"" はKeyのゲームをアニメ化。戦火の廃墟で、旅の修理屋がプラネタリウム解説員を自称するロボット少女・ほしのゆめみと出会う。二人は廃墟のプラネタリウムで短い時間を過ごす。SFと涙、温かさをテーマに、ゆめみの無邪気さと男の人間性が感動的。"
543,primary,ja-JP,あまんちゅ!,"""あまんちゅ!"" は天野こずえの同名漫画をアニメ化。少女・大木双葉は海辺の学校に転校し、ダイビング少女・小日向光と出会い、ダイビングを学び始める。ダイビングと日常、癒しが特徴で、淡く美しい作画。海中の世界と少女たちの青春が輝く。"
544,primary,ja-JP,Thunderbolt Fantasy 東離劍遊紀,"""Thunderbolt Fantasy 東離劍遊紀"" は虚淵玄と台湾の霹靂によるコラボ人形劇アニメ。呪われた魔剣と剣士たちの物語。丹衡、凛雪鴉らがファンタジー世界で武俠冒険を繰り広げる。武侠と人形劇、熱さが特徴で、迫力ある人形芝居と捻りのあるプロットが魅力の異色作。"
545,primary,ja-JP,将国のアルタイル,"""将国のアルタイル"" は同名ライトノベルをアニメ化。機械仕掛けが駆動する世界で、最弱の兵士とされる少年マフムートが戦争に巻き込まれる。戦争と戦略、群像劇が特徴で、主人公のだらけた外見と卓越した知略のギャップが際立ち、戦争シーンが壮大。"
546,primary,ja-JP,91Days,"""91Days"" はオリジナルアニメ。家族の復讐のため、少年アヴィリオがマフィア一家に潜入し、91日間の復讐計画を遂行する。マフィアと復讐、サスペンスをテーマに、アヴィリオの復讐計画が緊張と逆転に満ちている。"
547,primary,ja-JP,タイムトラベル少女〜マリ・ワカと8人の科学者たち〜,"""タイムトラベル少女〜マリ・ワカと8人の科学者たち〜"" は歴史の科学者と出会うため時間旅行する少女たちを描くオリジナルアニメ。少女マリは父の研究を調査しながら時間旅行を行う。SFと教育、少女の成長をテーマに、科学知識と冒険を温かい雰囲気で組み合わせる。"
548,primary,ja-JP,一人之下 the outcast,"""一人之下 the outcast"" は同名漫画をアニメ化。祖父の死後、普通の青年・張楚嵐は異能者の世界の争いに巻き込まれる。謎の少女・馮寶寶の助けを得て、自分のルーツを次第に知る。中国武術とファンタジー、熱さが特徴で、華麗なアクションシーン。"
549,primary,ja-JP,クオリディア・コード,"""クオリディア・コード"" はオリジナルアニメ。音楽が奏でられない世界で、少年イチヤと少女たちが音楽で戦う。音楽とSF、熱さが特徴で、華麗なバトルシーンと音楽の力という斬新な設定。"
550,primary,ja-JP,アンジュ・ヴィエルジュ,"""アンジュ・ヴィエルジュ"" は同名ゲームをアニメ化。崩壊に直面する未来で、世界を守るため少女たちが覚醒して戦う。バトルとファンタジー、群像劇が特徴で、華麗な作画と成長と絆が通底する。"
551,primary,ja-JP,アクティヴレイド 機動強襲室第八係 2nd,"""アクティヴレイド 機動強襲室第八係 2nd"" はシリーズの第2期。特務機関第八係の任務が続く。今期はメンバーがより強力な敵に立ち向かう。メカバトルと警察、群像劇が特徴で、華麗なバトルシーンと日常と任務が交錯する。"
552,primary,ja-JP,ダンガンロンパ3 The End of 希望ヶ峰学園 未来編,"""ダンガンロンパ3 The End of 希望ヶ峰学園 未来編"" は『ダンガンロンパ』シリーズのアニメ。希望ヶ峰学園の未来機関のメンバーが絶望のゲームに巻き込まれる。苗木誠と仲間たちが未来編で絶望の攻撃に立ち向かう。サスペンスと絶望、逆転をテーマに、緊張感のあるプロット。"
553,primary,ja-JP,モブサイコ100,"""モブサイコ100"" はONEの同名漫画をアニメ化。強い超能力を持つ少年・影山茂夫（モブ）が、師匠の霊幻新隆の指導の下でオカルト事件を処理する。超能力とバトル、成長をテーマに、モブの力の抑制と成長の葛藤が共感を呼び、バトルシーンが華麗。"
554,primary,ja-JP,ダンガンロンパ3 The End of 希望ヶ峰学園 絶望編,"""ダンガンロンパ3 The End of 希望ヶ峰学園 絶望編"" は『ダンガンロンパ』シリーズの絶望編。希望ヶ峰学園の過去を描く。学園での絶望の蔓延とキャラクターたちの悲劇が描かれ、未来編と呼応する。サスペンスと絶望、群像劇が特徴で、重厚な雰囲気と衝撃的な運命。"
555,primary,ja-JP,バッテリー,"""バッテリー"" は同名小説をアニメ化。野球のピッチャーを目指す少年・原田巧が転校先でキャッチャーの永倉豪と出会う。野球と青春、友情をテーマに、巧の成長と投球が見どころ。野球を丁寧に描き、リアルな絆と挫折が感動的。"
556,primary,ja-JP,ONE PIECE 〜ハートオブゴールド〜,"""ONE PIECE 〜ハートオブゴールド〜"" は『ONE PIECE』のスペシャルエピソード。ハートオブゴールドにまつわる冒険を描く。麦わら一味はハートオブゴールドを求める中で新たな敵と出会う。冒険と熱さ、仲間との絆をテーマに、華麗なバトルシーンと楽しい冒険。"
557,primary,ja-JP,七つの大罪 聖戦の予兆,"""七つの大罪 聖戦の予兆"" は『七つの大罪』のスペシャルエピソード。聖戦前の日常を描く。聖戦前のキャラクターたちの掛け合いと準備に焦点を当てた作品。ファンタジー冒険と熱いバトル、仲間との絆が特徴で、比較的軽やかな雰囲気。"
558,primary,ja-JP,銀河機攻隊 マジェスティックプリンス,"""銀河機攻隊 マジェスティックプリンス"" は地球防衛軍が未知の敵と戦うオリジナルロボットアニメ。少年たちが機械に乗って戦い、戦争を通して成長する。メカバトルと熱さ、群像劇が特徴で、華麗なバトルシーンと成長と絆が通底する。"
559,primary,ja-JP,UNDER THE DOG,"""UNDER THE DOG"" は近未来世界で特殊能力を持つ学生が兵器として使われる物語を描くSFアニメ。操られた運命の中で生きる少女たち。SFとバトル、ダークな雰囲気が特徴で、作画が洗練されている。"
560,primary,ja-JP,傷物語 Ⅰ 鉄血篇,"""傷物語 Ⅰ 鉄血篇"" は『物語』シリーズの前日譚映画。阿良々木暦と吸血鬼キスショットの出会いを描く。瀕死の吸血鬼を助けた暦はその眷属となり、三人の吸血鬼狩人との戦いに巻き込まれる。独特の対話スタイルと極端な映像表現、深いテーマで知られる。"
561,primary,ja-JP,アクセル・ワールド INFINITE∞BURST,"""アクセル・ワールド INFINITE∞BURST"" は『アクセル・ワールド』の映画。少年・有田春雪の加速世界での戦いを描く。新章を巡るこの作品で、春雪とパートナーたちが強敵に挑む。SFとバトル、熱さが特徴で、華麗なバトルシーン。"
562,primary,ja-JP,劇場版 蒼き鋼のアルペジオ -アルス・ノヴァ- Cadenza,"""劇場版 蒼き鋼のアルペジオ -アルス・ノヴァ- Cadenza"" は『蒼き鋼のアルペジオ』の映画。クルーとイオナの物語が新章を迎える。霧の艦隊と人類の運命を巡る作品。SF海戦とSF、感動が特徴で、洗練された艦船アニメーション。"
563,primary,ja-JP,劇場版 selector destructed WIXOSS,"""劇場版 selector destructed WIXOSS"" は『WIXOSS』シリーズの映画。少女たちがWIXOSSのカードバトルに参加し続ける。新章を巡る作品で、カードとサスペンス、心理戦が特徴。シリーズのダークな雰囲気を継承。"
564,primary,ja-JP,映画 ハイ☆スピード! -Free! Starting Days-,"""映画 ハイ☆スピード! -Free! Starting Days-"" は『Free!』の前日譚映画。岩鳶中学校水泳部の少年たちの物語。ハルとマコトは中学で出会い、水泳部の設立に奔走する。水泳と青春、絆をテーマに、美しい水中アニメーション。"
565,primary,ja-JP,ガールズ&パンツァー 劇場版,"""ガールズ&パンツァー 劇場版"" は『ガールズ&パンツァー』の映画。戦車で戦う少女たちを描く。劇場版で大洗女子学園は新たな危機に直面し、少女たちが激しい大規模戦車戦を繰り広げる。戦車と熱さ、群像劇が特徴で、華麗で圧巻のバトルシーン。"
566,primary,ja-JP,心が叫びたがってるんだ。,"""心が叫びたがってるんだ。"" は言葉を話せない少女・成瀬順を描くオリジナルアニメ。過去のトラウマで話す力を失った順が、音楽活動を通して表現する勇気を見つけていく。青春と癒し、成長をテーマに、順の内面とミュージカルが感動的に紡がれる。"
567,primary,ja-JP,ペルソナ5 the Animation -THE DAY BREAKERS-,"""ペルソナ5 the Animation -THE DAY BREAKERS-"" は『ペルソナ5』の短編アニメ。怪盗団の活躍を描く。怪盗団の冒険をエピソード形式で見せる作品。ペルソナバトルと青春、群像劇が特徴で、独特のスタイルと魅力的なキャラクターの掛け合い。"
568,primary,ja-JP,こちら葛飾区亀有公園前派出所 THE FINAL 両津勘吉 最後の日,"""こちら葛飾区亀有公園前派出所 THE FINAL 両津勘吉 最後の日"" は『こち亀』の最終章。警官・両津勘吉の最後の物語を描く。両津の伝説の人生を振り返る作品。コメディと日常、温かさが特徴で、コメディスタイルが通底し、結末の別れが感動的。"
569,primary,ja-JP,喵楞！,これは猫の日常を描く短編アニメ。可愛いペットと日常、癒しが特徴で、柔らかく可愛い作画と明るい雰囲気、極短い尺で猫たちの愛らしい仕草を見せ、気分を明るくする癒しのショートアニメ。
570,primary,ja-JP,怪獣娘 ウルトラ怪獣擬人化計画,"""怪獣娘 ウルトラ怪獣擬人化計画"" はウルトラマンシリーズの怪獣を擬人化した少女たちの日常を描く短編アニメ。怪獣擬人化と日常、コメディが特徴で、可愛い作画と明るい雰囲気。"
571,primary,ja-JP,デジモンユニバース アプリモンスターズ,"""デジモンユニバース アプリモンスターズ"" は『デジモン』シリーズのアニメ。アプリ怪獣と戦う少年たちを描く。新海ハルが相棒のアプリ怪獣と共に冒険する。冒険とバトル、デジモンの世界観が特徴で、華麗なバトルシーン。"
572,primary,ja-JP,タイムボカン24,"""タイムボカン24"" は飛行機械で時空冒険する少年たちを描く『タイムボカン』シリーズのアニメ。主人公たちと悪役タイムボカンの追跡バトルが楽しい。冒険とコメディ、機械が特徴で、斬新な設定と楽しい冒険。"
573,primary,ja-JP,时空囚徒,これは時空の刑務所に囚われた囚人たちの物語を描く短編アニメ。奇妙な環境で生き延びようとする囚人たち。サスペンスとSF、ホラーが特徴で、陰鬱な雰囲気と謎に満ちたプロット。
574,primary,ja-JP,ブブキ・ブランキ 星の巨人,"""ブブキ・ブランキ 星の巨人"" は『ブブキ・ブランキ』の第2期。アズマとブブキ少女たちの冒険が続く。今期は星の巨人の真実を巡り、戦いがより激化。ファンタジーとバトル、熱さが特徴で、華麗な3DCGバトルシーン。"
575,primary,ja-JP,終末のイゼッタ,"""終末のイゼッタ"" は魔女イゼッタと王女の戦争を描くオリジナルアニメ。戦火に包まれた世界で、魔女イゼッタが王女を守るため戦う。ファンタジーと戦争、悲劇をテーマに、イゼッタの力と王女の絆が通底する。"
576,primary,ja-JP,WWW.WORKING!!,"""WWW.WORKING!!"" は同名漫画をアニメ化。ファミリーレストラン・ワグナリアのスタッフの日常を描く。前作とは設定が異なるが、スタッフの掛け合いは相変わらずギャグに満ちている。日常とコメディ、群像劇が特徴。"
577,primary,ja-JP,魔法少女育成計画,"""魔法少女育成計画"" は同名小説をアニメ化。魔法少女育成ゲームに召喚された少女たちは魔法少女の力を得るが、残酷な淘汰バトルに巻き込まれる。魔法少女とサスペンス、ダークさをテーマに、少女たちが共食いの闘いに苦闘する。"
578,primary,ja-JP,ViVid Strike!,"""ViVid Strike!"" はなのはシリーズのアニメ。少女フーカとリオの格闘競技を描く。格闘トーナメントで成長し、強敵と激しい対決を繰り広げるフーカ。バトルと熱さ、成長をテーマに、華麗な格闘シーン。"
579,primary,ja-JP,うたの☆プリンスさまっ♪ マジLOVEレジェンドスター,"""うたの☆プリンスさまっ♪ マジLOVEレジェンドスター"" はシリーズのアニメ。七海春歌とアイドルたちの物語が続く。今期も春歌と6人のアイドルが音楽の道で新たな挑戦に臨む。音楽と恋愛、アイドルが特徴で、華やかなステージ演出と感動の楽曲。"
580,primary,ja-JP,タイガーマスクW,"""タイガーマスクW"" は覆面レスラーと謎の組織の戦いを描く『タイガーマスク』シリーズのアニメ。復讐のためプロレスへの道を歩む少年たち。プロレスと熱さ、復讐をテーマに、迫力あるレスリングシーン。"
581,primary,ja-JP,こねこのチー ポンポンらー大冒険,"""こねこのチー ポンポンらー大冒険"" は子猫チーの日常の冒険を描く『こねこのチー』シリーズのアニメ。飼い主の家族との生活が温かいチー。可愛いペットと日常、癒しが特徴で、柔らかく可愛い作画。"
582,primary,ja-JP,モンスターハンター ストーリーズ RIDE ON,"""モンスターハンター ストーリーズ RIDE ON"" は同名ゲームをアニメ化。少年とモンスターの冒険を描く。ライダーがモンスターと絆を結び、冒険に出発する。冒険と熱さ、モンスターが特徴で、華麗なバトルシーン。"
583,primary,ja-JP,機動戦士ガンダム 鉄血のオルフェンズ,"""機動戦士ガンダム 鉄血のオルフェンズ"" 第2期は第1期の続編。火星での鉄華団の生存を懸けた戦いが続く。今期は戦争が拡大し、三日月と鉄華団の運命がより重くなる。メカバトルと熱さ、群像劇が特徴で、残酷なバトルシーンと感動的な犠牲と信念。"
584,primary,ja-JP,SHOW BY ROCK!!,"""SHOW BY ROCK!!"" 第2期は第1期の続編。バンド少女たちの冒険が続く。今期はステージがより壮大になり、音楽世界でのバンドの戦いと成長が見どころ。音楽と可愛いキャラクター、コメディが特徴。"
585,primary,ja-JP,超心动！艺术之星,これは美術学校の少年たちと美術の精霊との掛け合いを描く短編アニメ。芸術の世界で成長する主人公たち。芸術と日常、コメディが特徴で、可愛い作画と明るい雰囲気。
586,primary,ja-JP,おくさまが生徒会長!+!,"""おくさまが生徒会長!+!"" はシリーズの第2期。生徒会長の若菜羽衣と和泉隼斗のラブコメが続く。二人の同居生活がギャグとサービスに満ちている。恋愛とコメディ、サービスが特徴で、短くてテンポが良い。"
587,primary,ja-JP,刀剣乱舞-花丸-,"""刀剣乱舞-花丸-"" は本丸での刀剣男士たちの日常を描く刀剣擬人化アニメ。主のパートナーとして共に暮らす刀剣たち。日常と癒し、刀剣擬人化が特徴で、可愛い作画と温かい雰囲気。"
588,primary,ja-JP,星梦手记,これは少女アイドルたちの奮闘を描くアイドルアニメ。アイドル活動で夢を追う少女たち。アイドルと音楽、夢追いが特徴で、華やかな歌とダンスシーン。キャラクターの成長と絆が感動的。
589,primary,ja-JP,青鬼,"""青鬼"" は同名ゲームをアニメ化。お化けが出る学校での少年少女のホラー冒険を描く。青鬼から生き延びようとする主人公たち。ホラーとサスペンス、謎解きが特徴で、陰鬱な雰囲気と緊張感のある展開。"
590,primary,ja-JP,怪盗ジョーカー,"""怪盗ジョーカー"" 第4期は第4シーズン。少年怪盗ジョーカーが華麗な盗みの冒険を続ける。今期は新ライバルと新事件が登場し、さらに華麗なマジック盗難計画が展開。華麗なマジックと誇張された演出、エピソード形式の冒険。"
591,primary,ja-JP,12歳。 〜ちっちゃなムネのトキメキ〜,"""12歳。 〜ちっちゃなムネのトキメキ〜"" 第2期は第1期の続編。小学6年生の少女たちの恋と成長が続く。花日と高尾の初恋の物語がさらに発展。恋愛と日常、成長をテーマに、可愛い作画と温かい雰囲気。"
592,primary,ja-JP,ステラのまほう,"""ステラのまほう"" は同名漫画をアニメ化。少女・本田珠輝は高校で同人ゲーム制作部に入り、部員たちとゲームを作る。日常と癒し、ゲーム制作が特徴で、珠輝と部員たちの掛け合いが温かい。"
593,primary,ja-JP,学園ハンサム,"""学園ハンサム"" は同名ゲームをアニメ化。美男子学園で主人公と美男子たちの掛け合いを描く。BLとコメディ、日常が特徴で、独特の画風と誇張された演出で美男子たちの日常をパロディで描く。"
594,primary,ja-JP,TRICKSTER -江戸川乱歩「少年探偵団」より-,"""TRICKSTER -江戸川乱歩「少年探偵団」より-"" は江戸川乱歩の作品をアニメ化。未来の世界で少年探偵団のメンバーが事件を解決する。ミステリーとサスペンス、ダークな雰囲気が特徴で、逆転に満ちたプロット。"
595,primary,ja-JP,灼熱の卓球娘,"""灼熱の卓球娘"" は卓球少女たちの日常を描く短編アニメ。卓球部での少女たちの掛け合いが楽しい。卓球と日常、コメディが特徴で、短くてテンポが良い。"
596,primary,ja-JP,侍灵演武：将星乱,これは三国志の武将の霊が現代で戦う日中合作アニメ。霊の戦いに巻き込まれた少年が武将たちと共に戦う。三国志とバトル、熱さが特徴で、華麗なバトルシーン。武将の霊の設定が斬新。
597,primary,ja-JP,信長の忍び,"""信長の忍び"" は戦国時代のくノ一ちどりと織田信長の物語を描く短編アニメ。乱世の戦国時代で信長と出会うちどり。戦国とコメディ、日常が特徴で、短くてテンポが良い。"
598,primary,ja-JP,装神少女まとい,"""装神少女まとい"" は神懸かりで力を得る少女まといを描くオリジナルアニメ。神社の儀式で覚醒し、悪霊と戦うまとい。魔法少女とバトル、日常が特徴で、華麗なバトルシーン。"
599,primary,ja-JP,夏目友人帳 伍,"""夏目友人帳 伍"" は『夏目友人帳』の第5期。少年・夏目貴志の妖怪との出会いが続く。今期も貴志はニャンコ先生と共に友人帳の名前を妖怪に返していく。妖怪と癒し、日常が特徴で、優しい雰囲気と心温まる一話完結の物語。"
600,primary,ja-JP,ナンバカ,"""ナンバカ"" は脱走犯が集まる南波刑務所の囚人たちの日常を描くオリジナルアニメ。看守の監視の下、囚人たちが様々な可笑しな脱走劇と日常を繰り広げる。コメディと日常、ツッコミが特徴で、誇張された演出と密集した笑い。"
601,primary,ja-JP,一课一练,これは高校生・諸葛夢明の学園での戦いを描く日中合作アニメ。転校後、夢明は学園同士の競争に巻き込まれる。学園とバトル、熱さが特徴で、華麗なバトルシーン。夢明の成長と絆が通底する。
602,primary,ja-JP,TO BE HERO,"""TO BE HERO"" はクズヒーローが世界を救う可笑しな物語を描くオリジナルアニメ。ヒーローになった主人公が宇宙人と戦う。コメディと熱さ、家族が特徴で、独特の画風と密集した笑い、ナンセンスな日常の中でヒーローの成長を描く。"
603,primary,ja-JP,クレーンゲールズ,"""クレーンゲールズ"" 第2期は第1期の続編。宇宙人の少女たちがクレーンゲームに挑み続ける。今期のクレーンゲームのミッションはさらにナンセンス。コメディと日常、ナンセンスが特徴で、ナンセンスで面白い設定とテンポの良い展開。"
604,primary,ja-JP,解谜之音,これは謎解きをするAI少女の日常を描く短編アニメ。謎解きを通して交流する少女たち。謎解きと日常、SFが特徴で、短い尺に独特の雰囲気。
605,primary,ja-JP,てーきゅう,"""てーきゅう"" 第8期はシリーズの続編。テニス部の少女たちのナンセンスな日常が続く。テンポの速いギャグと誇張された演出、奇想天外なネタが特徴で、各話は極短いが笑いの密度が濃い。"
606,primary,ja-JP,奇太郎少年の妖怪絵日記,"""奇太郎少年の妖怪絵日記"" は少年・奇太郎と妖怪の日常を描く短編アニメ。神社での生活で様々な妖怪と出会う奇太郎。妖怪と日常、癒しが特徴で、柔らかい作画と温かい雰囲気。"
607,primary,ja-JP,魔法少女なんてもういいですから。,"""魔法少女なんてもういいですから。"" 第2期は第1期の続編。魔法少女・ゆずの日常が続く。今期はゆずとマスコットや友達の掛け合いがより豊かに。魔法少女の設定を脱構築し、テンポの良い展開と密集した笑い。"
608,primary,ja-JP,あにトレ! XX,"""あにトレ! XX"" はシリーズの続編。学園で少女たちが体操する物語が続く。フィットネスと日常、サービスが特徴で、体操中の少女たちの掛け合いが楽しい。"
609,primary,ja-JP,響け! ユーフォニアム,"""響け! ユーフォニアム"" 第2期は第1期の続編。北宇治高校吹奏楽部が前進し続ける。今期はコンクールと部員たちの悩みが絡み合い、久美子と部員たちが共に成長する。音楽と青春、群像劇が特徴で、感動的な演奏シーンと繊細で感動的な感情。"
610,primary,ja-JP,文豪ストレイドッグス,"""文豪ストレイドッグス"" 第2期は第1期の続編。武装探偵社の異能バトルが続く。今期は太宰の過去とポートマフィアとの対決を巡り、敦の成長が深まる。異能バトルと文豪の擬人化、群像劇が特徴。"
611,primary,ja-JP,ブレイブウィッチーズ,"""ブレイブウィッチーズ"" は『ストライクウィッチーズ』シリーズのアニメ。第502統合戦闘航空団のウィッチたちの戦いを描く。ネウロイと戦う少女たち。バトルと百合、日常が特徴で、華麗な空中戦シーン。"
612,primary,ja-JP,ユーリ!!! on ICE,"""ユーリ!!! on ICE"" はフィギュアスケーターを描くオリジナルアニメ。コーチ・ヴィクトルの導きで世界の舞台に挑む日本人スケーター・勝生勇利。フィギュアスケートとスポーツ、感動が特徴で、美しい滑走シーン。勇利の成長とヴィクトルとの絆が感動的な現象的作品。"
613,primary,ja-JP,フリップフラッパーズ,"""フリップフラッパーズ"" は魔女に変身する少女たちを描くオリジナルアニメ。偶然魔女になったココナが相棒のパピカと冒険する。魔法と冒険、ファンタジーが特徴で、独特の画風と鮮やかな色彩。"
614,primary,ja-JP,競女!!!!!!!!,"""競女!!!!!!!!"" は同名漫画をアニメ化。胸と尻の激突で競う少女たちの競技を描く。コメディと熱さ、競技が特徴で、ナンセンスで面白い設定と誇張された熱い試合シーン。"
615,primary,ja-JP,ALL OUT!!,"""ALL OUT!!"" は同名漫画をアニメ化。男子ラグビー部の熱い物語。高校でラグビー部に入った祇園健次がピッチで成長を続ける。ラグビーと熱さ、青春が特徴で、熱い試合シーンと感動的な成長と絆。"
616,primary,ja-JP,バーナード嬢曰く。,"""バーナード嬢曰く。"" は読書家を自称しながら読まない少女・町田さわ子の日常を描く短編アニメ。図書部の部員たちとの掛け合いが楽しい。読書と日常、ツッコミが特徴で、短くてテンポが良い。"
617,primary,ja-JP,私がモテてどうすんだ,"""私がモテてどうすんだ"" は同名漫画をアニメ化。陰キャの少女・芹沼花依はダイエットで美少女になり、男子たちの猛アタックを受ける。恋愛とコメディ、日常が特徴で、花依と男子たちの掛け合いがギャグに満ちている。"
618,primary,ja-JP,ガーリッシュナンバー,"""ガーリッシュナンバー"" は新人声優・烏丸ちとせの業界物語を描くオリジナルアニメ。声優業界でのちとせの奮闘がリアルで可笑しい。声優と業界、ツッコミが特徴で、業界の厳しさをリアルに描く。"
619,primary,ja-JP,ドリフターズ,"""ドリフターズ"" は平野耕太の同名漫画をアニメ化。戦国武将・島津豊久は死後、異世界に召喚され、歴史上の英雄たちと共に戦う。異世界とバトル、群像劇が特徴で、残酷で暴力的なバトルシーンと大胆なキャラクター設定。"
620,primary,ja-JP,LOSTORAGE インサイデッドWIXOSS,"""LOSTORAGE インサイデッドWIXOSS"" は『WIXOSS』シリーズのアニメ。新たな主人公たちのカードバトルを描く。WIXOSSのゲームで残酷なルールに直面する少女たち。カードとサスペンス、心理戦が特徴で、シリーズのダークな雰囲気を継承。"
621,primary,ja-JP,ハイキュー!! 烏野高校 VS 白鳥沢学園高校,"""ハイキュー!! 烏野高校 VS 白鳥沢学園高校"" は『ハイキュー!!』の第3期。烏野高校と白鳥沢の全国大会での対決。日向と影山が全国トップのエース牛島と激しい攻防を繰り広げる。バレーと熱さ、チームの成長をテーマに、息を呑む試合シーン。"
622,primary,ja-JP,亜人,"""亜人"" 第2部は第1期の続編。永井圭と亜人の戦いが続く。今期は佐藤の脅威が激化し、圭は佐藤との対決の中で成長する。SFとサスペンス、アクションが特徴で、衝撃的な亜人の設定とバトルシーン。"
623,primary,ja-JP,ガールフレンド(仮),"""ガールフレンド(仮)"" は同名ゲームをアニメ化。学校での少女たちの日常を描く。彼女たちの生活をテーマに、日常と癒し、群像劇が特徴で、可愛い作画と明るい雰囲気。"
624,primary,ja-JP,クラシカロイド,"""クラシカロイド"" は古典絵画の名士たちが現代で目覚める可笑しな物語を描く短編アニメ。絵画の人物たちが現代社会で様々な笑いを起こす。コメディとパロディ、芸術が特徴で、短くて笑いの密度が濃い。"
625,primary,ja-JP,ろんぐらいだぁす!,"""ろんぐらいだぁす!"" は自転車に乗る少女たちの日常を描く短編アニメ。自転車部の活動で成長する少女たち。自転車と日常、癒しが特徴で、可愛い作画と明るい雰囲気。"
626,primary,ja-JP,3月のライオン,"""3月のライオン"" は羽海野チカの同名漫画をアニメ化。天才棋士・桐山零が、家族を失いながらも将棋と周囲の人々の温かさの中で成長していく。将棋と癒し、人生をテーマに、零の孤独と内面の葛藤が深く描かれる。静謐で美しい雰囲気が魅力の人道的傑作。"
627,primary,ja-JP,オカルティック・ナイン,"""オカルティック・ナイン"" は同名小説をアニメ化。奇妙な事件を巡り、様々な癖のある9人がオカルト陰謀に巻き込まれる。サスペンスと都市伝説、多線の語りが特徴で、テンポが良く逆転が続く。"
628,primary,ja-JP,戦国鳥獣戯画,"""戦国鳥獣戯画"" は戦国武将を動物に擬人化してコメディ日常を描く短編アニメ。歴史とコメディ、擬人化が特徴で、独特の画風とテンポの良い展開で武将たちの掛け合いを描く。"
629,primary,ja-JP,うどんの国の金色毛鞠,"""うどんの国の金色毛鞠"" は同名漫画をアニメ化。ウェブデザイナーの宗太は故郷に戻り、子供のような姿のタヌキ妖怪・ポコと出会い、温かい日常が始まる。日常と癒し、妖怪が特徴で、温かい雰囲気。宗太とポコの掛け合いが癒しに満ちた温かい家族作品。"
630,primary,ja-JP,钢之管弦乐,これはロボットと少女の物語を描くオリジナル短編アニメ。機械の世界で、少女がロボットと出会う。SFと癒し、日常が特徴で、淡い作画と静かな雰囲気で人間と機械の絆を軽妙な物語で描く。
631,primary,ja-JP,舟を編む,"""舟を編む"" は三浦しをんの同名小説をアニメ化。青年・馬締光也が辞書編集部で辞書『大渡海』の編纂に参加する。職場と文系、粘り強さをテーマに、光也の辞書への情熱とチームの努力が感動的。"
632,primary,ja-JP,人狼コード1951,"""人狼コード1951"" は第二次世界大戦後の軍事機密を描く短編アニメ。狼男コードを巡る戦争で任務を遂行する少年たち。ミリタリーとサスペンス、SFが特徴で、重厚な雰囲気。"
633,primary,ja-JP,雨色ココア in Hawaii,"""雨色ココア in Hawaii"" は『雨色ココア』シリーズの作品。喫茶店の物語がハワイに舞台を移す。ハワイでのカフェメンバーの日常を描く作品。癒しと日常、コーヒーが特徴で、淡い作画と静かな雰囲気。"
634,primary,ja-JP,月曜日のたわわ,"""月曜日のたわわ"" は月曜日の通勤者とぽっちゃりした少女たちの掛け合いを描く短編アニメ。サービスと日常、コメディが特徴で、洗練された作画と短い尺で少女たちの魅力を見せる。"
635,primary,ja-JP,ポケットモンスター サン&ムーン,"""ポケットモンスター サン&ムーン"" はポケモンアニメシリーズ。サトシとピカチュウがアローラ地方で新たな冒険を始める。今作はサトシがポケモン学校に通い、新たなパートナーと出会う。冒険とバトル、絆が特徴で、新鮮な新しいスタイル。"
636,primary,ja-JP,傷物語 Ⅱ 熱血篇,"""傷物語 Ⅱ 熱血篇"" は『傷物語』映画シリーズの第2部。阿良々木暦と吸血鬼狩人たちの戦いが続く。暦は狩人たちとの戦いの中でキスショットへの理解を深める。独特の対話スタイルと極端な映像表現、華麗なバトルシーンで知られる。"
637,primary,ja-JP,劇場版 魔法使いの嫁 星待つひと,"""劇場版 魔法使いの嫁 星待つひと"" は『魔法使いの嫁』の映画。少女・羽鳥チセと魔法使いエリアスの物語を描く。エリアスの導きで魔法の世界に触れていくチセ。ファンタジーと癒し、魔法が特徴で、精緻な映像と夢幻的な雰囲気。"
638,primary,ja-JP,機動戦士ガンダム THE ORIGIN,"""機動戦士ガンダム THE ORIGIN"" はガンダムシリーズのアニメ。シャア・アズナブルの過去を描く。戦争の中でのシャアと妹の体験、ジオンの誕生を描く作品。メカバトルと戦争、叙事詩が特徴で、制作が洗練され、詳細なアニメーション。"
639,primary,ja-JP,劇場版 響け! ユーフォニアム〜北宇治高校吹奏楽部へようこそ〜,"""劇場版 響け! ユーフォニアム〜北宇治高校吹奏楽部へようこそ〜"" は『響け! ユーフォニアム』の総集編映画。久美子の吹奏楽部入部の物語を再編集した作品。音楽と青春、群像劇が特徴で、感動的な演奏シーンと繊細な感情描写。"
640,primary,ja-JP,デジモンアドベンチャー tri. 第3章 告白,"""デジモンアドベンチャー tri. 第3章 告白"" は『デジモンtri』シリーズの第3章。選ばれし子供たちのデジモンとの冒険が続く。告白と新たな危機を巡るこの作品。冒険と友情、成長をテーマに、子供たちの成長とデジモンとの絆が見どころ。"
641,primary,ja-JP,劇場版 黒子のバスケ ウインターカップ総集編 影と光,"""劇場版 黒子のバスケ ウインターカップ総集編 影と光"" は『黒子のバスケ』の総集編映画。ウインターカップの名勝負を振り返る。誠凛とキセキの世代の戦いに焦点を当てた作品。バスケと熱さ、競技が特徴で、華麗な試合シーン。"
642,primary,ja-JP,劇場版プリパラ み〜んなのあこがれ♪ レッツゴー プリパリ,"""劇場版プリパラ み〜んなのあこがれ♪ レッツゴー プリパリ"" は『プリパラ』の映画。少女たちのアイドル冒険がパリに舞台を移す。らぁらとパートナーたちがパリで新たなパフォーマンスを披露する。華やかなステージ演出と可愛いキャラクター、音楽が特徴。"
643,primary,ja-JP,名探偵コナン 純黒の悪夢,"""名探偵コナン 純黒の悪夢"" は『名探偵コナン』の映画。コナンが黒ずくめの組織と激しい対決を繰り広げる。スパイと組織の陰謀を巡る作品で、華麗なアクションシーン。赤井や安室らとの掛け合いが見どころ。"
644,primary,ja-JP,ずっと前から好きでした。〜告白実行委員会〜,"""ずっと前から好きでした。〜告白実行委員会〜"" は『告白実行委員会』シリーズの映画。高校生たちの恋愛を描く。榎本夏樹と瀬戸口優の恋愛を巡る作品。恋愛と青春、音楽が特徴で、繊細な映像と感動的な瑞々しい感情。"
645,primary,ja-JP,クレヨンしんちゃん 爆睡! ユメミーワールド大突撃,"""クレヨンしんちゃん 爆睡! ユメミーワールド大突撃"" は『クレヨンしんちゃん』の映画。しんちゃんと仲間たちが夢の世界で冒険する。夢の異変を巡るこの作品。コメディと冒険、家族が特徴で、楽しい雰囲気と温かい結末。"
646,primary,ja-JP,ゼーガペインADP,"""ゼーガペインADP"" は『ゼーガペイン』の映画。仮想世界での少年の戦いを描く。謎の少女との出会いで世界の真実を次第に知るキョウ。SFとバトル、サスペンスが特徴で、華麗なバトルシーンと印象的なプロットの逆転。"
647,primary,ja-JP,牙狼-GARO- DIVINE FLAME,"""牙狼-GARO- DIVINE FLAME"" は『牙狼』シリーズの映画。魔戒騎士がホラーと戦う。新たな魔戒騎士の成長を巡る作品。和風ファンタジーと華麗なバトルが特徴で、牙狼の鎧とダークな美意識を融合。"
648,primary,ja-JP,ポケモン・ザ・ムービーXY&Z ボルケニオンと機巧のマギアナ,"""ポケモン・ザ・ムービーXY&Z ボルケニオンと機巧のマギアナ"" はポケモン映画。サトシとピカチュウが幻のポケモン・ボルケニオンと出会う。機巧のマギアナの謎を巡る作品。冒険とバトル、絆が特徴で、華麗なバトルシーン。"
649,primary,ja-JP,劇場版 黒子のバスケ ウインターカップ総集編 扉の向こう,"""劇場版 黒子のバスケ ウインターカップ総集編 扉の向こう"" は『黒子のバスケ』の総集編映画。ウインターカップの決勝を振り返る。誠凛と洛山の対決に焦点を当てた作品。バスケと熱さ、競技が特徴で、華麗な試合シーン。"
650,primary,ja-JP,傷物語 Ⅲ 冷血篇,"""傷物語 Ⅲ 冷血篇"" は『傷物語』映画シリーズの最終部。阿良々木暦と吸血鬼キスショットの物語が完結する。狩人や吸血鬼との葛藤の中で、暦は最後の選択をする。独特の対話スタイルと極端な映像表現、深いテーマで知られる。"
651,primary,ja-JP,亜人 -衝動-,"""亜人 -衝動-"" は『亜人』シリーズの第1部映画。亜人・永井圭の起源を描く。不死身の亜人だと知った圭は逃亡し、戦う。SFとサスペンス、アクションが特徴で、衝撃的な亜人の設定とバトルシーン。"
652,primary,ja-JP,亜人 -衝突-,"""亜人 -衝突-"" は『亜人』シリーズの第2部映画。永井圭と佐藤の確執が激化する。逃亡しながら佐藤の勢力と戦う圭。SFとサスペンス、アクションが特徴で、衝撃的な亜人の設定とバトルシーン。"
653,primary,ja-JP,ONE PIECE FILM GOLD,"""ONE PIECE FILM GOLD"" は『ONE PIECE』の映画。ルフィと麦わら一味の黄金の街での冒険。黄金の街の秘密と新たな敵を巡る作品で、麦わら一味が華麗な戦いを繰り広げる。冒険と熱さ、仲間との絆が特徴。"
654,primary,ja-JP,政宗くんのリベンジ,"""政宗くんのリベンジ"" は同名漫画をアニメ化。かつて豚足と呼ばれた少年・真壁政宗は改名し、自分を振った安達垣愛姫に復讐するため動き出す。ラブコメと復讐、日常が特徴で、政宗の復讐計画がギャグに満ちている。"
655,primary,ja-JP,ガヴリールドロップアウト,"""ガヴリールドロップアウト"" は同名漫画をアニメ化。天使ガヴリールは人間界に来てゲームに夢中になり、ぐうたら天使に堕落する。コメディと日常、ツッコミが特徴で、ガヴリールの堕落と天使や悪魔との掛け合いがギャグに満ちている。"
656,primary,ja-JP,AKIBA'S TRIP THE ANIMATION,"""AKIBA'S TRIP THE ANIMATION"" は同名ゲームをアニメ化。秋葉原で吸血鬼ハンターの少年たちの戦いを描く。秋葉原で吸血鬼と戦う主人公たち。アクションとコメディ、パロディが特徴で、アキバ文化をバトルに組み込む。"
657,primary,ja-JP,亜人ちゃんは語りたい,"""亜人ちゃんは語りたい"" は同名漫画をアニメ化。デミ（亜人）の教師と生徒たちの物語。吸血鬼や雪女などのデミが学校に通う。日常と癒し、教育が特徴で、温かい雰囲気。デミの先生たちの悩みと成長が楽しい。"
658,primary,ja-JP,スクールガールストライカーズ Animation Channel,"""スクールガールストライカーズ Animation Channel"" は同名ゲームをアニメ化。学園での少女たちの戦いを描く。特別部隊に選ばれた5人の少女が謎の敵と戦う。学園とバトル、群像劇が特徴で、華麗なバトルシーン。"
659,primary,ja-JP,弱虫ペダル NEW GENERATION,"""弱虫ペダル NEW GENERATION"" はシリーズの続編。小野田坂道と総北高校サイクリング部の物語が続く。今期は新ライバルとレースが登場し、坂道のクライミング能力が視聴者を驚かせる。サイクリングと熱さ、競技が特徴。"
660,primary,ja-JP,この素晴らしい世界に祝福を!,"""この素晴らしい世界に祝福を!"" 第2期は第1期の続編。和真と役立たずの仲間たちの異世界冒険が続く。今期も和真のパーティーが新たな任務で笑いを巻き起こす。異世界とコメディ、ツッコミが特徴で、和真と仲間たちの珍道中がギャグに満ちている。"
661,primary,ja-JP,鬼平,"""鬼平"" は同名時代小説をアニメ化。火付盗賊改方の長官・長谷川平蔵が江戸の治安を守る。時代劇と人情、ミステリーが特徴で、平蔵の正義と機知が魅力。"
662,primary,ja-JP,BanG Dream!,"""BanG Dream!"" はバンドプロジェクトのアニメ。少女たちがバンドを組む物語。音楽で自分を見つけ、夢のステージを目指す少女たち。音楽と青春、群像劇が特徴で、感動的な楽曲と感動的な演奏シーン。"
663,primary,ja-JP,漫研部～Surgical Friends～,これは漫画研究部の少女たちの日常を描くシリーズアニメ。漫画制作の日々の中で様々なパロディを繰り広げる部員たち。コメディと日常、ツッコミが特徴で、独特の画風とテンポの良い展開。
664,primary,ja-JP,小林さんちのメイドラゴン,"""小林さんちのメイドラゴン"" は同名漫画をアニメ化。プログラマー・小林とドラゴンのトールの同居生活が楽しい。恩返しのため小林のメイドになったトールは他のドラゴンたちと共に暮らす。日常と癒し、コメディが特徴で、ドラゴンと人間の掛け合いが可笑しく温かい。"
665,primary,ja-JP,うらら迷路帖,"""うらら迷路帖"" は同名漫画をアニメ化。母を探す占い少女・千矢が迷路町にやってきて占いを学び始める。占いと日常、癒しが特徴で、千矢と占い少女たちの掛け合いが温かい。"
666,primary,ja-JP,超・少年探偵団NEO,"""超・少年探偵団NEO"" は江戸川乱歩の作品をアニメ化。近未来の世界で少年探偵団が事件を解決する。ハイテクを背景に、未来都市で冒険する少年探偵たち。ミステリーと冒険、SFが特徴で、謎に満ちたプロット。"
667,primary,ja-JP,リトルウィッチアカデミア,"""リトルウィッチアカデミア"" はTRIGGERのオリジナルアニメ。魔法を学ぶため魔法学園に入った少女・アツコを描く。ルーナノヴァ魔法学園で憧れのシャリオを追いかけ、魔法の冒険を繰り広げるアツコ。魔法と青春、熱さが特徴で、鮮やかな映像。"
668,primary,ja-JP,セイレン,"""セイレン"" はシリーズのアニメ。少年と少女たちの恋愛を描く。複数のヒロインの視点から恋愛物語が展開する作品。恋愛と日常、青春が特徴で、温かい雰囲気。キャラクターの瑞々しい感情が魅力的。"
669,primary,ja-JP,幼女戦記,"""幼女戦記"" は同名ライトノベルをアニメ化。エリート官僚が死後、幼女ターニャに転生し、戦争の世界で生き延びる。冷酷な軍事才能で世界大戦に巻き込まれるターニャ。戦争と異世界、ブラックユーモアが特徴で、華麗な戦争シーン。"
670,primary,ja-JP,風夏,"""風夏"" は瀬尾公治の同名漫画をアニメ化。転校先で少女・風夏と出会った少年・榛名優の、バンドと恋愛の青春を描く。恋愛と音楽、青春が特徴で、バンド活動での優の成長と感情の葛藤が見どころ。"
671,primary,ja-JP,南鎌倉高校女子自転車部,"""南鎌倉高校女子自転車部"" は同名漫画をアニメ化。南鎌倉高校に転校した少女・舞原ひろみが自転車に出会う。自転車と日常、癒しが特徴で、サイクリングでのひろみの成長が生き生きと描かれる。"
672,primary,ja-JP,青の祓魔師 京都不浄王篇,"""青の祓魔師 京都不浄王篇"" は『青の祓魔師』の第2期。奥村燐の不浄王との戦いが展開する。京都の危機と燐の過去を巡る作品。祓魔とバトル、熱さが特徴で、華麗なバトルシーン。"
673,primary,ja-JP,昭和元禄落語心中 -助六再び篇-,"""昭和元禄落語心中 -助六再び篇-"" はシリーズの第2期。落語家・菊比古の物語が続く。助六の過去と落語の継承を巡る作品。落語と芸、人生をテーマに、静謐で風雅な雰囲気と丁寧な落語の描写。"
674,primary,ja-JP,霊剣山,"""霊剣山"" 第2期は第1期の続編。修仙者の少年・王陸の修行が続く。今期は王陸が霊剣山で新たな試練に直面する。修仙とコメディ、熱さが特徴で、斬新な設定とテンポの良い展開。"
675,primary,ja-JP,チェインクロニクル〜ヘクセイタスの閃〜,"""チェインクロニクル〜ヘクセイタスの閃〜"" は同名ゲームをアニメ化。黒の王と戦う義勇軍の物語。少年ユーリと仲間たちがファンタジー世界で冒険する。冒険とバトル、群像劇が特徴で、華麗なバトルシーン。"
676,primary,ja-JP,エルドライブ【elDLIVE】,"""エルドライブ【elDLIVE】"" は天野明の漫画をアニメ化。少年・九ノ瀬宙太が宇宙警察になる物語。宇宙警察署で冒険する宙太。SFと冒険、熱さが特徴で、淡い作画。"
677,primary,ja-JP,にゃんこデイズ,"""にゃんこデイズ"" は少女と3匹の猫の日常を描く短編アニメ。小長井と猫たちの掛け合いが癒しに満ちている。可愛いペットと日常、癒しが特徴で、柔らかく可愛い作画。"
678,primary,ja-JP,テイルズ オブ ゼスティリア ザ クロス,"""テイルズ オブ ゼスティリア ザ クロス"" 第2期は第1期の続編。導師ソレイの冒険が続く。今期は天族と人間の確執を巡り、ソレイの信念が試される。ファンタジーと冒険、熱さが特徴で、制作が洗練されている。"
679,primary,ja-JP,アイドル事変,"""アイドル事変"" は同名ゲームをアニメ化。議員アイドルの物語。アイドルとして政治選挙に参加する少女たち。アイドルと政治、群像劇が特徴で、斬新な設定。"
680,primary,ja-JP,銀魂.,"""銀魂."" は『銀魂』シリーズのアニメ。万事屋の日常と戦いが続く。今期も銀さんと仲間たちが新章で試練に直面する。コメディとツッコミ、熱さが特徴で、パロディとシリアスが共存。"
681,primary,ja-JP,新撰组镇魂歌 二分之一,これは新選組のキャラクターたちのコメディ日常を描く短編アニメ。歴史とパロディ、日常が特徴で、新選組の面々が軽妙な日常で様々な笑いを起こす。
682,primary,ja-JP,ACCA13区監察課,"""ACCA13区監察課"" は同名漫画をアニメ化。13の自治区を監察する監察官ジーンが、監察の最中に政治陰謀に巻き込まれる。政治と日常、食が特徴で、静謐で風雅な雰囲気。ジーンの穏やかな性格と王国の謀略の対比が際立つ。"
683,primary,ja-JP,ハンドシェイカー,"""ハンドシェイカー"" は手で繋がった能力者たちの戦いを描くオリジナルアニメ。少年・高槻タズナと謎の少女が能力者同士の戦いを繰り広げる。バトルとSF、熱さが特徴で、華麗な映像と緊張感のあるバトルシーン。"
684,primary,ja-JP,けものフレンズ,"""けものフレンズ"" は動物園の少女と動物少女の冒険を描くオリジナルアニメ。記憶を失った少女・かばんがジャパリパークで動物の仲間たちと出会う。モエと冒険、癒しが特徴で、独特の画風と温かい雰囲気。"
685,primary,ja-JP,ピアシェ〜私のイタリアン〜,"""ピアシェ〜私のイタリアン〜"" はイタリアンレストランで働く少女とイタリア料理の日常を描く短編アニメ。イタリアンレストランで働く中で食に触れる少女。食と日常、コメディが特徴で、短くてテンポが良い。"
686,primary,ja-JP,One Room,"""One Room"" は一人称視点で少女たちの日常を描く短編アニメ。主人公の視点から少女たちと交流する視聴者。日常と恋愛、癒しが特徴で、洗練された作画と温かい雰囲気。"
687,primary,ja-JP,CHAOS;CHILD,"""CHAOS;CHILD"" は同名ゲームをアニメ化。震災後の渋谷で、少年・宮代拓留と少女たちがオカルト事件に巻き込まれる。サスペンスとSF、ダークさをテーマに、陰鬱な雰囲気。プロットの逆転と設定が衝撃的。"
688,primary,ja-JP,MARGINAL#4 KISSから創るBig Bang,"""MARGINAL#4 KISSから創るBig Bang"" はアイドルグループMARGINAL#4の物語を描く女性向けアイドルアニメ。少年たちはアイドルステージで夢を追う。音楽とアイドル、群像劇が特徴で、華やかな楽曲とステージ演出。"
689,primary,ja-JP,SUPER LOVERS,"""SUPER LOVERS"" 第2期は第1期の続編。晴と零の恋愛が続く。今期は二人の感情がさらに深まり、零の過去が次第に明かされる。BL恋愛と温かさ、癒しが特徴で、温かい雰囲気と繊細で感動的な感情の変化。"
690,primary,ja-JP,クズの本懐,"""クズの本懐"" は同名漫画をアニメ化。愛しているふりをして実は別の人を想う少年少女の恋愛を描く。花火と麦はそれぞれ別の人を想い、恋人同士として慰め合う。恋愛と現実、ダークさをテーマに、重厚な雰囲気。"
691,primary,ja-JP,Rewrite,"""Rewrite"" 第2期は第1期の続編。天王寺瑚太朗の冒険が新章を迎える。今期は世界線の真実を巡り、瑚太朗の選択が衝撃的。ファンタジーとミステリー、群像劇が特徴で、独特の雰囲気。"
692,primary,ja-JP,劇場版 銀河機攻隊 マジェスティックプリンス 覚醒の遺伝子,"""劇場版 銀河機攻隊 マジェスティックプリンス 覚醒の遺伝子"" は『銀河機攻隊 マジェスティックプリンス』の映画。少年たちの戦いが新章を迎える。覚醒の遺伝子を巡る作品。メカバトルと熱さ、群像劇が特徴。"
693,primary,ja-JP,劇場版 アイカツスターズ!,"""劇場版 アイカツスターズ!"" は『アイカツスターズ!』の映画。スターライト学園の少女たちのアイドル生活。新たなステージでパフォーマンスを披露する少女たち。華やかなステージ演出とファッションコーディネートが特徴。"
694,primary,ja-JP,GANTZ:O,"""GANTZ:O"" は『GANTZ』のCG映画。死のゲームに強制参加させられた男たちの戦いを描く。大阪編の百鬼夜行を巡る作品。SFとバトル、ダークさが特徴で、華麗で圧巻のCG映像と残酷な血みどろのバトルシーン。"
695,primary,ja-JP,orange -未来-,"""orange -未来-"" は『orange』の映画。10年後の未来の世界を描く。翔と菜穂らの未来を巡る作品。SFと恋愛、青春をテーマに、温かく感動的な雰囲気。キャラクターの感情と運命が絡み合う。"
696,primary,ja-JP,planetarian 〜星の人〜,"""planetarian 〜星の人〜"" は『planetarian』の映画。ゆめみと男の物語を描く。荒廃した世界でのプラネタリウムの温かさを見せる作品。SFと涙、温かさをテーマに、ゆめみの無邪気さと人間の輝きが感動的。"
697,primary,ja-JP,デジモンアドベンチャー tri. 第4章 喪失,"""デジモンアドベンチャー tri. 第4章 喪失"" は『デジモンtri』シリーズの第4章。選ばれし子供たちのデジモンとの冒険が続く。喪失と新たな危機を巡るこの作品。冒険と友情、成長をテーマに、子供たちの成長とデジモンとの絆が見どころ。"
698,primary,ja-JP,きんいろモザイク Pretty Days,"""きんいろモザイク Pretty Days"" は『きんいろモザイク』のOVA。少女たちの日常が続く。文化祭での少女たちを巡る作品。日常と癒し、群像劇が特徴で、可愛い作画と温かい雰囲気。"
699,primary,ja-JP,劇場版 遊☆戯☆王 THE DARK SIDE OF DIMENSIONS,"""劇場版 遊☆戯☆王 THE DARK SIDE OF DIMENSIONS"" は『遊☆戯☆王』の映画。武藤遊戯と海馬瀬人の次元を越えた決闘を描く。新カードと次元の力を巡る作品。カードと熱さ、決闘が特徴で、華麗な決闘シーン。"
700,primary,ja-JP,Fate/Grand Order -First Order-,"""Fate/Grand Order -First Order-"" は『Fate/Grand Order』のアニメ。人理継続保障機関カルデアの物語を描く。藤丸立香とマシュが特異点Fを冒険し、サーヴァントたちと共に戦う。Fateの世界観とバトル、群像劇が特徴。"
701,primary,ja-JP,亜人 OAD,"""亜人 OAD"" は『亜人』シリーズのOVA。亜人・永井圭の番外編を描く。本編のサイドストーリーを補完する作品。SFとサスペンス、アクションが特徴で、衝撃的な亜人の設定とバトルシーン。"
702,primary,ja-JP,GRAVITY DAZE 重力眩暈の上を彷徨う者,"""GRAVITY DAZE 重力眩暈の上を彷徨う者"" は同名ゲームをアニメ化。重力操作の少女の冒険を描く。ゲームの前日譚となるこの作品。SFとアクション、ファンタジーが特徴で、独特の画風。"
703,primary,ja-JP,ストライク・ザ・ブラッド II,"""ストライク・ザ・ブラッド II"" は『ストライク・ザ・ブラッド』シリーズのアニメ。暁古城の吸血鬼バトルが続く。新章を巡るこの作品で、古城と姫柊雪菜の絆が深まる。吸血鬼とバトル、ハーレムが特徴で、サービスと熱さが両立。"
704,primary,ja-JP,クビキリサイクル 青色サヴァンと戯言遣い,"""クビキリサイクル 青色サヴァンと戯言遣い"" は西尾維新の小説をアニメ化。探偵・いいちゃんと青色サヴァンの推理を描く。孤島での首切り事件を巡る作品。ミステリーとサスペンス、西尾維新独特の文体が特徴で、クールな雰囲気と巧妙な推理。"
705,primary,ja-JP,FAIRY TAIL OAD,"""FAIRY TAIL OAD"" は『FAIRY TAIL』のOVA。ナツと仲間たちの日常と冒険。軽妙なサイドストーリーに焦点を当てた作品。熱いバトルと仲間との絆、魔法の世界が特徴で、楽しい雰囲気。"
706,primary,ja-JP,生徒会役員共* OAD,"""生徒会役員共* OAD"" は『生徒会役員共』のOVA。桜才学園生徒会のコメディ日常が続く。軽妙なサイドストーリーに焦点を当てた作品。コメディとツッコミ、下ネタが特徴で、誇張された演出と密集した笑い。"
707,primary,ja-JP,ダンジョンに出会いを求めるのは間違っているだろうか OVA,"""ダンジョンに出会いを求めるのは間違っているだろうか OVA"" は『ダンメモ』のOVA。ベルのサイドストーリー冒険。軽妙な日常に焦点を当てた作品。ファンタジーと冒険、ハーレムが特徴で、楽しい雰囲気。"
708,primary,ja-JP,やはり俺の青春ラブコメはまちがっている。続 OVA,"""やはり俺の青春ラブコメはまちがっている。続 OVA"" は『俺ガイル』のOVA。比企谷八幡の青春日常のサイドストーリー。軽妙な日常に焦点を当てた作品。学園と恋愛、ツッコミが特徴で、明るい雰囲気。"
709,primary,ja-JP,六心公主,これは6人の王女の物語を描く短編アニメ。王国での王女たちの日常と冒険が童話の彩りにあふれている。童話と日常、癒しが特徴で、洗練された作画と温かい雰囲気。
710,primary,ja-JP,暗杀教室 第二季 课外授课篇,これは『暗殺教室』のOVA。3年E組の課外サイドストーリー。軽妙な日常に焦点を当てた作品。学園とコメディ、熱さをテーマに、楽しい雰囲気。
711,primary,ja-JP,ナンバカ,"""ナンバカ"" 第2期は第1期の続編。南波刑務所の囚人たちのコメディ日常が続く。今期は新キャラクターと新ストーリーが登場。コメディと日常、ツッコミが特徴で、誇張された演出と密集した笑い。"
712,primary,ja-JP,闇芝居,"""闇芝居"" 第4期は紙芝居形式で様々な怪談を語るホラー短編アニメシリーズ。ノスタルジックな画風とグロテスクなプロット、背筋が凍る雰囲気で知られ、数分で強い恐怖感を生む。"
713,primary,ja-JP,劇場版 暗殺教室 365日の時間,"""劇場版 暗殺教室 365日の時間"" は『暗殺教室』の映画。3年E組と殺せんせーの物語が完結する。3年E組の卒業前の最後の日々を巡る作品。学園とコメディ、感動をテーマに、笑いと涙が融合。"
714,primary,ja-JP,神様はじめました 結婚編,"""神様はじめました 結婚編"" は『神様はじめました』のOVA。奈奈生と巴衛の新婚生活。甘い新婚日常に焦点を当てた作品。恋愛と神様、癒しが特徴で、温かい雰囲気。"
715,primary,ja-JP,グランブルーファンタジー,"""グランブルーファンタジー"" は同名ゲームをアニメ化。少年グランと少女ルリアの冒険を描く。父を探すためグランはルリアと共に天空を冒険する。冒険とファンタジー、熱さが特徴で、洗練された作画。"
716,primary,ja-JP,ダンガンロンパ2.5 狛枝凪斗と世界の破壊者,"""ダンガンロンパ2.5 狛枝凪斗と世界の破壊者"" は『ダンガンロンパ』シリーズのOVA。狛枝凪斗を巡る作品。絶望編と希望編の間の物語を背景に、サスペンスと絶望、心理戦が特徴で、重厚な雰囲気。"
717,primary,ja-JP,キラキラ☆プリキュアアラモード,"""キラキラ☆プリキュアアラモード"" はプリキュアシリーズのアニメ。スイーツの力で変身する少女たちを描く。お菓子を力に敵と戦う少女たち。魔法少女と食、日常が特徴で、華麗な衣装とバトルシーン。"
718,primary,ja-JP,アイカツ! ねらわれた魔法のアイカツ!カード,"""アイカツ! ねらわれた魔法のアイカツ!カード"" は『アイカツ!』のOVA。少女アイドルたちの魔法のアイカツカード冒険。軽妙なサイドストーリーに焦点を当てた作品。アイドルと魔法、日常が特徴。"
719,primary,ja-JP,SUPER LOVERS OAD,"""SUPER LOVERS OAD"" は『SUPER LOVERS』のOVA。晴と零の恋愛サイドストーリー。甘い日常に焦点を当てた作品。BL恋愛と温かさ、癒しが特徴で、温かい雰囲気。"
720,primary,ja-JP,龍の歯医者,"""龍の歯医者"" は龍を守る歯医者の少女たちの物語を描くオリジナルアニメ。龍の国で歯の治療を担う歯医者たち。少女ノノコの龍の歯の中での冒険が展開する。ファンタジーと戦争、群像劇が特徴で、繊細な映像。"
721,primary,ja-JP,シェルター,"""シェルター"" はシェルターの中での少女の独白を描く短編アニメ。災害後の世界で、音楽を通して希望を探す少女。SFと癒し、感動が特徴で、繊細な映像と静かな雰囲気。"
722,primary,ja-JP,教えて! ギャル子ちゃん OAD,"""教えて! ギャル子ちゃん OAD"" は『教えて! ギャル子ちゃん』のOVA。ギャル子ちゃんのコメディ日常が続く。軽妙なサイドストーリーに焦点を当てた作品。コメディと日常、文化交流が特徴。"
723,primary,ja-JP,劇場版 トリニティセブン -悠久図書館と錬金術少女-,"""劇場版 トリニティセブン -悠久図書館と錬金術少女-"" は『トリニティセブン』の映画。アラタと魔法少女たちの戦い。永遠の図書館と新たな敵を巡る作品。魔法とバトル、ハーレムが特徴で、華麗なバトルシーン。"
724,primary,ja-JP,映画 魔法つかいプリキュア! 奇跡の変身! キュアモフルン!,"""映画 魔法つかいプリキュア! 奇跡の変身! キュアモフルン!"" はプリキュアシリーズの映画。魔法つかいプリキュアの戦い。モフルンの変身を巡る作品。魔法少女とバトル、日常が特徴で、華麗な衣装とバトルシーン。"
725,primary,ja-JP,ばくおん!! OAD,"""ばくおん!! OAD"" は『ばくおん!!』のOVA。少女たちのバイク日常サイドストーリー。軽妙なサイドストーリーに焦点を当てた作品。バイクと日常、コメディが特徴で、可愛い作画。"
726,primary,ja-JP,結城友奈は勇者である 鷲尾須美の章 第1章 ともだち,"""結城友奈は勇者である 鷲尾須美の章 第1章 ともだち"" は『結城友奈は勇者である』の前日譚映画。鷲尾須美とパートナーたちの物語を描く。勇者たちの過去と犠牲を描く作品。バトルと悲劇、癒しが特徴で、重厚な雰囲気。"
727,primary,ja-JP,ひなこのーと,"""ひなこのーと"" は同名漫画をアニメ化。女優になるため上京した少女・ひなこが、古書店で新たな生活を始める。日常と癒し、群像劇が特徴で、ひなこたちの掛け合いが温かい。"
728,primary,ja-JP,ルパン三世 血煙の石川五ェ門,"""ルパン三世 血煙の石川五ェ門"" は『ルパン三世』のスピンオフアニメ。剣士・石川五ェ門の物語を描く。敵との対決で剣士の誇りを見せる五ェ門。剣士と冒険、熱さが特徴で、時代の香り漂う画風。"
729,primary,ja-JP,クレヨンしんちゃん,"""クレヨンしんちゃん"" は幼稚園児・野原しんのすけの日常を描く名作コメディアニメ。両親や友達との可笑しな生活がギャグに満ちている。コメディと家族、日常が特徴で、しんちゃんのナンセンスな行動が笑いを誘う。"
730,primary,ja-JP,ちびまる子ちゃん,"""ちびまる子ちゃん"" は小学3年生のまる子の日常を描く名作アニメ。家族や同級生との生活が温かくて可笑しい。日常と家族、癒しが特徴で、温かい雰囲気。まる子の子供時代の思い出がノスタルジック。"
731,primary,ja-JP,東方夢想夏郷,"""東方夢想夏郷"" は東方Projectの同人アニメ。幻想郷の少女たちの日常を描く。幻想郷のキャラクターと弾幕が特徴で、可愛い作画と明るい雰囲気。"
732,primary,ja-JP,映画ドラえもん のび太の南極カチコチ大冒険,"""映画ドラえもん のび太の南極カチコチ大冒険"" はドラえもん映画。のび太と仲間たちの南極での冒険。南極の金のリングを巡り、のび太とドラえもんが氷の大地で大冒険を繰り広げる。冒険とSF、友情をテーマに、楽しい雰囲気と感動的な結末。"
733,primary,ja-JP,聲の形,"""聲の形"" は大今良時の同名漫画をアニメ化。耳の聞こえない少女・西宮硝子と少年・石田将也の物語。幼少期に硝子をいじめた罪悪感を背負う将也は、高校で再会し償いを求める。学園と成長、癒しをテーマに、繊細な映像。"
734,primary,ja-JP,POP IN Q,"""POP IN Q"" はダンスで世界を救う5人の少女を描くオリジナル映画アニメ。ダンスの力で異世界を冒険する少女たち。音楽とダンス、青春が特徴で、華やかな映像と感動的な楽曲。"
735,primary,ja-JP,好きになるその瞬間を。〜告白実行委員会〜,"""好きになるその瞬間を。〜告白実行委員会〜"" は『告白実行委員会』シリーズの映画。高校生たちの恋愛を描く。瀬戸口優と成海聖奈の恋愛を巡る作品。恋愛と青春、音楽が特徴で、繊細な映像と感動的な瑞々しい感情。"
736,primary,ja-JP,機動戦士ガンダム サンダーボルト BANDIT FLOWER,"""機動戦士ガンダム サンダーボルト BANDIT FLOWER"" は『機動戦士ガンダム サンダーボルト』の続編。連邦とジオンの宇宙戦争が続く。サンダーボルト宙域の戦いを巡る作品。メカバトルと戦争、群像劇が特徴で、残酷なバトルシーン。"
737,primary,ja-JP,僕のヒーローアカデミア,"""僕のヒーローアカデミア"" 第2期は第1期の続編。緑谷出久の雄英高校でのヒーローへの道が続く。今期は体育祭とヒーロー殺し編が展開し、出久とクラスメイトたちの成長が見どころ。ヒーローと熱さ、成長をテーマに、華麗なバトルシーン。"
738,primary,ja-JP,進撃の巨人,"""進撃の巨人"" 第2期は第1期の続編。エレンと調査兵団の戦いが続く。今期は巨人化の真実とライナーの裏切りを巡る。バトルとサスペンス、絶望をテーマに、制作が洗練されている。"
739,primary,ja-JP,ハイスクール・フリート OVA,"""ハイスクール・フリート OVA"" は『ハイスクール・フリート』のOVA。少女たちの艦艇日常サイドストーリー。軽妙なサイドストーリーに焦点を当てた作品。艦艇と学園、群像劇が特徴で、楽しい雰囲気。"
740,primary,ja-JP,冴えない彼女の育てかた♭,"""冴えない彼女の育てかた♭"" は『冴えない彼女』の第2期。安芸倫也のギャルゲー制作日常が続く。今期は英梨々と詩羽の葛藤が深まり、倫也の恋愛線が転機を迎える。恋愛とツッコミ、業界が特徴で、繊細な演出と深い感情描写。"
741,primary,ja-JP,ソード・オラトリア ダンジョンに出会いを求めるのは間違っているだろうか 外伝,"""ソード・オラトリア ダンジョンに出会いを求めるのは間違っているだろうか 外伝"" は『ダンメモ』のスピンオフ。剣姫アイズの物語を描く。アイズの視点から、彼女の過去とファミリアでの戦いを描く作品。ファンタジーと冒険、バトルが特徴。"
742,primary,ja-JP,サクラダリセット,"""サクラダリセット"" は同名小説をアニメ化。願いが叶う町・桜ヶ丘で、記憶保持能力の浅井ケイとリセット能力の春埼美空が協力して事件を解決する。超能力とサスペンス、ミステリーが特徴で、冷静で理知的な雰囲気。"
743,primary,ja-JP,アイドルマスター シンデレラガールズ劇場,"""アイドルマスター シンデレラガールズ劇場"" は『シンデレラガールズ』の短編アニメ。アイドルたちのQ版日常。アイドルとコメディ、日常が特徴で、可愛い作画と短い尺。"
744,primary,ja-JP,クロックワーク・プラネット,"""クロックワーク・プラネット"" は同名ライトノベルをアニメ化。歯車が支配する世界で、少年・見浦ナオトが歯車の少女リューズと出会う。SFと機械、冒険が特徴で、ナオトとリューズの冒険が楽しい。"
745,primary,ja-JP,ロクでなし魔術講師と禁忌教典,"""ロクでなし魔術講師と禁忌教典"" は同名ライトノベルをアニメ化。自堕落と自称する魔術講師グレンは実は強い力を持つ。学園と魔法、熱さが特徴で、グレンの怠惰な外見と窮地での強さのギャップが際立つ。"
746,primary,ja-JP,フレームアームズ・ガール,"""フレームアームズ・ガール"" は同名プラモデルシリーズをアニメ化。少女・轟雷がフレームアームズガールとなり、パートナーたちと戦い、暮らす。メカとバトル、日常が特徴で、プラモデルを擬人化。"
747,primary,ja-JP,アリスと蔵六,"""アリスと蔵六"" は同名漫画をアニメ化。不思議な力を持つ少女・紗名が研究所を逃げ出し、老人・蔵六と出会う。ファンタジーと癒し、日常が特徴で、紗名と蔵六の掛け合いが温かい。"
748,primary,ja-JP,恋愛暴君,"""恋愛暴君"" は同名漫画をアニメ化。高校生・藍野青司は天使と自称する少女にキスを強要され、天使や死神の少女との三角関係に巻き込まれる。コメディと恋愛、ファンタジーが特徴で、テンポの良い展開と密集した笑い。"
749,primary,ja-JP,エロマンガ先生,"""エロマンガ先生"" は同名ライトノベルをアニメ化。ラノベ作家・和泉正宗と引きこもりの妹・紗霧が一緒に小説を作る。イラストレーター「エロマンガ先生」である紗霧は人と関わりたがらない。ラノベ業界とコメディ、兄妹愛が特徴。"
750,primary,ja-JP,終末なにしてますか? 忙しいですか? 救ってもらっていいですか?,"""終末なにしてますか? 忙しいですか? 救ってもらっていいですか?"" は同名ライトノベルをアニメ化。人類が滅びた世界で、最後の人類ウィレムが兵器の少女たちと出会う。少女たちの世話をする中で温かさを取り戻すウィレム。ファンタジーと悲劇、涙をテーマに、重厚で感動的な雰囲気。"
751,primary,ja-JP,月がきれい,"""月がきれい"" は中学生の安昙小太郎と水野茜の初恋を描くオリジナルアニメ。同じ学校に入学したことで出会った二人は、何気ない日常の中で内気な想いを少しずつ芽生えさせる。恋愛と青春、日常が特徴で、落ち着いた温かい雰囲気。思春期のときめきの描写が繊細で感動的。"
752,primary,ja-JP,つぐもも,"""つぐもも"" は同名漫画をアニメ化。普通の少年・加賀見一也が父の遺した着物の付喪神・桐葉と出会い、主人としての責任を学び始める。バトルとファンタジー、ハーレムが特徴で、一也と桐葉の掛け合いが楽しく、バトルシーンが華麗。"
753,primary,ja-JP,ゼロから始める魔法の書,"""ゼロから始める魔法の書"" は同名ライトノベルをアニメ化。獣人の傭兵が魔女ゼロと出会い、魔法書を探す旅に出る。強力だが変わり者の魔女ゼロと傭兵のコンビネーションがコメディに満ちている。ファンタジーと冒険、ユーモアが特徴で、壮大な世界観。"
754,primary,ja-JP,サクラクエスト,"""サクラクエスト"" は田舎町の王様になる少女を描くオリジナルアニメ。間野山の町の観光大使になった吉野ヨシノが、村おこしで成長していく。日常と職場、群像劇が特徴で、温かい雰囲気。ヨシノと村人たちの掛け合いが癒しに満ちている。"
755,primary,ja-JP,信長の忍び 伊勢・金ヶ崎篇,"""信長の忍び 伊勢・金ヶ崎篇"" はシリーズの続編。くノ一ちどりと織田信長の物語が続く。伊勢・金ヶ崎の戦いを巡る作品。戦国とコメディ、日常が特徴で、短いエピソードとテンポの良い展開。"
756,primary,ja-JP,境界のRINNE,"""境界のRINNE"" 第3期はシリーズの続編。真宮桜と半死神の六道りんねが幽霊を成仏させる手助けを続ける。今期は新たなオカルト事件とキャラクターが登場。オカルトとコメディ、日常が特徴で、高橋留美子らしいコメディテイストが通底する。"
757,primary,ja-JP,夏目友人帳 陸,"""夏目友人帳 陸"" はシリーズの第6期。少年・夏目貴志の妖怪との出会いが続く。今期も貴志はニャンコ先生と共に友人帳の名前を妖怪に返していく。妖怪と癒し、日常が特徴で、優しい雰囲気。一話完結の物語が心を温める癒しアニメの名作。"
758,primary,ja-JP,快盗天使BREAK,これは怪盗エンジェルの戦いを描くシリーズアニメ。怪盗活動の中で陰謀を暴く少女たち。魔法少女とバトル、コメディが特徴で、明るい雰囲気。
759,primary,ja-JP,正解するカド,"""正解するカド"" はオリジナルアニメ。謎の立方体が降臨した後、政府高官・真道幸路朗が異次元からの来訪者と対話する。SFと政治、哲学が特徴で、コミュニケーションと文明のテーマを探求する。知的な議論に満ちた異色のSF作品。"
760,primary,ja-JP,武装少女マキャベリズム,"""武装少女マキャベリズム"" は同名漫画をアニメ化。転校生・納村不道が愛地共生学園の武装少女たちの襲撃を受ける。学園とバトル、ハーレムが特徴で、不道と武装少女たちの対決が楽しく、サービス要素が豊富。"
761,primary,ja-JP,有頂天家族,"""有頂天家族"" 第2期は第1期の続編。狸の家族の物語が続く。今期は狸と天狗の確執を巡る。ファンタジーと群像劇、温かさが特徴で、独特の雰囲気。京都の描写が魅力で、キャラクターの絆が感動的。"
762,primary,ja-JP,莉露莉露妖精莉露～魔法之镜～,これは女児向けアニメ。妖精の少女たちの冒険が続く。魔法の鏡を通して新たな活動を繰り広げる妖精たち。魔法と日常、癒しが特徴で、可愛い作画と温かい雰囲気。
763,primary,ja-JP,Re:CREATORS,"""Re:CREATORS"" は創作物が現実世界と交差する物語を描くオリジナルアニメ。創作されたキャラクターたちが現実世界にやってきて、クリエイターたちと対話する。SFと群像劇、哲学が特徴で、創造の意味を探求する。"
764,primary,ja-JP,笑ゥせぇるすまんNEW,"""笑ゥせぇるすまんNEW"" は人間に欲望を売るセールスマン・喪黒福造を描く短編アニメ。福造は様々な方法で人々を欲望の罠に誘う。風刺とグロテスク、都市伝説が特徴で、レトロな画風とダークな雰囲気。"
765,primary,ja-JP,高校星歌劇,"""高校星歌劇"" 第2期は第1期の続編。綾薙学園音楽科の生徒たちの成長が続く。今期も少年たちが音楽の道で新たな挑戦に臨む。音楽と青春、群像劇が特徴で、感動的な歌とダンスシーン。"
766,primary,ja-JP,ID-0,"""ID-0"" は宇宙の鉱山でメカに乗る少年たちの物語を描くオリジナルアニメ。主人公の宇宙での冒険と自分の正体の謎が交錯する。SFとメカバトル、群像劇が特徴で、洗練された3DCG映像。"
767,primary,ja-JP,覆面系ノイズ,"""覆面系ノイズ"" は同名漫画をアニメ化。歌が好きな少女・ニノが幼馴染を探すため音楽の旅に出る。音楽と恋愛、青春が特徴で、ニノの歌声が感動的。キャラクターの感情の葛藤が繊細で感動的。"
768,primary,ja-JP,カブキブ!,"""カブキブ!"" は同名小説をアニメ化。少年・黒悟は歌舞伎部の設立に奔走し、部員たちと歌舞伎を学ぶ。歌舞伎と青春、群像劇が特徴で、伝統芸能と青春を融合。"
769,primary,ja-JP,アイドルタイムプリパラ,"""アイドルタイムプリパラ"" はシリーズの続編。少女たちのアイドル活動が続く。新主人公と新ステージが登場し、アイドルタイムで夢を追う少女たち。華やかなステージ演出と可愛いキャラクター、音楽が特徴。"
770,primary,ja-JP,世界之暗图鉴,これは世界の闇を巡る少年の怪異を描く短編ホラーアニメ。調査の中で様々な不気味な出来事に出会う主人公。ホラーとサスペンス、グロテスクが特徴で、不気味な雰囲気。
771,primary,ja-JP,与僧侣交合的色欲之夜,これは同名漫画をアニメ化。少女と幼馴染の僧侶の恋愛を描く。恋愛とアダルト、日常が特徴で、アンニュイな雰囲気と二人の緊張感ある掛け合い。
772,primary,ja-JP,王室教師ハイネ,"""王室教師ハイネ"" は同名漫画をアニメ化。王室教師ハイネが4人の王子の教育を担当し、独自の方法で成長を導く。教育とコメディ、日常が特徴で、ハイネの知恵と王子たちの成長が見どころ。"
773,primary,ja-JP,BORUTO-ボルト- NARUTO NEXT GENERATIONS,"""BORUTO-ボルト- NARUTO NEXT GENERATIONS"" は『NARUTO』の続編。ナルトの息子・うずまきボルトの成長を描く。ボルトは忍者学校で学び、パートナーたちと新たな冒険に出発する。忍術と熱さ、群像劇が特徴で、華麗なバトルシーン。"
774,primary,ja-JP,不要输！！恶之军团！,これは悪の軍団と少女の日常を描く短編アニメ。少女との掛け合いで悪の軍団が様々な笑いを起こす。コメディと日常、ツッコミが特徴で、短いエピソードとテンポの良い展開。
775,primary,ja-JP,爱米 -WE LOVE RICE-,これは米を擬人化し、米のアイドル物語を描く短編アニメ。アイドルになる過程で可笑しな日常を繰り広げる米たち。擬人化とアイドル、コメディが特徴で、可愛い作画と短いエピソード。
776,primary,ja-JP,ベルセルク,"""ベルセルク"" はシリーズの続編。ガッツとグリフィスの悲劇が続く。鷹の団とゴッドハンドの過去を巡る作品。ダークファンタジーと残酷な戦い、深いテーマで知られ、映像が洗練された重厚な空気感。"
777,primary,ja-JP,神撃のバハムート VIRGIN SOUL,"""神撃のバハムート VIRGIN SOUL"" は第1期の続編。人間・神・悪魔の戦争が続く。新主人公とバハムートの力を巡る作品。ファンタジーと戦争、群像劇が特徴で、高品質な制作と華麗な映像。"
778,primary,ja-JP,喧哗番长 乙女 Girl Beats Boys,これは同名ゲームをアニメ化。女の子が男装して男子校に入り、喧嘩に明け暮れる学園生活を送る。コメディとバトル、男装が特徴で、明るい雰囲気。
779,primary,ja-JP,Room Mate,"""Room Mate"" は『One Room』の男性版。一人称視点でイケメンたちとの日常を描く。主人公の視点から男性キャラクターたちと交流する視聴者。日常と恋愛、癒しが特徴で、洗練された作画と温かい雰囲気。"
780,primary,ja-JP,sin 七つの大罪,"""sin 七つの大罪"" は同名プロジェクトをアニメ化。七つの大罪の魔王と女神たちの戦いを描く。堕天使が魔王として登場。バトルとサービス、パロディが特徴で、華麗な作画とサービス要素が豊富。"
781,primary,ja-JP,アトム ザ・ビギニング,"""アトム ザ・ビギニング"" は同名漫画をアニメ化。アトムが生まれる前の物語を描く。天才科学者・天馬とお茶の水に焦点を当て、ロボット工学の黎明の物語を描く作品。SFと熱さ、友情が特徴で、熱さと温かさが融合した雰囲気。"
782,primary,ja-JP,猫猫にほんし,"""猫猫にほんし"" 第2期は第1期の続編。猫に擬人化して日本史を描く。歴史上の人物が可愛い猫キャラクターとして登場。歴史とコメディ、教育が特徴で、軽妙な日常の中で日本の歴史を普及する。"
783,primary,ja-JP,銀の墓守り,"""銀の墓守り"" は墓守りの少年・陸水銀の物語を描く日中合作アニメ。ゲームの世界で冒険を繰り広げる水銀。ゲームとバトル、熱さが特徴で、華麗なバトルシーン。"
784,primary,ja-JP,ゆゆ式 OVA,"""ゆゆ式 OVA"" は『ゆゆ式』のOVA。情報処理部の少女たちの日常サイドストーリー。軽妙な日常に焦点を当てた作品。日常と癒し、コメディが特徴で、可愛い作画と明るい雰囲気。"
785,primary,ja-JP,商人之星的小比索,これは商人の少年ピソの冒険を描く短編アニメ。売買を通して楽しい旅を繰り広げるピソ。商人と冒険、コメディが特徴で、可愛い作画と短いエピソード。
786,primary,ja-JP,扩张少女系Trinary,これは少女たちと謎の存在の戦いを描く短編アニメ。拡張する世界で戦う少女たち。バトルとSF、群像劇が特徴で、短い尺に独特の雰囲気。
787,primary,ja-JP,モンスター娘のいる日常 OAD,"""モンスター娘のいる日常 OAD"" は『モンスター娘』のOVA。公人とモンスター娘たちの同居サイドストーリー。軽妙な日常に焦点を当てた作品。モンスター娘とハーレム、サービスが特徴で、斬新な設定とサービス満載。"
788,primary,ja-JP,結城友奈は勇者である 鷲尾須美の章 第2章 たましい,"""結城友奈は勇者である 鷲尾須美の章 第2章 たましい"" は『結城友奈は勇者である』の前日譚映画。鷲尾須美とパートナーたちの物語が続く。勇者たちの戦いと犠牲を描く作品。バトルと悲劇、癒しが特徴で、重厚な雰囲気。"
789,primary,ja-JP,青の祓魔師 OAD,"""青の祓魔師 OAD"" は『青の祓魔師』のOVA。奥村燐の日常サイドストーリー。軽妙な日常に焦点を当てた作品。祓魔とバトル、日常が特徴で、楽しい雰囲気。"
790,primary,ja-JP,干物妹! うまるちゃん OAD,"""干物妹! うまるちゃん OAD"" は『干物妹! うまるちゃん』のOVA。うまるのぐーたら日常サイドストーリー。軽妙な日常に焦点を当てた作品。日常とコメディ、兄妹愛が特徴で、可愛い作画。"
791,primary,ja-JP,遊☆戯☆王VRAINS,"""遊☆戯☆王VRAINS"" はネットワークの世界でデュエリストたちの戦いを描く『遊☆戯☆王』シリーズのアニメ。ネットワークシティでデュエルする少年・藤木遊作。カードと熱さ、デュエルが特徴で、華麗なデュエルシーン。"
792,primary,ja-JP,浪漫冒险,これは少年と少女のロマンチックな冒険を描く短編アニメ。恋愛と冒険、日常が特徴で、洗練された作画と温かい雰囲気。
793,primary,ja-JP,この世界の片隅に,"""この世界の片隅に"" は戦時中の広島の少女・すずの日常を描く映画アニメ。戦争の中ですずと家族が支え合い、優しい視点から戦争の残酷さと生活の温かさを描く。歴史と戦争、人間性が特徴で、繊細な映像。"
794,primary,ja-JP,ブラッククローバー OAD,"""ブラッククローバー OAD"" は『ブラッククローバー』のOVA。アスタと魔法騎士団のサイドストーリー。軽妙な日常に焦点を当てた作品。魔法と熱さ、群像劇が特徴で、楽しい雰囲気。"
795,primary,ja-JP,相对世界,これは現実世界と相対世界の戦いを描くオリジナルアニメ。二つの世界の交錯の中で冒険する少年たち。SFとバトル、群像劇が特徴で、独特の作画と華麗なバトルシーン。
796,primary,ja-JP,BLAME!,"""BLAME!"" は弐瓶勉の同名漫画をアニメ化。階層からなる巨大都市で、ネット端末遺伝子を探すため作業者キリイが冒険する。SFとポストアポカリプス、サスペンスが特徴で、冷たい雰囲気。"
797,primary,ja-JP,亜人 -衝激-,"""亜人 -衝激-"" は『亜人』シリーズの第3部映画。永井圭と佐藤の対決がクライマックスを迎える。圭と佐藤の最終決戦が展開する作品。SFとサスペンス、アクションが特徴で、衝撃的な亜人の設定とバトルシーン。"
798,primary,ja-JP,雏逻辑 〜from Luck ＆ Logic〜,これは少女たちの日常を描く短編アニメ。学園での少女たちの掛け合いが温かい。日常と癒し、コメディが特徴で、可愛い作画と明るい雰囲気。
799,primary,ja-JP,機動戦士ガンダム Twilight AXIS,"""機動戦士ガンダム Twilight AXIS"" はアクシズを巡る秘密作戦を描くガンダムシリーズのアニメ。ネオ・ジオンの残骸を巡る作品。メカバトルとサスペンス、群像劇が特徴で、華麗なバトルシーンと緊張感のある展開。"
800,primary,ja-JP,サザエさん,"""サザエさん"" は磯野家の日常を描く名作長寿アニメ。サザエさんと家族、ご近所の温かい日常が人情に満ちている。日常と家族、癒しが特徴で、温かい雰囲気。"
801,primary,ja-JP,食戟のソーマ OAD,"""食戟のソーマ OAD"" は『食戟のソーマ』のOVA。幸平創真の料理サイドストーリー。軽妙な日常に焦点を当てた作品。食と熱さ、競技が特徴で、食欲をそそる料理描写。"
802,primary,ja-JP,アイカツスターズ!,"""アイカツスターズ!"" 2年目はシリーズの続編。スターライト学園の少女たちのアイドル生活が続く。新たな挑戦を通して成長する少女たち。華やかなステージ演出とファッションコーディネート、夢追う少女たちが特徴。"
803,primary,ja-JP,NEW GAME!!,"""NEW GAME!!"" は『NEW GAME!』の第2期。新米ゲーム開発者・涼風青葉の職場生活が続く。今期は青葉と先輩たちがゲーム開発で新たな挑戦に臨む。職場と日常、癒しが特徴で、ゲーム業界の日常を生き生きと描く。"
804,primary,ja-JP,战斗女子高校,これは同名ゲームをアニメ化。戦闘高校の少女たちの戦いを描く。学園で訓練し、謎の敵と戦う少女たち。学園とバトル、群像劇が特徴で、華麗なバトルシーン。
805,primary,ja-JP,将国のアルタイル,"""将国のアルタイル"" は同名漫画をアニメ化。戦乱の世界で平和を求める若き将軍マフムート。戦争と政治、群像劇が特徴で、マフムートの知恵と仁徳が魅力。"
806,primary,ja-JP,ナイツ&マジック,"""ナイツ&マジック"" は同名ライトノベルをアニメ化。メカ好きの少年が転生し、異世界で魔法機械に乗る。メカバトルとファンタジー、熱さが特徴で、エルニのメカへの執着が見どころ。"
807,primary,ja-JP,ボールルームへようこそ,"""ボールルームへようこそ"" は同名漫画をアニメ化。少年・藤田多々良が偶然社交ダンスに触れ、ダンスの道を歩み始める。ダンスと青春、熱さが特徴で、ダンスシーンが緊張感に満ちている。"
808,primary,ja-JP,潔癖男子! 青山くん,"""潔癖男子! 青山くん"" は同名漫画をアニメ化。天才サッカー少年・青山くんは重度の潔癖症で、体の接触が嫌い。サッカーとコメディ、日常が特徴で、青山くんとチームメイトの掛け合いがコメディに満ちている。"
809,primary,ja-JP,アホガール,"""アホガール"" は同名漫画をアニメ化。超バカな少女・花畑よしこはバナナとクラス委員長にしか興味がない。コメディと日常、ツッコミが特徴で、よしこのバカな行動が笑いを誘う。"
810,primary,ja-JP,徒然チルドレン,"""徒然チルドレン"" は同名漫画をアニメ化。複数のカップルの視点から高校生たちの恋愛を描く。恋愛と群像劇、コメディが特徴で、各カップルの掛け合いが甘さに満ちている。"
811,primary,ja-JP,RWBY Volume 1-3: The Beginning,"""RWBY Volume 1-3: The Beginning"" は『RWBY』シリーズの総集編。グリムと戦う少女たちの物語を描く。前シーズンのプロットを振り返る作品。バトルと群像劇、ファンタジーが特徴で、華麗なアクションシーン。"
812,primary,ja-JP,異世界食堂,"""異世界食堂"" は同名ライトノベルをアニメ化。異世界に存在する食堂・洋食のねこやが毎週土曜日に異世界からの客を迎える。食と異世界、一話完結が特徴で、様々な異世界の種族の食事物語を温かく面白く描く。"
813,primary,ja-JP,はじめてのギャル,"""はじめてのギャル"" は同名漫画をアニメ化。童貞の高校生・羽柴純一は童貞を卒業するためギャルの八女由佳奈に告白する。恋愛とコメディ、サービスが特徴で、純一とギャルたちの掛け合いがコメディに満ちている。"
814,primary,ja-JP,ようこそ実力至上主義の教室へ,"""ようこそ実力至上主義の教室へ"" は同名ライトノベルをアニメ化。実力主義の高度育成高等学校で、学生・綾小路清隆が実力を隠している。学園と心理戦、群像劇が特徴で、清隆の冷静さと知恵が魅力。"
815,primary,ja-JP,ゲーマーズ!,"""ゲーマーズ!"" は同名ライトノベルをアニメ化。ゲーム好きの主人公・雨野景太とゲーム部の少女たちのラブコメ。ゲームと恋愛、誤解が特徴で、キャラクターの感情の錯綜がコメディに満ちている。"
816,primary,ja-JP,Fate/Apocrypha,"""Fate/Apocrypha"" はFateシリーズのアニメ。大聖杯戦争の物語。赤と黒の陣営のサーヴァントを巡る作品。ジークとジーン・ダルクの出会いが通底する。Fateの世界観とバトル、群像劇が特徴。"
817,primary,ja-JP,プリンセス・プリンシパル,"""プリンセス・プリンシパル"" は架空のロンドンを舞台にスパイの少女たちを描くオリジナルアニメ。5人の少女がスパイとして任務を遂行する。スパイと群像劇、スチームパンクが特徴で、クールで優雅な雰囲気。"
818,primary,ja-JP,メイドインアビス,"""メイドインアビス"" は同名漫画をアニメ化。大穴のアビスで、少女リコが洞穴探検家を目指し、ロボットの少年レグと冒険に出発する。冒険とファンタジー、ダークさが特徴で、アビスの謎と残酷さが層状に明かされる。"
819,primary,ja-JP,活撃 刀剣乱舞,"""活撃 刀剣乱舞"" は歴史修正主義者と戦う刀剣男士を描く刀剣擬人化アニメ。シリアスな戦いに焦点を当て、歴史を守るため刀剣たちが戦う。刀剣擬人化とバトル、熱さが特徴で、華麗なバトルシーン。"
820,primary,ja-JP,最遊記RELOAD BLAST,"""最遊記RELOAD BLAST"" はシリーズの続編。玄奘三蔵と仲間たちの西遊記の旅が続く。旅の途中で新たな敵に立ち向かう三蔵一行。ファンタジーと熱さ、群像劇が特徴で、華麗な作画。"
821,primary,ja-JP,戦姫絶唱シンフォギアAXZ,"""戦姫絶唱シンフォギアAXZ"" は『シンフォギア』シリーズのアニメ。歌の力で戦うシンガーたち。新たな敵と装備を巡る作品。音楽とバトル、熱さが特徴で、感動的な楽曲と華麗なバトルシーン。"
822,primary,ja-JP,地獄少女 宵伽,"""地獄少女 宵伽"" は『地獄少女』シリーズのアニメ。地獄少女・閻魔あいが依頼を受け続ける。新たな依頼人を巡る作品。オカルトとダークさ、一話完結が特徴で、不気味な雰囲気。"
823,primary,ja-JP,天使の3P!,"""天使の3P!"" は同名ライトノベルをアニメ化。引きこもりの少年・リュートが小学生のバンドのプロデューサーを務める。音楽と幼女、日常が特徴で、リュートと少女たちの音楽活動が温かい。"
824,primary,ja-JP,賭ケグルイ,"""賭ケグルイ"" は同名漫画をアニメ化。ギャンブルが崇拝される百花王学園で、転校生の蛇喰夢子がギャンブルを楽しむ。ギャンブルと心理戦、狂気が特徴で、夢子のギャンブルスタイルが圧巻。"
825,primary,ja-JP,妖怪公寓的优雅日常,これは同名小説をアニメ化。高校生・稲葉夕士が心霊マンションで新生活を始め、幽霊たちと日常を過ごす。幽霊と日常、癒しが特徴で、夕士と幽霊たちの掛け合いが温かい。
826,primary,ja-JP,恋と嘘,"""恋と嘘"" は同名漫画をアニメ化。結婚相手が政府によって決められる世界で、少年・根島由佳吏は幼馴染が好き。恋愛とSF、青春が特徴で、制度と感情の間で悩む由佳吏の姿が見どころ。"
827,primary,ja-JP,冰海精灵之灯,これはクリオネの物語を描く短編アニメ。北極海で、クリオネと少女の出会いが夢幻的。ファンタジーと癒し、自然が特徴で、繊細な映像と静かな雰囲気。
828,primary,ja-JP,魔法陣グルグル,"""魔法陣グルグル"" は同名漫画をアニメ化。勇者ニケと魔女っ子ククリの冒険がコメディに満ちている。魔王討伐の道で様々な笑いを起こす二人。ファンタジーと冒険、コメディが特徴で、童心にあふれた冒険作品。"
829,primary,ja-JP,バチカン奇跡調査官,"""バチカン奇跡調査官"" は同名小説をアニメ化。バチカンで、二人の神父が奇跡の真偽を調査する。宗教とサスペンス、推理が特徴で、調査中に様々な不気味な出来事に出会う。"
830,primary,ja-JP,美男战国 穿越时空的爱恋,これは同名ゲームをアニメ化。少女が戦国時代にタイムスリップし、武将たちと恋に落ちる。恋愛とタイムスリップ、群像劇が特徴で、華やかな雰囲気。
831,primary,ja-JP,クロノス・ルーラー,"""クロノス・ルーラー"" は同名漫画をアニメ化。時間が支配する世界で、時間狩人ヴィクターと仲間たちが時間を喰う怪物を狩る。ファンタジーと冒険、熱さが特徴で、ヴィクターの過去と時間の真実が層状に明かされる。"
832,primary,ja-JP,裙子下的野兽,これは少女と年上の男性の恋愛を描く短編アダルト向けアニメ。恋愛とアダルト、日常が特徴で、アンニュイな雰囲気と緊張感ある掛け合い。
833,primary,ja-JP,闇芝居,"""闇芝居"" 第5期は紙芝居形式で様々な怪談を語るホラー短編アニメシリーズ。ノスタルジックな画風とグロテスクなプロット、背筋が凍る雰囲気で知られ、数分で強い恐怖感を生む。"
834,primary,ja-JP,ナナマル サンバツ,"""ナナマル サンバツ"" は同名漫画をアニメ化。クイズ好きの少年・越山識が学園でパートナーたちとクイズ競技を繰り広げる。クイズと競技、熱さが特徴で、クイズ対決を緊張感あふれるものに描く。"
835,primary,ja-JP,捏造陷阱 -NTR-,これは同名漫画をアニメ化。二人の少女はそれぞれ彼氏がいるが、密かに友情を超えた関係を築いていく。恋愛と百合、心理が特徴で、アンニュイで息苦しい雰囲気。
836,primary,ja-JP,DIVE!!,"""DIVE!!"" は同名小説をアニメ化。少年・坂井知季はオリンピック出場を目標にダイビング部に入部する。ダイビングとスポーツ、熱さが特徴で、ダイビングシーンが美しい。"
837,primary,ja-JP,コンビニカレシ,"""コンビニカレシ"" は同名プロジェクトをアニメ化。コンビニを舞台にした少年少女の恋愛日常。恋愛と日常、群像劇が特徴で、青春の雰囲気。"
838,primary,ja-JP,动作女主 水果应援团,これはアクションヒロインとして戦う少女たちを描くオリジナルアニメ。街を守るため戦いながらアイドルになる少女たち。バトルとアイドル、群像劇が特徴で、明るい画風。
839,primary,ja-JP,18if,"""18if"" は同名ゲームをアニメ化。夢の世界を冒険する少年を描く。夢探偵が少女たちの夢を巡る旅をする。ファンタジーとサスペンス、群像劇が特徴で、多様なエピソード。"
840,primary,ja-JP,ひとりじめマイヒーロー,"""ひとりじめマイヒーロー"" は同名漫画をアニメ化。ヤンキーの勢多川正広と教師の大柴康介の恋愛を描く。BL恋愛と日常、温かさが特徴で、正広と康介の感情の変化が繊細で感動的。"
841,primary,ja-JP,セントールの悩み,"""セントールの悩み"" は同名漫画をアニメ化。ケンタウロスなどの亜人が共存する世界で、少女・君原姫乃の日常。日常と群像劇、ファンタジーが特徴で、種族と社会のテーマを探求。"
842,primary,ja-JP,異世界はスマートフォンとともに。,"""異世界はスマートフォンとともに。"" は同名ライトノベルをアニメ化。少年・望月冬夜は死後スマートフォンを得て異世界に転生する。異世界とハーレム、ライトアドベンチャーが特徴で、冬夜の強さとハーレム生活が見どころ。"
843,primary,ja-JP,狐妖小红娘,"""狐妖小红娘"" は前世の恋人たちの恋物語を描く中国アニメ。塗山の狐妖たちが人と妖の恋人たちの転生と縁結びを助ける。恋愛とファンタジー、一話完結が特徴で、感動的な物語。"
844,primary,ja-JP,野良和皇女和流浪猫之心,これは同名ゲームをアニメ化。少年ノラと魔女の姫の可笑しな日常を描く。コメディと日常、魔女が特徴で、可愛い作画と短いエピソード。
845,primary,ja-JP,映画プリキュアドリームスターズ!,"""映画プリキュアドリームスターズ!"" はプリキュアシリーズの映画。シリーズの少女たちが一堂に会する。作品を越えて協力する少女たち。魔法少女とバトル、群像劇が特徴で、華麗な変身とバトルシーン。"
846,primary,ja-JP,君の名は。,"""君の名は。"" は新海誠の映画アニメ。少年・立花瀧と少女・宮水三葉が夢の中で入れ替わり、時空を超えた物語が展開する。恋愛とファンタジー、運命が特徴で、映像が極めて美しい。"
847,primary,ja-JP,黒執事 Book of the Atlantic,"""黒執事 Book of the Atlantic"" は『黒執事』の映画。豪華客船でのシエルとセバスチャンの冒険。船上の不気味な事件を巡る作品。ファンタジーとサスペンス、ダークさが特徴で、優雅でダークな雰囲気。"
848,primary,ja-JP,劇場版 艦これ,"""劇場版 艦これ"" は『艦隊これくしょん』の映画。艦娘たちの戦いと日常。新海域と敵の脅威を巡る作品。艦娘とバトル、群像劇が特徴で、可愛い作画。"
849,primary,ja-JP,ひるね姫〜知らないワタシの物語〜,"""ひるね姫〜知らないワタシの物語〜"" は夢の中を冒険する少女・森川ココネを描く映画アニメ。昼寝中に夢の世界へ入るココネが現実世界の陰謀と交錯する。SFと冒険、家族が特徴で、繊細な映像。"
850,primary,ja-JP,劇場版 ソードアート・オンライン -オーディナル・スケール-,"""劇場版 ソードアート・オンライン -オーディナル・スケール-"" は『ソードアート・オンライン』の映画。ARゲーム・オーディナル・スケールでのキリトと仲間たちの冒険。新ゲームと謎の事件を巡る作品。SFとバトル、絆が特徴。"
851,primary,ja-JP,ノラガミ ARAGOTO,"""ノラガミ ARAGOTO"" は『ノラガミ』の第2期。夜トと一岐ひよりの戦いが続く。今期は夜トの過去と毘沙門天の因縁を巡る作品。ファンタジーとバトル、熱さが特徴で、夜トの選択と成長が見どころ。"
852,primary,ja-JP,数码宝贝大冒险 tri. 第五章「共生」,これは物語を紡ぐ少女と青年の恋愛を描く短編アダルト向けアニメ。恋愛とアダルト、日常が特徴で、アンニュイな雰囲気と緊張感ある掛け合い。
853,primary,ja-JP,トリアージX,"""トリアージX"" は同名漫画をアニメ化。黒服の少年と戦うテロリストの物語。自警団で戦う少年・嵐が戦いの中で自分自身を見つける。バトルとアクション、ダークさが特徴で、華麗なバトルシーン。"
854,primary,ja-JP,警視庁 特務部 特殊凶悪犯対策室 第七課 -トクナナ-,"""警視庁 特務部 特殊凶悪犯対策室 第七課 -トクナナ-"" は特殊凶悪犯罪を扱う特捜部の物語を描くオリジナルアニメ。怪異と戦いながら事件を捜査する刑事たち。刑事とファンタジー、群像劇が特徴で、独特の世界観。"
855,primary,ja-JP,アウトブレイク・カンパニー,"""アウトブレイク・カンパニー"" は同名ライトノベルをアニメ化。オタクの青年・加納慎一は異世界に召喚され、文化普及の使命を帯びる。異世界とオタク文化、コメディが特徴で、異世界の冒険がコメディに満ちている。"
856,primary,ja-JP,GATE 自衛隊 彼の地にて、斯く戦えり,"""GATE 自衛隊 彼の地にて、斯く戦えり"" は異世界と現代日本の戦いを描く自衛隊のアニメ。東京にゲートが出現し、自衛隊が異世界で戦う。軍とファンタジー、群像劇が特徴で、異世界の探索と戦闘がスケール感たっぷり。"
857,primary,ja-JP,アイマリンプロジェクト Deep Blue Song,これはシリーズ第2期。戦闘の運命を背負う少女たちの物語が続く。クラスメイトと宿命を共にする少年が新たな戦いに挑む。バトルとファンタジー、ダークさが特徴で、息苦しい雰囲気。
858,primary,ja-JP,ダンガンロンパ3 -The End of 希望ヶ峰学園- 希望編,"""ダンガンロンパ3 -The End of 希望ヶ峰学園- 希望編"" は『ダンガンロンパ』シリーズの完結編。希望ヶ峰学園の物語の終焉。未来編と絶望編の結末を描く作品。サスペンスと推理、群像劇が特徴で、緊張感のある雰囲気。"
859,primary,ja-JP,GOD EATER,"""GOD EATER"" は同名ゲームをアニメ化。荒神と戦う戦士ゴッドイーターの物語。新型ゴッドイーター・空木レンカの成長を巡る作品。バトルとSF、ダークさが特徴で、華麗なアクションシーン。"
860,primary,ja-JP,6HP/六畳間の侵略者!?,"""6HP/六畳間の侵略者!?"" は同名ライトノベルをアニメ化。六畳間のアパートに様々な侵略者が現れる少年の物語。六畳間の部屋に女の子たちが侵入するコメディ。ハーレムとコメディ、魔法が特徴で、部屋の中の戦いが笑いを生む。"
861,primary,ja-JP,パンプキン・シザーズ,"""パンプキン・シザーズ"" は戦後国家の復興を描くアニメ。軍人・ランドールが除隊後、戦災復興庁の特殊小隊に所属する。戦争と日常、群像劇が特徴で、復興の裏にある真実が層状に明かされる。"
862,primary,ja-JP,終わりのセラフ,"""終わりのセラフ"" は同名漫画をアニメ化。人間を絶滅させたウイルスと吸血鬼を巡る作品。少年・百夜優一郎は吸血鬼を殺すため特殊部隊「月鬼ノ組」に参加する。ファンタジーとバトル、ダークさが特徴で、華麗なバトルシーン。"
863,primary,ja-JP,純潔のマリア,"""純潔のマリア"" は同名漫画をアニメ化。百年戦争の時代、魔女マリアが戦争を止めようと動き出す。戦争とファンタジー、ダークさが特徴で、マリアの選択と成長が見どころ。"
864,primary,ja-JP,ISUCA,"""ISUCA"" は同名漫画をアニメ化。霊能力を持つ高校生・浅野真一郎が除霊師・島津朔邪の助手になる。学園とオカルト、バトルが特徴で、朔邪と真一郎の掛け合いが明るい。"
865,primary,ja-JP,銃皇無尽のファフニール,"""銃皇無尽のファフニール"" は同名ライトノベルをアニメ化。竜の因子を持つ少女たちが集まる学園での物語。少年・物部悠が少女たちと竜と戦う。ファンタジーとバトル、ハーレムが特徴で、華麗なバトルシーン。"
866,primary,ja-JP,アブソリュート・デュオ,"""アブソリュート・デュオ"" は同名ライトノベルをアニメ化。パートナーと心を合わせて戦う「超越者」の物語。少年・九重透流がパートナーとバトルを繰り広げる。学園とバトル、ハーレムが特徴で、華麗なバトルシーン。"
867,primary,ja-JP,冴えない彼女の育てかた,"""冴えない彼女の育てかた"" は同名ライトノベルをアニメ化。オタクの安芸倫也は偶然出会った少女・加藤恵をヒロインにしたゲームを作る。学園と恋愛、オタク文化が特徴で、ゲーム制作の日常が生き生きと描かれる。"
868,primary,ja-JP,ローリング☆ガールズ,"""ローリング☆ガールズ"" は同名漫画をアニメ化。少女たちが地方を守るため旅をする。それぞれの夢と役割を抱えて冒険する少女たち。日常とバトル、群像劇が特徴で、明るい画風。"
869,primary,ja-JP,死亡遊行,"""死亡遊行"" は死後の世界で審判を下すバーテンダーを描くオリジナルアニメ。死者が到着するバー・クインデッキムでの審判を巡る作品。死と哲学、群像劇が特徴で、ダークで哲学的な雰囲気。"
870,primary,ja-JP,网络胜利组,これはジオラマと小箱で世界を表現する少女の物語を描くオリジナルアニメ。ジオラマの世界と現実の交錯を巡る作品。日常と癒し、SFが特徴で、繊細な映像。
871,primary,ja-JP,幸腹グラフィティ,"""幸腹グラフィティ"" は同名漫画をアニメ化。食べることが大好きな少女・町子リョウと友達のましろの食事の日常。料理と日常、癒しが特徴で、美しい料理描写が食欲をそそる。"
872,primary,ja-JP,デュラララ!!×2 転,"""デュラララ!!×2 転"" は『デュラララ!!』シリーズのアニメ。池袋の都市伝説と群像劇が続く。カラスとの再会と新たな事件を巡る作品。群像劇とサスペンス、ダークさが特徴で、複雑に絡み合うプロット。"
873,primary,ja-JP,七つの大罪,"""七つの大罪"" は同名漫画をアニメ化。罪人たちが王国を救うため冒険を繰り広げる。少女エリザベスと七つの大罪のメンバーの戦いを巡る作品。ファンタジー冒険と熱いバトル、仲間との絆が特徴で、華麗なバトルシーン。"
874,primary,ja-JP,異能バトルは日常系のなかで,"""異能バトルは日常系のなかで"" は同名ライトノベルをアニメ化。日常の高校で突然異能が目覚める物語。文芸部の部員たちが異能バトルを繰り広げる。学園とバトル、コメディが特徴で、異能を持つ少年少女の掛け合いが明るい。"
875,primary,ja-JP,クロスアンジュ 天使と竜の輪舞,"""クロスアンジュ 天使と竜の輪舞"" は竜を倒す戦士と未来の物語を描くオリジナルアニメ。新たな世界でアンジュの戦いと日常を描く作品。メカバトルとドラマ、熱さが特徴で、アンジュの選択と成長が見どころ。"
876,primary,ja-JP,十二大戦,"""十二大戦"" は同名小説をアニメ化。十二支の名を冠した12人の戦士が生死をかけた戦いを繰り広げる。バトルと群像劇、ダークさが特徴で、各戦士の背景が交錯し、重厚な雰囲気。"
877,primary,ja-JP,少女終末旅行,"""少女終末旅行"" は同名漫画をアニメ化。文明が崩壊した終末世界で、少女チトとユーリが装軌車で旅をする。ポストアポカリプスと日常、哲学が特徴で、廃墟を旅する二人の日常が孤独と温かさに満ちている。"
878,primary,ja-JP,相亲对象是强硬的问题学生,これは少女と問題児の恋愛を描く短編アダルト向けアニメ。恋愛とアダルト、日常が特徴で、アンニュイな雰囲気と緊張感ある掛け合い。
879,primary,ja-JP,ラブライブ! サンシャイン!!,"""ラブライブ! サンシャイン!!"" 第2期は第1期の続編。浦の星女学院のアイドル活動が続く。今期も千歌とパートナーたちがアイドルの道で新たな挑戦に臨む。音楽と夢追い、群像劇が特徴で、感動的な楽曲と華やかなステージ演出。"
880,primary,ja-JP,キノの旅,"""キノの旅"" は時雨沢恵一の小説をアニメ化。旅人キノと喋るバイクのエルメスが世界中を旅する。旅行と一話完結、哲学が特徴で、キノが各国で経験する物語が寓話に満ちている。"
881,primary,ja-JP,牙狼 -VANISHING LINE-,"""牙狼 -VANISHING LINE-"" は『牙狼』シリーズのアニメ。黄金騎士とホラーの戦いが続く。新たな黄金騎士の成長を巡る作品。和風ファンタジーと華麗なバトルが特徴で、圧巻のバトルシーン。"
882,primary,ja-JP,宝石の国,"""宝石の国"" は同名漫画をアニメ化。人類が滅んだ後の世界で、宝石人たちが月人と戦う。戦いの中で徐々に成長するフォスフォフィライト。SFとバトル、哲学が特徴で、洗練された3DCG映像。"
883,primary,ja-JP,魔法使いの嫁,"""魔法使いの嫁"" は同名漫画をアニメ化。家族に捨てられた少女・羽鳥チセは魔術師エリアスに買われ、その花嫁となる。ファンタジーと癒し、魔法が特徴で、魔法世界でのチセの成長とエリアスとの絆が通底する。"
884,primary,ja-JP,鬼灯の冷徹,"""鬼灯の冷徹"" 第2期は第1期の続編。地獄の日常が続く。鬼灯が地獄の様々な事務を処理し、閻魔大王や獄卒たちとの掛け合いがコメディに満ちている。コメディと日常、ブラックユーモアが特徴で、独創的な地獄の描写。"
885,primary,ja-JP,クジラの子らは砂上に歌う,"""クジラの子らは砂上に歌う"" は同名漫画をアニメ化。流砂の浮島で、感情を持つが短命の住人たち。ファンタジーと群像劇、哀愁が特徴で、鯨の子らの運命と感情が交錯する。"
886,primary,ja-JP,ブレンド・S,"""ブレンド・S"" は同名漫画をアニメ化。カフェ店員・桜ノ宮苺香はドSな性格で、カフェでドS役を演じる。日常とコメディ、群像劇が特徴で、カフェスタッフの掛け合いがコメディに満ちている。"
887,primary,ja-JP,干物妹! うまるちゃんR,"""干物妹! うまるちゃんR"" は『干物妹! うまるちゃん』の第2期。うまるのぐーたら日常が続く。今期はうまると兄・タイヘイの同居生活がより豊かに。日常とコメディ、兄妹愛が特徴で、可愛い作画と明るい雰囲気。"
888,primary,ja-JP,Infini-T Force,"""Infini-T Force"" はスーパーヒーローと謎の少女の戦いを描く3DCGアニメ。過去の世代のヒーローたちが集結し、新たな脅威と戦う。ヒーローとバトル、群像劇が特徴で、華麗な3DCG映像。"
889,primary,ja-JP,血界戦線 & BEYOND,"""血界戦線 & BEYOND"" は第1期の続編。ヘルサレムズ・ロットでのレオナルドの冒険が続く。新たな異界事件を巡る作品。ファンタジーとバトル、群像劇が特徴で、華麗なバトルシーン。"
890,primary,ja-JP,3月のライオン,"""3月のライオン"" 第2期は第1期の続編。棋士・桐山零の成長が続く。零の将棋の生き様と周囲の人々の温かさを巡る作品。将棋と癒し、人生が特徴で、落ち着いて美しい雰囲気。"
891,primary,ja-JP,动画同好会,これはアニメ研究部の少女たちの日常を描くオリジナルアニメ。アニメを鑑賞しながらツッコミ満載の議論を繰り広げる少女たち。アニメと日常、ツッコミが特徴で、明るい雰囲気。
892,primary,ja-JP,おそ松さん,"""おそ松さん"" 第2期は第1期の続編。松野家の六つ子の可笑しな日常が続く。ニート生活の中で様々な笑いを起こし続ける六つ子。パロディとツッコミ、社会風刺が特徴で、大胆な演出。"
893,primary,ja-JP,クラシカロイド,"""クラシカロイド"" 第2期は第1期の続編。名画の名士たちの可笑しな日常が続く。現代社会でさらに多くの笑いを起こす絵画の名士たち。コメディとパロディ、芸術が特徴で、短いエピソードと密集した笑い。"
894,primary,ja-JP,ブラッククローバー,"""ブラッククローバー"" は同名漫画をアニメ化。魔力を持たずに生まれた少年アスタが、天才ユノと共に魔法帝を目指す。魔法と熱さ、群像劇が特徴で、アスタの不屈の精神と成長が見どころ。"
895,primary,ja-JP,食戟のソーマ 餐ノ皿,"""食戟のソーマ 餐ノ皿"" は『食戟のソーマ』の第3期。幸平創真の料理バトルが続く。今期は創真がより強力な相手と新たな料理勝負に挑む。食と熱さ、競技が特徴で、食欲をそそる料理描写。"
896,primary,ja-JP,王様ゲーム,"""王様ゲーム"" は同名小説をアニメ化。高校のクラスで、王からの命令を受けた生徒たちが残酷な命令の実行を強いられる。ホラーとサスペンス、生存が特徴で、息苦しい雰囲気。"
897,primary,ja-JP,劇場版プリパラ み〜んなでかがやけ! キラリン☆スターライブ,"""劇場版プリパラ み〜んなでかがやけ! キラリン☆スターライブ"" は『プリパラ』の映画。少女たちのアイドル冒険が続く。新たなステージでパフォーマンスを披露するらぁらとパートナーたち。華やかなステージ演出と可愛いキャラクター、音楽が特徴。"
898,primary,ja-JP,CHAOS;CHILD SILENT SKY,"""CHAOS;CHILD SILENT SKY"" は『CHAOS;CHILD』のサイドストーリーアニメ。一人の少女の物語を描く。本編外のプロットを巡る作品。サスペンスとSF、ダークさが特徴で、息苦しい雰囲気。"
899,primary,ja-JP,名探偵コナン から紅の恋歌,"""名探偵コナン から紅の恋歌"" は『名探偵コナン』の映画。コナンと服部平次が関わる恋の事件。かるた大会と連続事件を巡る作品。推理とサスペンス、アクションが特徴で、緊張感のある雰囲気。"
900,primary,ja-JP,夜は短し歩けよ乙女,"""夜は短し歩けよ乙女"" は森見登美彦の小説の映画。京都の一夜の奇妙な物語を描く。春の夜に少女が奇妙な旅に出る。ファンタジーと青春、群像劇が特徴で、想像力豊かな映像。"
901,primary,ja-JP,夜明け告げるルーのうた,"""夜明け告げるルーのうた"" は漁村の少年と人魚の物語を描く映画アニメ。少年カイは漁村で謎の少女ルーと出会い、人魚と人間のファンタジーが展開する。ファンタジーと癒し、音楽が特徴で、繊細な映像。"
902,primary,ja-JP,虐殺器官,"""虐殺器官"" は伊藤計劃のSF小説をアニメ化。戦争が頻発する近未来で、特殊部隊将校クラヴィス・シェパードが虐殺器官を追う。SFと戦争、哲学が特徴で、重厚な雰囲気。"
903,primary,ja-JP,劇場版フェアリーテイル DRAGON CRY,"""劇場版フェアリーテイル DRAGON CRY"" は『フェアリーテイル』の映画。ナツと仲間たちの冒険。ドラゴンクライの真実と新たな敵を巡る作品。熱いバトルと仲間との絆、魔法の世界が特徴で、華麗なバトルシーン。"
904,primary,ja-JP,映画 Free!-Timeless Medley- 約束,"""映画 Free!-Timeless Medley- 約束"" は『Free!』の映画。水泳少年たちの物語。遥と凛の絆を巡る作品。水泳と青春、感動が特徴で、美しい水中アニメーション。"
905,primary,ja-JP,生徒会役員共* OVA,"""生徒会役員共* OVA"" は『生徒会役員共』のOVA。桜才学園生徒会の可笑しな日常が続く。軽妙なサイドストーリーに焦点を当てた作品。コメディとツッコミ、下ネタが特徴で、誇張された演出と密集した笑い。"
906,primary,ja-JP,URAHARA,"""URAHARA"" は原宿の少女たちの冒険を描くオリジナルアニメ。原宿で店を営み、謎の敵と戦う少女たち。ファンタジーとバトル、群像劇が特徴で、独特の作画と鮮やかな色彩。"
907,primary,ja-JP,銀魂. ポロリ編,"""銀魂. ポロリ編"" は『銀魂』のOVA。万事屋の可笑しな日常サイドストーリー。軽妙な日常に焦点を当てた作品。コメディとツッコミ、パロディが特徴で、楽しい雰囲気。"
908,primary,ja-JP,結城友奈は勇者である 鷲尾須美の章 / 勇者の章,"""結城友奈は勇者である 鷲尾須美の章 / 勇者の章"" は『結城友奈』シリーズの総集編映画。勇者たちの物語を再構成した作品。鷲尾須美の章と勇者の章のプロットを振り返る作品。バトルと悲劇、癒しが特徴で、重厚な雰囲気。"
909,primary,ja-JP,Code:Realize 創世の姫君,"""Code:Realize 創世の姫君"" は同名ゲームをアニメ化。少女カルディアと怪盗アルセーヌ・ルパンらパートナーたちが冒険を繰り広げる。恋愛とファンタジー、群像劇が特徴で、華麗な作画。"
910,primary,ja-JP,神怒之日,これは同名ゲームをアニメ化。少年少女の戦いを描く。聖遺物と謎の組織の陰謀を中心に、バトルとファンタジー、ダークさが特徴で、重厚な雰囲気。
911,primary,ja-JP,大正小小先生,これは同名漫画をアニメ化。大正時代のお嬢様と執事の恋愛を描く。恋愛と大正、日常が特徴で、優雅な雰囲気。
912,primary,ja-JP,侧车搭档,これは同名漫画をアニメ化。サイドカー競技で少女たちの青春を描く。競技と青春、群像劇が特徴で、サイドカーレースの緊張感と少女たちの日常を融合。
913,primary,ja-JP,いぬやしき,"""いぬやしき"" は同名漫画をアニメ化。普通の老人・犬屋敷壱郎と少年・獅子神浩が宇宙人から力を得る。SFとアクション、人間性が特徴で、老人と少年の選択が対比をなす。"
914,primary,ja-JP,えい 私たちのライス,"""えい 私たちのライス"" 第2期は第1期の続編。擬人化された米のアイドル物語が続く。アイドルになる過程でさらに可笑しな日常を繰り広げる米たち。擬人化とアイドル、コメディが特徴で、可愛い作画と短いエピソード。"
915,primary,ja-JP,"Wake Up, Girls! 新章","""Wake Up, Girls! 新章"" はシリーズの続編。アイドルグループWake Up, Girls!の物語が続く。今作も少女たちがアイドルの道で新たな挑戦に臨む。アイドルと音楽、夢追いが特徴で、華やかな楽曲とステージ演出。"
916,primary,ja-JP,劇場版 生徒会役員共,"""劇場版 生徒会役員共"" は『生徒会役員共』の映画。桜才学園生徒会の可笑しな日常。軽妙なプロットに焦点を当てた作品。コメディとツッコミ、下ネタが特徴で、誇張された演出と密集した笑い。"
917,primary,ja-JP,リトルウィッチアカデミア 魔法仕掛けのパレード,"""リトルウィッチアカデミア 魔法仕掛けのパレード"" は『リトルウィッチアカデミア』の映画。アッコの魔法冒険が続く。ルーナノヴァ魔法学園を救うため魔法パレードを行うアッコと仲間たち。魔法と青春、熱さが特徴で、鮮やかな映像。"
918,primary,ja-JP,RWBY,"""RWBY"" 第5巻はシリーズの続編。グリムと戦う少女たちの戦いが続く。フォール編を巡る作品。バトルと群像劇、ファンタジーが特徴で、華麗なアクションシーン。"
919,primary,ja-JP,蒼き雷霆 ガンヴォルト,"""蒼き雷霆 ガンヴォルト"" は同名ゲームをアニメ化。能力者ガンヴォルトが蒼雷集団スメラギと戦う。アクションとバトル、熱さが特徴で、華麗なバトルシーン。"
920,primary,ja-JP,Aチャンネル 鍋を食べよう,"""Aチャンネル 鍋を食べよう"" は『Aチャンネル』のOVA。少女たちの日常サイドストーリー。鍋を食べる温かい日常に焦点を当てた作品。日常と癒し、コメディが特徴で、可愛い作画と明るい雰囲気。"
921,primary,ja-JP,映画 妖怪ウォッチ 空飛ぶクジラとダブル世界の大冒険だニャン!,"""映画 妖怪ウォッチ 空飛ぶクジラとダブル世界の大冒険だニャン!"" は『妖怪ウォッチ』の映画。少年・天野景太の妖怪冒険。空飛ぶクジラと二つの世界の冒険を巡る作品。妖怪と冒険、コメディが特徴で、楽しい雰囲気。"
922,primary,ja-JP,To LOVEる -とらぶる- ダークネス OVA,"""To LOVEる -とらぶる- ダークネス OVA"" は『To LOVEる』のOVA。リトと少女たちの日常サイドストーリー。軽妙な日常に焦点を当てた作品。恋愛とハーレム、サービスが特徴で、明るくアンニュイな雰囲気。"
923,primary,ja-JP,劇場版 Fate/kaleid liner プリズマ☆イリヤ 雪下の誓い,"""劇場版 Fate/kaleid liner プリズマ☆イリヤ 雪下の誓い"" はFateシリーズの映画。イリヤと美遊の魔法少女バトル。美遊の過去と世界の危機を巡る作品。魔法少女の変身とFateの世界観、バトルが特徴で、華麗なバトルシーン。"
924,primary,ja-JP,ESCHA CHRON,これは未来世界の少女たちの物語を描く短編アニメ。近未来での少女たちの冒険と日常。SFと日常、癒しが特徴で、洗練された作画と静かな雰囲気。
925,primary,ja-JP,いつだって僕らの恋は10センチだった。,"""いつだって僕らの恋は10センチだった。"" は『告白実行委員会』シリーズのアニメ。夏樹と優の恋愛を描く。二人の距離はいつも10センチのまま、なかなか近づけない。恋愛と青春、音楽が特徴で、繊細な映像。"
926,primary,ja-JP,ガールズ&パンツァー 最終章,"""ガールズ&パンツァー 最終章"" 第1話は『ガールズ&パンツァー』最終章の映画。少女たちの戦車戦が新章を迎える。大洗女子学園が新たな相手に立ち向かう。戦車と熱さ、群像劇が特徴で、華麗で圧巻のバトルシーン。"
927,primary,ja-JP,ネコぱら OVA,"""ネコぱら OVA"" は同名ゲームをアニメ化。水無月家の猫娘たちの日常を描く。猫カフェでの主人と猫娘たちの生活が温かい。可愛いペットと日常、癒しが特徴で、洗練された作画と明るい雰囲気。"
928,primary,ja-JP,劇場版ポケットモンスター キミにきめた!,"""劇場版ポケットモンスター キミにきめた!"" はポケモンアニメの映画。サトシとピカチュウの旅。サトシとピカチュウの出会いの物語を新たに語り直す作品。冒険とバトル、絆が特徴で、華麗なバトルシーン。"
929,primary,ja-JP,三ツ星カラーズ,"""三ツ星カラーズ"" は同名漫画をアニメ化。小学3年生のトリオが上野を守るため大冒険を繰り広げる。日常と癒し、コメディが特徴で、少女たちの冒険が童心にあふれている。"
930,primary,ja-JP,citrus,"""citrus"" は同名漫画をアニメ化。義理の姉妹の柚子と芽衣の恋愛を描く。衝突と理解を重ねながら徐々に近づいていく二人。百合と恋愛、青春が特徴で、繊細な雰囲気。"
931,primary,ja-JP,刀使ノ巫女,"""刀使ノ巫女"" は刀を使う巫女の戦いを描くオリジナルアニメ。刀使学園で訓練し、世界を脅かす敵と戦う少女たち。バトルと学園、群像劇が特徴で、華麗なバトルシーン。"
932,primary,ja-JP,だがしかし,"""だがしかし"" 第2期は第1期の続編。田舎の駄菓子屋の少年と枝垂ほたるの勝負が続く。駄菓子を巡るほたるとココノツの対決がコメディに満ちている。食とコメディ、日常が特徴で、駄菓子の魅力とキャラクターの掛け合いを融合。"
933,primary,ja-JP,宅饮。,これはOLの宅飲みの日常を描く短編アニメ。酒と日常、癒しが特徴で、様々な酒の知識と少女たちの掛け合いを組み合わせる。短いエピソードと明るい雰囲気。
934,primary,ja-JP,デスマーチからはじまる異世界狂想曲,"""デスマーチからはじまる異世界狂想曲"" は同名ライトノベルをアニメ化。プログラマーの鈴木一郎が異世界で暮らす。異世界とハーレム、ライトアドベンチャーが特徴で、一郎の強さとグルメ旅が見どころ。"
935,primary,ja-JP,りゅうおうのおしごと!,"""りゅうおうのおしごと!"" は同名ライトノベルをアニメ化。将棋の竜王・九頭竜八一と小学生の雛鶴あいが将棋の物語を繰り広げる。将棋と幼女、日常が特徴で、八一とあいの将棋対決が見どころ。"
936,primary,ja-JP,BEATLESS,"""BEATLESS"" は同名ライトノベルをアニメ化。AIが普及した未来で、人間とロボットの共存の問題。SFと哲学、群像劇が特徴で、クールな雰囲気。"
937,primary,ja-JP,博多豚骨ラーメンズ,"""博多豚骨ラーメンズ"" は同名小説をアニメ化。博多で殺し屋たちが少女を巡る殺人ゲームを繰り広げる。殺し屋と群像劇、サスペンスが特徴で、冷たい雰囲気。"
938,primary,ja-JP,原书·原书使,これは同名プロジェクトをアニメ化。原書の力で魔法バトルを繰り広げる少女たち。魔法少女とバトル、群像劇が特徴で、可愛い作画。
939,primary,ja-JP,スロウスタート,"""スロウスタート"" は同名漫画をアニメ化。少女・一之瀬花名が高校で人生をやり直す。日常と癒し、群像劇が特徴で、花名とパートナーたちの掛け合いが温かい。"
940,primary,ja-JP,刀剣乱舞-花丸- 続編,"""刀剣乱舞-花丸- 続編"" はシリーズの続編。本丸での刀剣男士たちの日常が続く。今作も刀剣たちの日常が温かい。日常と癒し、刀剣擬人化が特徴で、可愛い作画と温かい雰囲気。"
941,primary,ja-JP,斉木楠雄のΨ難,"""斉木楠雄のΨ難"" 第2期は第1期の続編。超能力者・斉木楠雄の日常が続く。今作も楠雄は平穏な生活を望むが、絶え間ない騒動に悩まされる。コメディとツッコミ、超能力が特徴で、楠雄の内心と周囲の奇行の対比が笑いを生む。"
942,primary,ja-JP,ラーメン大好き小泉さん,"""ラーメン大好き小泉さん"" は同名漫画をアニメ化。転校生の大沢悠は同級生の小泉さんのラーメン旅に興味を持つ。食と日常、癒しが特徴で、様々なラーメンの魅力を美味しそうに描く。"
943,primary,ja-JP,ヴァイオレット・エヴァーガーデン,"""ヴァイオレット・エヴァーガーデン"" は同名小説をアニメ化。戦争が終わった後、自動手記人形ヴァイオレットが「愛」を理解するため働く。癒しと成長、人間性が特徴で、映像が極めて繊細で美しい。"
944,primary,ja-JP,ミイラの飼い方,"""ミイラの飼い方"" は同名漫画をアニメ化。高校生・柏木空は父から謎のミイラを受け取る。可愛い生き物と日常、癒しが特徴で、ミイラたちの可愛い仕草が癒しに満ちている。"
945,primary,ja-JP,からかい上手の高木さん,"""からかい上手の高木さん"" は同名漫画をアニメ化。隣の席の高木さんはいつも内気な西片をからかう。恋愛と日常、コメディが特徴で、高木さんのからかいと西片の反応がコメディに満ちている。"
946,primary,ja-JP,ハクメイとミコチ,"""ハクメイとミコチ"" は同名漫画をアニメ化。小人のハクメイとミコチの森での日常。日常と癒し、ファンタジーが特徴で、小さな人々の暮らしが温かくて楽しい。"
947,primary,ja-JP,ゆるキャン△,"""ゆるキャン△"" は同名漫画をアニメ化。少女・志摩リンとなでしこのキャンプの日常。キャンプと日常、癒しが特徴で、キャンプの描写が丁寧で、少女たちのアウトドア生活が温かい。"
948,primary,ja-JP,グランクレスト戦記,"""グランクレスト戦記"" は同名ライトノベルをアニメ化。魔導士シルーカと若き領主テオの冒険。戦乱の大陸で統一を目指して戦う二人。ファンタジーと戦争、群像劇が特徴で、壮大な戦争シーン。"
949,primary,ja-JP,ポプテピピック,"""ポプテピピック"" は二人の少女のナンセンスな日常を描くコメディアニメ。パロディとツッコミ、奇想天外な発想が特徴で、大胆で奔放な演出。業界やポップカルチャーへの風刺がコメディに満ちている。"
950,primary,ja-JP,宇宙よりも遠い場所,"""宇宙よりも遠い場所"" は南極を目指す少女たちの旅を描くオリジナルアニメ。それぞれの夢のために南極への旅に出る4人の少女たち。冒険と青春、成長が特徴で、温かい雰囲気。少女たちの絆と成長が感動的。"
951,primary,ja-JP,ダーリン・イン・ザ・フランキス,"""ダーリン・イン・ザ・フランキス"" はFRANXXに乗って戦う少年少女を描くオリジナルアニメ。機械の街でユニットを駆り、クラクソサウルスと戦う少年少女たち。ヒロとゼロツーの絆が通底する。メカバトルと青春、群像劇が特徴で、高品質な制作。"
952,primary,ja-JP,弱虫ペダル GLORY LINE,"""弱虫ペダル GLORY LINE"" は『弱虫ペダル』シリーズのアニメ。小野田坂道の自転車レースが続く。今期は新ライバルと全国大会が登場。自転車と熱さ、競技が特徴で、熱いレースシーン。"
953,primary,ja-JP,カードキャプターさくら クリアカード編,"""カードキャプターさくら クリアカード編"" は名作の続編。さくらがクリアカード編で新たな魔法の冒険を繰り広げる。さくらのカードが変化し、新しい透明なカードと夢の杖が登場。魔法と日常、癒しが特徴で、洗練された作画と温かい雰囲気。"
954,primary,ja-JP,三丽鸥男子,これは同名プロジェクトをアニメ化。サンリオキャラクターが大好きな男子高校生たちの日常。日常と癒し、群像劇が特徴で、サンリオへの愛情がモエに満ちている。
955,primary,ja-JP,バジリスク 〜桜花忍法帖〜,"""バジリスク 〜桜花忍法帖〜"" は『バジリスク』の続編。忍者の戦いが続く。甲賀と伊賀の因縁を巡る作品。忍者とバトル、悲劇が特徴で、重厚な雰囲気。"
956,primary,ja-JP,学園ベビーシッターズ,"""学園ベビーシッターズ"" は同名漫画をアニメ化。両親を亡くした高校生・竜一が学園の保育室で子供たちの世話をする。日常と癒し、可愛い子供たちが特徴で、竜一と子供たちの掛け合いが温かい。"
957,primary,ja-JP,封神演義,"""封神演義"" は同名漫画をアニメ化。太公望が妲己を封じるため封神計画の冒険を繰り広げる。中国神話と熱さ、群像劇が特徴で、華麗なバトルシーン。"
958,primary,ja-JP,牙斗,これは同名漫画をアニメ化。合法の地下闘技場で獣人たちが戦う。少女ヒノと獣人たちの戦いが熱い。バトルと獣人変身、ダークさが特徴で、華麗なバトルシーン。
959,primary,ja-JP,オーバーロード,"""オーバーロード"" 第2期は第1期の続編。異世界でのアインズ・ウール・ゴウンの勢力拡大が続く。ナザリックの支配と新章を巡る作品。異世界とダークファンタジー、群像劇が特徴で、アインズの力と慎重さのギャップが魅力。"
960,primary,ja-JP,伊藤潤二『コレクション』,"""伊藤潤二『コレクション』"" は伊藤潤二のホラー漫画をアニメ化。名作ホラーストーリーを映像化した作品。ホラーとグロテスク、サスペンスが特徴で、伊藤独特の恐怖美学を描く。"
961,primary,ja-JP,七つの美徳,"""七つの美徳"" は七つの美徳の天使たちの物語を描く短編アニメ。人間の堕落を救うため天使たちが動き出す。魔法少女とサービス、コメディが特徴で、洗練された作画と短いエピソード。"
962,primary,ja-JP,恋は雨上がりのように,"""恋は雨上がりのように"" は同名漫画をアニメ化。17歳の少女・橘あきらが45歳の店長・近藤正己に恋をする。恋愛と日常、青春が特徴で、年の差恋愛が繊細な感情に満ちている。"
963,primary,ja-JP,七つの大罪 戒めの復活,"""七つの大罪 戒めの復活"" は『七つの大罪』の第2期。メリオダスと罪人たちの冒険が続く。十戒の脅威とメリオダスの過去を巡る作品。ファンタジー冒険と熱いバトル、仲間との絆が特徴で、華麗なバトルシーン。"
964,primary,ja-JP,ハイキュー!! TO THE TOP,"""ハイキュー!! TO THE TOP"" は『ハイキュー!!』の第4期。烏野高校と強豪校の対決が続く。全国大会の激しい戦いが展開する。バレーと熱さ、チームの成長が特徴で、息を呑む試合シーン。"
965,primary,ja-JP,劇場版 魔法科高校の劣等生 星を呼ぶ少女,"""劇場版 魔法科高校の劣等生 星を呼ぶ少女"" は『魔法科高校の劣等生』の映画。達也と深雪の戦い。星を呼ぶ少女と新たな危機を巡る作品。魔法とバトル、兄妹が特徴で、華麗なバトルシーン。"
966,primary,ja-JP,KING OF PRISM PRIDE the HERO,"""KING OF PRISM PRIDE the HERO"" はプリズムシリーズの映画。少年たちのプリズムパフォーマンス。プリズムの夢と勝負を巡る作品。音楽と競技、群像劇が特徴で、華麗なパフォーマンスシーン。"
967,primary,ja-JP,ノーゲーム・ノーライフ ゼロ,"""ノーゲーム・ノーライフ ゼロ"" は『ノーゲーム・ノーライフ』の映画。6000年前の人間と機凱種の物語。リクとシュヴィの出会いを巡る作品。ファンタジーとバトル、哀愁が特徴で、華麗な映像。"
968,primary,ja-JP,劇場版 響け! ユーフォニアム〜届けたいメロディ〜,"""劇場版 響け! ユーフォニアム〜届けたいメロディ〜"" は『響け! ユーフォニアム』の映画。北宇治高校吹奏楽部のコンクール。久美子と部員たちの成長を巡る作品。音楽と青春、群像劇が特徴で、感動的な演奏シーン。"
969,primary,ja-JP,メアリと魔女の花,"""メアリと魔女の花"" は米林宏昌の映画アニメ。少女メアリと魔女の花の冒険を描く。偶然魔女の力を得たメアリが素敵な魔法の旅を繰り広げる。魔法と冒険、成長が特徴で、繊細な映像。"
970,primary,ja-JP,DEVILMAN crybaby,"""DEVILMAN crybaby"" は永井豪の漫画をアニメ化。デビルマン・不動明の戦いを描く。悪魔と戦いながら人間性を失っていく明。ダークで暴力的なバトルと深いテーマで知られ、衝撃的な映像。"
971,primary,ja-JP,Fate/Grand Order -MOONLIGHT/LOSTROOM-,"""Fate/Grand Order -MOONLIGHT/LOSTROOM-"" はFGOシリーズのスペシャルアニメ。カルデアの物語。謎の部屋とサーヴァントの物語を巡る作品。Fateの世界観とバトル、群像劇が特徴で、華麗なバトルシーン。"
972,primary,ja-JP,衛宮さんちの今日のごはん,"""衛宮さんちの今日のごはん"" は同名漫画をアニメ化。衛宮士郎と仲間たちの料理日常を描く。食と日常、癒しが特徴で、Fateのキャラクターを温かい料理日常に溶け込ませる。"
973,primary,ja-JP,探偵オペラ ミルキィホームズ,"""探偵オペラ ミルキィホームズ"" はシリーズのアニメ。少女探偵たちの冒険が続く。アルセーヌと少女探偵たちの対決を巡る作品。探偵とコメディ、日常が特徴で、明るい雰囲気。"
974,primary,ja-JP,HUGっと! プリキュア,"""HUGっと! プリキュア"" はプリキュアシリーズのアニメ。ハグの力で戦う少女たち。子供たちを守りながら戦いの中で成長する少女たち。魔法少女とバトル、日常が特徴で、華麗な変身とバトルシーン。"
975,primary,ja-JP,Fate/EXTRA Last Encore,"""Fate/EXTRA Last Encore"" は同名ゲームをアニメ化。ムーンセルでの聖杯戦争を描く。ムーン聖杯戦争で戦う少年・岸波白野。Fateの世界観とバトル、サスペンスが特徴で、冷たい雰囲気。"
976,primary,ja-JP,刻刻,"""刻刻"" は同名漫画をアニメ化。時間が止まった世界で、祐河家の少年少女が冒険を繰り広げる。SFとサスペンス、アクションが特徴で、緊張感のある雰囲気。止まった時間の設定が想像力豊か。"
977,primary,ja-JP,25岁的女高中生,これは25歳の女性が女子高生に扮して学校に通う物語を描く短編アダルト向けアニメ。恋愛とアダルト、日常が特徴で、アンニュイな雰囲気と緊張感ある掛け合い。
978,primary,ja-JP,アイドリッシュセブン,"""アイドリッシュセブン"" は同名ゲームをアニメ化。アイドルグループIDOLiSH7の物語。少年たちはアイドルステージで夢を追う。音楽とアイドル、群像劇が特徴で、華やかな楽曲とステージ演出。"
979,primary,ja-JP,怪獣娘,"""怪獣娘"" 第2期は第1期の続編。怪獣娘たちの日常が続く。学園での怪獣娘たちの生活がより豊かに。怪獣擬人化と日常、コメディが特徴で、可愛い作画と明るい雰囲気。"
980,primary,ja-JP,銀の墓守り,"""銀の墓守り"" 第2期は第1期の続編。墓守りの少年・陸水銀の冒険が続く。ゲーム世界での水銀の戦いがより激化。ゲームとバトル、熱さが特徴で、華麗なバトルシーン。"
981,primary,ja-JP,豆猫,これは豆粒サイズの猫の日常を描く短編アニメ。可愛いペットと日常、癒しが特徴で、柔らかく可愛い作画と明るい雰囲気。
982,primary,ja-JP,銀魂. 銀ノ魂篇,"""銀魂. 銀ノ魂篇"" は『銀魂』シリーズのアニメ。万事屋の戦いが新章を迎える。最終決戦で銀さんと仲間たちが敵に立ち向かう。コメディとツッコミ、熱さが特徴で、銀さんの毒舌と仲間たちとの絆が感動的。"
983,primary,ja-JP,はじめてのギャル OAD,"""はじめてのギャル OAD"" は『はじめてのギャル』のOVA。純一とギャルたちの恋愛サイドストーリー。軽妙な日常に焦点を当てた作品。恋愛とコメディ、サービスが特徴で、明るい雰囲気。"
984,primary,ja-JP,新妹魔王の契約者 DEPARTURES,"""新妹魔王の契約者 DEPARTURES"" は『新妹魔王の契約者』のOVA。刃更と魔王の娘たちのバトルサイドストーリー。軽妙な日常と温泉サービスに焦点を当てた作品。サービスと熱いバトル、ハーレム要素が融合。"
985,primary,ja-JP,B: The Beginning,"""B: The Beginning"" は天才捜査官と暗殺者キル・スティグマの戦いを描くNetflixオリジナルアニメ。キルとレギアの復讐と陰謀を巡る作品。SFとサスペンス、アクションが特徴で、華麗なバトルシーン。"
986,primary,ja-JP,A.I.C.O. Incarnation,"""A.I.C.O. Incarnation"" は近未来の少女アイコの冒険を描くNetflixオリジナルアニメ。自分自身の体を探すため旅をするアイコ。SFとバトル、サスペンスが特徴で、高品質な制作。"
987,primary,ja-JP,ReLIFE 完結編,"""ReLIFE 完結編"" は『ReLIFE』の完結アニメ。海崎新太の青春やり直しが終わりを迎える。新太と日代千鶴の感情の変化を巡る作品。青春と成長、癒しが特徴で、温かい雰囲気。"
988,primary,ja-JP,魔法少女 俺,"""魔法少女 俺"" は同名漫画をアニメ化。少女・卯野さきが魔法少女になるとマッチョな男に変身する。魔法少女とコメディ、パロディが特徴で、さきの変身ギャップがコメディに満ちている。"
989,primary,ja-JP,あまんちゅ!,"""あまんちゅ!"" 第2期は第1期の続編。少女たちのダイビング日常が続く。今作も双葉とひかりがダイビングで新たな挑戦に臨む。ダイビングと日常、癒しが特徴で、淡く美しい画風。"
990,primary,ja-JP,コードギアス 反逆のルルーシュ I 興道,"""コードギアス 反逆のルルーシュ I 興道"" は『コードギアス』の総集編映画。ルルーシュの物語を再構成した作品。ルルーシュがギアスを得て反逆するプロットを振り返る作品。戦略とメカバトル、群像劇が特徴。"
991,primary,ja-JP,モブサイコ100 REIGEN,"""モブサイコ100 REIGEN"" は『モブサイコ100』のOVA。霊幻新隆を巡る作品。霊幻がオカルト事件を解決する可笑しな日常を描く作品。超能力とコメディ、成長が特徴で、華麗なバトルシーン。"
992,primary,ja-JP,魔法少女リリカルなのは Reflection,"""魔法少女リリカルなのは Reflection"" は『魔法少女リリカルなのは』の映画。なのはとパートナーたちの戦い。新たな敵と災厄を巡る作品。魔法少女とバトル、絆が特徴で、華麗なバトルシーン。"
993,primary,ja-JP,打ち上げ花火、下から見るか? 横から見るか?,"""打ち上げ花火、下から見るか? 横から見るか?"" は岩井俊二の同名テレビドラマの映画。少年・典道と少女・なずなの夏の物語。花火大会の夜に典道がファンタジーな旅を繰り広げる。恋愛と青春、ファンタジーが特徴で、美しい映像。"
994,primary,ja-JP,映画 Free!-Take Your Marks-,"""映画 Free!-Take Your Marks-"" は『Free!』の映画。水泳少年たちの卒業物語。遥たちの高校最後の日々を巡る作品。水泳と青春、感動が特徴で、美しい水中アニメーション。"
995,primary,ja-JP,はいからさんが通る,"""はいからさんが通る"" は名作少女漫画の映画。大正時代の少女・花村紅緒の物語。新しい時代の中で自由と恋愛を追い求める紅緒。恋愛と歴史、群像劇が特徴で、レトロで洗練された画風。"
996,primary,ja-JP,Fate/stay night [Heaven's Feel] I. presage flower,"""Fate/stay night [Heaven's Feel] I. presage flower"" はFateシリーズの映画。間桐桜の物語。桜と衛宮士郎の出会いを巡る作品。Fateの世界観とバトル、ダークさが特徴で、華麗なバトルシーン。"
997,primary,ja-JP,GODZILLA 怪獣惑星,"""GODZILLA 怪獣惑星"" はゴジラシリーズの映画。ゴジラが支配する惑星での人類の生存。地球奪還のために戦う人類。SFとバトル、群像劇が特徴で、華麗な3DCG映像。"
998,primary,ja-JP,想要传达你的声音,これはラジオ放送で心を伝える少女たちの物語を描く映画アニメ。ラジオ局での少女たちの活動が青春にあふれている。青春と癒し、群像劇が特徴で、温かい雰囲気。
999,primary,ja-JP,Dance with Devils: Fortuna,"""Dance with Devils: Fortuna"" は『Dance with Devils』の映画。リツカと悪魔たちの物語が続く。リツカの運命と悪魔たちとの因縁を巡る作品。恋愛とファンタジー、音楽が特徴で、強いゴシックな雰囲気。"
1000,primary,ja-JP,ご注文はうさぎですか?? 〜Dear My Sister〜,"""ご注文はうさぎですか?? 〜Dear My Sister〜"" は『ご注文はうさぎですか?』の映画。ラビットハウスでの少女たちの日常が続く。ココアが町に戻り、チノたちと再会する作品。可愛いキャラクターと温かい日常、デザートが特徴。"
1001,primary,ja-JP,コードギアス 反逆のルルーシュ II 叛道,"""コードギアス 反逆のルルーシュ II 叛道"" は『コードギアス』の総集編映画。ルルーシュの物語が続く。黒の騎士団時代のルルーシュの物語を振り返る作品。戦略とメカバトル、群像劇が特徴で、華麗なバトルシーン。ルルーシュの策略と選択が圧巻。"
1002,primary,ja-JP,鬼灯の冷徹,"""鬼灯の冷徹"" 第2期その2はシリーズの続編。地獄の日常が続く。今作も鬼灯が地獄の様々な事務を処理し、閻魔大王や獄卒たちとの掛け合いがコメディに満ちている。コメディと日常、ブラックユーモアが特徴で、独創的な地獄の描写。"
1003,primary,ja-JP,多田くんは恋をしない,"""多田くんは恋をしない"" は写真部の少年・多田光良と少女テレサの恋愛を描くオリジナルアニメ。外国人の少女との出会いをきっかけに青春物語が展開する。恋愛と日常、青春が特徴で、温かい雰囲気。光良とテレサの感情の変化が繊細で感動的。"
1004,primary,ja-JP,アイカツフレンズ!,"""アイカツフレンズ!"" はアイカツシリーズのアニメ。少女たちのアイドル生活が続く。今作は新主人公と新ステージが登場し、アイドルの道で夢を追う少女たち。華やかなステージ演出と可愛いキャラクター、音楽が特徴で、心に響く歌とダンスシーン。"
1005,primary,ja-JP,フルメタル・パニック! Invisible Victory,"""フルメタル・パニック! Invisible Victory"" はシリーズの続編。相良宗介と千鳥かなめの物語が続く。今作は宗介がかなめを守るため新たな戦いに巻き込まれる。メカバトルと熱さ、アクションが特徴で、華麗なバトルシーン。宗介とかなめの絆が通底する。"
1006,primary,ja-JP,食戟のソーマ 餐ノ皿 遠月列車篇,"""食戟のソーマ 餐ノ皿 遠月列車篇"" は『食戟のソーマ』第3期後半。幸平創真の料理バトルが続く。今作は遠月列車での創真の料理勝負を描く。食と熱さ、競技が特徴で、食欲をそそる料理描写と緊迫した勝負シーン。"
1007,primary,ja-JP,ロストレイジ コンフレイテッド WIXOSS,"""ロストレイジ コンフレイテッド WIXOSS"" はWIXOSSシリーズのアニメ。カードバトルの物語が続く。今作は新ルールと少女たちの運命を巡る。カードとサスペンス、心理戦が特徴で、シリーズのダークな雰囲気を継承。少女たちの運命と願いが交錯する。"
1008,primary,ja-JP,こみっくがーるず,"""こみっくがーるず"" は同名漫画をアニメ化。漫画家を目指す少女・萌田薫子がパートナーたちと寮で日常を過ごす。漫画家と日常、癒しが特徴で、薫子とパートナーたちの掛け合いが温かく、可愛い作画と明るい雰囲気。"
1009,primary,ja-JP,ヒナまつり,"""ヒナまつり"" は同名漫画をアニメ化。超能力を持つ少女・ヒナはヤクザ幹部の新田に引き取られ、同居生活を始める。コメディと日常、超能力が特徴で、ヒナの自己中さと新田の無力さの対比が笑いを誘う。"
1010,primary,ja-JP,魔法少女サイト,"""魔法少女サイト"" は同名漫画をアニメ化。いじめられっ子の少女・朝霧彩は偶然魔法少女の力を得る。魔法少女とダーク、復讐が特徴で、息苦しい雰囲気。魔法少女たちの悲劇的な運命が衝撃的。"
1011,primary,ja-JP,デビルズライン,"""デビルズライン"" は同名漫画をアニメ化。吸血鬼と人間が共存する世界で、刑事・安斎と少女が協力し始める。吸血鬼とサスペンス、アクションが特徴で、冷たい雰囲気。安斎の葛藤と事件の展開が緊張感に満ちている。"
1012,primary,ja-JP,カリギュラ,"""カリギュラ"" は同名ゲームをアニメ化。仮想世界モビウスで、少年たちが世界の真実に気づく。SFと心理、群像劇が特徴で、息苦しい雰囲気。主人公たちの目覚めと抵抗が知的な議論に満ちている。"
1013,primary,ja-JP,ハイスクールD×D HERO,"""ハイスクールD×D HERO"" はシリーズの続編。兵藤一誠の悪魔バトルが続く。今作は一誠の戦いと悪魔高校でのハーレム生活がより激化。バトルとハーレム、サービスが特徴で、華麗なバトルシーン。サービスと熱さが共存する。"
1014,primary,ja-JP,ラストピリオド -終わりなき螺旋の物語-,"""ラストピリオド -終わりなき螺旋の物語-"" は同名ゲームをアニメ化。少年ハルとパートナーたちが異世界で冒険する。ファンタジーと冒険、熱さが特徴で、明るい雰囲気。ハルとパートナーたちの掛け合いが楽しい。"
1015,primary,ja-JP,ガンダムビルドダイバーズ,"""ガンダムビルドダイバーズ"" はガンプラバトルを描くガンダムシリーズのアニメ。少年・三上陸がガンプラバトルの世界で成長する。ガンプラとバトル、熱さが特徴で、華麗なバトルシーン。陸の成長とパートナーたちとの絆が通底する。"
1016,primary,ja-JP,信長の忍び 姉川・石山篇,"""信長の忍び 姉川・石山篇"" はシリーズの続編。くノ一ちどりと織田信長の物語が続く。姉川と石山の戦いを巡る作品。戦国とコメディ、日常が特徴で、短いエピソードとテンポの良い展開。"
1017,primary,ja-JP,宇宙戦艦ティラミス,"""宇宙戦艦ティラミス"" はエースパイロット・一之瀬スバルの宇宙戦艦での日常を描く短編コメディアニメ。スバルの戦いと日常のギャップがコメディに満ちている。SFとコメディ、ツッコミが特徴で、奇想天外な発想と密集した笑い。"
1018,primary,ja-JP,東京喰種トーキョーグール:re,"""東京喰種トーキョーグール:re"" はシリーズの続編。喰種と捜査官の戦いが続く。今作は佐々木琲世とCCGの新章が展開。喰種とバトル、ダークさが特徴で、重厚な雰囲気。金木研の過去と選択が緊張感に満ちている。"
1019,primary,ja-JP,ありすorありす,"""ありすorありす"" はアリスと妹たちの日常を描く短編アニメ。モエと日常、コメディが特徴で、可愛い作画と短いエピソード。少女たちの掛け合いが明るい日常を彩る。"
1020,primary,ja-JP,失落的歌谣,これは少女たちと歌の物語を描く短編アニメ。音楽と日常、癒しが特徴で、洗練された作画と静かな雰囲気。歌を通して少女たちの感情を描く。
1021,primary,ja-JP,ニル・アドミラリの天秤,"""ニル・アドミラリの天秤"" は同名ゲームをアニメ化。大正時代の少女・玖杜架ツグミは能力を持つ男たちと出会う。恋愛と大正、サスペンスが特徴で、ツグミが事件を調査しながら男たちと交流する姿が魅力的。"
1022,primary,ja-JP,シュタインズ・ゲート ゼロ,"""シュタインズ・ゲート ゼロ"" は『シュタインズ・ゲート』の続編。失敗した未来の岡部倫太郎の物語を描く。今作は岡部が救済を諦めた後の新しい世界線が展開。SFとタイムトラベル、サスペンスが特徴で、息苦しい雰囲気。"
1023,primary,ja-JP,ヲタクに恋は難しい,"""ヲタクに恋は難しい"" は同名漫画をアニメ化。オタクの少女・成海とオタクの少年・宏嵩の恋愛物語。ゲームやアニメという共通の趣味を通して二人の恋愛が進展する。恋愛と日常、コメディが特徴で、軽妙な雰囲気。"
1024,primary,ja-JP,Last Hope,"""Last Hope"" は変異した近未来で機械を操る少年たちの戦いを描くオリジナルアニメ。メカバトルとSF、群像劇が特徴で、華麗なバトルシーン。キャラクターの成長と絆が通底する。"
1025,primary,ja-JP,3D彼女 リアルガール,"""3D彼女 リアルガール"" は同名漫画をアニメ化。オタクの高校生・筒井光とギャルの五十嵐色葉の恋愛。恋愛と青春、日常が特徴で、光と色葉の性格の対比が見どころ。温かい雰囲気で、二人の恋の発展が繊細で感動的。"
1026,primary,ja-JP,ソードアート・オンライン オルタナティブ ガンゲイル・オンライン,"""ソードアート・オンライン オルタナティブ ガンゲイル・オンライン"" はSAOのスピンオフ。GGOでの少女レンの戦いを描く。レンが銃撃戦ゲームの中で自分自身を探す。SFと銃撃戦、成長が特徴で、華麗なバトルシーン。"
1027,primary,ja-JP,ペルソナ5 ジ・アニメーション,"""ペルソナ5 ジ・アニメーション"" は同名ゲームをアニメ化。怪盗団の活動を描く。少年たちはペルソナの力で心の世界に潜入する。ペルソナバトルと青春、群像劇が特徴で、独特のスタイル。"
1028,primary,ja-JP,メジャー2nd,"""メジャー2nd"" は『メジャー』の続編。吾郎の息子・大吾の野球物語。大吾は父の期待と自分の才能の間で葛藤する。野球と熱さ、青春が特徴で、熱い試合シーン。大吾の成長が感動的。"
1029,primary,ja-JP,群馬ちゃん,"""群馬ちゃん"" は同名漫画をアニメ化。転校生・渋川が群馬県の高校で地元文化の衝撃を体験する。コメディと日常、地域文化が特徴で、群馬の独特な文化をユーモラスに誇張して描く。"
1030,primary,ja-JP,ゲゲゲの鬼太郎,"""ゲゲゲの鬼太郎"" 第6期は名作妖怪アニメ。鬼太郎と妖怪の戦いが続く。今作は鬼太郎が現代社会で妖怪と戦う。妖怪とバトル、一話完結が特徴で、伝統的な妖怪と現代を融合。"
1031,primary,ja-JP,銀河英雄伝説 Die Neue These 邂逅,"""銀河英雄伝説 Die Neue These 邂逅"" は『銀河英雄伝説』のリメイク。ラインハルトとヤン・ウェンリーの対決。銀河帝国の戦いを巡る作品。スペースオペラと戦略、群像劇が特徴で、高品質な制作。"
1032,primary,ja-JP,ゴールデンカムイ,"""ゴールデンカムイ"" は同名漫画をアニメ化。日露戦争の英雄・杉元佐一が北海道で金を探す。冒険と食、群像劇が特徴で、北海道の自然とアイヌ文化を丁寧に描く。"
1033,primary,ja-JP,Butlers〜千年百年物語〜,"""Butlers〜千年百年物語〜"" は若き執事と若き主人の物語を描くオリジナルアニメ。喫茶店を舞台に時空を越えた群像劇が展開。日常とファンタジー、群像劇が特徴で、洗練された作画。"
1034,primary,ja-JP,ピアノの森,"""ピアノの森"" は同名漫画をアニメ化。天才少年・一ノ瀬海とピアノの物語。海は廃墟の森でピアノを見つけ、次第に音楽の才能を開花させる。音楽と青春、成長が特徴で、美しいピアノ演奏シーン。"
1035,primary,ja-JP,桧曾根与间租谭,これは少女たちの日常を描く短編アニメ。日常と癒し、コメディが特徴で、可愛い作画と短いエピソード。少女たちの掛け合いが明るい日常を彩る。
1036,primary,ja-JP,レイトン ミステリー探偵社 カトリーのナゾトキファイル,"""レイトン ミステリー探偵社 カトリーのナゾトキファイル"" は同名ゲームをアニメ化。レイトン教授の娘・カトリーの謎解き物語。カトリーがロンドンで様々な謎を解決する。謎解きとサスペンス、日常が特徴で、優雅な雰囲気。"
1037,primary,ja-JP,キラッとプリ☆チャン,"""キラッとプリ☆チャン"" はプリパラシリーズのアニメ。少女たちのアイドル活動が続く。今作は新主人公と新ステージが登場し、チャンネルで夢を追う少女たち。華やかなステージ演出と可愛いキャラクター、音楽が特徴。"
1038,primary,ja-JP,美男高校地球防衛部HAPPY KISS!,"""美男高校地球防衛部HAPPY KISS!"" はシリーズの新作。美男高校の地球防衛部が引き続き戦う。今作は新メンバーと新敵が登場し、少年たちの変身バトルがパロディに満ちている。美男と変身、コメディ、パロディが特徴。"
1039,primary,ja-JP,罪人与龙共舞,これは同名ライトノベルをアニメ化。呪文魔法と竜の世界で、呪文使いのガイとギギナが冒険する。ファンタジーとバトル、群像劇が特徴で、複雑な設定。ガイとギギナの戦いが緊張感に満ちている。
1040,primary,ja-JP,かくりよの宿飯,"""かくりよの宿飯"" は同名小説をアニメ化。少女・葵つばきが妖怪の宿・天神屋を継ぐ。妖怪と食、癒しが特徴で、葵の宿経営と妖怪たちとの交流が温かく、温かい雰囲気。"
1041,primary,ja-JP,立花館To Lieあんぐる,"""立花館To Lieあんぐる"" は同名漫画をアニメ化。地元に戻ってきた少女・苑生夏音が学園で友人たちと百合の日常を過ごす。百合と恋愛、日常が特徴で、可愛い作画と明るい雰囲気。"
1042,primary,ja-JP,甜蜜惩罚 我是看守专用宠物,これは看守と少女の恋愛を描く短編アダルト向けアニメ。恋愛とアダルト、日常が特徴で、アンニュイな雰囲気と緊張感ある掛け合い。
1043,primary,ja-JP,ウマ娘 プリティーダービー,"""ウマ娘 プリティーダービー"" は同名プロジェクトをアニメ化。ウマ娘たちが夢のために競馬場を駆ける。スペシャルウィークとパートナーたちの競馬学校での成長が熱い。競技と群像劇、感動が特徴で、熱いレースシーン。"
1044,primary,ja-JP,キャプテン翼,"""キャプテン翼"" は天才少年・大空翼のサッカー人生を描く名作サッカーアニメ。今作は翼の成長とサッカーの夢を新たに描き直す。サッカーと熱さ、青春が特徴で、熱い試合シーン。"
1045,primary,ja-JP,蒼天の拳 REGENESIS,"""蒼天の拳 REGENESIS"" は『北斗の拳』の前日譚。北斗神拳の前史を描く。今作はケンシロウの民国時代の戦いを巡る。武術と熱さ、歴史が特徴で、華麗なバトルシーン。"
1046,primary,ja-JP,ルパン三世 PART5,"""ルパン三世 PART5"" はルパンシリーズのアニメ。怪盗ルパンの冒険が続く。今作はルパンが現代社会で新たな強奪を繰り広げる。怪盗と冒険、コメディが特徴で、時代の風情にあふれる画風。"
1047,primary,ja-JP,メガロボクス,"""メガロボクス"" は近未来でボクサーJNK DOGの戦いを描くオリジナルアニメ。主人公はメガロボクスのリングで限界に挑む。ボクシングと熱さ、スタイルが特徴で、レトロな映像の雰囲気。"
1048,primary,ja-JP,グラゼニ,"""グラゼニ"" は同名漫画をアニメ化。落ちぶれた投手・凡田夏之介が野球場のすべてを金で測る。野球と仕事、ツッコミが特徴で、プロの目線から現実的な野球界を描く。"
1049,primary,ja-JP,敦君与女朋友,これはツンデレ彼氏・敦と彼女の恋愛日常を描く短編アニメ。恋愛と日常、コメディが特徴で、敦のツンデレ態度と彼女の掛け合いがコメディに満ちている。
1050,primary,ja-JP,劇場版マジンガーZ INFINITY,"""劇場版マジンガーZ INFINITY"" は『マジンガーZ』の映画。兜甲児とマジンガーZの最終決戦。インフィニティロボットと地球の危機を巡る作品。メカバトルと熱さ、ノスタルジーが特徴で、華麗で圧巻のバトルシーン。"
1051,primary,ja-JP,僕のヒーローアカデミア,"""僕のヒーローアカデミア"" 第3期はシリーズの続編。緑谷出久のヒーローの道が続く。今作は神野の戦いとオールマイトとの対決を巡り、出久の成長が転機を迎える。ヒーローと熱さ、成長が特徴で、華麗なバトルシーン。"
1052,primary,ja-JP,若おかみは小学生!,"""若おかみは小学生!"" は同名小説をアニメ化。小学生の女の子・おっこは事故で両親を失い、温泉旅館の若女将になる。日常と癒し、成長が特徴で、おっこの旅館での生活が温かく、温かい雰囲気。"
1053,primary,ja-JP,Cutie Honey Universe,"""Cutie Honey Universe"" は『キューティーハニー』の新アニメ。正義の戦士キューティーハニーの戦い。今作はハニーと悪の組織の戦いが続く。バトルと魔法少女、サービスが特徴で、華麗な作画。"
1054,primary,ja-JP,道口时间,これは踏切での待ち時間に起こる面白い出来事を描く短編アニメ。日常とコメディ、温かさが特徴で、短いエピソード。踏切での待ち時間に繰り広げられる様々な小さな物語を描く。
1055,primary,ja-JP,ドレイクのアニメーション,"""ドレイクのアニメーション"" は同名小説をアニメ化。他人を奴隷にする装置を使い、24人がデスマッチを繰り広げる。サスペンスと生存、ダークさが特徴で、重厚な雰囲気。キャラクターの運命が衝撃的。"
1056,primary,ja-JP,異世界居酒屋〜古都アイテーリアの居酒屋のぶ〜,"""異世界居酒屋〜古都アイテーリアの居酒屋のぶ〜"" は同名小説をアニメ化。居酒屋「のぶ」が現実世界と異世界をつなぐ。食と異世界、癒しが特徴で、日本料理と異世界人の物語を組み合わせ、温かい雰囲気。"
1057,primary,ja-JP,实验品家庭,これは同名漫画をアニメ化。超能力を持つ兄弟姉妹が科学者の庇護のもとで暮らす。日常と家族、SFが特徴で、少年少女の成長と交流が温かく、明るい雰囲気。
1058,primary,ja-JP,鹿枫堂,これは同名漫画をアニメ化。和風喫茶・鹿楓堂の四人の若者と客たちの日常。食と日常、癒しが特徴で、温かい雰囲気。スタッフの掛け合いと客たちの物語が温かい。
1059,primary,ja-JP,鬼灯の冷徹 OAD,"""鬼灯の冷徹 OAD"" は『鬼灯の冷徹』のOVA。地獄の日常のサイドストーリー。今作は軽妙な日常に焦点を当てた作品。コメディと日常、ブラックユーモアが特徴で、楽しい雰囲気。"
1060,primary,ja-JP,バチカン奇跡調査官 OAD,"""バチカン奇跡調査官 OAD"" は『バチカン奇跡調査官』のOVA。神父たちの調査のサイドストーリー。今作は軽妙な日常に焦点を当てた作品。宗教とサスペンス、推理が特徴で、神秘的な雰囲気。"
1061,primary,ja-JP,あさがおと加瀬さん,"""あさがおと加瀬さん"" は同名漫画をアニメ化。内気な少女・山田と加瀬さんの恋愛物語。百合と恋愛、青春が特徴で、山田と加瀬の感情の変化が繊細で感動的。爽やかな画風。"
1062,primary,ja-JP,ニンジャバットマン,"""ニンジャバットマン"" はバットマンが戦国時代にタイムスリップする映画アニメ。今作はバットマンと戦国の武将たちの対決が展開。ヒーローとアクション、パロディが特徴で、華麗なバトルシーン。"
1063,primary,ja-JP,イナズマイレブン アレスの天秤,"""イナズマイレブン アレスの天秤"" はシリーズの続編。少年たちのサッカーバトルが続く。今作は新主人公のサッカーの道を巡る。サッカーと熱さ、超能力が特徴で、華麗な試合シーン。"
1064,primary,ja-JP,劇場版 進撃の巨人 Season2 〜覚醒の咆哮〜,"""劇場版 進撃の巨人 Season2 〜覚醒の咆哮〜"" は『進撃の巨人』第2期の総集編映画。今作は第2期のプロットを振り返る作品。バトルとサスペンス、絶望が特徴で、高品質な制作。"
1065,primary,ja-JP,映画プリキュアスーパースターズ!,"""映画プリキュアスーパースターズ!"" はプリキュアシリーズの映画。シリーズの少女たちが一堂に会する。今作は作品を越えて少女たちが協力する。魔法少女とバトル、群像劇が特徴で、華麗な変身とバトルシーン。"
1066,primary,ja-JP,映画 中二病でも恋がしたい! -Take On Me-,"""映画 中二病でも恋がしたい! -Take On Me-"" は『中二病でも恋がしたい!』の映画。小鳥遊六花と富樫勇太の恋愛。今作は六花の中二病卒業を巡る作品。恋愛と日常、コメディが特徴で、明るい雰囲気。"
1067,primary,ja-JP,映画ドラえもん のび太の宝島,"""映画ドラえもん のび太の宝島"" は『ドラえもん』の映画。宝島でのび太たちの冒険。今作は宝と新しいパートナーを巡る作品。のび太とドラえもんが海で大冒険を繰り広げる。冒険とSF、友情が特徴で、楽しい雰囲気と感動的な結末。"
1068,primary,ja-JP,劇場版マクロスΔ 激情のワルキューレ,"""劇場版マクロスΔ 激情のワルキューレ"" は『マクロスΔ』の映画。歌姫とメカの戦い。今作はワルキューレの歌と新たな戦いを巡る作品。メカバトルと音楽、恋愛が特徴で、感動的な歌と華麗なバトルシーン。"
1069,primary,ja-JP,肆式青春,これは三つの都市の青春物語を描く日中合作映画アニメ。今作は三つの独立した青春物語で展開。青春と日常、癒しが特徴で、繊細な映像。北京・広州・上海の青春をそれぞれ描く。
1070,primary,ja-JP,パズル&ドラゴンズ,"""パズル&ドラゴンズ"" は同名ゲームをアニメ化。少年と竜のパートナーたちの冒険を描く。今作はオーブマッチングバトルが特徴。少年たちがパズドラの世界で冒険する。冒険とバトル、熱さが特徴で、華麗なバトルシーン。"
1071,primary,ja-JP,ISLAND,"""ISLAND"" は同名ゲームをアニメ化。記憶を失った少年が孤島で少女たちと出会う。サスペンスと恋愛、SFが特徴で、神秘的な雰囲気。少年の記憶と島の真実が層状に明かされる。"
1072,primary,ja-JP,はねバド!,"""はねバド!"" は同名漫画をアニメ化。バドミントン少女・羽咲綾乃の天才と内なる悪魔。綾乃はバドミントンコートで圧倒的な才能を見せる。バドミントンと熱さ、心理が特徴で、緊迫した試合シーン。"
1073,primary,ja-JP,千铳士,これは同名ゲームをアニメ化。古銃を擬人化した少年たちが戦う。擬人化とバトル、群像劇が特徴で、洗練された作画。少年たちの戦いが魅力的。
1074,primary,ja-JP,バック・ストリート・ガールズ,"""バック・ストリート・ガールズ"" は同名漫画をアニメ化。三人のヤクザの少年が組長にアイドルになることを強要される。コメディとアイドル、ギャップが特徴で、ヤクザとアイドルの対比がコメディに満ちている。"
1075,primary,ja-JP,異世界魔王と召喚少女の奴隷魔術,"""異世界魔王と召喚少女の奴隷魔術"" は同名ライトノベルをアニメ化。ゲームプレイヤーの坂本拓真が魔王として異世界に召喚される。異世界とハーレム、ライトアドベンチャーが特徴で、拓真の強さと奴隷少女たちとの掛け合いが見どころ。"
1076,primary,ja-JP,ちおちゃんの通学路,"""ちおちゃんの通学路"" は同名漫画をアニメ化。女子高生・三谷裳ちおの通学路での空想だらけの日常。コメディと日常、ツッコミが特徴で、ちおの通学路での様々な妄想がコメディに満ちている。"
1077,primary,ja-JP,はたらく細胞,"""はたらく細胞"" は同名漫画をアニメ化。人体の細胞を擬人化した教育アニメ。赤血球や白血球などの細胞が体内で働く。教育とバトル、日常が特徴で、体の知識を面白い物語に組み込み、可愛い作画と明るい雰囲気。"
1078,primary,ja-JP,あそびあそばせ,"""あそびあそばせ"" は同名漫画をアニメ化。遊び研究会の少女たちの日常がコメディに満ちている。遊びと日常、コメディが特徴で、少女たちのゲーム交流がコメディに満ちている。誇張された演出とテンポの良い展開。"
1079,primary,ja-JP,アイドルマスター シンデレラガールズ劇場,"""アイドルマスター シンデレラガールズ劇場"" 第3期はシリーズの続編。シンデレラガールズのQ版日常が続く。アイドルとコメディ、日常が特徴で、可愛い作画と短いエピソード。アイドルたちの掛け合いが明るい日常を彩る。"
1080,primary,ja-JP,ヤマノススメ サードシーズン,"""ヤマノススメ サードシーズン"" はシリーズの続編。少女たちの登山日常が続く。今作はあおいとパートナーたちが登山で新たな挑戦に臨む。登山と日常、癒しが特徴で、爽やかな画風と温かい雰囲気。"
1081,primary,ja-JP,プラネット・ウィズ,"""プラネット・ウィズ"" は少年と宇宙から来た少女の戦いを描くオリジナルアニメ。メカバトルとファンタジー、群像劇が特徴で、華麗なバトルシーン。少年の成長と少女との絆が通底する。"
1082,primary,ja-JP,ハッピーシュガーライフ,"""ハッピーシュガーライフ"" は同名漫画をアニメ化。少女・松坂さとうの偏愛的な愛。さとうは少女を守るためなら何でもする。恋愛とサスペンス、ダークさが特徴で、息苦しい雰囲気。"
1083,primary,ja-JP,ぐらんぶる,"""ぐらんぶる"" は同名漫画をアニメ化。大学生・北原伊織のダイビング部での可笑しな日常。ダイビングとコメディ、日常が特徴で、伊織と部員たちの掛け合いがコメディに満ちている。"
1084,primary,ja-JP,ハイスコアガール,"""ハイスコアガール"" は同名漫画をアニメ化。格闘ゲームが盛んな時代の少年・ハルオと少女・おのの物語。ゲームセンターでの二人の絆と青春が展開。格闘ゲームと恋愛、ノスタルジーが特徴で、ゲーム文化の魅力と青春を融合。"
1085,primary,ja-JP,少女☆歌劇 レヴュースタァライト,"""少女☆歌劇 レヴュースタァライト"" は舞台少女たちの歌劇での競演を描くオリジナルアニメ。愛城華恋とパートナーたちが舞台のためレヴューで戦う。音楽と舞台、群像劇が特徴で、華麗なパフォーマンスと感動的な歌。"
1086,primary,ja-JP,京都寺町三条のホームズ,"""京都寺町三条のホームズ"" は同名小説をアニメ化。骨董品店の跡継ぎと少女・葵の謎解き物語。二人は京都の寺町商店街で様々な事件を解決する。推理と日常、癒しが特徴で、優雅な雰囲気。"
1087,primary,ja-JP,バキ,"""バキ"" は同名漫画をアニメ化。格闘家・範馬刃牙の究極の対決。刃牙は闘技場で最強の父に挑む。武術と熱さ、群像劇が特徴で、迫力あるバトルシーン。"
1088,primary,ja-JP,ロード オブ ヴァーミリオン 紅蓮の王,"""ロード オブ ヴァーミリオン 紅蓮の王"" は同名ゲームをアニメ化。少年少女の戦いを描く。今作は紅蓮の王の力を巡る作品。ファンタジーとバトル、群像劇が特徴で、華麗なバトルシーン。"
1089,primary,ja-JP,邪神ちゃんドロップキック,"""邪神ちゃんドロップキック"" は同名漫画をアニメ化。人間界の邪神ちゃんと少女・花園百合絵の同居日常。コメディと日常、魔界が特徴で、邪神ちゃんの悪戯と百合絵の暴力の対比が面白い。"
1090,primary,ja-JP,アンゴルモア 元寇合戦記,"""アンゴルモア 元寇合戦記"" は同名漫画をアニメ化。蒙古が攻めてきた時、流刑の囚人たちが対馬を守る。歴史と戦争、群像劇が特徴で、残酷な戦闘シーン。"
1091,primary,ja-JP,夢王国と眠れる100人の王子様,"""夢王国と眠れる100人の王子様"" は同名ゲームをアニメ化。少女が夢の王国で王子たちと出会う。恋愛と童話、群像劇が特徴で、華麗な作画。少女と王子たちの交流がロマンチック。"
1092,primary,ja-JP,殺戮の天使,"""殺戮の天使"" は同名ゲームをアニメ化。少女レイチェルと殺人鬼ザックの冒険。二人は廃墟のビルで支え合う。ホラーとサスペンス、絆が特徴で、息苦しい雰囲気。"
1093,primary,ja-JP,ゆらぎ荘の幽奈さん,"""ゆらぎ荘の幽奈さん"" は同名漫画をアニメ化。霊能力者・冬空コガラシと地縛霊の幽奈の同居日常。日常とコメディ、サービスが特徴で、コガラシと幽奈や少女たちの掛け合いがコメディに満ちている。"
1094,primary,ja-JP,すのはら荘の管理人さん,"""すのはら荘の管理人さん"" は同名漫画をアニメ化。優しい管理人・すのはらあやかと少年の日常。日常と恋愛、サービスが特徴で、あやかの優しさと少年のときめきが見どころ。"
1095,primary,ja-JP,音乐少女,これはアイドルグループ・音楽少女の日常を描く短編アニメ。アイドル活動での少女たちの交流が温かい。アイドルと音楽、日常が特徴で、可愛い作画と短いエピソード。
1096,primary,ja-JP,はるかなレシーブ,"""はるかなレシーブ"" は同名漫画をアニメ化。ビーチバレーの少女・遥とかなたの成長。二人はビーチバレーコートで成長し続ける。バレーと熱さ、青春が特徴で、緊迫した試合シーン。"
1097,primary,ja-JP,Free! -Dive to the Future-,"""Free! -Dive to the Future-"" はシリーズの続編。水泳少年たちの物語が続く。今作は卒業後の遥たちの物語で、新キャラクターも登場。水泳と青春、感動が特徴で、美しい水中アニメーション。"
1098,primary,ja-JP,進撃の巨人,"""進撃の巨人"" 第3期はシリーズの続編。エレンと調査兵団の戦いが続く。今作は王政編と巨人の真実を巡る作品。バトルとサスペンス、絶望が特徴で、高品質な制作。"
1099,primary,ja-JP,中間管理録トネガワ,"""中間管理録トネガワ"" は『カイジ』のスピンオフアニメ。賭博場の管理職・利根川の職場を描く。職場とコメディ、ツッコミが特徴で、カイジの世界観と職場コメディを組み合わせ、利根川の内心がコメディに満ちている。"
1100,primary,ja-JP,七星のスバル,"""七星のスバル"" は同名ライトノベルをアニメ化。オンラインゲームと現実の交錯の中での少年少女の冒険。ゲームと冒険、群像劇が特徴で、現実とゲームの間の雰囲気。"
1101,primary,ja-JP,百錬の覇王と聖約の戦乙女,"""百錬の覇王と聖約の戦乙女"" は同名ライトノベルをアニメ化。少年・ユウが異世界で王となり、戦乙女たちを率いて戦う。異世界とハーレム、熱さが特徴で、ユウの成長と戦乙女たちとの絆が見どころ。"
1102,primary,ja-JP,暮光幻影,これはロンドンのカフェを舞台に超能力者たちの物語を描くオリジナルアニメ。今作は謎の力を持つメンバーを巡る作品。ファンタジーと都市、群像劇が特徴で、洗練された作画。
1103,primary,ja-JP,つくもがみ貸します,"""つくもがみ貸します"" は同名小説をアニメ化。江戸の骨董品店で、付喪神たちの物語。妖怪と癒し、日常が特徴で、温かい雰囲気。付喪神と客たちの物語が人情に満ちている。"
1104,primary,ja-JP,働くお兄さん! の2!,"""働くお兄さん! の2!"" はシリーズの続編。アルバイトする少年たちの可笑しな日常。職場とコメディ、日常が特徴で、短いエピソードとテンポの良い展開。"
1105,primary,ja-JP,BANANA FISH,"""BANANA FISH"" は同名漫画をアニメ化。ニューヨークの闇の中で、少年アッシュと日本人留学生・奥村英二の出会い。犯罪とサスペンス、絆が特徴で、重厚な雰囲気。"
1106,primary,ja-JP,One Room,"""One Room"" セカンドシーズンはシリーズの続編。一人称視点で少女たちの日常を描く。視聴者が主人公の視点から少女たちと交流する。日常と恋愛、癒しが特徴で、洗練された作画と温かい雰囲気。"
1107,primary,ja-JP,オーバーロード,"""オーバーロード"" 第3期はシリーズの続編。アインズ・ウール・ゴウンの勢力拡大が続く。今作はナザリックと世界の征服を巡る作品。異世界とダークファンタジー、群像劇が特徴で、アインズの力と慎重さのギャップが魅力。"
1108,primary,ja-JP,天降少女！～从2层落下了少女！？～,これは空から落ちてきた少女の日常を描く短編アニメ。日常と恋愛、コメディが特徴で、短いエピソードとテンポの良い展開。
1109,primary,ja-JP,某僵尸少女的灾难,これは同名漫画をアニメ化。お嬢様ゾンビの学園での可笑しな日常。ゾンビとコメディ、日常が特徴で、ゾンビ少女とクラスメイトの掛け合いがコメディに満ちている。
1110,primary,ja-JP,BanG Dream! ガルパ☆ピコ,"""BanG Dream! ガルパ☆ピコ"" はバンドリプロジェクトの短編アニメ。バンド少女たちのQ版日常。音楽とコメディ、日常が特徴で、可愛い作画と短いエピソード。"
1111,primary,ja-JP,闇芝居,"""闇芝居"" 第6期は紙芝居形式で様々な怪談を語るホラー短編アニメシリーズ。ノスタルジックな画風とグロテスクなプロット、背筋が凍る雰囲気で知られる。数分で強い恐怖感を生む。"
1112,primary,ja-JP,相约七月祭,これは祭りでの少年と少女の出会いを描く短編アニメ。恋愛と夏、癒しが特徴で、爽やかな画風と温かい雰囲気。祭りを背景に内気な感情を描く。
1113,primary,ja-JP,銀魂. 銀ノ魂篇,"""銀魂. 銀ノ魂篇"" 第2期はシリーズの続編。万事屋の最終決戦が続く。今作は銀さんと仲間たちが決戦で真の敵に立ち向かう。コメディとツッコミ、熱さが特徴で、銀さんの毒舌と仲間たちとの絆が感動的。"
1114,primary,ja-JP,Sirius the Jaeger,"""Sirius the Jaeger"" は吸血鬼ハンターの戦いを描くオリジナルアニメ。少年・ユウリュウがシリウスの使命と人間としてのアイデンティティの間で葛藤する。吸血鬼とバトル、熱さが特徴で、華麗なバトルシーン。"
1115,primary,ja-JP,ムヒョとロージーの魔法律相談事務所,"""ムヒョとロージーの魔法律相談事務所"" は同名漫画をアニメ化。魔法法律の書き手・ムヒョと助手がオカルト事件を解決する。オカルトとバトル、日常が特徴で、ムヒョの魔法法律と一話完結の事件が面白い。"
1116,primary,ja-JP,ゾイドワイルド,"""ゾイドワイルド"" は同名玩具シリーズをアニメ化。少年たちがワイルドマシンを操り、荒野で戦う。マシンと冒険、熱さが特徴で、華麗なバトルシーン。"
1117,primary,ja-JP,天才玩偶,これは日中合作アニメ。少年と人形の物語を描く。少年は人形の助けを借りて冒険する。ファンタジーとバトル、熱さが特徴で、華麗なバトルシーン。
1118,primary,ja-JP,深夜！天才傻鹏,これは名作コメディアニメの現代版。バカボン一家の可笑しな日常。コメディとパロディ、ツッコミが特徴で、大胆で奔放な演出。
1119,primary,ja-JP,ゆらぎ荘の幽奈さん OAD,"""ゆらぎ荘の幽奈さん OAD"" は『ゆらぎ荘の幽奈さん』のOVA。温泉サービスのサイドストーリー。今作は軽妙な日常と温泉に焦点を当てた作品。日常とコメディ、サービスが特徴で、明るい雰囲気。"
1120,primary,ja-JP,告诉我魔法之摆～莉露莉露妖精莉露～,これはフェアリーリルシリーズのアニメ。妖精の少女たちの冒険が続く。今作は妖精たちが魔法の振り子を通して新たな活動を繰り広げる。魔法と日常、癒しが特徴で、可愛い作画と温かい雰囲気。
1121,primary,ja-JP,血界戦線 & BEYOND OAD,"""血界戦線 & BEYOND OAD"" は『血界戦線』のOVA。ヘルサレムズ・ロットでのレオナルドのサイドストーリー。今作は軽妙な日常に焦点を当てた作品。ファンタジーとバトル、群像劇が特徴で、楽しい雰囲気。"
1122,primary,ja-JP,路西法 反叛的堕天使,これは堕天使ルシファーの物語を描く短編アニメ。ファンタジーと日常、癒しが特徴で、洗練された作画と静かな雰囲気。
1123,primary,ja-JP,フリクリ プログレ,"""フリクリ プログレ"" は『フリクリ』の新アニメ。少女たちの奇妙な冒険を描く。今作は新キャラクターとロボットを巡る作品。ナンセンスとアクション、青春が特徴で、大胆な演出と奇想天外な発想。"
1124,primary,ja-JP,一脸嫌弃表情的妹子给你看胖次,これは嫌そうな顔でパンツを見せるシーンを描く短編サービスアニメ。サービスと日常、コメディが特徴で、短いエピソード。
1125,primary,ja-JP,スーパードラゴンボールヒーローズ,"""スーパードラゴンボールヒーローズ"" はドラゴンボールのヒーローたちの戦いを描く短編アニメ。今作はドラゴンボールヒーローズゲームの世界観を巡る作品。武術と熱さ、群像劇が特徴で、華麗なバトルシーン。"
1126,primary,ja-JP,班会传说,これは学級会の可笑しな日常を描く短編アニメ。学園とコメディ、ツッコミが特徴で、短いエピソードとテンポの良い展開。
1127,primary,ja-JP,こねこのチー ポンポンらー大冒険,"""こねこのチー ポンポンらー大冒険"" はシリーズの続編。子猫チーの冒険が続く。今作はチーと飼い主一家の旅が温かい。可愛いペットと日常、癒しが特徴で、柔らかく可愛い作画。"
1128,primary,ja-JP,からかい上手の高木さん OVA,"""からかい上手の高木さん OVA"" は『からかい上手の高木さん』のOVA。高木と西片の日常サイドストーリー。今作は軽妙な日常に焦点を当てた作品。恋愛と日常、コメディが特徴で、高木さんのからかいと西片の反応がコメディに満ちている。"
1129,primary,ja-JP,GODZILLA 決戦機動増殖都市,"""GODZILLA 決戦機動増殖都市"" はゴジラシリーズの映画。ゴジラが支配する惑星での人類の生存。今作は人類がメカゴジラでゴジラに立ち向かう。SFとバトル、群像劇が特徴で、華麗な3DCG映像。"
1130,primary,ja-JP,政宗くんのリベンジ OAD,"""政宗くんのリベンジ OAD"" は『政宗くんのリベンジ』のOVA。政宗と愛姫の恋愛サイドストーリー。今作は軽妙な日常に焦点を当てた作品。恋愛とコメディ、日常が特徴で、明るい雰囲気。"
1131,primary,ja-JP,けものフレンズ ようこそジャパリパークへ,"""けものフレンズ ようこそジャパリパークへ"" はジャパリパークの動物少女たちの日常を描く短編アニメ。モエと日常、癒しが特徴で、可愛い作画と短いエピソード。"
1132,primary,ja-JP,岸辺露伴は動かない 六壁坂,"""岸辺露伴は動かない 六壁坂"" は『ジョジョの奇妙な冒険』のサイドストーリーアニメ。漫画家・岸辺露伴の奇妙な体験。今作は露伴が取材中に不気味な出来事に出会う。サスペンスとグロテスク、ジョジョの世界観が特徴で、不気味な雰囲気。"
1133,primary,ja-JP,DOUBLE DECKER! ダグ&キリル,"""DOUBLE DECKER! ダグ&キリル"" は都市での警察コンビの捜査を描くオリジナルアニメ。ダグとキリルの麻薬事件でのパートナー日常。警察とアクション、コメディが特徴で、明るい雰囲気。"
1134,primary,ja-JP,クイーンズブレイド UNLIMITED,"""クイーンズブレイド UNLIMITED"" はクイーンズブレイドシリーズのアニメ。女戦士たちの大戦。今作は新たな女戦士と戦いを巡る作品。バトルとサービス、群像劇が特徴で、華麗な作画。"
1135,primary,ja-JP,フリクリ オルタナ,"""フリクリ オルタナ"" は『フリクリ』の新アニメ。少女たちの奇妙な冒険を描く。今作は新キャラクターとロボットを巡る作品。ナンセンスとアクション、青春が特徴で、大胆な演出と奇想天外な発想。"
1136,primary,ja-JP,ネコぱら OVA Extra 仔ネコの日の約束,"""ネコぱら OVA Extra 仔ネコの日の約束"" は『ネコぱら』のOVA。猫娘たちの日常サイドストーリー。今作は軽妙な日常に焦点を当てた作品。可愛いペットと日常、癒しが特徴で、洗練された作画と明るい雰囲気。"
1137,primary,ja-JP,RErideD-刻越えのデリダ-,"""RErideD-刻越えのデリダ-"" は少年デリダがタイムトラベルする物語を描くオリジナルアニメ。デリダは過去と未来を行き来する。SFとタイムトラベル、サスペンスが特徴で、冷たい雰囲気。"
1138,primary,ja-JP,さよならの朝に約束の花をかざろう,"""さよならの朝に約束の花をかざろう"" は岡田麿里の映画。不老の少女マキアと少年の物語を描く。マキアは長い年月をかけて少年アリアを育てる。ファンタジーと家族愛、哀愁が特徴で、繊細な映像。"
1139,primary,ja-JP,映画クレヨンしんちゃん 爆盛!カンフーボーイズ〜拉麺大乱〜,"""映画クレヨンしんちゃん 爆盛!カンフーボーイズ〜拉麺大乱〜"" は『クレヨンしんちゃん』の映画。ラーメン世界でのしんちゃんの冒険。今作は秘伝のラーメン技とカンフーを巡る作品。コメディと冒険、家族が特徴で、楽しい雰囲気と温かい結末。"
1140,primary,ja-JP,文豪ストレイドッグス DEAD APPLE,"""文豪ストレイドッグス DEAD APPLE"" は『文豪ストレイドッグス』の映画。武装探偵社とポートマフィアの戦い。今作は霧事件と新たな敵を巡る作品。異能バトルと文豪擬人化、群像劇が特徴で、華麗なバトルシーン。"
1141,primary,ja-JP,新撰组异闻录 铁 ～想道～,これは同名漫画をアニメ化。新撰組の少年たちの物語を描く。今作は新撰組の日常と戦いを巡る作品。歴史とバトル、群像劇が特徴で、重厚な雰囲気。
1142,primary,ja-JP,劇場版プリパラ&キラッとプリ☆チャン 〜きらきらメモリアルライブ〜,"""劇場版プリパラ&キラッとプリ☆チャン 〜きらきらメモリアルライブ〜"" はプリパラシリーズの映画。少女たちのアイドルパフォーマンス。今作は二作品のアイドルたちが集まりパフォーマンスする。華やかなステージ演出と可愛いキャラクター、音楽が特徴。"
1143,primary,ja-JP,リズと青い鳥,"""リズと青い鳥"" は『響け! ユーフォニアム』の映画。オーボエの少女・傘木希美と鎧塚みぞれの物語。今作は二人の関係と音楽を巡る作品。音楽と青春、感動が特徴で、繊細な映像。"
1144,primary,ja-JP,ジョジョの奇妙な冒険 黄金の風,"""ジョジョの奇妙な冒険 黄金の風"" はジョジョシリーズのアニメ。イタリアでのジョルノの物語。ジョルノはギャングスターになるためマフィアに加わる。バトルと熱さ、スタンドが特徴で、華麗なバトルシーン。"
1145,primary,ja-JP,RELEASE THE SPYCE,"""RELEASE THE SPYCE"" は少女スパイたちの戦いを描くオリジナルアニメ。少女たちはツキカゲ組織で任務を遂行する。スパイとアクション、群像劇が特徴で、華麗なバトルシーン。"
1146,primary,ja-JP,あかねさす少女,"""あかねさす少女"" は異世界での少女たちの冒険を描くオリジナルアニメ。少女たちは茜色の世界で奇妙な旅に出る。ファンタジーと冒険、群像劇が特徴で、明るい雰囲気。"
1147,primary,ja-JP,アイドルマスター SideM 理由あってMini!,"""アイドルマスター SideM 理由あってMini!"" は『アイドルマスター SideM』の短編アニメ。男性アイドルたちのQ版日常。アイドルとコメディ、日常が特徴で、可愛い作画と短いエピソード。"
1148,primary,ja-JP,SSSS.GRIDMAN,"""SSSS.GRIDMAN"" は同名特撮をアニメ化。少年・響裕太がコンピュータ世界でグリッドマンと共に戦う。特撮とメカバトル、青春が特徴で、華麗なバトルシーン。"
1149,primary,ja-JP,宇宙戦艦ティラミス II,"""宇宙戦艦ティラミス II"" は第1期の続編。エースパイロット・一之瀬スバルの可笑しな日常が続く。今作もスバルの宇宙戦艦での想像と戦いがコメディに満ちている。SFとコメディ、ツッコミが特徴で、奇想天外な発想と密集した笑い。"
1150,primary,ja-JP,転生したらスライムだった件,"""転生したらスライムだった件"" は同名ライトノベルをアニメ化。サラリーマンの三上悟は死後、スライムのリムルとして転生する。リムルは異世界で自分の国を築く。異世界とライトアドベンチャー、群像劇が特徴で、リムルの強さと優しさが魅力。"
1151,primary,ja-JP,ソードアート・オンライン アリシゼーション,"""ソードアート・オンライン アリシゼーション"" はSAOの新章。アンダーワールドでのキリトの冒険。今作はキリトが人工世界に落ち、アリスとの出会いが新たな物語を展開。SFとバトル、絆が特徴で、高品質な制作。"
1152,primary,ja-JP,とある魔術の禁書目録III,"""とある魔術の禁書目録III"" はシリーズの続編。上条当麻と御坂美琴の物語が続く。今作は学園都市の闇と世界の真実を巡る作品。超能力とバトル、群像劇が特徴で、広大な世界観。"
1153,primary,ja-JP,寄宿学校のジュリエット,"""寄宿学校のジュリエット"" は同名漫画をアニメ化。敵対する学園のリーダー・犬塚露壬雄と少女ペルシャの恋愛。恋愛と学園、コメディが特徴で、露壬雄の秘密の恋がコメディに満ちている。"
1154,primary,ja-JP,ゴブリンスレイヤー,"""ゴブリンスレイヤー"" は同名ライトノベルをアニメ化。ゴブリンだけを狩る冒険者ゴブリンスレイヤーの戦い。ダークファンタジーとバトル、群像劇が特徴で、重厚な雰囲気。"
1155,primary,ja-JP,青春ブタ野郎はバニーガール先輩の夢を見ない,"""青春ブタ野郎はバニーガール先輩の夢を見ない"" は同名ライトノベルをアニメ化。少年・梓川咲太が学校でバニーガール姿の先輩・桜島麻衣に出会う。恋愛と日常、ファンタジーが特徴で、咲太が少女たちの思春期症候群を解決する。"
1156,primary,ja-JP,うちのメイドがウザすぎる!,"""うちのメイドがウザすぎる!"" は同名漫画をアニメ化。元戦闘機パイロット・鴨居つばめが小学生・ミーシャのメイドになる。日常とコメディ、百合が特徴で、つばめの気持ち悪い行動とミーシャの拒絶がコメディに満ちている。"
1157,primary,ja-JP,ゴールデンカムイ,"""ゴールデンカムイ"" 第2期は第1期の続編。杉元佐一の北海道での冒険が続く。今作は金の争奪戦と新キャラクターを巡る作品。冒険と食、群像劇が特徴で、北海道の自然とアイヌ文化を丁寧に描く。"
1158,primary,ja-JP,空と海のあいだ,"""空と海のあいだ"" は同名ゲームをアニメ化。宇宙漁業での少女たちの物語。少女たちは宇宙漁業を守るため働く。SFと日常、群像劇が特徴で、明るい雰囲気。"
1159,primary,ja-JP,ゾンビランドサガ,"""ゾンビランドサガ"" はゾンビ少女たちのアイドル物語を描くオリジナルアニメ。復活した少女たちが佐賀を盛り上げるためアイドルになる。アイドルとコメディ、ギャップが特徴で、大胆な演出と密集した笑い。"
1160,primary,ja-JP,火ノ丸相撲,"""火ノ丸相撲"" は同名漫画をアニメ化。小柄な少年・潮火ノ丸が相撲で頂点を目指して努力する。相撲と熱さ、青春が特徴で、迫力ある試合シーン。"
1161,primary,ja-JP,やがて君になる,"""やがて君になる"" は同名漫画をアニメ化。少女・小糸侑と先輩・七海燈子の恋愛物語。侑は燈子の告白を通して徐々に恋愛を理解する。百合と恋愛、青春が特徴で、繊細な雰囲気。"
1162,primary,ja-JP,色づく世界の明日から,"""色づく世界の明日から"" は色覚を失った少女・月白瞳美の物語を描くオリジナルアニメ。瞳美は過去の世界で魔法を学ぶ。ファンタジーと恋愛、青春が特徴で、繊細な映像と夢のような雰囲気。"
1163,primary,ja-JP,となりの吸血鬼さん,"""となりの吸血鬼さん"" は同名漫画をアニメ化。高校生・天野灯と吸血鬼の少女ソフィーの日常。日常と百合、癒しが特徴で、ソフィーと灯の掛け合いがモエに満ちている。"
1164,primary,ja-JP,アニマエール!,"""アニマエール!"" は同名漫画をアニメ化。チアリーディング部の少女たちの青春物語。スポーツと青春、群像劇が特徴で、少女たちの練習と成長が活力に満ちている。"
1165,primary,ja-JP,俺が好きなのは妹だけど妹じゃない,"""俺が好きなのは妹だけど妹じゃない"" は同名ライトノベルをアニメ化。ラノベ作家の兄と天才妹の物語。恋愛とラノベ業界、ツッコミが特徴で、兄妹の掛け合いがコメディに満ちている。"
1166,primary,ja-JP,ベルゼブブ嬢のお気に召すまま。,"""ベルゼブブ嬢のお気に召すまま。"" は同名漫画をアニメ化。魔界のお嬢様・ベルゼブブの日常。癒しと日常、モエが特徴で、お嬢様の怠惰さと可愛さが魅力。洗練された作画と温かい雰囲気。"
1167,primary,ja-JP,Dakaichi: My Number 1,"""Dakaichi: My Number 1"" は同名漫画をアニメ化。俳優の西条高人と百々瀬の物語。芸能界での二人の恋愛が波乱万丈。BL恋愛と芸能界、日常が特徴で、華やかな雰囲気。"
1168,primary,ja-JP,ユリシーズ ジャンヌ・ダルクと錬金の騎士,"""ユリシーズ ジャンヌ・ダルクと錬金の騎士"" は同名ライトノベルをアニメ化。百年戦争の中での少女ジャンヌ・ダルクと錬金騎士の物語。歴史と戦争、ファンタジーが特徴で、重厚な雰囲気。"
1169,primary,ja-JP,为我而生,これは同名ゲームをアニメ化。少年たちが異世界で戦う。バトルとファンタジー、熱さが特徴で、華麗なバトルシーン。
1170,primary,ja-JP,骸骨書店員 本田さん,"""骸骨書店員 本田さん"" は骸骨の書店員・本田さんの職場日常を描く短編アニメ。書店と職場、コメディが特徴で、本田さんと客や同僚の掛け合いがコメディに満ちている。"
1171,primary,ja-JP,東京喰種トーキョーグール:re,"""東京喰種トーキョーグール:re"" 第2期はシリーズの続編。喰種と捜査官の戦争が続く。今作は佐々木琲世の真実と金木研の帰還が展開。喰種とバトル、ダークさが特徴で、重厚な雰囲気。"
1172,primary,ja-JP,学園BASARA,"""学園BASARA"" はBASARAシリーズのコメディアニメ。戦国の武将たちの現代学園での日常。パロディとコメディ、日常が特徴で、武将たちの学生生活がコメディに満ちている。"
1173,primary,ja-JP,不受欢迎之家,これはオタク女子の日常を描く短編アニメ。日常とオタク文化、コメディが特徴で、簡素な作画と短いエピソード。
1174,primary,ja-JP,閃乱カグラ SHINOVI MASTER -東京妖魔編-,"""閃乱カグラ SHINOVI MASTER -東京妖魔編-"" は閃乱カグラシリーズのアニメ。くノ一の少女たちの戦い。今作は東京妖魔編を巡る作品。少女たちの忍学園での戦いが熱い。忍者とバトル、サービスが特徴で、華麗なバトルシーン。"
1175,primary,ja-JP,メルクストーリア -無気力少年と瓶の中の少女-,"""メルクストーリア -無気力少年と瓶の中の少女-"" は同名ゲームをアニメ化。少年ユウと瓶の中の少女メルクの冒険。ファンタジーと冒険、癒しが特徴で、ユウとメルクの掛け合いが温かく、可愛い作画と明るい雰囲気。"
1176,primary,ja-JP,叛逆性ミリオンアーサー,"""叛逆性ミリオンアーサー"" は同名ゲームをアニメ化。六人のアーサーの物語。今作は叛逆のアーサーたちを巡る作品。バトルとファンタジー、群像劇が特徴で、華麗なバトルシーン。"
1177,primary,ja-JP,ラディアン,"""ラディアン"" は同名漫画をアニメ化。魔法の世界での少年セトの冒険。ファンタジーと冒険、熱さが特徴で、華麗なバトルシーン。"
1178,primary,ja-JP,ツルネ -風舞高校弓道部-,"""ツルネ -風舞高校弓道部-"" は同名小説をアニメ化。弓道部の少年たちの青春物語。弓道と青春、群像劇が特徴で、静かな雰囲気。弓道部の練習と絆が美しい。"
1179,primary,ja-JP,嫁给非人类,これは非人間と結婚した少女の物語を描く短編アニメ。恋愛とコメディ、日常が特徴で、短いエピソードとテンポの良い展開。
1180,primary,ja-JP,風が強く吹いている,"""風が強く吹いている"" は三浦しをんの同名小説をアニメ化。寛政大学寮のメンバーが箱根駅伝に挑む。走りと青春、群像劇が特徴で、熱い雰囲気。"
1181,primary,ja-JP,Thunderbolt Fantasy 東離劍遊紀2,"""Thunderbolt Fantasy 東離劍遊紀2"" はシリーズの続編。剣士たちの武術冒険が続く。今作は新たな陰謀と魔剣を巡る作品。武術と人形劇、熱さが特徴で、迫力ある人形パフォーマンスとドラマチックなプロット。"
1182,primary,ja-JP,軒轅剣・蒼之曜,"""軒轅剣・蒼之曜"" は日中合作アニメ。軒轅剣の世界での戦いを描く。今作は蒼の曜の力を巡る作品。仙侠とバトル、熱さが特徴で、華麗なバトルシーン。"
1183,primary,ja-JP,喂，看见耳朵啦,これは猫耳の少年と人間の日常を描く短編アニメ。モエと日常、癒しが特徴で、可愛い作画と短いエピソード。
1184,primary,ja-JP,恋爱幕末男友外传～在时空的彼方盛开之恋～,これは同名ゲームをアニメ化。タイムスリップした少女と幕末の志士たちの恋愛。恋愛とタイムスリップ、群像劇が特徴で、華やかな雰囲気。
1185,primary,ja-JP,狐狸之声,これは日中合作アニメ。音楽での少年たちの物語を描く。今作は音楽と夢を巡る作品。音楽と青春、群像劇が特徴で、若々しい雰囲気。
1186,primary,ja-JP,グラゼニ,"""グラゼニ"" 第2期は第1期の続編。凡田夏之介の野球の職場が続く。今作も凡田の野球場でのリアリズムが見どころ。野球と仕事、ツッコミが特徴で、プロの目線から現実的な野球界を描く。"
1187,primary,ja-JP,宇宙戦艦ヤマト2202 愛の戦士たち,"""宇宙戦艦ヤマト2202 愛の戦士たち"" は『宇宙戦艦ヤマト』のリメイク続編。ヤマトの戦いが続く。今作は愛の戦士たちと新たな脅威を巡る作品。メカバトルと戦争、群像劇が特徴で、華麗なバトルシーン。"
1188,primary,ja-JP,逆転裁判,"""逆転裁判"" 第2期はシリーズの続編。弁護士・成歩堂龍一の法廷バトルが続く。今作は成歩堂が法廷で真実を明かし、検察官と対決する。法廷と推理、熱さが特徴で、逆転の連続するプロット。"
1189,primary,ja-JP,彼时彼女,これは少女たちの日常を描く短編アニメ。日常と癒し、群像劇が特徴で、洗練された作画と静かな雰囲気。
1190,primary,ja-JP,フェアリーテイル ファイナルシリーズ,"""フェアリーテイル ファイナルシリーズ"" は『フェアリーテイル』の完結編。ナツと仲間たちの冒険が最終章を迎える。今作は最終決戦とギルドの歴史を巡る作品。熱いバトルと仲間との絆、魔法の世界が特徴で、華麗なバトルシーン。"
1191,primary,ja-JP,末班车后、在胶囊旅馆里、向上司传递微热的夜晚,これは終電後のカプセルホテルで上司とOLの恋愛を描く短編アダルト向けアニメ。恋愛とアダルト、日常が特徴で、アンニュイな雰囲気と緊張感ある掛け合い。
1192,primary,ja-JP,蒼天の拳 REGENESIS,"""蒼天の拳 REGENESIS"" 第2期は第1期の続編。ケンシロウの北斗神拳の戦いが続く。今作はケンシロウが強敵との対決で成長する。武術と熱さ、歴史が特徴で、華麗なバトルシーン。"
1193,primary,ja-JP,能继续奔跑下去真是太好了。,これは走る少女の物語を描く短編アニメ。スポーツと青春、癒しが特徴で、爽やかな画風と温かい雰囲気。
1194,primary,ja-JP,イングレス,"""イングレス"" は同名ゲームをアニメ化。現実と仮想世界での少年の冒険を描く。今作はイングレスの謎を巡る作品。SFとサスペンス、群像劇が特徴で、緊迫した雰囲気。"
1195,primary,ja-JP,おとなの防具屋さん,"""おとなの防具屋さん"" は防具屋の可笑しな日常を描く短編アニメ。コメディとパロディ、日常が特徴で、短いエピソードと密集した笑い。"
1196,primary,ja-JP,欢迎光临千岁酱,これは温泉旅館のカワウソ・ちとせちゃんの日常を描く短編アニメ。可愛いペットと日常、癒しが特徴で、柔らかく可愛い作画と明るい雰囲気。
1197,primary,ja-JP,爆钓王,これは同名ゲームをアニメ化。少年たちのエキサイティングな釣り冒険を描く。主人公たちは釣りを通して冒険する。釣りと冒険、熱さが特徴で、明るい雰囲気。
1198,primary,ja-JP,からくりサーカス,"""からくりサーカス"" は藤田和日郎の同名漫画をアニメ化。少年・才賀勝と人形使いたちの戦い。熱さとバトル、群像劇が特徴で、重厚な雰囲気。"
1199,primary,ja-JP,名探偵コナン ゼロの執行人,"""名探偵コナン ゼロの執行人"" は『名探偵コナン』の映画。コナンと安室の行動。今作は爆破事件とゼロの執行人を巡る作品。推理とアクション、サスペンスが特徴で、緊迫した雰囲気。"
1200,primary,ja-JP,君の膵臓をたべたい,"""君の膵臓をたべたい"" は少年と少女の物語を描く映画アニメ。自暴自棄の少年は膵臓の病気を持つ少女・桜に出会う。恋愛と青春、涙が特徴で、繊細な映像。"
1201,primary,ja-JP,聖闘士星矢 セインティア翔,"""聖闘士星矢 セインティア翔"" は聖闘士星矢シリーズのアニメ。聖闘少女の戦いを描く。今作は聖闘少女翔と黄金聖闘士の物語を巡る作品。聖闘士とバトル、群像劇が特徴で、華麗なバトルシーン。"
1202,primary,ja-JP,K SEVEN STORIES Episode 1: R:b - BLAZE -,"""K SEVEN STORIES Episode 1: R:b - BLAZE -"" はKシリーズの映画。赤の王の物語を描く。今作は十束多々良と周防尊の過去を巡る作品。異能バトルと群像劇、哀愁が特徴で、華麗な映像。"
1203,primary,ja-JP,K SEVEN STORIES Episode 2: SIDE:BLUE - Like Sirius -,"""K SEVEN STORIES Episode 2: SIDE:BLUE - Like Sirius -"" はKシリーズの映画。青の王の物語を描く。今作は宗像礼司の過去を巡る作品。異能バトルと群像劇、哀愁が特徴で、華麗な映像。"
1204,primary,ja-JP,K SEVEN STORIES Episode 3: SIDE:GREEN - Overwriting World -,"""K SEVEN STORIES Episode 3: SIDE:GREEN - Overwriting World -"" はKシリーズの映画。緑の王の物語を描く。今作は緑のクランの行動を巡る作品。異能バトルと群像劇、哀愁が特徴で、華麗な映像。"
1205,primary,ja-JP,K SEVEN STORIES Episode 4: Lost Small World - The Other Side of the Cage -,"""K SEVEN STORIES Episode 4: Lost Small World - The Other Side of the Cage -"" はKシリーズの映画。少年たちの物語を描く。今作は伏見猿比古と八田美咲の過去を巡る作品。異能バトルと群像劇、哀愁が特徴で、華麗な映像。"
1206,primary,ja-JP,劇場版ポケットモンスター みんなの物語,"""劇場版ポケットモンスター みんなの物語"" はポケモンアニメの映画。フラウラシティでのサトシとピカチュウの冒険。今作はポケモンと人間の絆を巡る作品。冒険とバトル、絆が特徴で、華麗なバトルシーン。"
1207,primary,ja-JP,イナズマイレブン オリオンの刻印,"""イナズマイレブン オリオンの刻印"" はシリーズの続編。少年たちのサッカーバトルが続く。今作はオリオンの刻印を巡る作品。サッカーと熱さ、超能力が特徴で、華麗な試合シーン。"
1208,primary,ja-JP,ドメスティックな彼女,"""ドメスティックな彼女"" は同名漫画をアニメ化。少年・藤井夏生と二人の姉妹の恋愛物語。夏生は失恋後、姉妹との複雑な関係が展開。恋愛と日常、感情のもつれが特徴で、アンニュイな雰囲気。"
1209,primary,ja-JP,魔法少女特殊戦あすか,"""魔法少女特殊戦あすか"" は同名漫画をアニメ化。ディスペアスとの戦いの後、魔法少女たちが特殊部隊で戦う。魔法少女とバトル、ダークさが特徴で、重厚な雰囲気。"
1210,primary,ja-JP,かぐや様は告らせたい 天才たちの恋愛頭脳戦,"""かぐや様は告らせたい 天才たちの恋愛頭脳戦"" は同名漫画をアニメ化。天才生徒会長・白銀御行と副会長・四宮かぐやの恋愛頭脳戦。両者とも先に告白させようと様々な心理戦を繰り広げる。恋愛とコメディ、頭脳戦が特徴。"
1211,primary,ja-JP,えんどろ〜!,"""えんどろ〜!"" はヒロイン少女たちの冒険を描くオリジナルアニメ。魔王が倒された後の世界で、ヒロインたちの学園での日常。ファンタジーと日常、コメディが特徴で、可愛い作画と明るい雰囲気。"
1212,primary,ja-JP,ぱすてるメモリーズ,"""ぱすてるメモリーズ"" は同名ゲームをアニメ化。秋葉原での少女たちの物語。日常と癒し、群像劇が特徴で、可愛い作画と明るい雰囲気。"
1213,primary,ja-JP,W'z,"""W'z"" は街の中での少年少女の物語を描く短編アニメ。日常と青春、群像劇が特徴で、静かな雰囲気。"
1214,primary,ja-JP,不機嫌なモノノケ庵 續,"""不機嫌なモノノケ庵 續"" は第1期の続編。蘆屋花繪と安倍晴齋の妖怪物語が続く。今作は新たな妖怪と事件が登場。妖怪と日常、癒しが特徴で、蘆屋と晴齋のパートナー掛け合いが面白い。"
1215,primary,ja-JP,私に天使が舞い降りた!,"""私に天使が舞い降りた!"" は同名漫画をアニメ化。内気な大学生・ひなたと小学生の星野ひなたの出会い。日常と癒し、百合が特徴で、ひなたの星野への執着がモエに満ちている。"
1216,primary,ja-JP,五等分の花嫁,"""五等分の花嫁"" は同名漫画をアニメ化。家庭教師・上杉風太郎と五つ子姉妹の恋愛。恋愛と学園、コメディが特徴で、風太郎と五つ子の掛け合いがコメディに満ちている。"
1217,primary,ja-JP,グリムノーツ The Animation,"""グリムノーツ The Animation"" は同名ゲームをアニメ化。童話の本の世界で、少年たちが本の物語の中で冒険する。童話と冒険、群像劇が特徴で、明るい雰囲気。"
1218,primary,ja-JP,微笑みの代償,"""微笑みの代償"" は王女と少女の戦いを描くオリジナルアニメ。戦争でのユキ姫と兵士ステラの成長。戦争とメカバトル、群像劇が特徴で、重厚な雰囲気。"
1219,primary,ja-JP,みにとじ,"""みにとじ"" は『刀使ノ巫女』の短編アニメ。巫女たちのQ版日常。バトルとコメディ、日常が特徴で、可愛い作画と短いエピソード。"
1220,primary,ja-JP,盾の勇者の成り上がり,"""盾の勇者の成り上がり"" は同名ライトノベルをアニメ化。異世界に召喚された岩谷尚文が盾の勇者となる。異世界とダーク、成長が特徴で、尚文の裏切りから再生への成長が見どころ。"
1221,primary,ja-JP,ガーリー・エアフォース,"""ガーリー・エアフォース"" は同名漫画をアニメ化。少女たちとF-15などの擬人化戦闘機が戦う。SFとバトル、群像劇が特徴で、華麗なバトルシーン。"
1222,primary,ja-JP,賭ケグルイXX,"""賭ケグルイXX"" は第1期の続編。蛇喰夢子のギャンブルが続く。今作は夢子が新たな賭けで心理戦を繰り広げる。ギャンブルと心理戦、狂気が特徴で、夢子のギャンブルスタイルが圧巻。"
1223,primary,ja-JP,ケムリクサ,"""ケムリクサ"" は煙草の植物の世界での少女たちの戦いを描くオリジナルアニメ。ワカバと少女たちの霧の中での冒険。SFとバトル、サスペンスが特徴で、独特の雰囲気。"
1224,primary,ja-JP,同居人はひざ、時々、頭のうえ。,"""同居人はひざ、時々、頭のうえ。"" は同名漫画をアニメ化。小説家・朏素晴と猫・陽の日常。可愛いペットと日常、癒しが特徴で、素晴と猫の掛け合いが温かく、柔らかく可愛い作画。"
1225,primary,ja-JP,モブサイコ100 II,"""モブサイコ100 II"" は第1期の続編。影山茂夫の成長が続く。今作はモブが新たなオカルト事件と内面の葛藤に直面する。超能力とバトル、成長が特徴で、華麗なバトルシーン。"
1226,primary,ja-JP,荒野のコトブキ飛行隊,"""荒野のコトブキ飛行隊"" は戦闘機を操る少女たちの戦いを描くオリジナルアニメ。空戦と熱さ、群像劇が特徴で、華麗な3DCG空中シーン。"
1227,primary,ja-JP,ミステリアフレンズ,"""ミステリアフレンズ"" は『神撃のバハムート』のスピンオフアニメ。ミステリア学園での少女たちの日常。ファンタジーと日常、百合が特徴で、洗練された作画と明るい雰囲気。"
1228,primary,ja-JP,上野さんは不器用,"""上野さんは不器用"" は同名漫画をアニメ化。科学部部長の上野は発明品で副部長に告白しようとする。コメディと日常、恋愛が特徴で、上野の不器用な告白がコメディに満ちている。"
1229,primary,ja-JP,BanG Dream!,"""BanG Dream!"" 第2期は第1期の続編。ガールズバンドの物語が続く。今作は新バンドと新ステージが登場し、少女たちが音楽で成長し続ける。音楽と青春、群像劇が特徴で、感動的な楽曲と心に響く演奏シーン。"
1230,primary,ja-JP,約束のネバーランド,"""約束のネバーランド"" は同名漫画をアニメ化。孤児院で、子供たちは自分たちが悪魔の餌であることに気づく。サスペンスと生存、熱さが特徴で、子供たちが脱出の過程でスリリングな冒険を繰り広げる。"
1231,primary,ja-JP,雨色ココア side G,"""雨色ココア side G"" は雨色ココアシリーズのアニメ。喫茶店の日常が続く。今作は新キャラクターを巡る作品。癒しと日常、コーヒーが特徴で、爽やかな画風と静かな雰囲気。"
1232,primary,ja-JP,デート・ア・ライブIII,"""デート・ア・ライブIII"" はシリーズの続編。五河士道と精霊たちのデートが続く。今作は新精霊と危機が登場し、士道がデートで精霊の力を封じる。恋愛とバトル、ハーレムが特徴で、華麗なバトルシーン。"
1233,primary,ja-JP,明治東亰恋伽,"""明治東亰恋伽"" は同名ゲームをアニメ化。少女が明治時代の東京にタイムスリップする。恋愛とタイムスリップ、歴史が特徴で、優雅な雰囲気。"
1234,primary,ja-JP,B-PROJECT〜絶頂*エモーション〜,"""B-PROJECT〜絶頂*エモーション〜"" はシリーズの続編。アイドルグループB-PROJECTの物語が続く。今作は少年たちがアイドルステージで新たな挑戦に臨む。音楽とアイドル、群像劇が特徴で、華やかな楽曲とステージ演出。"
1235,primary,ja-JP,けものフレンズ2,"""けものフレンズ2"" は第1期の続編。動物少女たちの冒険が続く。今作は新たな動物少女と新ステージが登場。モエと冒険、癒しが特徴で、独特の画風と温かい雰囲気。"
1236,primary,ja-JP,サークレット・プリンセス,"""サークレット・プリンセス"" は同名ゲームをアニメ化。VR競技サークレットバウトでの少女たちの戦い。競技と学園、群像劇が特徴で、華麗なバトルシーン。"
1237,primary,ja-JP,ブギーポップは笑わない,"""ブギーポップは笑わない"" は同名ライトノベルをアニメ化。街の闇の中で、謎の少女ブギーポップの存在。サスペンスとSF、群像劇が特徴で、多線の語り口が魅力。"
1238,primary,ja-JP,ストライク・ザ・ブラッドIII,"""ストライク・ザ・ブラッドIII"" はシリーズの続編。暁古城の吸血鬼バトルが続く。今作は古城と姫柊雪菜の絆がさらに深まる。吸血鬼とバトル、ハーレムが特徴で、華麗なバトルシーン。"
1239,primary,ja-JP,どろろ,"""どろろ"" は手塚治虫の漫画をアニメ化。鬼神に身体の臓器を奪われた少年・百鬼丸が身体を取り戻すため戦う。時代劇とバトル、ダークさが特徴で、重厚な雰囲気。"
1240,primary,ja-JP,探偵オペラ ミルキィホームズ (心の告白),"""探偵オペラ ミルキィホームズ (心の告白)"" は探偵オペラシリーズのOVA。少女探偵たちの日常サイドストーリー。今作は軽妙な日常に焦点を当てた作品。探偵とコメディ、日常が特徴で、明るい雰囲気。"
1241,primary,ja-JP,臨死!!江古田ちゃん,"""臨死!!江古田ちゃん"" は同名漫画をアニメ化。ヒロイン江古田ちゃんの奇妙な日常。コメディと日常、奇想天外な発想が特徴で、多様な一話完結の物語。"
1242,primary,ja-JP,3D彼女 リアルガール,"""3D彼女 リアルガール"" 第2期は第1期の続編。筒井光と五十嵐色葉の恋愛が続く。今作は二人の恋がさらに発展する。恋愛と青春、日常が特徴で、温かい雰囲気。"
1243,primary,ja-JP,虚拟小姐在看着你,これはバーチャルYouTuberの日常を描く短編アニメ。バーチャルアイドルとコメディ、日常が特徴で、可愛い作画と短いエピソード。
1244,primary,ja-JP,涩谷保卫战,これは同名ゲームをアニメ化。渋谷での少年たちの戦いを描く。今作は渋谷の危機を巡る作品。バトルと熱さ、群像劇が特徴で、華麗なバトルシーン。
1245,primary,ja-JP,ロード・エルメロイII世の事件簿 -魔眼蒐集列車 Grace note-,"""ロード・エルメロイII世の事件簿 -魔眼蒐集列車 Grace note-"" はFateシリーズのアニメ。エルメロイII世の推理を描く。今作はエルメロイII世が魔眼蒐集列車で事件を解決する。Fateの世界観と推理、群像劇が特徴で、優雅な雰囲気。"
1246,primary,ja-JP,劇場版 七つの大罪 天空の囚われ人,"""劇場版 七つの大罪 天空の囚われ人"" は『七つの大罪』の映画。メリオダスと仲間たちの冒険。今作は天空の囚われ人を巡る作品。ファンタジー冒険と熱いバトル、仲間との絆が特徴で、華麗なバトルシーン。"
1247,primary,ja-JP,一騎当千 Western Wolves,"""一騎当千 Western Wolves"" はシリーズの続編。闘う少女たちの戦いが続く。今作は新たな戦いを巡る作品。バトルとサービス、群像劇が特徴で、華麗なバトルシーン。"
1248,primary,ja-JP,就算是爸爸、也想做,これは父と娘のタブーな恋愛を描く短編アダルト向けアニメ。恋愛とアダルト、日常が特徴で、アンニュイな雰囲気と緊張感ある掛け合い。
1249,primary,ja-JP,劇場版 Infini-T Force ガッチャマン さらば友よ,"""劇場版 Infini-T Force ガッチャマン さらば友よ"" はInfini-T Forceの映画。ヒーローたちの最終決戦。今作はガッチャマンと仲間たちの別れを巡る作品。ヒーローとバトル、群像劇が特徴で、華麗なバトルシーン。"
1250,primary,ja-JP,GODZILLA 星を喰う者,"""GODZILLA 星を喰う者"" はゴジラシリーズの映画。人類とゴジラの最終決戦。今作は人類が惑星の運命をかけた最終決戦を繰り広げる。SFとバトル、群像劇が特徴で、華麗な3DCG映像。"
1251,primary,ja-JP,RWBY,"""RWBY"" 第6巻はRWBYシリーズの第6シーズン。グリムと戦う少女たちの戦いが続く。今作はフォール編と新たな危機を巡る作品。バトルと群像劇、ファンタジーが特徴で、華麗なアクションシーン。"
1252,primary,ja-JP,斉木楠雄のΨ難 完結編,"""斉木楠雄のΨ難 完結編"" はシリーズの続編。超能力者・斉木楠雄の日常が完結を迎える。今作も楠雄は平穏な生活を望むが、絶え間ない騒動に悩まされる。コメディとツッコミ、超能力が特徴で、楠雄の内心と周囲の奇行の対比が密集した笑いを生む。"
1253,primary,ja-JP,K SEVEN STORIES Episode 5: Memory of Red - BURN -,"""K SEVEN STORIES Episode 5: Memory of Red - BURN -"" はKシリーズの映画。赤の王の記憶を描く。今作は周防尊と赤のクランの物語を巡る作品。異能バトルと群像劇、哀愁が特徴で、華麗な映像。"
1254,primary,ja-JP,草裙舞女孩,これはフラダンスの少女たちの日常を描く短編アニメ。ダンスと日常、癒しが特徴で、洗練された作画と温かい雰囲気。
1255,primary,ja-JP,百慕大三角～Colorful Pastrale～,これは同名プロジェクトをアニメ化。人魚の少女たちの物語を描く。日常と癒し、音楽が特徴で、洗練された作画と静かな雰囲気。
1256,primary,ja-JP,エロマンガ先生 OVA,"""エロマンガ先生 OVA"" は『エロマンガ先生』のOVA。和泉正宗と紗霧の日常サイドストーリー。今作は軽妙な日常に焦点を当てた作品。ラノベ業界とコメディ、兄妹愛が特徴で、明るい雰囲気。"
1257,primary,ja-JP,未来のミライ,"""未来のミライ"" は細田守の映画アニメ。少年くんと妹・ミライの物語を描く。くんは妹が生まれた後、成長の悩みを経験し、奇妙な時間の旅を通して徐々に成長する。家族と成長、ファンタジーが特徴で、繊細な映像。"
1258,primary,ja-JP,恋と嘘 OAD,"""恋と嘘 OAD"" は『恋と嘘』のOVA。根島由佳吏の恋愛サイドストーリー。今作は軽妙な日常に焦点を当てた作品。恋愛とSF、青春が特徴で、明るい雰囲気。"
1259,primary,ja-JP,ペンギン・ハイウェイ,"""ペンギン・ハイウェイ"" は同名小説をアニメ化。少年と謎のペンギンの冒険を描く。少年・アオヤマはペンギン出現の謎を研究する中で、謎の姉さんと出会う。ファンタジーと冒険、成長が特徴で、繊細な映像。"
1260,primary,ja-JP,ピアノの森,"""ピアノの森"" 第2期は第1期の続編。一ノ瀬海のピアノの物語が続く。今作は海が音楽の道で新たな挑戦に臨む。音楽と青春、成長が特徴で、美しいピアノ演奏シーン。"
1261,primary,ja-JP,スター☆トゥインクルプリキュア,"""スター☆トゥインクルプリキュア"" はプリキュアシリーズのアニメ。星の力で戦う少女たち。今作は少女たちが宇宙の敵と戦いながら成長する。魔法少女とバトル、日常が特徴で、華麗な変身とバトルシーン。"
1262,primary,ja-JP,僕のヒーローアカデミア THE MOVIE 〜2人の英雄〜,"""僕のヒーローアカデミア THE MOVIE 〜2人の英雄〜"" は『僕のヒーローアカデミア』の映画。緑谷出久とオールマイトの戦い。今作は二人のヒーローの出会いを巡る作品。ヒーローと熱さ、成長が特徴で、華麗なバトルシーン。"
1263,primary,ja-JP,阿拉涅的虫笼,これは少女と謎の生物の戦いを描くオリジナルアニメ。SFとサスペンス、群像劇が特徴で、不気味な雰囲気。少女の真実が層状に明かされる。
1264,primary,ja-JP,ドラゴンボール超 ブロリー,"""ドラゴンボール超 ブロリー"" は『ドラゴンボール超』の映画。悟空と伝説のサイヤ人ブロリーの対決。今作はブロリーの過去と激しい戦いを巡る作品。武術と熱さ、群像劇が特徴で、華麗で圧巻のバトルシーン。"
1265,primary,ja-JP,ルパン三世 グッバイ・パートナー,"""ルパン三世 グッバイ・パートナー"" は『ルパン三世』の映画。怪盗ルパンの冒険。今作はルパンとパートナーたちの行動が展開。怪盗と冒険、コメディが特徴で、時代の風情にあふれる画風。"
1266,primary,ja-JP,続・終物語,"""続・終物語"" は物語シリーズのアニメ。阿良々木暦の物語が続く。今作は暦の卒業後の物語を巡る作品。独特の会話劇、極端な映像表現、深いテーマで知られる。"
1267,primary,ja-JP,のんのんびより ばけーしょん,"""のんのんびより ばけーしょん"" は『のんのんびより』の映画。田舎の少女たちの夏休み。今作は少女たちの沖縄旅行が温かい。癒しと日常、田舎の風景が特徴で、爽やかな画風と温かい雰囲気。"
1268,primary,ja-JP,新撰组异闻录 铁 ～友命～,これはシリーズの続編。新撰組の少年たちの物語が続く。今作は鉄と仲間たちの戦いを巡る作品。歴史とバトル、群像劇が特徴で、重厚な雰囲気。
1269,primary,ja-JP,ラブ、デス&ロボット,"""ラブ、デス&ロボット"" はNetflixのオムニバスアニメ。様々なSFとホラーの物語をエピソード形式で描く。想像力とホラー、哲学が特徴で、各エピソードが異なる画風と題材。"
1270,primary,ja-JP,はいからさんが通る 後編,"""はいからさんが通る 後編"" は前編の続編。少女・花村紅緒の物語が続く。今作は紅緒の東京での生活と恋愛がクライマックスを迎える。恋愛と歴史、群像劇が特徴で、レトロで洗練された画風。"
1271,primary,ja-JP,若おかみは小学生!,"""若おかみは小学生!"" は同名小説をアニメ化。小学生の女の子・おっこが温泉旅館の若女将になる物語。おっこの旅館での成長と冒険が温かい。日常と癒し、成長が特徴で、温かい雰囲気。"
1272,primary,ja-JP,機動戦士ガンダムNT,"""機動戦士ガンダムNT"" はガンダムシリーズの映画。ユニコーンガンダムの後の物語を描く。今作はNTとユニコーンの運命を巡る作品。メカバトルと熱さ、群像劇が特徴で、華麗なバトルシーン。"
1273,primary,ja-JP,劇場版 夏目友人帳 うつせみに結ぶ,"""劇場版 夏目友人帳 うつせみに結ぶ"" は『夏目友人帳』の映画。夏目貴志と妖怪の物語。今作は夏目が妖怪の名前を返しながら新たな出会いを繰り広げる。妖怪と癒し、日常が特徴で、優しい雰囲気。"
1274,primary,ja-JP,アイカツフレンズ! かがやきのジュエル,"""アイカツフレンズ! かがやきのジュエル"" はアイカツシリーズのアニメ。少女たちのアイドル生活が続く。今作は少女たちが新たなステージで活動する。華やかなステージ演出とファッションコーディネート、夢追う少女たちが特徴。"
1275,primary,ja-JP,賢者の孫,"""賢者の孫"" は同名ライトノベルをアニメ化。転生した少年・シンは賢者の祖父の指導のもとで成長し、魔法学園に入学する。異世界とライトアドベンチャー、ハーレムが特徴で、シンの強さと優しさが魅力。"
1276,primary,ja-JP,ぼくたちは勉強ができない,"""ぼくたちは勉強ができない"" は同名漫画をアニメ化。貧しい高校生・唯我成幸は天才少女たちの家庭教師を務める。恋愛と学園、コメディが特徴で、成幸と天才少女たちの掛け合いがコメディに満ちている。"
1277,primary,ja-JP,KING OF PRISM -Shiny Seven Stars-,"""KING OF PRISM -Shiny Seven Stars-"" はプリズムシリーズの映画。少年たちのプリズムパフォーマンス。今作はプリズムの夢と勝負を巡る作品。音楽と競技、群像劇が特徴で、華麗なパフォーマンスシーン。"
1278,primary,ja-JP,なんでここに先生が!?,"""なんでここに先生が!?"" は同名漫画をアニメ化。男子高校生と女性教師の予想外の恋愛。恋愛とコメディ、サービスが特徴で、先生と生徒の掛け合いがコメディに満ちている。"
1279,primary,ja-JP,異世界かるてっと,"""異世界かるてっと"" は複数の異世界作品のキャラクターが集まるクロスオーバーコメディアニメ。パロディとツッコミ、群像劇が特徴で、各作品の設定の衝突からコメディを生み出す。"
1280,primary,ja-JP,ひとりぼっちの○○生活,"""ひとりぼっちの○○生活"" は同名漫画をアニメ化。超内気な少女・一里ぼっちが中学で友達作りに挑戦する。日常と癒し、青春が特徴で、ぼっちの友達作りの努力がモエに満ちている。"
1281,primary,ja-JP,川柳少女,"""川柳少女"" は同名漫画をアニメ化。少女・雪白七々子は川柳で気持ちを表現する。恋愛と日常、川柳が特徴で、七々子の川柳と主人公との掛け合いが面白い。"
1282,primary,ja-JP,淫らな青ちゃんは勉強ができない,"""淫らな青ちゃんは勉強ができない"" は同名漫画をアニメ化。真面目な少女・青ちゃんは男のことを妄想してしまう。恋愛とコメディ、日常が特徴で、青ちゃんの妄想と恥ずかしさがコメディに満ちている。"
1283,primary,ja-JP,フルーツバスケット,"""フルーツバスケット"" 第1期は同名漫画をアニメ化。少女・本田透の草摩家での日常。癒しと群像劇、ファンタジーが特徴で、十二支の呪いと少女の優しさを丁寧に描く。"
1284,primary,ja-JP,世話やきキツネの仙狐さん,"""世話やきキツネの仙狐さん"" は同名漫画をアニメ化。社畜のナカノと狐娘の仙狐の日常。日常と癒し、モエが特徴で、仙狐の優しさとナカノの疲労が癒しを生む。"
1285,primary,ja-JP,この世の果てで恋を唄う少女YU-NO,"""この世の果てで恋を唄う少女YU-NO"" は同名ゲームをアニメ化。少年・有馬たくやの異世界での冒険。今作はたくやが時空の世界で真実を追う。SFと冒険、サスペンスが特徴で、独特の雰囲気。"
1286,primary,ja-JP,消滅都市,"""消滅都市"" は同名ゲームをアニメ化。少年と少女が消滅した都市で冒険する。SFと冒険、熱さが特徴で、独特の雰囲気。二人の旅と真実が層状に明かされる。"
1287,primary,ja-JP,鬼滅の刃,"""鬼滅の刃"" は同名漫画をアニメ化。家族を殺された少年・竈門炭治郎は鬼となった妹・禰豆子と共に旅に出る。熱さとバトル、絆が特徴で、妹への炭治郎の決意が感動的。洗練された映像と華麗なバトルシーン。"
1288,primary,ja-JP,超可動ガールズ1/6,"""超可動ガールズ1/6"" は同名漫画をアニメ化。オタクの青年・房伊田春人と美少女人形の物語。恋愛と日常、コメディが特徴で、人形少女と春人の掛け合いがコメディに満ちている。"
1289,primary,ja-JP,女子高中生,これは同名漫画をアニメ化。普通の女子高生たちの日常。日常とコメディ、ツッコミが特徴で、少女たちの学園生活がコメディに満ちている。
1290,primary,ja-JP,ノブナガ先生の幼な妻,"""ノブナガ先生の幼な妻"" は同名漫画をアニメ化。中学教師・信永と信長を名乗る幼い少女。日常とコメディ、恋愛が特徴で、幼妻のタイムスリップ設定がコメディに満ちている。"
1291,primary,ja-JP,フェアリーゴーン,"""フェアリーゴーン"" は妖精の力を使う特殊機関の戦いを描くオリジナルアニメ。妖精戦争後の世界で少女・マリヤが行動する。バトルと群像劇、ファンタジーが特徴で、華麗なバトルシーン。"
1292,primary,ja-JP,ロビハチ,"""ロビハチ"" は銀河での少年たちの冒険を描くオリジナルアニメ。宇宙でのロビとハチの旅が楽しい。SFと冒険、コメディが特徴で、明るい雰囲気。"
1293,primary,ja-JP,八十亀ちゃんかんさつにっき,"""八十亀ちゃんかんさつにっき"" は同名漫画をアニメ化。少年と名古屋の少女の日常を描く。日常と地域文化が特徴で、名古屋の文化をユーモラスに描き、八十亀ちゃんの方言が魅力的。"
1294,primary,ja-JP,文豪ストレイドッグス,"""文豪ストレイドッグス"" 第3期はシリーズの続編。武装探偵社の異能バトルが続く。今作は太宰の過去とポートマフィアとの確執を巡り、中島敦の成長が深まる。異能バトルと文豪擬人化、群像劇が特徴。"
1295,primary,ja-JP,ワンパンマン,"""ワンパンマン"" 第2期は第1期の続編。ヒーロー・サイタマの戦いが続く。今作は新たなヒーローと怪人を巡る作品。熱いバトルとコメディ、ヒーローが特徴で、サイタマが一撃で敵を倒す痛快さと多様なヒーローたちの群像劇が相まみえる。"
1296,primary,ja-JP,ダイヤのA actII,"""ダイヤのA actII"" はシリーズの続編。野球少年たちの甲子園への道が続く。今作は沢村栄純と青道高校の戦いが展開。野球と熱さ、青春が特徴で、熱い試合シーン。"
1297,primary,ja-JP,拾又之国,これは同名漫画をアニメ化。危険な建造物の世界で、少年・拾又が冒険する。冒険とバトル、熱さが特徴で、華麗なバトルシーン。
1298,primary,ja-JP,シンデレラナイン,"""シンデレラナイン"" は同名ゲームをアニメ化。高校野球部の少女たちの物語。野球と青春、群像劇が特徴で、明るい雰囲気。少女たちの練習と成長が活力に満ちている。"
1299,primary,ja-JP,ストライクウィッチーズ 501部隊発進しますっ!,"""ストライクウィッチーズ 501部隊発進しますっ!"" はストライクウィッチーズシリーズのQ版アニメ。第501統合戦闘航空団の日常。バトルと日常、コメディが特徴で、可愛い作画と短いエピソード。"
1300,primary,ja-JP,さらざんまい,"""さらざんまい"" はつながりをテーマに少年たちの物語を描くオリジナルアニメ。少年たちは謎の存在に導かれ冒険する。ファンタジーと青春、コメディが特徴で、独特の雰囲気。"
1301,primary,ja-JP,洗浴服务！～我和那家伙在女浴池！？～,これは女湯での少年の出会いを描く短編アニメ。日常とコメディ、サービスが特徴で、短いエピソードとテンポの良い展開。
1302,primary,ja-JP,MIX,"""MIX"" はあだち充の同名漫画をアニメ化。明青学園の野球少年たちの青春物語。野球と青春、恋愛が特徴で、温かい雰囲気。少年たちの野球と恋愛が魅力的。"
1303,primary,ja-JP,劇場版 トリニティセブン -天空図書館と紅蓮の魔王-,"""劇場版 トリニティセブン -天空図書館と紅蓮の魔王-"" は『トリニティセブン』の映画。アラタと魔法使いたちの戦い。今作は天空図書館と紅蓮の魔王を巡る作品。魔法とバトル、ハーレムが特徴で、華麗なバトルシーン。"
1304,primary,ja-JP,ULTRAMAN,"""ULTRAMAN"" は同名漫画をアニメ化。ウルトラマンの力を受け継いだ大学生・早田進次郎の戦い。特撮とバトル、熱さが特徴で、華麗な3DCGバトルシーン。"
1305,primary,ja-JP,叛逆性ミリオンアーサー,"""叛逆性ミリオンアーサー"" 第2期は第1期の続編。六人のアーサーの戦いが続く。今作はアーサーたちの冒険と世界の真実がさらに展開。バトルとファンタジー、群像劇が特徴で、華麗なバトルシーン。"
1306,primary,ja-JP,恋愛幕末カレシ〜時の彼方で花咲く恋〜 CRISIS,"""恋愛幕末カレシ〜時の彼方で花咲く恋〜 CRISIS"" はシリーズの続編。少女と幕末の志士たちの恋愛が続く。今作は少女と志士たちの運命が危機を迎える。恋愛とタイムスリップ、群像劇が特徴で、華やかな雰囲気。"
1307,primary,ja-JP,この音とまれ!,"""この音とまれ!"" は同名漫画をアニメ化。不良少年・倉田武蔵が箏曲部で成長する。箏と青春、群像劇が特徴で、美しい箏の演奏シーン。"
1308,primary,ja-JP,真夜中のオカルト公務員,"""真夜中のオカルト公務員"" は同名漫画をアニメ化。市役所の深夜に、公務員・宮古新がオカルト事件を処理する。オカルトと職場、日常が特徴で、新の夜勤生活が面白い。"
1309,primary,ja-JP,妖怪ウォッチ!,"""妖怪ウォッチ!"" は妖怪ウォッチシリーズのアニメ。少年・天野景太の妖怪冒険。今作は景太と妖怪パートナーたちの日常と戦いが続く。妖怪と冒険、コメディが特徴で、楽しい雰囲気。"
1310,primary,ja-JP,キャロル&チューズデイ,"""キャロル&チューズデイ"" は火星での二人の少女の歌を描くオリジナルアニメ。音楽の道でのキャロルとチューズデイの出会いと成長。音楽と青春、群像劇が特徴で、感動的な楽曲。"
1311,primary,ja-JP,ナムアミダブツ! -蓮台UTENA-,"""ナムアミダブツ! -蓮台UTENA-"" は同名ゲームをアニメ化。仏様が煩悩の化身と戦いながら人類を守る。仏擬人化とバトル、群像劇が特徴で、洗練された作画。"
1312,primary,ja-JP,小英雄-蟹和蛋和透明人-,これは三つの小さな物語を描く短編アニメ。ファンタジーと癒し、一話完結が特徴で、独特の作画と静かな雰囲気。
1313,primary,ja-JP,進撃の巨人,"""進撃の巨人"" 第3期後半はシリーズの続編。エレンと調査兵団の戦いがクライマックスを迎える。今作はマリア奪還と巨人の真実を巡る作品。バトルとサスペンス、絶望が特徴で、高品質な制作。"
1314,primary,ja-JP,グリザイア:ファントムトリガー THE ANIMATION,"""グリザイア:ファントムトリガー THE ANIMATION"" はグリザイアシリーズのアニメ。特殊機関の少女たちの戦い。少女たちの訓練学校での成長と任務。バトルと学園、群像劇が特徴で、華麗なバトルシーン。"
1315,primary,ja-JP,甲鉄城のカバネリ 海門決戦,"""甲鉄城のカバネリ 海門決戦"" は『甲鉄城のカバネリ』の映画。生駒と無名の新たな戦い。今作は海門決戦を巡る作品。スチームパンクとゾンビ、熱さが特徴で、華麗なバトルシーン。"
1316,primary,ja-JP,みるタイツ,"""みるタイツ"" は少女たちとタイツの物語を描く短編アニメ。サービスと日常、文芸的な雰囲気が特徴で、洗練された作画と独特の雰囲気。"
1317,primary,ja-JP,怪獣娘(黒),"""怪獣娘(黒)"" は怪獣娘シリーズのアニメ。怪獣少女たちの日常。怪獣擬人化と日常、コメディが特徴で、可愛い作画と短いエピソード。"
1318,primary,ja-JP,Re:ゼロから始める異世界生活 Memory Snow,"""Re:ゼロから始める異世界生活 Memory Snow"" は『Re:ゼロ』のOVA。ナツキ・スバルとエミリアの雪の記憶。今作は温かい日常に焦点を当てた作品。異世界とサスペンス、癒しが特徴で、温かい雰囲気。"
1319,primary,ja-JP,关于我女友是个一本正经的碧池这件事 OAD,これはシリーズのOAD。高校生と彼女の恋愛サイドストーリー。今作は軽妙な日常に焦点を当てた作品。恋愛とアダルト、コメディが特徴で、明るくアンニュイな雰囲気。
1320,primary,ja-JP,魔法少女リリカルなのは Detonation,"""魔法少女リリカルなのは Detonation"" は『魔法少女リリカルなのは』の映画。なのはとパートナーたちの戦いがクライマックスを迎える。今作は新たな敵と災厄を巡る作品。魔法少女とバトル、絆が特徴で、華麗なバトルシーン。"
1321,primary,ja-JP,劇場版 王室教師ハイネ,"""劇場版 王室教師ハイネ"" は『王室教師ハイネ』の映画。ハイネと王子たちの日常。今作は軽妙な日常に焦点を当てた作品。教育とコメディ、日常が特徴で、ハイネの知恵と王子たちの成長が見どころ。"
1322,primary,ja-JP,即使明天世界终结,これは異世界から来た少年と少女の物語を描く映画アニメ。少年・シンは異世界から来た少女と出会い、二つの世界を巡る冒険に臨む。恋愛とSF、哀愁が特徴で、重厚な雰囲気。
1323,primary,ja-JP,ラブライブ! サンシャイン!! The School Idol Movie Over the Rainbow,"""ラブライブ! サンシャイン!! The School Idol Movie Over the Rainbow"" は『ラブライブ! サンシャイン!!』の映画。浦の星女学院のアイドルたち。今作は少女たちがアイドルの道で新たな章を迎える。音楽と夢追い、群像劇が特徴。"
1324,primary,ja-JP,ダンジョンに出会いを求めるのは間違っているだろうか -オリオンの矢-,"""ダンジョンに出会いを求めるのは間違っているだろうか -オリオンの矢-"" はダンメモの映画。ベルとアイズの物語。今作はオリオンの矢を巡る作品。ファンタジーと冒険、バトルが特徴で、華麗なバトルシーン。"
1325,primary,ja-JP,LAIDBACKERS,"""LAIDBACKERS"" は現代日本でのヒーローたちの物語を描く映画アニメ。異世界からやってきたヒーローたちが現代の街で暮らす。ファンタジーとコメディ、群像劇が特徴で、明るい雰囲気。"
1326,primary,ja-JP,映画ドラえもん のび太の月面探査記,"""映画ドラえもん のび太の月面探査記"" は『ドラえもん』の映画。月でののび太たちの冒険。今作は月の裏側の秘密を巡る作品。のび太とドラえもんが月で大冒険を繰り広げる。冒険とSF、友情が特徴で、楽しい雰囲気と感動的な結末。"
1327,primary,ja-JP,Fate/stay night [Heaven's Feel] II. lost butterfly,"""Fate/stay night [Heaven's Feel] II. lost butterfly"" はFateシリーズの映画。間桐桜の物語が続く。今作は桜と衛宮士郎の関係がさらに展開。Fateの世界観とバトル、ダークさが特徴で、華麗なバトルシーン。"
1328,primary,ja-JP,劇場版 幼女戦記,"""劇場版 幼女戦記"" は『幼女戦記』の映画。戦争でのターニャの戦い。今作は新たな戦況を巡る作品。戦争と転生、ブラックユーモアが特徴で、華麗な戦闘シーン。"
1329,primary,ja-JP,PSYCHO-PASS サイコパス Sinners of the System Case.1 罪と罰,"""PSYCHO-PASS サイコパス Sinners of the System Case.1 罪と罰"" はPSYCHO-PASSの映画。執行官の物語。今作は罪の処罰とシビュラシステムの真実を巡る作品。SFとサスペンス、群像劇が特徴で、重厚な雰囲気。"
1330,primary,ja-JP,PSYCHO-PASS サイコパス Sinners of the System Case.2 First Guardian,"""PSYCHO-PASS サイコパス Sinners of the System Case.2 First Guardian"" はPSYCHO-PASSの映画。監視官・須郷の物語。今作は新たな事件を巡る作品。SFとサスペンス、群像劇が特徴で、重厚な雰囲気。"
1331,primary,ja-JP,PSYCHO-PASS サイコパス Sinners of the System Case.3 恩讐の彼方に,"""PSYCHO-PASS サイコパス Sinners of the System Case.3 恩讐の彼方に"" はPSYCHO-PASSの映画。少女たちの物語。今作は怨恨と贖罪を巡る作品。SFとサスペンス、群像劇が特徴で、重厚な雰囲気。"
1332,primary,ja-JP,機動戦士ガンダム THE ORIGIN 前夜 赤い彗星,"""機動戦士ガンダム THE ORIGIN 前夜 赤い彗星"" は『ガンダム THE ORIGIN』の続編。シャアの物語が続く。今作は赤い彗星の誕生を巡る作品。メカバトルと戦争、叙事詩が特徴で、高品質な制作と洗練されたアニメーション。"
1333,primary,ja-JP,うちの娘の為ならば、俺はもしかしたら魔王も倒せるかもしれない。,"""うちの娘の為ならば、俺はもしかしたら魔王も倒せるかもしれない。"" は同名ライトノベルをアニメ化。冒険者ラティナが魔王の娘を見つけて育てる。日常と癒し、家族愛が特徴で、ラティナと少女の親子関係が温かい。"
1334,primary,ja-JP,ダンジョンに出会いを求めるのは間違っているだろうか,"""ダンジョンに出会いを求めるのは間違っているだろうか"" 第2期は第1期の続編。ベルの冒険が続く。今作はベルがダンジョンとファミリア内の確執で新たな挑戦に臨む。ファンタジーと冒険、バトルが特徴で、華麗なバトルシーン。"
1335,primary,ja-JP,戦姫絶唱シンフォギアXV,"""戦姫絶唱シンフォギアXV"" はシリーズの続編。歌姫たちの戦いが続く。今作は響とパートナーたちが新たな敵と真実に立ち向かう。音楽とバトル、熱さが特徴で、心に響く歌と華麗なバトルシーン。"
1336,primary,ja-JP,とある科学の一方通行,"""とある科学の一方通行"" はインデックスシリーズのスピンオフ。一方通行の物語を描く。今作は一方通行が少女を守るため戦う。超能力とバトル、群像劇が特徴で、華麗なバトルシーン。"
1337,primary,ja-JP,通常攻撃が全体攻撃で二回攻撃のお母さんは好きですか?,"""通常攻撃が全体攻撃で二回攻撃のお母さんは好きですか?"" は同名ライトノベルをアニメ化。少年・大須賀真聡はゲーム世界で母親と冒険する。異世界とコメディ、家族が特徴で、母の強力な戦闘能力がコメディに満ちている。"
1338,primary,ja-JP,からかい上手の高木さん,"""からかい上手の高木さん"" 第2期は第1期の続編。高木と西片の日常が続く。今作も高木さんのからかいと西片の反応がコメディに満ちている。恋愛と日常、コメディが特徴で、明るく甘い雰囲気。"
1339,primary,ja-JP,女子高生の無駄づかい,"""女子高生の無駄づかい"" は同名漫画をアニメ化。三人の女子高生の無駄な日常。コメディと日常、ツッコミが特徴で、少女たちの退屈な日常がコメディに満ちている。"
1340,primary,ja-JP,可愛ければ変態でも好きになってくれますか?,"""可愛ければ変態でも好きになってくれますか?"" は同名ライトノベルをアニメ化。普通の少年・桐生慧輝が奇妙な少女たちと出会う。恋愛とコメディ、日常が特徴で、慧輝と変態少女たちの掛け合いがコメディに満ちている。"
1341,primary,ja-JP,ありふれた職業で世界最強,"""ありふれた職業で世界最強"" は同名ライトノベルをアニメ化。裏切られた少年・南雲ハジメが奈落で強くなる。異世界と熱さ、ハーレムが特徴で、ハジメの成長と復讐が見どころ。"
1342,primary,ja-JP,異世界チート魔術師,"""異世界チート魔術師"" は同名ライトノベルをアニメ化。少年と少女が異世界で魔法の才能に目覚める。異世界と冒険、熱さが特徴で、主人公たちの力と冒険が見どころ。"
1343,primary,ja-JP,魔王さま、リトライ!,"""魔王さま、リトライ!"" は同名ライトノベルをアニメ化。ゲームの運営者が魔王として転生する。異世界とライトアドベンチャー、ハーレムが特徴で、魔王の日常がコメディに満ちている。"
1344,primary,ja-JP,ダンベル何キロ持てる?,"""ダンベル何キロ持てる?"" は同名漫画をアニメ化。ジムでの少女たちの可笑しな日常。筋トレとコメディ、日常が特徴で、少女たちの筋トレ過程がコメディに満ちている。"
1345,primary,ja-JP,ナカノヒトゲノム【実況中】,"""ナカノヒトゲノム【実況中】"" は同名漫画をアニメ化。少年少女がゲーム実況でサバイバルする。ゲームとサスペンス、群像劇が特徴で、ゲームと生存の間の雰囲気。"
1346,primary,ja-JP,手品先輩,"""手品先輩"" は同名漫画をアニメ化。マジック部の先輩の不器用なマジックと後輩のツッコミ。コメディと日常、恋愛が特徴で、先輩の失敗マジックがコメディに満ちている。"
1347,primary,ja-JP,ソウナンですか?,"""ソウナンですか?"" は同名漫画をアニメ化。無人島での少女たちのサバイバル。生存とコメディ、日常が特徴で、少女たちのサバイバル知識と楽しい日常が共存。"
1348,primary,ja-JP,グランベルム,"""グランベルム"" は魔法使いの少女たちの戦いを描くオリジナルアニメ。少女たちはフルムーンバトルで魔法勝負を繰り広げる。バトルとファンタジー、群像劇が特徴で、華麗なバトルシーン。"
1349,primary,ja-JP,荒ぶる季節の乙女どもよ。,"""荒ぶる季節の乙女どもよ。"" は同名漫画をアニメ化。文芸部の少女たちの思春期の悩み。恋愛と青春、群像劇が特徴で、少女たちの性への探求と戸惑いが見どころ。"
1350,primary,ja-JP,炎炎ノ消防隊,"""炎炎ノ消防隊"" は同名漫画をアニメ化。火の力を持つ消防隊が焔ビトと戦う。少年・森羅日下部が特殊消防隊で成長する。熱さとバトル、群像劇が特徴で、華麗なバトルシーン。"
1351,primary,ja-JP,かつて神だった獣たちへ,"""かつて神だった獣たちへ"" は同名漫画をアニメ化。変異兵士の戦争の後、少年・ハンクが暴走する獣兵士を追う。戦争とファンタジー、哀愁が特徴で、重厚な雰囲気。"
1352,primary,ja-JP,Dr.STONE,"""Dr.STONE"" は同名漫画をアニメ化。全人類が石化した世界で、少年・千空が科学の力で文明を復興する。科学と冒険、熱さが特徴で、千空の科学知識とパートナーたちの冒険が魅力。"
1353,primary,ja-JP,Re:ステージ! ドリームデイズ,"""Re:ステージ! ドリームデイズ"" は同名プロジェクトをアニメ化。少女たちのアイドル物語。今作は少女たちがアイドルステージで夢を追う。音楽とアイドル、群像劇が特徴で、華やかな楽曲とステージ演出。"
1354,primary,ja-JP,あんさんぶるスターズ!,"""あんさんぶるスターズ!"" は同名ゲームをアニメ化。少年アイドルたちの物語。今作は夢ノ咲学院のアイドルたちを中心に描く。音楽とアイドル、群像劇が特徴で、華やかな楽曲とステージ演出。"
1355,primary,ja-JP,まちカドまぞく,"""まちカドまぞく"" は同名漫画をアニメ化。魔族の少女・吉田優子が街角で日常を過ごす。日常と魔法、コメディが特徴で、優子と魔法少女の掛け合いがモエに満ちている。"
1356,primary,ja-JP,彼方のアストラ,"""彼方のアストラ"" は同名漫画をアニメ化。少年少女が宇宙で漂流し、サバイバルする。SFと生存、群像劇が特徴で、緊迫した雰囲気。"
1357,primary,ja-JP,コップクラフト,"""コップクラフト"" は同名ライトノベルをアニメ化。刑事・ケイと異世界の少女チラーナがパートナーとして働く。SFと警察、群像劇が特徴で、明るい雰囲気。"
1358,primary,ja-JP,指尖传出的真挚热情-青梅竹马是消防员-,これは幼馴染の恋愛を描く短編アダルト向けアニメ。恋愛とアダルト、日常が特徴で、アンニュイな雰囲気と緊張感ある掛け合い。
1359,primary,ja-JP,ハイスクールスター・ミュージカル,"""ハイスクールスター・ミュージカル"" 第3期はシリーズの続編。綾薙学園音楽科の生徒たちの成長が続く。今期も少年たちが音楽の道で新たな挑戦に臨む。音楽と青春、群像劇が特徴で、心に響く歌とダンスシーン。"
1360,primary,ja-JP,GIVEN,"""GIVEN"" は同名漫画をアニメ化。ギタリスト・佐藤真冬とバンドメンバーの物語。音楽と恋愛、青春が特徴で、感動的な楽曲。"
1361,primary,ja-JP,BEM,"""BEM"" は『BEM』のリメイク。人型の怪物たちの物語を描く。妖怪とバトル、群像劇が特徴で、ダークな雰囲気。"
1362,primary,ja-JP,胡蝶綺 〜若き信長〜,"""胡蝶綺 〜若き信長〜"" は若き織田信長の物語を描くオリジナルアニメ。今作は乱世で信長が成長していく様を描く。戦国とバトル、群像劇が特徴で、重厚な雰囲気。"
1363,primary,ja-JP,闇芝居,"""闇芝居"" 第7期は紙芝居形式で様々な怪談を語るホラー短編アニメシリーズ。ノスタルジックな画風とグロテスクなプロット、背筋が凍る雰囲気で知られる。数分で強い恐怖感を生む。"
1364,primary,ja-JP,ストライク・ザ・ブラッド ヴァルキュリアの王国篇,"""ストライク・ザ・ブラッド ヴァルキュリアの王国篇"" は『ストライク・ザ・ブラッド』のOVA。暁古城と姫柊雪菜の戦い。今作はヴァルキュリアの王国を巡る作品。吸血鬼とバトル、ハーレムが特徴で、華麗なバトルシーン。"
1365,primary,ja-JP,ヴィンランド・サガ,"""ヴィンランド・サガ"" は幸村誠の同名漫画をアニメ化。戦争の中でのヴァイキング戦士・トルフィンの成長。歴史と戦争、群像劇が特徴で、重厚な雰囲気。"
1366,primary,ja-JP,荒野のコトブキ飛行隊 外伝 大空のハルカゼ飛行隊,"""荒野のコトブキ飛行隊 外伝 大空のハルカゼ飛行隊"" は『荒野のコトブキ飛行隊』のスピンオフ。少女たちの飛行物語。今作は新キャラクターの成長を巡る作品。空戦と熱さ、群像劇が特徴で、華麗な3DCG空中シーン。"
1367,primary,ja-JP,夏生整备班长的战斗机讲座,これは『荒野のコトブキ飛行隊』のサイドアニメ。整備長・夏生の講義。今作は戦闘機の知識を軽妙に解説する。軍事と教育、コメディが特徴で、短いエピソードと明るい雰囲気。
1368,primary,ja-JP,7SEEDS,"""7SEEDS"" は同名漫画をアニメ化。突如滅ぼされた東京で、少年たちがサバイバルに奮闘する。SFとサスペンス、生存が特徴で、緊迫した雰囲気。"
1369,primary,ja-JP,転生したらスライムだった件 OAD,"""転生したらスライムだった件 OAD"" はシリーズのOVA。リムルの日常サイドストーリー。今作は軽妙な日常に焦点を当てた作品。異世界とライトアドベンチャー、群像劇が特徴で、明るい雰囲気。"
1370,primary,ja-JP,超次元ゲイム ネプテューヌ ねぷねぷ夏休み,"""超次元ゲイム ネプテューヌ ねぷねぷ夏休み"" は『超次元ゲイム ネプテューヌ』のOVA。女神たちの夏休み日常。今作は軽妙な日常に焦点を当てた作品。ゲームとコメディ、日常が特徴で、明るい雰囲気。"
1371,primary,ja-JP,SDガンダムワールド 三国創傑伝,"""SDガンダムワールド 三国創傑伝"" はSDガンダムシリーズのアニメ。ガンダムと三国の武将たちの物語。今作は三国志の設定を巡る作品。ガンプラとバトル、熱さが特徴で、華麗なバトルシーン。"
1372,primary,ja-JP,诺亚 方舟救世主,これは少年と方舟の物語を描くオリジナルアニメ。今作は方舟と救済のテーマを巡る作品。SFとバトル、群像劇が特徴で、華麗なバトルシーン。
1373,primary,ja-JP,Fate/Grand Order -絶対魔獣戦線バビロニア-,"""Fate/Grand Order -絶対魔獣戦線バビロニア-"" はFGOシリーズのアニメ。藤丸立香とマシュのメソポタミアでの冒険。今作は絶対魔獣戦線を巡る作品。Fateの世界観とバトル、群像劇が特徴で、華麗なバトルシーン。"
1374,primary,ja-JP,TRY KNIGHTS,"""TRY KNIGHTS"" は同名漫画をアニメ化。ラグビー部の少年たちの物語。ラグビーと青春、群像劇が特徴で、若々しい雰囲気。"
1375,primary,ja-JP,ケンガンアシュラ,"""ケンガンアシュラ"" は同名漫画をアニメ化。地下闘技場での格闘家たちの戦い。武術と熱さ、群像劇が特徴で、華麗なバトルシーン。"
1376,primary,ja-JP,ご注文はうさぎですか?? 〜Sing For You〜,"""ご注文はうさぎですか?? 〜Sing For You〜"" は『ご注文はうさぎですか?』のOVA。少女たちの音楽物語。今作は軽妙な日常と歌に焦点を当てた作品。可愛いキャラクターと温かい日常、音楽が特徴。"
1377,primary,ja-JP,名探偵コナン 紺青の拳,"""名探偵コナン 紺青の拳"" は『名探偵コナン』の映画。シンガポールの獅城でのコナンの冒険。今作は紺青の宝石と事件を巡る作品。推理とアクション、サスペンスが特徴で、緊迫した雰囲気。"
1378,primary,ja-JP,センコロール コネクト,"""センコロール コネクト"" は少年と謎の生物の戦いを描く映画アニメ。SFとバトル、群像劇が特徴で、華麗なバトルシーン。"
1379,primary,ja-JP,潘多拉和小哈欠 前篇,これは少女と謎の生物の物語を描く映画アニメ。ファンタジーと癒し、冒険が特徴で、洗練された作画と独特の雰囲気。
1380,primary,ja-JP,シティーハンター 新宿プライベート・アイズ,"""シティーハンター 新宿プライベート・アイズ"" は『シティーハンター』の映画。冴羽獠の東京での冒険。今作は新宿での依頼事件を巡る作品。アクションとコメディ、恋愛が特徴で、明るい雰囲気。"
1381,primary,ja-JP,バースデー・ワンダーランド,"""バースデー・ワンダーランド"" は少女のバースデー・ワンダーランドでの冒険を描く映画アニメ。少女は偶然バースデー・ワンダーランドに入り、ファンタジーの旅に出る。ファンタジーと冒険、癒しが特徴で、繊細な映像。"
1382,primary,ja-JP,青春ブタ野郎はゆめみる少女の夢を見ない,"""青春ブタ野郎はゆめみる少女の夢を見ない"" は『青春ブタ野郎はバニーガール先輩の夢を見ない』の映画。咲太と麻衣の物語。今作は麻衣の夢と青春の悩みを巡る作品。恋愛と日常、ファンタジーが特徴で、温かい雰囲気。"
1383,primary,ja-JP,コードギアス 復活のルルーシュ,"""コードギアス 復活のルルーシュ"" は『コードギアス』の映画。ルルーシュの物語が新章を迎える。今作はルルーシュの復活を巡る作品。戦略とメカバトル、群像劇が特徴で、華麗なバトルシーン。"
1384,primary,ja-JP,フレームアームズ・ガール OVA きゃっきゃうふふなワンダーランド,"""フレームアームズ・ガール OVA きゃっきゃうふふなワンダーランド"" は『フレームアームズ・ガール』のOVA。メカ少女たちの日常。今作は軽妙な日常に焦点を当てた作品。メカと日常、コメディが特徴で、明るい雰囲気。"
1385,primary,ja-JP,迷你百合,これは少女たちの百合の日常を描く短編アニメ。百合と日常、癒しが特徴で、可愛い作画と短いエピソード。
1386,primary,ja-JP,ケモノミチ,"""ケモノミチ"" は同名漫画をアニメ化。最強のレスラーが異世界に転生する。異世界とコメディ、熱さが特徴で、主人公のレスリングと異世界での冒険がコメディに満ちている。"
1387,primary,ja-JP,ハイスコアガール,"""ハイスコアガール"" 第2期は第1期の続編。ハルオとおのの物語が続く。今作は二人の関係がさらに発展する。格闘ゲームと恋愛、ノスタルジーが特徴で、ゲーム文化の魅力と青春を融合。"
1388,primary,ja-JP,ソードアート・オンライン アリシゼーション War of Underworld,"""ソードアート・オンライン アリシゼーション War of Underworld"" はアリシゼーション編の続き。アンダーワールドでのキリトの戦いが続く。今作は人界と闇の国との戦争を巡る作品。SFとバトル、絆が特徴で、華麗なバトルシーン。"
1389,primary,ja-JP,慎重勇者〜この勇者が俺TUEEEくせに慎重すぎる〜,"""慎重勇者〜この勇者が俺TUEEEくせに慎重すぎる〜"" は同名ライトノベルをアニメ化。女神・リスタは慎重すぎる勇者・竜宮院聖哉を召喚する。異世界とコメディ、熱さが特徴で、聖哉の慎重さと愉快な冒険が見どころ。"
1390,primary,ja-JP,俺を好きなのはお前だけかよ,"""俺を好きなのはお前だけかよ"" は同名ライトノベルをアニメ化。普通の少年・ジョーと少女たちのラブコメ。恋愛とコメディ、日常が特徴で、ジョーの感情のもつれがコメディに満ちている。"
1391,primary,ja-JP,ぼくたちは勉強ができない!,"""ぼくたちは勉強ができない!"" は第1期の続編。唯我成幸と天才少女たちの日常が続く。今作は成幸と少女たちの掛け合いがさらに発展する。恋愛と学園、コメディが特徴で、明るい雰囲気。"
1392,primary,ja-JP,私、能力は平均値でって言ったよね!,"""私、能力は平均値でって言ったよね!"" は同名ライトノベルをアニメ化。転生した少女の異世界での冒険。異世界とライトアドベンチャー、コメディが特徴で、少女の平均能力設定がコメディに満ちている。"
1393,primary,ja-JP,食戟のソーマ 神ノ皿,"""食戟のソーマ 神ノ皿"" は『食戟のソーマ』第4期。幸平創真の料理バトルが続く。今作は創真が研修と食戟で新たな挑戦に臨む。食と熱さ、競技が特徴で、食欲をそそる料理描写と緊迫した勝負シーン。"
1394,primary,ja-JP,ライフル・イズ・ビューティフル,"""ライフル・イズ・ビューティフル"" は同名漫画をアニメ化。ライトビームガン競技部の少女たちの物語。競技と日常、群像劇が特徴で、明るい雰囲気。"
1395,primary,ja-JP,本好きの下剋上〜司書になるためには手段を選んでいられません〜,"""本好きの下剋上〜司書になるためには手段を選んでいられません〜"" は同名小説をアニメ化。本が好きな少女が中世の世界に転生する。異世界と日常、成長が特徴で、少女の読書への執念が見どころ。"
1396,primary,ja-JP,放課後さいころ倶楽部,"""放課後さいころ倶楽部"" は同名漫画をアニメ化。ボードゲーム部の少女たちの日常。日常と癒し、群像劇が特徴で、明るい雰囲気。"
1397,primary,ja-JP,超人高校生たちは異世界でも余裕で生き抜くようです!,"""超人高校生たちは異世界でも余裕で生き抜くようです!"" は同名ライトノベルをアニメ化。超能力を持つ高校生たちの異世界での冒険。異世界とライトアドベンチャー、ハーレムが特徴で、少年たちの能力が見どころ。"
1398,primary,ja-JP,戦×恋,"""戦×恋"" は同名漫画をアニメ化。少女たちが人類を救うため悪魔と戦う。恋愛とバトル、コメディが特徴で、少女たちの戦いと恋愛がコメディに満ちている。"
1399,primary,ja-JP,アサシンズプライド,"""アサシンズプライド"" は同名ライトノベルをアニメ化。少女メリダと暗殺者クーファの家庭教師物語。ファンタジーとバトル、学園が特徴で、華麗なバトルシーン。"
1400,primary,ja-JP,あひるの空,"""あひるの空"" は同名漫画をアニメ化。小柄な少年・車谷空のバスケットボール物語。バスケと熱さ、青春が特徴で、熱い試合シーン。"
1401,primary,ja-JP,グランブルーファンタジー,"""グランブルーファンタジー"" 第2期は第1期の続編。グランとリリアの冒険が続く。今作はグランが天空世界で新たな挑戦に臨む。冒険とファンタジー、熱さが特徴で、洗練された作画。"
1402,primary,ja-JP,警视厅 特务部 特殊凶恶犯对策室 第七课,これは特殊部隊・第七課の戦いを描くオリジナルアニメ。今作は凶悪犯への対策を巡る作品。警察とバトル、群像劇が特徴で、独特の雰囲気。
1403,primary,ja-JP,バビロン,"""バビロン"" は同名小説をアニメ化。合法化された世界で、検察官・正崎善が真実を追う。サスペンスと政治、哲学が特徴で、重厚な雰囲気。"
1404,primary,ja-JP,Z/X Code reunion,"""Z/X Code reunion"" は同名ゲームをアニメ化。少女たちの戦いを描く。少女たちとZ/Xの物語が展開。カードとバトル、群像劇が特徴で、華麗なバトルシーン。"
1405,primary,ja-JP,非洲的动物上班族,これはアフリカの動物たちの職場日常を描く短編アニメ。動物擬人化とコメディ、職場が特徴で、短いエピソードと密集した笑い。
1406,primary,ja-JP,厨病激発ボーイ,"""厨病激発ボーイ"" は同名漫画をアニメ化。厨二病の少年の日常。コメディと日常、ツッコミが特徴で、少年の厨二病行動がコメディに満ちている。"
1407,primary,ja-JP,ラディアン,"""ラディアン"" 第2期は第1期の続編。少年セトの冒険が続く。今作はセトが魔法の世界で新たな挑戦に臨む。ファンタジーと冒険、熱さが特徴で、華麗なバトルシーン。"
1408,primary,ja-JP,魔入りました! 入間くん,"""魔入りました! 入間くん"" は同名漫画をアニメ化。優しい少年・入間の悪魔学校での日常。コメディと日常、魔界が特徴で、入間の優しさと魔界の対比がコメディに満ちている。"
1409,primary,ja-JP,アイカツオンパレード!,"""アイカツオンパレード!"" はアイカツシリーズのアニメ。少女たちのアイドル生活が続く。今作は少女たちが新たなステージで活動する。華やかなステージ演出とファッションコーディネート、夢追う少女たちが特徴。"
1410,primary,ja-JP,歌舞伎町シャーロック,"""歌舞伎町シャーロック"" は歌舞伎町でのシャーロックの推理を描くオリジナルアニメ。今作は新宿歌舞伎町を舞台に、シャーロックとパートナーたちが様々な事件を解決する。推理とサスペンス、群像劇が特徴。"
1411,primary,ja-JP,アズールレーン THE ANIMATION,"""アズールレーン THE ANIMATION"" は同名ゲームをアニメ化。艦船少女たちの戦い。今作はセイレーンの脅威を巡る作品。艦船少女とバトル、群像劇が特徴で、華麗なバトルシーン。"
1412,primary,ja-JP,ファンタシースターオンライン2 エピソード・オラクル,"""ファンタシースターオンライン2 エピソード・オラクル"" はファンタシースターシリーズのアニメ。冒険者たちの物語。今作はオラクルと世界の危機を巡る作品。冒険とバトル、群像劇が特徴で、華麗なバトルシーン。"
1413,primary,ja-JP,BEASTARS,"""BEASTARS"" は同名漫画をアニメ化。肉食動物と草食動物が共存する世界で、オオカミのレゴシの物語。群像劇と青春、深みが特徴で、欲望と社会のテーマを探求。"
1414,primary,ja-JP,七つの大罪 神々の逆鱗,"""七つの大罪 神々の逆鱗"" はシリーズの続編。メリオダスと罪人たちの戦いが続く。今作は神々の脅威とメリオダスの過去を巡る作品。ファンタジー冒険と熱いバトル、仲間との絆が特徴。"
1415,primary,ja-JP,神田川JET GIRLS,"""神田川JET GIRLS"" は同名ゲームをアニメ化。神田川での少女たちのレースバトル。競技と日常、群像劇が特徴で、明るい雰囲気。"
1416,primary,ja-JP,真・中華一番!,"""真・中華一番!"" は『中華一番!』のリメイク。少年料理人・劉昴星の料理の旅。今作は昴星の料理勝負を新たに描き直す。食と熱さ、競技が特徴で、食欲をそそる料理描写。"
1417,primary,ja-JP,STAND MY HEROES PIECE OF TRUTH,"""STAND MY HEROES PIECE OF TRUTH"" は同名ゲームをアニメ化。麻薬取締官の少年たちの物語。警察と日常、群像劇が特徴で、独特の雰囲気。"
1418,primary,ja-JP,ちはやふる,"""ちはやふる"" 第3期はシリーズの続編。綾瀬千早のかるた競技が続く。今作は千早とかるた部の部員たちが試合で新たな挑戦に臨む。競技と青春、熱さが特徴で、緊迫したかるたの試合。"
1419,primary,ja-JP,天华百剑 ～欢迎来到铭治馆！～,これは刀剣を擬人化した少女たちの日常を描く短編アニメ。擬人化と日常、癒しが特徴で、可愛い作画と短いエピソード。
1420,primary,ja-JP,NULL & PETA,"""NULL & PETA"" は少女とロボットの姉の日常を描く短編アニメ。日常と癒し、コメディが特徴で、可愛い作画と短いエピソード。"
1421,primary,ja-JP,ノー・ガンズ・ライフ,"""ノー・ガンズ・ライフ"" は同名漫画をアニメ化。頭部が銃の男・乾十三の街での戦い。SFとバトル、群像劇が特徴で、冷たい雰囲気。"
1422,primary,ja-JP,星合の空,"""星合の空"" は少年たちの物語を描くオリジナルアニメ。ソフトテニス部の少年たちを中心に青春と家族の物語が展開。スポーツと青春、群像劇が特徴で、繊細な雰囲気。"
1423,primary,ja-JP,僕のヒーローアカデミア,"""僕のヒーローアカデミア"" 第4期はシリーズの続編。緑谷出久のヒーローの道が続く。今作は地下組織とオーバーホールとの戦いを巡り、出久の成長が新たな試練を迎える。ヒーローと熱さ、成長が特徴。"
1424,primary,ja-JP,銀河英雄伝説 Die Neue These 星乱,"""銀河英雄伝説 Die Neue These 星乱"" 第1章は『銀河英雄伝説』の映画。ラインハルトとヤン・ウェンリーの対決が続く。今作は星の乱れを巡る作品。スペースオペラと戦略、群像劇が特徴で、高品質な制作。"
1425,primary,ja-JP,バナにゃん,"""バナにゃん"" はバナナの皮に隠れた猫の日常を描く短編アニメ。今作はバナナネコが新たなパートナーに出会う。可愛いペットと日常、癒しが特徴で、柔らかく可愛い作画。"
1426,primary,ja-JP,路西法 结婚游戏,これはルシファーの恋愛物語を描く短編アニメ。ファンタジーと恋愛、日常が特徴で、洗練された作画と静かな雰囲気。
1427,primary,ja-JP,ブラックフォックス,"""ブラックフォックス"" はくノ一の少女の戦いを描く映画アニメ。今作はブラックフォックスの継承を巡る作品。忍者とバトル、熱さが特徴で、華麗なバトルシーン。"
1428,primary,ja-JP,フェアリーゴーン2,"""フェアリーゴーン2"" は第1期の続編。マリヤの戦いが続く。今作は妖精戦争のその後を巡る作品。バトルと群像劇、ファンタジーが特徴で、華麗なバトルシーン。"
1429,primary,ja-JP,PSYCHO-PASS サイコパス 3,"""PSYCHO-PASS サイコパス 3"" はシリーズの続編。監視官と執行官の物語が続く。今作は新主人公たちがシビュラシステムで事件を捜査する。SFとサスペンス、群像劇が特徴で、重厚な雰囲気。"
1430,primary,ja-JP,XL上司。,これはOLと上司の恋愛を描く短編アダルト向けアニメ。恋愛とアダルト、日常が特徴で、アンニュイな雰囲気と緊張感ある掛け合い。
1431,primary,ja-JP,この音とまれ!,"""この音とまれ!"" 第2期は第1期の続編。倉田武蔵の箏の物語が続く。今作は武蔵が箏曲部で新たな挑戦に臨む。箏と青春、群像劇が特徴で、美しい箏の演奏シーン。"
1432,primary,ja-JP,無限の住人 -IMMORTAL-,"""無限の住人 -IMMORTAL-"" は沙村広明の同名漫画をアニメ化。不死身の剣士・万次と少女・凜の復讐の旅。時代劇とバトル、ダークさが特徴で、重厚な雰囲気。"
1433,primary,ja-JP,スーパーシロ,"""スーパーシロ"" は『クレヨンしんちゃん』のスピンオフアニメ。シロのヒーロー冒険。今作はシロがスーパーヒーローとして春日部を守る。コメディと冒険、ペットが特徴で、楽しい雰囲気。"
1434,primary,ja-JP,少女☆寸劇 オールスタァライト,"""少女☆寸劇 オールスタァライト"" は『レヴュースタァライト』の短編アニメ。舞台少女たちのQ版日常。音楽とコメディ、日常が特徴で、可愛い作画と短いエピソード。"
1435,primary,ja-JP,ファフナー THE BEYOND,"""ファフナー THE BEYOND"" はシリーズの続編。ファフナーの戦いが続く。今作は新たな敵とパイロットたちの運命を巡る作品。メカバトルと悲劇の戦争、生と死の深い探求で知られる。"
1436,primary,ja-JP,ゆるゆり,"""ゆるゆり"" はゆるゆりシリーズのアニメ。七森中学校・ごらく部の少女たちの日常。今作は軽妙な日常に焦点を当てた作品。百合と日常、コメディが特徴で、少女たちの掛け合いがモエと笑いに満ちている。"
1437,primary,ja-JP,ぼくたちは勉強ができない OVA,"""ぼくたちは勉強ができない OVA"" は『ぼくたちは勉強ができない』のOVA。成幸と天才少女たちの恋愛サイドストーリー。今作は軽妙な日常に焦点を当てた作品。恋愛と学園、コメディが特徴で、明るい雰囲気。"
1438,primary,ja-JP,ペルソナ5 ジ・アニメーション Stars and Ours,"""ペルソナ5 ジ・アニメーション Stars and Ours"" は『ペルソナ5』のスペシャルアニメ。怪盗団の物語。今作は怪盗団の活動を巡る作品。ペルソナバトルと青春、群像劇が特徴で、独特のスタイル。"
1439,primary,ja-JP,ポケットモンスター,"""ポケットモンスター"" はポケモンアニメーションシリーズ。サトシとピカチュウの新たな冒険。今作はサトシがガラル地方を旅し、新しいパートナーと出会う。冒険とバトル、絆が特徴で、華麗なバトルシーン。"
1440,primary,ja-JP,一脸嫌弃表情的妹子给你看胖次2,これは第1期の続編。嫌そうな顔でパンツを見せるシーン。サービスと日常、コメディが特徴で、短いエピソード。
1441,primary,ja-JP,ANOTHER WORLD,"""ANOTHER WORLD"" は『ハロー・ワールド』のスピンオフアニメ。もう一つの世界の物語を描く。今作は反転の物語を巡る作品。SFと恋愛、群像劇が特徴で、独特の雰囲気。"
1442,primary,ja-JP,普罗米亚 前日谭,これは『プロメア』の前日譚アニメ。消防隊の物語を描く。今作は前日譚のプロットを巡る作品。メカバトルと熱さ、群像劇が特徴で、独特の作画と華麗なバトルシーン。
1443,primary,ja-JP,无节操☆Bitch社,これは男子高校生の破廉恥な日常を描く短編アニメ。BLとコメディ、日常が特徴で、短いエピソードと明るい雰囲気。
1444,primary,ja-JP,ガンダムビルドダイバーズRe:RISE,"""ガンダムビルドダイバーズRe:RISE"" はシリーズの続編。ガンプラバトルの物語が続く。今作は新たな少年たちがモデルバトルの世界で成長する。ガンプラとバトル、熱さが特徴で、華麗なバトルシーン。"
1445,primary,ja-JP,RWBY,"""RWBY"" 第7巻はRWBYシリーズの第7シーズン。少女たちの戦いが続く。今作は新たな章を巡る作品。バトルと群像劇、ファンタジーが特徴で、華麗なアクションシーン。"
1446,primary,ja-JP,RWBY,"""RWBY"" 第4巻はRWBYシリーズの第4シーズン。少女たちの戦いが続く。今作は新たな章を巡る作品。バトルと群像劇、ファンタジーが特徴で、華麗なアクションシーン。"
1447,primary,ja-JP,RWBY Chibi,"""RWBY Chibi"" はRWBYのQ版短編アニメ。キャラクターたちの可笑しな日常。コメディと日常、群像劇が特徴で、可愛い作画と短いエピソード。"
1448,primary,ja-JP,へやキャン△,"""へやキャン△"" は『ゆるキャン△』の短編アニメ。少女たちのインドアキャンプ日常。今作は軽妙な日常に焦点を当てた作品。キャンプと日常、癒しが特徴で、爽やかな画風と温かい雰囲気。"
1449,primary,ja-JP,きみと、波にのれたら,"""きみと、波にのれたら"" は湯浅政明の映画アニメ。少年・港と少女・ひなこの恋愛を描く。ひなこは港の死後も彼と共に過ごす。恋愛とファンタジー、涙が特徴で、想像力豊かな映像。"
1450,primary,ja-JP,劇場版ポケットモンスター ミュウツーの逆襲 EVOLUTION,"""劇場版ポケットモンスター ミュウツーの逆襲 EVOLUTION"" は『ミュウツーの逆襲』のリメイク映画。ミュウツーの物語。今作はミュウツーの誕生と人間との確執を巡る作品。冒険とバトル、絆が特徴で、華麗なバトルシーン。"
1451,primary,ja-JP,うたの☆プリンスさまっ♪ マジLOVEキングダム,"""うたの☆プリンスさまっ♪ マジLOVEキングダム"" は『うたの☆プリンスさまっ♪』の映画。七海春歌とアイドルたちの物語。今作は春歌と六人のアイドルが音楽の道で新たな挑戦に臨む。音楽と恋愛、アイドルが特徴。"
1452,primary,ja-JP,劇場版 ストライクウィッチーズ 501部隊発進しますっ!,"""劇場版 ストライクウィッチーズ 501部隊発進しますっ!"" はストライクウィッチーズシリーズの映画。第501統合戦闘航空団の日常。今作は軽妙な日常に焦点を当てた作品。バトルと日常、コメディが特徴で、可愛い作画と明るい雰囲気。"
1453,primary,ja-JP,海獣の子供,"""海獣の子供"" は五十嵐大介の漫画をアニメ化。少女・ルカと海獣の少年たちの物語。自然とファンタジー、哲学が特徴で、極限まで美しい映像。"
1454,primary,ja-JP,プロメア,"""プロメア"" は消防隊とバーニッシュの戦いを描く映画アニメ。今作はバーニッシュと消防隊の対決を巡る作品。メカバトルと熱さ、群像劇が特徴で、独特の作画と華麗なバトルシーン。"
1455,primary,ja-JP,響け! ユーフォニアム 誓いのフィナーレ,"""響け! ユーフォニアム 誓いのフィナーレ"" は『響け! ユーフォニアム』の映画。北宇治高校吹奏楽部の新章。今作は久美子と部員たちが新たな合奏コンクールで成長する。音楽と青春、群像劇が特徴。"
1456,primary,ja-JP,ガールズ&パンツァー 最終章,"""ガールズ&パンツァー 最終章"" 第2話は最終章の続き。少女たちの戦車戦が続く。今作は大洗女子学園が新たな相手に立ち向かう。戦車と熱さ、群像劇が特徴で、華麗で圧巻のバトルシーン。"
1457,primary,ja-JP,ONE PIECE STAMPEDE,"""ONE PIECE STAMPEDE"" は『ONE PIECE』の映画。ルフィたちとオールスターの祭典。今作はスタンピードの大イベントを巡る作品。麦わらの一味と多くのキャラクターが集結。冒険と熱さ、仲間との絆が特徴。"
1458,primary,ja-JP,この素晴らしい世界に祝福を! 紅伝説,"""この素晴らしい世界に祝福を! 紅伝説"" は『この素晴らしい世界に祝福を!』の映画。カズマとパーティーの冒険。今作は紅魔族とめぐみんの故郷を巡る作品。異世界とコメディ、熱さが特徴で、カズマとパーティーの奇妙なコンビネーションが笑いを誘う。"
1459,primary,ja-JP,恋と呼ぶには気持ち悪い,"""恋と呼ぶには気持ち悪い"" は同名漫画をアニメ化。OL・有馬一花と高校生・天草亮の関係。恋愛とコメディ、日常が特徴で、亮のストレートな告白と一花のツッコミがコメディに満ちている。"
1460,primary,ja-JP,Overflow,これは大学生と幼馴染の恋愛を描く短編アダルト向けアニメ。恋愛とアダルト、日常が特徴で、アンニュイな雰囲気と緊張感ある掛け合い。
1461,primary,ja-JP,恋する小惑星,"""恋する小惑星"" は同名漫画をアニメ化。天文部と地学クラブの少女たちの物語。天文と日常、群像劇が特徴で、可愛い作画と明るい雰囲気。"
1462,primary,ja-JP,ダーウィンズゲーム,"""ダーウィンズゲーム"" は同名漫画をアニメ化。少年・須藤要がダーウィンズゲームの生死をかけた戦いに巻き込まれる。生存とバトル、群像劇が特徴で、緊迫した雰囲気。"
1463,primary,ja-JP,マギアレコード 魔法少女まどか☆マギカ外伝,"""マギアレコード 魔法少女まどか☆マギカ外伝"" は『魔法少女まどか☆マギカ』のスピンオフ。魔法少女たちの物語を描く。今作はマギアレコードの展開を巡る作品。魔法少女とダーク、群像劇が特徴で、重厚な雰囲気。"
1464,primary,ja-JP,ID:INVADED イド:インヴェイデッド,"""ID:INVADED イド:インヴェイデッド"" は犯罪者の深層心理に潜って事件を解決する物語を描くオリジナルアニメ。井の中での鳴瓢秋人刑事の推理と追跡。SFと推理、心理が特徴で、緊迫した雰囲気。"
1465,primary,ja-JP,pet,"""pet"" は記憶を操る能力者の戦いを描くオリジナルアニメ。少年たちは追跡しながら心の中で冒険する。SFとサスペンス、群像劇が特徴で、独特の雰囲気。"
1466,primary,ja-JP,魔術士オーフェンはぐれ旅,"""魔術士オーフェンはぐれ旅"" は同名ライトノベルをアニメ化。魔術士オーフェンが師匠を探す旅に出る。ファンタジーと冒険、熱さが特徴で、オーフェンの力とくずぶりが魅力。"
1467,primary,ja-JP,痛いのは嫌なので防御力に極振りしたいと思います。,"""痛いのは嫌なので防御力に極振りしたいと思います。"" は同名ライトノベルをアニメ化。少女・メイプルはVRMMOで全振り防御にする。ゲームとライトアドベンチャー、コメディが特徴で、メイプルの破天荒な防御がコメディに満ちている。"
1468,primary,ja-JP,ネコぱら,"""ネコぱら"" は同名ゲームをアニメ化。水無月家の猫娘たちの日常を描く。猫カフェでの主人と猫娘たちの生活が温かい。可愛いペットと日常、癒しが特徴で、洗練された作画と明るい雰囲気。"
1469,primary,ja-JP,インフィニット・デンドログラム,"""インフィニット・デンドログラム"" は同名ライトノベルをアニメ化。少年・レイがVRMMOインフィニット・デンドログラムで冒険する。ゲームと冒険、群像劇が特徴で、華麗なバトルシーン。"
1470,primary,ja-JP,宝石商リチャード氏の謎鑑定,"""宝石商リチャード氏の謎鑑定"" は同名小説をアニメ化。宝石商リチャードと大学生・中田正義の出会い。宝石と日常、推理が特徴で、リチャードの鑑定と客たちの物語が魅力的。"
1471,primary,ja-JP,number24,"""number24"" は同名ゲームをアニメ化。大学ラグビー部の少年たちの物語。ラグビーと青春、群像劇が特徴で、若々しい雰囲気。"
1472,primary,ja-JP,SHOW BY ROCK!! ましゅまいれっしゅ!!,"""SHOW BY ROCK!! ましゅまいれっしゅ!!"" はシリーズの続編。バンド少女たちの物語が続く。今作は新バンドが登場。音楽と可愛いキャラクター、コメディが特徴で、心に響く演奏シーン。"
1473,primary,ja-JP,とある科学の超電磁砲T,"""とある科学の超電磁砲T"" はインデックスシリーズのスピンオフ。御坂美琴の戦いが続く。今作は美琴が学園都市で新たな挑戦に臨む。超能力とバトル、群像劇が特徴で、華麗なバトルシーン。"
1474,primary,ja-JP,八十亀ちゃんかんさつにっき 2さつめ,"""八十亀ちゃんかんさつにっき 2さつめ"" は第1期の続編。少年と名古屋の少女の日常が続く。今作も八十亀ちゃんの方言と文化が魅力。日常と地域文化が特徴で、短いエピソード。"
1475,primary,ja-JP,プランダラ,"""プランダラ"" は同名漫画をアニメ化。数字で支配される世界でのプランダラ・リヒトの冒険。冒険とバトル、熱さが特徴で、華麗なバトルシーン。"
1476,primary,ja-JP,理系が恋に落ちたので証明してみた。,"""理系が恋に落ちたので証明してみた。"" は同名漫画をアニメ化。理系の大学生たちが恋愛を科学的方法で証明しようとする。恋愛とコメディ、科学が特徴で、主人公たちの科学的な恋愛実験がコメディに満ちている。"
1477,primary,ja-JP,俺の隣に破壊神が座っている,"""俺の隣に破壊神が座っている"" は同名漫画をアニメ化。厨二病の少年の可笑しな日常。コメディと日常、ツッコミが特徴で、少年の厨二病行動がコメディに満ちている。"
1478,primary,ja-JP,織田シナモン信長,"""織田シナモン信長"" は同名漫画をアニメ化。犬に転生した戦国の武将たちの日常。コメディと日常、可愛いペットが特徴で、信長たちの犬生活がコメディに満ちている。"
1479,primary,ja-JP,異種族レビュアーズ,"""異種族レビュアーズ"" は同名漫画をアニメ化。異種族の風俗店での冒険者たちのレビュー。コメディと冒険、アダルトが特徴で、明るい雰囲気。"
1480,primary,ja-JP,ランウェイで笑って,"""ランウェイで笑って"" は同名漫画をアニメ化。小柄な少女・藤戸千雪がモデルを目指して努力する。ファッションと青春、感動が特徴で、千雪の成長とランウェイの夢が感動的。"
1481,primary,ja-JP,虚構推理,"""虚構推理"" は同名小説をアニメ化。奇妙な体質の少女・岩永琴子が怪談を推理で解決する。推理と怪談、群像劇が特徴で、琴子の作り話の推理が魅力的。"
1482,primary,ja-JP,異世界かるてっと,"""異世界かるてっと"" 第2期は第1期の続編。複数の異世界作品のキャラクターが集まる。今作も各作品の設定が衝突してコメディを生み出す。パロディとツッコミ、群像劇が特徴で、楽しい雰囲気。"
1483,primary,ja-JP,BanG Dream!,"""BanG Dream!"" 第3期はシリーズの続編。ガールズバンドの物語が続く。今作は少女たちが音楽の道で新たな挑戦とステージに臨む。音楽と青春、群像劇が特徴で、感動的な楽曲と心に響く演奏シーン。"
1484,primary,ja-JP,22/7,"""22/7"" はアイドルプロジェクトのアニメ。アイドルステージでの少女たちの物語を描く。今作は22/7のグループの成長を巡る作品。音楽とアイドル、群像劇が特徴で、華やかな楽曲とステージ演出。"
1485,primary,ja-JP,映像研には手を出すな!,"""映像研には手を出すな!"" は同名漫画をアニメ化。映像研でアニメを作る三人の少女の物語。創作と青春、群像劇が特徴で、少女たちの想像力と制作過程が魅力的。"
1486,primary,ja-JP,群れなせ! シートン学園,"""群れなせ! シートン学園"" は同名漫画をアニメ化。動物が共存する学園での少年の物語。コメディと日常、動物擬人化が特徴で、動物たちの学園生活がコメディに満ちている。"
1487,primary,ja-JP,奇幻☆怪盗,これは同名ライトノベルをアニメ化。マジシャンの少年・誠の物語。ファンタジーと恋愛、日常が特徴で、誠のマジックと少女たちとの掛け合いが魅力的。
1488,primary,ja-JP,地縛少年花子くん,"""地縛少年花子くん"" は同名漫画をアニメ化。七不思議の一人・花子くんと少女・寧々の物語。オカルトと恋愛、コメディが特徴で、花子くんと寧々の掛け合いがモエに満ちている。"
1489,primary,ja-JP,A3! SEASON SPRING & SUMMER,"""A3! SEASON SPRING & SUMMER"" は同名ゲームをアニメ化。劇団の主宰と少年たちの物語。舞台と青春、群像劇が特徴で、温かい雰囲気。"
1490,primary,ja-JP,ドロヘドロ,"""ドロヘドロ"" は林田球の同名漫画をアニメ化。ホールと魔法の世界での魔法使いと被害者の戦い。ダークと暴力、コメディが特徴で、インパクトのある映像。"
1491,primary,ja-JP,ソマリと森の神様,"""ソマリと森の神様"" は同名漫画をアニメ化。人間の少女ソマリと森の番人ゴーレムの旅。ファンタジーと癒し、家族愛が特徴で、ソマリとゴーレムの旅が温かく、繊細な映像。"
1492,primary,ja-JP,推しが武道館いってくれたら死ぬ,"""推しが武道館いってくれたら死ぬ"" は同名漫画をアニメ化。熱狂的なファン・えりぴよとアイドル・まいなの物語。アイドルと百合、日常が特徴で、えりぴよの熱狂的な応援がコメディに満ちている。"
1493,primary,ja-JP,空挺ドラゴンズ,"""空挺ドラゴンズ"" は同名漫画をアニメ化。船を操り竜を狩る少女たちの冒険。冒険とバトル、群像劇が特徴で、独特の雰囲気。"
1494,primary,ja-JP,ハイキュー!! TO THE TOP,"""ハイキュー!! TO THE TOP"" はシリーズの続編。烏野高校のバレーバトルが続く。今作は全国大会の激しい戦いが展開。バレーと熱さ、チームの成長が特徴で、息を呑む試合シーン。"
1495,primary,ja-JP,Re:ゼロから始める異世界生活,"""Re:ゼロから始める異世界生活"" 新編集版は『Re:ゼロ』のリメイク。ナツキ・スバルの物語を再構成した作品。今作は第1期のプロットを再編集。異世界とサスペンス、涙が特徴で、スバルの絶望と執念が感動的。"
1496,primary,ja-JP,斉木楠雄のΨ難 Ψ始動編,"""斉木楠雄のΨ難 Ψ始動編"" はシリーズの続編。超能力者・斉木楠雄の日常が続く。今作も楠雄は平穏な生活を望むが、絶え間ない騒動に悩まされる。コメディとツッコミ、超能力が特徴。"
1497,primary,ja-JP,Fate/kaleid liner プリズマ☆イリヤ プリズマ☆ファンタズム,"""Fate/kaleid liner プリズマ☆イリヤ プリズマ☆ファンタズム"" はFateシリーズのコメディアニメ。魔法少女たちの日常。今作はパロディと楽しさに焦点を当てた作品。魔法少女とFateの世界観、コメディが特徴。"
1498,primary,ja-JP,Rebirth,これはネットワーク世界での少年少女の物語を描く短編アニメ。ネットと恋愛、群像劇が特徴で、独特の雰囲気。
1499,primary,ja-JP,ヒーリングっど♥プリキュア,"""ヒーリングっど♥プリキュア"" はプリキュアシリーズのアニメ。癒しの力で戦う少女たち。今作は少女たちが敵と戦いながら成長する。魔法少女とバトル、日常が特徴で、華麗な変身とバトルシーン。"
1500,primary,ja-JP,外星人狙击战,これはエイリアン狙撃の物語を描く短編アニメ。SFとアクション、コメディが特徴で、短いエピソードと独特の雰囲気。
1501,primary,ja-JP,缘结熊本,これは熊本県の少女たちの物語を描く短編アニメ。熊本を舞台に、少女たちの出会いと絆が温かい。日常と癒し、地域文化が特徴で、爽やかな画風と静かな雰囲気。
1502,primary,ja-JP,ポケモン 薄明の翼,"""ポケモン 薄明の翼"" はポケモンの短編アニメ。ガラル地方の少年の物語を描く。ポケモンバトルの夢を中心に、少年の成長とパートナーたちとの絆が展開。冒険と青春、ポケモンが特徴で、洗練された作画。"
1503,primary,ja-JP,巨虫列島,"""巨虫列島"" は同名漫画をアニメ化。巨大昆虫がはびこる島での少女たちのサバイバル。生存とホラー、サスペンスが特徴で、緊迫した雰囲気。"
1504,primary,ja-JP,ストライク・ザ・ブラッド 消えた聖槍,"""ストライク・ザ・ブラッド 消えた聖槍"" は『ストライク・ザ・ブラッド』のOVA。暁古城と姫柊雪菜の戦い。今作は失われた聖槍を巡る作品。吸血鬼とバトル、ハーレムが特徴で、華麗なバトルシーン。"
1505,primary,ja-JP,ACCA13区監察課 Regards,"""ACCA13区監察課 Regards"" は『ACCA13区監察課』のOVA。ジーン・オータスの監察物語。今作は軽妙な日常に焦点を当てた作品。政治と日常、グルメが特徴で、落ち着いて優雅な雰囲気。"
1506,primary,ja-JP,薄暮,"""薄暮"" は福島の少年と少女の物語を描く映画アニメ。震災後の福島で、少年と少女の出会いが温かい。恋愛と癒し、日常が特徴で、繊細な映像と細やかな感情。"
1507,primary,ja-JP,ヴァイオレット・エヴァーガーデン 外伝 -永遠と自動手記人形-,"""ヴァイオレット・エヴァーガーデン 外伝 -永遠と自動手記人形-"" は『ヴァイオレット・エヴァーガーデン』のサイドストーリー映画。ヴァイオレットの物語。今作はヴァイオレットが新たな依頼を受け、代筆で温かさを伝える。癒しと成長、人間性が特徴で、極限まで美しい映像。"
1508,primary,ja-JP,APPARE-RANMAN!,"""APPARE-RANMAN!"" はカーレースでの少年たちの物語を描くオリジナルアニメ。天才エンジニア・ソラノと侍・青猫芝がカーレースの旅に出る。レースと熱さ、群像劇が特徴で、独特の画風。"
1509,primary,ja-JP,BNA,"""BNA"" はTRIGGERのオリジナルアニメ。少女と獣の物語を描く。獣人になった少女は獣人たちの抗争に巻き込まれる。バトルと群像劇、熱さが特徴で、活気あふれる画風。"
1510,primary,ja-JP,ぼくらの7日間戦争,"""ぼくらの7日間戦争"" は宗田理の同名小説をアニメ化した映画。少年たちが廃工場を拠点に七日間の戦争を仕掛ける。青春と反抗、冒険が特徴で、熱い雰囲気。"
1511,primary,ja-JP,サンタ・カンパニー,"""サンタ・カンパニー"" はサンタクロース会社の物語を描く映画アニメ。サンタクロース会社での少年の冒険。ファンタジーと冒険、癒しが特徴で、温かい画風。"
1512,primary,ja-JP,PSYCHO-PASS サイコパス 3 FIRST INSPECTOR,"""PSYCHO-PASS サイコパス 3 FIRST INSPECTOR"" はPSYCHO-PASSの映画。監視官と執行官の物語。今作はファーストインスペクターの真実を巡る作品。SFとサスペンス、群像劇が特徴で、重厚な雰囲気。"
1513,primary,ja-JP,映画 すみっコぐらし とびだす絵本とひみつのコ,"""映画 すみっコぐらし とびだす絵本とひみつのコ"" は『すみっコぐらし』の映画。コーナー生物たちの冒険。今作はすみっコたちの魔法の絵本での旅を巡る作品。可愛いキャラクターと癒し、冒険が特徴。"
1514,primary,ja-JP,イエスタデイをうたって,"""イエスタデイをうたって"" は同名漫画をアニメ化。街で暮らす若者たちの恋愛物語。恋愛と日常、群像劇が特徴で、落ち着いた雰囲気。"
1515,primary,ja-JP,HELLO WORLD,"""HELLO WORLD"" は仮想世界での少年の冒険を描く映画アニメ。少年・ナオミは未来の恋人を救うため仮想世界を旅する。SFと恋愛、冒険が特徴で、繊細な映像。"
1516,primary,ja-JP,空の青さを知る人よ,"""空の青さを知る人よ"" は少女とバンドの物語を描く映画アニメ。地方の街で、少女と若者たちの音楽と青春。恋愛と音楽、青春が特徴で、繊細な映像と細やかな感情。"
1517,primary,ja-JP,誰ガ為のアルケミスト,"""誰ガ為のアルケミスト"" は同名ゲームをアニメ化。錬金術の世界での少年たちの冒険を描く。ファンタジーと冒険、熱さが特徴で、華麗なバトルシーン。"
1518,primary,ja-JP,天気の子,"""天気の子"" は新海誠の映画アニメ。天気を変える力を持つ少女と少年の物語を描く。東京で帆高は天野陽菜と出会う。恋愛とファンタジー、成長が特徴で、極限まで美しい映像。"
1519,primary,ja-JP,ルパン三世 THE FIRST,"""ルパン三世 THE FIRST"" は『ルパン三世』の3DCG映画。怪盗ルパンの冒険。今作はルパンが謎の秘宝を巡って対決する。怪盗と冒険、コメディが特徴で、華麗な3DCG映像。"
1520,primary,ja-JP,劇場版 新幹線変形ロボ シンカリオン 未来からきた神速のALFA-X,"""劇場版 新幹線変形ロボ シンカリオン 未来からきた神速のALFA-X"" はシンカリオンシリーズの映画。少年たちの戦い。今作は未来から来たALFA-Xを巡る作品。メカバトルと熱さ、群像劇が特徴で、華麗なバトルシーン。"
1521,primary,ja-JP,八男って、それはないでしょう!,"""八男って、それはないでしょう!"" は同名ライトノベルをアニメ化。転生した少年・一宮が異世界で成長する。異世界とライトアドベンチャー、ハーレムが特徴で、一宮の力と冒険が見どころ。"
1522,primary,ja-JP,やはり俺の青春ラブコメはまちがっている。完,"""やはり俺の青春ラブコメはまちがっている。完"" は『俺ガイル』の最終章。比企谷八幡の青春物語が終わりを迎える。今作は奉仕部の少女たちとの関係が最終章を迎える。学園と恋愛、ツッコミが特徴。"
1523,primary,ja-JP,かぐや様は告らせたい? 天才たちの恋愛頭脳戦,"""かぐや様は告らせたい? 天才たちの恋愛頭脳戦"" 第2期は第1期の続編。白銀とかぐやの恋愛頭脳戦が続く。今作は二人の恋愛ゲームがさらに激化。恋愛とコメディ、頭脳戦が特徴で、誇張された演出と密集した笑い。"
1524,primary,ja-JP,かくしごと,"""かくしごと"" は久米田康治の同名漫画をアニメ化。漫画家の後藤可久士は娘を育てるため仕事を隠す。日常と家族愛、コメディが特徴で、可久士の隠し事が笑いと温かさに満ちている。"
1525,primary,ja-JP,本好きの下剋上,"""本好きの下剋上"" 第2期は第1期の続編。本が好きな少女の物語が続く。今作は少女が司書になるために努力し続ける。異世界と日常、成長が特徴で、少女の執念が見どころ。"
1526,primary,ja-JP,邪神ちゃんドロップキック,"""邪神ちゃんドロップキック"" はシリーズの続編。邪神ちゃんと花園百合絵の日常が続く。今作も邪神ちゃんの悪戯と百合絵の暴力が笑いに満ちている。コメディと日常、魔界が特徴で、明るい雰囲気。"
1527,primary,ja-JP,プリンセスコネクト! Re:Dive,"""プリンセスコネクト! Re:Dive"" は同名ゲームをアニメ化。異世界での少年の冒険を描く。記憶を失った少年と姫たちがランドソルで冒険する。ファンタジーとライトアドベンチャー、群像劇が特徴で、明るい雰囲気。"
1528,primary,ja-JP,ソードアート・オンライン アリシゼーション War of Underworld,"""ソードアート・オンライン アリシゼーション War of Underworld"" 最終章はアリシゼーション編の最終章。キリトの戦いがクライマックスを迎える。今作は人界と闇の国の決戦を巡る作品。SFとバトル、絆が特徴で、華麗なバトルシーン。"
1529,primary,ja-JP,アイドリッシュセブン Second Beat!,"""アイドリッシュセブン Second Beat!"" はシリーズの続編。アイドルグループIDOLiSH7の物語が続く。今作は少年たちがアイドルステージで新たな挑戦に臨む。音楽とアイドル、群像劇が特徴で、華やかな楽曲とステージ演出。"
1530,primary,ja-JP,食戟のソーマ 豪ノ皿,"""食戟のソーマ 豪ノ皿"" は『食戟のソーマ』第5期。幸平創真の料理バトルが続く。今作は創真がBLUEでの料理勝負に挑む。食と熱さ、競技が特徴で、食欲をそそる料理描写と緊迫した勝負シーン。"
1531,primary,ja-JP,フルーツバスケット,"""フルーツバスケット"" 第2期は第1期の続編。透の草摩家での日常が続く。今作は草摩家の呪いと透の絆がさらに発展する。癒しと群像劇、ファンタジーが特徴で、温かい雰囲気。"
1532,primary,ja-JP,遊☆戯☆王SEVENS,"""遊☆戯☆王SEVENS"" は遊☆戯☆王シリーズのアニメ。デュエリストたちの戦いを描く。今作は新たな章を巡る作品。カードと熱さ、デュエルが特徴で、華麗なデュエルシーン。"
1533,primary,ja-JP,ミュークルドリーミー,"""ミュークルドリーミー"" は子猫と少女の物語を描く女児向けアニメ。少女と謎の子猫の出会いが温かい日常を開く。可愛いペットと魔法、癒しが特徴で、可愛い作画と温かい雰囲気。"
1534,primary,ja-JP,メジャー2nd,"""メジャー2nd"" 第2期は第1期の続編。大吾の野球物語が続く。今作は大吾が野球場で新たな挑戦に臨む。野球と熱さ、青春が特徴で、熱い試合シーン。"
1535,primary,ja-JP,文豪とアルケミスト 〜審判ノ歯車〜,"""文豪とアルケミスト 〜審判ノ歯車〜"" は同名ゲームをアニメ化。文豪たちが侵蝕と戦いながら文学を守る。文豪擬人化とバトル、群像劇が特徴で、華麗な画風。"
1536,primary,ja-JP,つぐもも,"""つぐもも"" は第1期の続編。加賀見一也と桐葉の物語が続く。今作は一也の主人としての責任がさらに発展する。バトルとファンタジー、ハーレムが特徴で、華麗なバトルシーンと洗練されたキャラクターデザイン。"
1537,primary,ja-JP,社長、バトルの時間です!,"""社長、バトルの時間です!"" は同名ゲームをアニメ化。社長として少年たちがモンスターと戦う。コメディとバトル、日常が特徴で、明るい雰囲気。"
1538,primary,ja-JP,乙女ゲームの破滅フラグしかない悪役令嬢に転生してしまった…,"""乙女ゲームの破滅フラグしかない悪役令嬢に転生してしまった…"" は同名ライトノベルをアニメ化。少女が乙女ゲームの悪役令嬢に転生し、破滅を避けるため行動する。異世界とコメディ、恋愛が特徴で、カタリナのギャップがモエに満ちている。"
1539,primary,ja-JP,白猫プロジェクト ZERO CHRONICLE,"""白猫プロジェクト ZERO CHRONICLE"" は同名ゲームをアニメ化。王国の物語を描く。王国での少女たちの冒険と戦い。冒険とバトル、群像劇が特徴で、華麗なバトルシーン。"
1540,primary,ja-JP,放課後ていぼう日誌,"""放課後ていぼう日誌"" は同名漫画をアニメ化。防波堤部の少女たちの釣り日常。日常と癒し、釣りが特徴で、爽やかな画風と明るい雰囲気。"
1541,primary,ja-JP,LISTENERS,"""LISTENERS"" は音が失われた世界での少年の物語を描くオリジナルアニメ。少年エコーと謎の少女が音楽の世界で冒険する。音楽とSF、群像劇が特徴で、独特の雰囲気。"
1542,primary,ja-JP,波よ聞いてくれ,"""波よ聞いてくれ"" は同名漫画をアニメ化。深夜ラジオ番組での女性アナウンサーの可笑しな日常。コメディと職場、群像劇が特徴で、明るい雰囲気。"
1543,primary,ja-JP,アルテ,"""アルテ"" は同名漫画をアニメ化。女性が画家になれない時代に、少女アルテが絵の夢を追う。芸術と感動、群像劇が特徴で、アルテの執念と成長が感動的。"
1544,primary,ja-JP,シャドウバース,"""シャドウバース"" は同名ゲームをアニメ化。少年たちのカードバトルを描く。主人公たちはシャドウバースのカードバトルで成長する。カードと熱さ、競技が特徴で、華麗なバトルシーン。"
1545,primary,ja-JP,デジモンアドベンチャー:,"""デジモンアドベンチャー:"" はデジモンシリーズの新作。選ばれし子供たちとデジモンの冒険。今作は名作の物語を新たに描き直す。冒険と友情、成長が特徴で、華麗なバトルシーン。"
1546,primary,ja-JP,新サクラ大戦 the Animation,"""新サクラ大戦 the Animation"" は『サクラ大戦』の新アニメ。帝国華撃団の戦い。今作は帝都での少女たちの戦いと日常。バトルと群像劇、スチームパンクが特徴で、華やかな雰囲気。"
1547,primary,ja-JP,ギャルと恐竜,"""ギャルと恐竜"" は同名漫画をアニメ化。現代にやってきた恐竜とギャルの同居日常。コメディと日常、可愛いペットが特徴で、恐竜とギャルの掛け合いが笑いに満ちている。"
1548,primary,ja-JP,神之塔 -Tower of God-,"""神之塔 -Tower of God-"" は同名漫画をアニメ化。少年バムが友を探すため神の塔に挑む。冒険とバトル、群像劇が特徴で、独特の雰囲気。"
1549,primary,ja-JP,グレイプニル,"""グレイプニル"" は同名漫画をアニメ化。少年・加賀谷修一と少女・青木紅愛の戦い。バトルとサスペンス、ファンタジーが特徴で、緊迫した雰囲気。"
1550,primary,ja-JP,アルゴナビス from BanG Dream! ANIMATION,"""アルゴナビス from BanG Dream! ANIMATION"" はバンドリプロジェクトの男性バンドアニメ。少年たちのバンド物語。今作は少年たちが音楽で夢を追う。音楽と青春、群像劇が特徴で、感動的な楽曲。"
1551,primary,ja-JP,被我的手指扰乱吧。~在闭店后二人独处的沙龙…~,これは美容師と客の恋愛を描く短編アダルト向けアニメ。恋愛とアダルト、日常が特徴で、アンニュイな雰囲気と緊張感ある掛け合い。
1552,primary,ja-JP,キングダム,"""キングダム"" 第3期はシリーズの続編。信と嬴政の統一への道が続く。今作は合従軍との戦いを巡る作品。歴史と戦争、熱さが特徴で、壮大な戦闘シーン。"
1553,primary,ja-JP,球詠,"""球詠"" は同名漫画をアニメ化。高校野球部の少女たちの物語。野球と青春、群像劇が特徴で、若々しい雰囲気。"
1554,primary,ja-JP,ノー・ガンズ・ライフ,"""ノー・ガンズ・ライフ"" パート2は第1期の続編。乾十三の戦いが続く。今作は十三の街での行動がさらに発展する。SFとバトル、群像劇が特徴で、冷たい雰囲気。"
1555,primary,ja-JP,GIRL学。～圣GIRLS²学园～,これはアイドル学園の少女たちの日常を描く短編アイドルアニメ。アイドルと日常、群像劇が特徴で、可愛い作画と短いエピソード。
1556,primary,ja-JP,Re:ゼロから始める異世界生活 氷結の絆,"""Re:ゼロから始める異世界生活 氷結の絆"" は『Re:ゼロ』のOVA。エミリアの物語。今作はエミリアの過去を巡る作品。異世界とサスペンス、癒しが特徴で、温かい雰囲気。"
1557,primary,ja-JP,アイドルマスター シンデレラガールズ劇場 Extra Stage,"""アイドルマスター シンデレラガールズ劇場 Extra Stage"" はシリーズの続編。シンデレラガールズのQ版日常が続く。アイドルとコメディ、日常が特徴で、可愛い作画と短いエピソード。"
1558,primary,ja-JP,旭日,これは少女たちの日常を描く短編アニメ。日常と癒し、群像劇が特徴で、洗練された作画と静かな雰囲気。
1559,primary,ja-JP,富豪刑事 Balance:UNLIMITED,"""富豪刑事 Balance:UNLIMITED"" は神宮寺乱の同名小説をアニメ化。富豪刑事・神戸大助とパートナー・加藤の事件処理日常。警察とコメディ、群像劇が特徴で、大助の豪奢さと加藤のツッコミが笑いに満ちている。"
1560,primary,ja-JP,ざしきわらしのタタミちゃん,"""ざしきわらしのタタミちゃん"" は座敷童子と若者の日常を描く短編アニメ。妖怪と日常、癒しが特徴で、可愛い作画と温かい雰囲気。"
1561,primary,ja-JP,魔神英雄伝ワタル 七魂の龍神丸,"""魔神英雄伝ワタル 七魂の龍神丸"" はシリーズの続編。戦部ワタルと龍神丸の冒険が続く。今作は龍神丸の七魂を巡る作品。メカバトルと冒険、熱さが特徴で、華麗なバトルシーン。"
1562,primary,ja-JP,ストライク・ザ・ブラッドIV,"""ストライク・ザ・ブラッドIV"" はシリーズの続編。暁古城の吸血鬼バトルが続く。今作は古城と雪菜の絆がさらに深まる。吸血鬼とバトル、ハーレムが特徴で、華麗なバトルシーン。"
1563,primary,ja-JP,ガンダムビルドダイバーズRe:RISE,"""ガンダムビルドダイバーズRe:RISE"" 第2期はシリーズの続編。ガンプラバトルの物語が続く。今作は少年たちがモデルバトルの世界で新たな挑戦に臨む。ガンプラとバトル、熱さが特徴で、華麗なバトルシーン。"
1564,primary,ja-JP,岸辺露伴は動かない,"""岸辺露伴は動かない"" は『ジョジョの奇妙な冒険』のスピンオフアニメ。漫画家・岸辺露伴の奇妙な体験。今作は露伴が取材中に不気味な出来事に出会う。サスペンスとグロテスク、ジョジョの世界観が特徴。"
1565,primary,ja-JP,通常攻撃が全体攻撃で二回攻撃のお母さんは好きですか? OVA,"""通常攻撃が全体攻撃で二回攻撃のお母さんは好きですか? OVA"" はシリーズのOVA。真聡と母のサイドストーリー。今作は軽妙な日常に焦点を当てた作品。異世界とコメディ、家族が特徴で、母の強力な戦闘能力が笑いに満ちている。"
1566,primary,ja-JP,啄木鳥探偵處,"""啄木鳥探偵處"" は同名小説をアニメ化。詩人・石川啄木の探偵事務所での推理。推理と歴史時代、群像劇が特徴で、優雅な雰囲気。"
1567,primary,ja-JP,攻殻機動隊 SAC_2045,"""攻殻機動隊 SAC_2045"" は『攻殻機動隊』の新作。草薙素子と公安9課の物語。今作は2045年の世界を巡る作品。SFとサスペンス、群像劇が特徴で、洗練された3DCG映像。"
1568,primary,ja-JP,別冊オリンピア・キュクロス,"""別冊オリンピア・キュクロス"" は古代と現代の交流を描く短編アニメ。オリンピックをテーマにしたコメディ物語。歴史とコメディ、日常が特徴で、短いエピソードと密集した笑い。"
1569,primary,ja-JP,劇場版メイドインアビス 深き魂の黎明,"""劇場版メイドインアビス 深き魂の黎明"" は『メイドインアビス』の映画。リコとレグの冒険が続く。今作はボンドルドの物語を巡る作品。冒険とファンタジー、ダークさが特徴で、繊細な映像。"
1570,primary,ja-JP,メイドインアビス 旅立ちの夜明け,"""メイドインアビス 旅立ちの夜明け"" は『メイドインアビス』の総集編映画。リコとレグの冒険を再構成した作品。今作は第1期のプロットを振り返る作品。冒険とファンタジー、ダークさが特徴で、繊細な映像。"
1571,primary,ja-JP,フラグタイム,"""フラグタイム"" は少女たちの物語を描く映画アニメ。時間をテーマに、少女たちの記憶と感情が展開。恋愛と百合、青春が特徴で、繊細な雰囲気。"
1572,primary,ja-JP,GREAT PRETENDER,"""GREAT PRETENDER"" は詐欺師ローランの詐欺を描くオリジナルアニメ。世界を舞台に、詐欺師たちが様々な詐欺を繰り広げる。サスペンスとコメディ、群像劇が特徴で、鮮やかな作画と逆転の連続するプロット。"
1573,primary,ja-JP,バキ 大擂台賽編,"""バキ 大擂台賽編"" は『バキ』の続編。格闘家たちの対決が続く。今作は大擂台賽を巡る作品。武術と熱さ、群像劇が特徴で、迫力あるバトルシーン。"
1574,primary,ja-JP,泣きたい私は猫をかぶる,"""泣きたい私は猫をかぶる"" は少女と猫の物語を描く映画アニメ。猫の仮面をかぶると猫になる少女は奇妙な旅に出る。恋愛とファンタジー、癒しが特徴で、繊細な映像。"
1575,primary,ja-JP,デカダンス,"""デカダンス"" は廃墟の世界での少年たちの物語を描くオリジナルアニメ。少年たちは謎のモンスターと戦いながら生き延びる。SFとサスペンス、群像劇が特徴で、独特の雰囲気。"
1576,primary,ja-JP,Lapis Re:LiGHTs,"""Lapis Re:LiGHTs"" は同名プロジェクトをアニメ化。少女たちのアイドル物語。今作は少女たちが魔法の世界で夢を追う。音楽とアイドル、群像劇が特徴で、華やかな楽曲とステージ演出。"
1577,primary,ja-JP,宇崎ちゃんは遊びたい!,"""宇崎ちゃんは遊びたい!"" は同名漫画をアニメ化。大学生・桜井と後輩の宇崎の日常。恋愛とコメディ、日常が特徴で、宇崎のグイグイさと桜井のツッコミが笑いに満ちている。"
1578,primary,ja-JP,彼女、お借りします,"""彼女、お借りします"" は同名漫画をアニメ化。大学生・木ノ下和也とレンタル彼女・水原千鶴の関係。恋愛とコメディ、日常が特徴で、和也と千鶴の複雑な関係が見どころ。"
1579,primary,ja-JP,魔王学院の不適合者 〜史上最強の魔王の始祖、転生して子孫たちの学校へ通う〜,"""魔王学院の不適合者 〜史上最強の魔王の始祖、転生して子孫たちの学校へ通う〜"" は同名ライトノベルをアニメ化。魔王の始祖・アノスが悪魔の学園に転生する。異世界と熱さ、爽快感が特徴で、アノスの強さが魅力。"
1580,primary,ja-JP,モンスター娘のお医者さん,"""モンスター娘のお医者さん"" は同名ライトノベルをアニメ化。医師のグレンがモンスター娘たちを治療する。医療とファンタジー、日常が特徴で、グレンの医療技術とモンスター娘たちとの交流が面白い。"
1581,primary,ja-JP,ド級編隊エグゼロス,"""ド級編隊エグゼロス"" は同名漫画をアニメ化。羞恥心を喰う敵と戦う少年少女。バトルとコメディ、サービスが特徴で、エグゼロスの戦いが笑いに満ちている。"
1582,primary,ja-JP,恋とプロデューサー,"""恋とプロデューサー"" は同名ゲームをアニメ化。少女とプロデューサーたちの物語。恋愛と都市生活、群像劇が特徴で、華やかな雰囲気。"
1583,primary,ja-JP,ピーター・グリルと賢者の時間,"""ピーター・グリルと賢者の時間"" は同名漫画をアニメ化。最強戦士ピーターの恋愛での可笑しな日常。恋愛とコメディ、サービスが特徴で、ピーターの悩みと女たちの追撃が笑いに満ちている。"
1584,primary,ja-JP,冴えない彼女の育てかた Fine,"""冴えない彼女の育てかた Fine"" は『冴えない彼女の育てかた』の映画。倫也と少女たちの物語が終わりを迎える。今作はギャルゲ制作と感情の最終章を巡る作品。恋愛とツッコミ、業界が特徴で、繊細な演出。"
1585,primary,ja-JP,Re:ゼロから始める異世界生活,"""Re:ゼロから始める異世界生活"" 第2期は第1期の続編。ナツキ・スバルの物語が続く。今作は聖域編と新たな危機を巡り、スバルが絶望と転生の間で葛藤する。異世界とサスペンス、涙が特徴。"
1586,primary,ja-JP,囀る鳥は羽ばたかない The clouds gather,"""囀る鳥は羽ばたかない The clouds gather"" はBLアニメ映画。ヤクザの矢代と百目鬼の物語。BL恋愛とヤクザ、感情が特徴で、重厚な雰囲気。"
1587,primary,ja-JP,THE GOD OF HIGH SCHOOL,"""THE GOD OF HIGH SCHOOL"" は同名漫画をアニメ化。少年たちがゴッドオブハイスクールのトーナメントで戦う。武術と熱さ、群像劇が特徴で、華麗なバトルシーン。"
1588,primary,ja-JP,ゴブリンスレイヤー GOBLIN'S CROWN,"""ゴブリンスレイヤー GOBLIN'S CROWN"" は『ゴブリンスレイヤー』の映画。ゴブリンスレイヤーの戦い。今作はゴブリンの王冠を巡る作品。ダークファンタジーとバトル、群像劇が特徴で、重厚な雰囲気。"
1589,primary,ja-JP,僕のヒーローアカデミア THE MOVIE ヒーローズ:ライジング,"""僕のヒーローアカデミア THE MOVIE ヒーローズ:ライジング"" は『僕のヒーローアカデミア』の映画。緑谷出久と爆豪の物語。今作はヒーローの台頭と新たな危機を巡る作品。ヒーローと熱さ、成長が特徴で、華麗なバトルシーン。"
1590,primary,ja-JP,世界一初恋 プロポーズ編,"""世界一初恋 プロポーズ編"" は『世界一初恋』の映画。編集者と作家の恋愛。今作はプロポーズ編を巡る作品。BL恋愛と編集業界、日常が特徴で、温かい雰囲気。"
1591,primary,ja-JP,赛马娘四格,これは『ウマ娘』の短編アニメ。ウマ娘たちのQ版日常。競技とコメディ、日常が特徴で、可愛い作画と短いエピソード。
1592,primary,ja-JP,炎炎ノ消防隊,"""炎炎ノ消防隊"" 第2期は第1期の続編。森羅日下部の戦いが続く。今作は新たな章と消防隊の真実を巡る作品。熱さとバトル、群像劇が特徴で、華麗なバトルシーン。"
1593,primary,ja-JP,デジモンアドベンチャー LAST EVOLUTION 絆,"""デジモンアドベンチャー LAST EVOLUTION 絆"" はデジモンシリーズの映画。選ばれし子供たちの成長。今作は成長と絆の別れを巡る作品。冒険と友情、成長が特徴で、感動的な雰囲気。"
1594,primary,ja-JP,猎魔武士,これは侍がモンスターと戦う物語を描く短編アニメ。バトルと歴史時代、熱さが特徴で、独特の画風。
1595,primary,ja-JP,巨人族の花嫁,"""巨人族の花嫁"" は少年と巨人の青年の物語を描く短編アニメ。恋愛とBL、異世界が特徴で、アンニュイな雰囲気。"
1596,primary,ja-JP,妖怪图鉴,これは妖怪の物語を描く短編アニメ。妖怪と日常、癒しが特徴で、洗練された作画と静かな雰囲気。
1597,primary,ja-JP,ムヒョとロージーの魔法律相談事務所,"""ムヒョとロージーの魔法律相談事務所"" 第2期は第1期の続編。魔法律執行者ムヒョの戦いが続く。今作はムヒョと助手がさらに多くのオカルト事件を解決する。オカルトとバトル、日常が特徴で、明るい雰囲気。"
1598,primary,ja-JP,日本沈没2020,"""日本沈没2020"" は日本が沈む時の生存物語を描く映画アニメ。家族が災害の中を生き延びようと奮闘する。災害と生存、家族が特徴で、重厚な雰囲気。"
1599,primary,ja-JP,ダンジョンに出会いを求めるのは間違っているだろうか,"""ダンジョンに出会いを求めるのは間違っているだろうか"" 第2期OVAは第2期のOVA。ベルの日常サイドストーリー。今作は軽妙な日常に焦点を当てた作品。ファンタジーと冒険、ハーレムが特徴で、楽しい雰囲気。"
1600,primary,ja-JP,忍コレクション,"""忍コレクション"" は忍者たちの日常を描く短編アニメ。忍者とコメディ、日常が特徴で、短いエピソードとテンポの良い展開。"
1601,primary,ja-JP,超普通都市カシワ伝説R,"""超普通都市カシワ伝説R"" はカシワ伝説のコメディ物語を描く短編アニメ。地域文化とコメディ、日常が特徴で、短いエピソードと明るい雰囲気。"
1602,primary,ja-JP,天地無用! 魎皇鬼,"""天地無用! 魎皇鬼"" 第5期はシリーズの続編。天地と少女たちの物語が続く。今作は新たな冒険を巡る作品。恋愛とSF、ハーレムが特徴で、明るい雰囲気。"
1603,primary,ja-JP,俺を好きなのはお前だけかよ OVA,"""俺を好きなのはお前だけかよ OVA"" は『俺好き』のOVA。ジョーの恋愛サイドストーリー。今作は軽妙な日常に焦点を当てた作品。恋愛とコメディ、日常が特徴で、明るい雰囲気。"
1604,primary,ja-JP,大神小姐想被吃掉,これは大神と狼の恋愛を描く短編アニメ。恋愛とコメディ、日常が特徴で、洗練された作画と明るい雰囲気。
1605,primary,ja-JP,くまクマ熊ベアー,"""くまクマ熊ベアー"" は同名ライトノベルをアニメ化。少女ユナが熊の着ぐるみを着て異世界で冒険する。異世界とライトアドベンチャー、モエが特徴で、ユナの熊姿と冒険が楽しい。"
1606,primary,ja-JP,サクラ革命,"""サクラ革命"" は同名ゲームをアニメ化。少女たちの戦いを描く。今作はサクラ革命を巡る作品。バトルと群像劇、熱さが特徴で、華麗なバトルシーン。"
1607,primary,ja-JP,呪術廻戦,"""呪術廻戦"" は同名漫画をアニメ化。少年・虎杖悠仁が特級呪物を飲み込み、呪術師になる。バトルと熱さ、群像劇が特徴で、華麗なバトルシーン。"
1608,primary,ja-JP,レヱル・ロマネスク,"""レヱル・ロマネスク"" は同名ゲームをアニメ化。鉄道を擬人化した少女たちの日常。鉄道と日常、癒しが特徴で、可愛い作画と明るい雰囲気。"
1609,primary,ja-JP,トニカクカワイイ,"""トニカクカワイイ"" は同名漫画をアニメ化。少年・由崎星空と妻・司の結婚日常。恋愛と日常、癒しが特徴で、星空と司の甘い生活が温かさに満ちている。"
1610,primary,ja-JP,魔王城でおやすみ,"""魔王城でおやすみ"" は同名漫画をアニメ化。誘拐された姫・スヤリス姫の魔王城での日常。コメディと日常、癒しが特徴で、姫の我がままが笑いに満ちている。"
1611,primary,ja-JP,アクダマドライブ,"""アクダマドライブ"" は悪党たちのバトルロワイヤルを描くオリジナルアニメ。集まった悪党たちが狂った行動を繰り広げる。サスペンスとアクション、群像劇が特徴で、緊迫した雰囲気。"
1612,primary,ja-JP,われらのラストクルセイド 或いは始まりの聖戦,"""われらのラストクルセイド 或いは始まりの聖戦"" は同名ライトノベルをアニメ化。敵対する帝国と皇庁の二人の恋愛。恋愛とバトル、ファンタジーが特徴で、華やかな雰囲気。"
1613,primary,ja-JP,池袋ウエストゲートパーク,"""池袋ウエストゲートパーク"" は同名小説をアニメ化。少年・真島誠が池袋で様々な事件を解決する。都市生活とサスペンス、群像劇が特徴で、独特の雰囲気。"
1614,primary,ja-JP,まえせつ!,"""まえせつ!"" は同名漫画をアニメ化。漫才師を目指す少女たちの物語。コメディと青春、群像劇が特徴で、少女たちの漫才の夢が活力に満ちている。"
1615,primary,ja-JP,無能なナナ,"""無能なナナ"" は同名漫画をアニメ化。能力者学園での少女ナナの真実。サスペンスとバトル、ダークさが特徴で、重厚な雰囲気。"
1616,primary,ja-JP,おそ松さん,"""おそ松さん"" 第3期はシリーズの続編。松野家の六つ子のコメディ日常が続く。今作も六つ子がニート生活の中で様々な笑いを起こし続ける。パロディとツッコミ、社会風刺が特徴で、大胆な演出。"
1617,primary,ja-JP,ヒプノシスマイク -Division Rap Battle-,"""ヒプノシスマイク -Division Rap Battle-"" は同名プロジェクトをアニメ化。音楽で支配された渋谷でのラップグループの戦い。音楽とバトル、群像劇が特徴で、迫力あるラップと緊迫した対決。"
1618,primary,ja-JP,魔女の旅々,"""魔女の旅々"" は同名ライトノベルをアニメ化。魔女イレイナの世界一周の旅。旅行と一話完結、癒しが特徴で、イレイナが各国で経験する物語が哲学に満ちている。"
1619,primary,ja-JP,アサルトリリィ Bouquet,"""アサルトリリィ Bouquet"" は百合バトルアニメ。リリィ学園の少女たちの戦いを描く。バトルと百合、群像劇が特徴で、華麗なバトルシーン。"
1620,primary,ja-JP,いわかける! -Sport Climbing Girls-,"""いわかける! -Sport Climbing Girls-"" は同名漫画をアニメ化。スポーツクライミング競技の少女たちの物語。スポーツと青春、群像劇が特徴で、緊迫した試合シーン。"
1621,primary,ja-JP,戦翼のシグルドリーヴァ,"""戦翼のシグルドリーヴァ"" はヴァルキュリアの戦いを描くオリジナルアニメ。少女たちが機体を操り異世界からの敵と戦う。メカバトルと熱さ、群像劇が特徴で、華麗なバトルシーン。"
1622,primary,ja-JP,100万の命の上に俺は立っている,"""100万の命の上に俺は立っている"" は同名漫画をアニメ化。少年たちがゲーム世界で冒険する。冒険と生存、群像劇が特徴で、独特の雰囲気。"
1623,primary,ja-JP,ひぐらしのなく頃に業,"""ひぐらしのなく頃に業"" は『ひぐらし』の新作。雛見沢村の物語。今作は新たな転生を巡る作品。サスペンスとホラー、群像劇が特徴で、息苦しい雰囲気。"
1624,primary,ja-JP,犬と猫どっちも飼ってると毎日たのしい,"""犬と猫どっちも飼ってると毎日たのしい"" は同名漫画をアニメ化。犬と猫と暮らす少年の日常を描く。可愛いペットと日常、癒しが特徴で、可愛い作画と明るい雰囲気。"
1625,primary,ja-JP,憂国のモリアーティ,"""憂国のモリアーティ"" は同名漫画をアニメ化。ロンドンでのモリアーティとホームズの対決。推理とサスペンス、群像劇が特徴で、優雅な雰囲気。"
1626,primary,ja-JP,神達に拾われた男,"""神達に拾われた男"" は同名ライトノベルをアニメ化。中年のサラリーマンが異世界に転生する。異世界とライトアドベンチャー、癒しが特徴で、主人公の優しさと異世界での生活が温かさに満ちている。"
1627,primary,ja-JP,ストライクウィッチーズ ROAD to BERLIN,"""ストライクウィッチーズ ROAD to BERLIN"" はシリーズの続編。第501統合戦闘航空団の戦いが続く。今作は魔女たちがベルリンへの道で戦う。バトルと百合、日常が特徴で、華麗な空中戦シーン。"
1628,primary,ja-JP,A3! SEASON AUTUMN & WINTER,"""A3! SEASON AUTUMN & WINTER"" はシリーズの続編。劇団の主宰と少年たちの物語が続く。今作は秋組と冬組の物語が展開。舞台と青春、群像劇が特徴で、温かい雰囲気。"
1629,primary,ja-JP,One Room,"""One Room"" サードシーズンはシリーズの続編。一人称視点で少女たちの日常を描く。視聴者が主人公の視点から少女たちと交流する。日常と恋愛、癒しが特徴で、洗練された作画と温かい雰囲気。"
1630,primary,ja-JP,体操ザムライ,"""体操ザムライ"" は体操選手の物語を描くオリジナルアニメ。引退した体操選手・荒垣城太郎と娘の生活。スポーツと家族、日常が特徴で、温かい雰囲気。"
1631,primary,ja-JP,キングスレイド 意志を継ぐものたち,"""キングスレイド 意志を継ぐものたち"" は同名ゲームをアニメ化。王国での少年たちの冒険と戦い。冒険とバトル、群像劇が特徴で、華麗なバトルシーン。"
1632,primary,ja-JP,试着用土下座来拜托她们吧,これは土下座で少女たちにお願いする少年の物語を描く短編アニメ。コメディと日常、サービスが特徴で、短いエピソードとテンポの良い展開。
1633,primary,ja-JP,D4DJ First Mix,"""D4DJ First Mix"" はD4DJプロジェクトのアニメ。DJの少女たちの物語。今作は少女たちがDJの道で成長する。音楽と青春、群像劇が特徴で、感動的な楽曲。"
1634,primary,ja-JP,ノブレス,"""ノブレス"" は同名漫画をアニメ化。貴族の吸血鬼カディスの現代での日常。吸血鬼とバトル、群像劇が特徴で、華やかな雰囲気。"
1635,primary,ja-JP,TSUKIPRO THE ANIMATION 2,"""TSUKIPRO THE ANIMATION 2"" は第1期の続編。アイドルグループSix GravityとProcellarumの物語が続く。今作は少年たちがアイドルステージで新たな挑戦に臨む。音楽とアイドル、群像劇が特徴。"
1636,primary,ja-JP,成年人不懂如何恋爱！,これは大人の恋愛を描く短編アニメ。恋愛と日常、コメディが特徴で、短いエピソードと明るい雰囲気。
1637,primary,ja-JP,灾祸的真理 -ZUERST-,これは同名ゲームをアニメ化。魔導兵器が開発される世界での少年たちの戦い。SFとバトル、群像劇が特徴で、重厚な雰囲気。
1638,primary,ja-JP,半妖の夜叉姫,"""半妖の夜叉姫"" は『犬夜叉』の続編。半妖の少女たちの冒険を描く。今作はとわ・せつな・もろはの物語を巡る作品。冒険とバトル、熱さが特徴で、明るい雰囲気。"
1639,primary,ja-JP,ハイキュー!! TO THE TOP,"""ハイキュー!! TO THE TOP"" 第2期はシリーズの続編。烏野高校のバレーバトルが続く。今作は全国大会の激しい戦いがクライマックスを迎える。バレーと熱さ、チームの成長が特徴で、息を呑む試合シーン。"
1640,primary,ja-JP,ラブライブ! 虹ヶ咲学園スクールアイドル同好会,"""ラブライブ! 虹ヶ咲学園スクールアイドル同好会"" はラブライブシリーズのアニメ。虹ヶ咲学園のアイドルたち。今作は少女たちがスクールアイドル同好会で夢を追う。音楽と夢追い、群像劇が特徴。"
1641,primary,ja-JP,ドラゴンクエスト ダイの大冒険,"""ドラゴンクエスト ダイの大冒険"" は同名漫画をアニメ化。勇者を目指す少年ダイの冒険。冒険と熱さ、群像劇が特徴で、ダイの成長とパートナーたちとの絆が通底する。"
1642,primary,ja-JP,神様になった日,"""神様になった日"" はKeyのオリジナルアニメ。少女と少年の物語を描く。謎の力を持つ少女ヒナと少年の日常。日常とサスペンス、感動が特徴で、独特の雰囲気。"
1643,primary,ja-JP,魔法科高校の劣等生 来訪者編,"""魔法科高校の劣等生 来訪者編"" はシリーズの続編。司波達也の物語が続く。今作は来訪者編と新たな敵を巡る作品。魔法とバトル、兄妹が特徴で、華麗なバトルシーン。"
1644,primary,ja-JP,ゴールデンカムイ,"""ゴールデンカムイ"" 第3期はシリーズの続編。杉元佐一の北海道での冒険が続く。今作は金の争奪戦と新たな展開を巡る作品。冒険とグルメ、群像劇が特徴で、北海道の自然とアイヌ文化を丁寧に描く。"
1645,primary,ja-JP,おちこぼれフルーツタルト,"""おちこぼれフルーツタルト"" は同名漫画をアニメ化。アイドル事務所の少女たちの物語。アイドルと日常、群像劇が特徴で、可愛い作画と明るい雰囲気。"
1646,primary,ja-JP,ダンジョンに出会いを求めるのは間違っているだろうか,"""ダンジョンに出会いを求めるのは間違っているだろうか"" 第3期はシリーズの続編。ベルの冒険が続く。今作はベルとゼノスの出会いが新たな章を開く。ファンタジーと冒険、バトルが特徴で、華麗なバトルシーン。"
1647,primary,ja-JP,安達としまむら,"""安達としまむら"" は同名漫画をアニメ化。女子高生の安達としまむらの日常。百合と日常、癒しが特徴で、安達としまむらの掛け合いが温かさに満ちている。"
1648,primary,ja-JP,ご注文はうさぎですか? BLOOM,"""ご注文はうさぎですか? BLOOM"" は『ご注文はうさぎですか?』第3期。ラビットハウスでの少女たちの日常が続く。今作はココアやチノたちの時間がより豊かになる。可愛いキャラクターと温かい日常、デザートが特徴。"
1649,primary,ja-JP,BURN THE WITCH,"""BURN THE WITCH"" は竜と魔女の物語を描く映画アニメ。今作は魔女と竜の関係を巡る作品。ファンタジーとバトル、群像劇が特徴で、洗練された映像。"
1650,primary,ja-JP,劇場版 ハイスクール・フリート,"""劇場版 ハイスクール・フリート"" は『ハイスクール・フリート』の映画。少女たちの艦船バトル。今作は新たな危機を巡る作品。艦船と学園、群像劇が特徴で、華麗なバトルシーン。"
1651,primary,ja-JP,音楽,"""音楽"" は少年たちがバンドを組む物語を描く映画アニメ。音楽と青春、コメディが特徴で、独特のスタイル。"
1652,primary,ja-JP,ぷちぐらんぶる,"""ぷちぐらんぶる"" は『グランブルーファンタジー』の短編アニメ。キャラクターたちのQ版日常。冒険とコメディ、日常が特徴で、可愛い作画と短いエピソード。"
1653,primary,ja-JP,アンパンマン,"""アンパンマン"" は正義のアンパンマンが世界を守る物語を描く名作長寿アニメ。アンパンマンとパートナーたちがばいきんまんと戦う。ヒーローと冒険、教育が特徴で、温かい雰囲気。"
1654,primary,ja-JP,BEM BECOME HUMAN,"""BEM BECOME HUMAN"" は『BEM』の映画。人型の怪物たちの物語。今作はビカム・ヒューマンの真実を巡る作品。妖怪とバトル、群像劇が特徴で、ダークな雰囲気。"
1655,primary,ja-JP,刀使ノ巫女 OVA,"""刀使ノ巫女 OVA"" は『刀使ノ巫女』のOVA。巫女の少女たちのバトルサイドストーリー。今作は軽妙な日常に焦点を当てた作品。バトルと学園、群像劇が特徴で、楽しい雰囲気。"
1656,primary,ja-JP,Eternity ～深夜的濡恋频道♡～,これは深夜チャンネルの恋愛を描く短編アダルト向けアニメ。恋愛とアダルト、日常が特徴で、アンニュイな雰囲気と緊張感ある掛け合い。
1657,primary,ja-JP,ウルトラマンZ,"""ウルトラマンZ"" はウルトラマンシリーズのテレビアニメ。ウルトラマンゼットの戦い。今作はゼットと地球防衛軍の物語を巡る作品。特撮とバトル、熱さが特徴で、華麗なバトルシーン。"
1658,primary,ja-JP,進撃の巨人 The Final Season,"""進撃の巨人 The Final Season"" はシリーズの続編。エレンと調査兵団の戦いが最終章を迎える。今作はマーレ編と巨人の真実を巡る作品。バトルとサスペンス、絶望が特徴で、高品質な制作。"
1659,primary,ja-JP,クドわふたー,"""クドわふたー"" はKey作品の映画。クドの物語。今作はクドと直枝理樹の日常を巡る作品。日常と癒し、恋愛が特徴で、温かい雰囲気。"
1660,primary,ja-JP,埃及神明们的日常,これはエジプトの神々の日常を描く短編アニメ。神話とコメディ、日常が特徴で、洗練された作画と短いエピソード。
1661,primary,ja-JP,劇場版 SHIROBAKO,"""劇場版 SHIROBAKO"" は『SHIROBAKO』の映画。アニメ制作会社の物語。今作は宮森あおいとパートナーたちのアニメ業界での日常。職場と創作、群像劇が特徴で、温かい雰囲気。"
1662,primary,ja-JP,グリザイア:ファントムトリガー スターゲイザー,"""グリザイア:ファントムトリガー スターゲイザー"" はグリザイアシリーズの映画。特殊機関の少女たちの戦い。今作はスターゲイザーを巡る作品。バトルと学園、群像劇が特徴で、華麗なバトルシーン。"
1663,primary,ja-JP,ヴァンパイア・イン・ザ・ガーデン,"""ヴァンパイア・イン・ザ・ガーデン"" は少女の吸血鬼と友人の物語を描く映画アニメ。吸血鬼と恋愛、癒しが特徴で、洗練された作画と独特の雰囲気。"
1664,primary,ja-JP,スケートリーディング☆スターズ,"""スケートリーディング☆スターズ"" はフィギュアスケートでの少年たちの物語を描くオリジナルアニメ。少年たちがフィギュアスケートで夢を追う。スケートと青春、群像劇が特徴で、美しいスケートシーン。"
1665,primary,ja-JP,アズールレーン びそくぜんしんっ!,"""アズールレーン びそくぜんしんっ!"" は『アズールレーン』の短編アニメ。艦船少女たちの日常。艦船少女と日常、癒しが特徴で、可愛い作画と短いエピソード。"
1666,primary,ja-JP,どうにかなる日々,"""どうにかなる日々"" は幾組かのカップルの物語を描く短編アニメ。恋愛と群像劇、日常が特徴で、繊細な雰囲気。"
1667,primary,ja-JP,幼女社長,"""幼女社長"" は幼女社長の職場物語を描く短編アニメ。職場とコメディ、日常が特徴で、幼女社長のギャップが笑いに満ちている。"
1668,primary,ja-JP,ゆるキャン△ SEASON2,"""ゆるキャン△ SEASON2"" は第1期の続編。少女たちのキャンプ日常が続く。今作はなでしことリンが季節を巡りながらキャンプする。キャンプと日常、癒しが特徴で、爽やかな画風と静かな雰囲気。"
1669,primary,ja-JP,七つの大罪 憤怒の審判,"""七つの大罪 憤怒の審判"" はシリーズの続編。メリオダスと罪人たちの戦いがクライマックスを迎える。今作は憤怒の審判と最終決戦を巡る作品。ファンタジー冒険と熱いバトル、仲間との絆が特徴。"
1670,primary,ja-JP,WIXOSS DIVA(A)LIVE,"""WIXOSS DIVA(A)LIVE"" はWIXOSSシリーズのアニメ。カードバトルの物語が続く。今作は新ルールと少女たちの運命を巡る作品。カードとサスペンス、心理戦が特徴で、シリーズのダークな雰囲気を継承。"
1671,primary,ja-JP,Re:ゼロから始める異世界生活,"""Re:ゼロから始める異世界生活"" 第2期後半は第2期の続き。ナツキ・スバルの物語が続く。今作は聖域編のクライマックスを巡り、スバルが絶望と転生の間で転機を迎える。異世界とサスペンス、涙が特徴。"
1672,primary,ja-JP,五等分の花嫁∬,"""五等分の花嫁∬"" は第1期の続編。上杉風太郎と五つ子の恋愛が続く。今作は風太郎と五つ子の関係がさらに発展する。恋愛と学園、コメディが特徴で、明るい雰囲気。"
1673,primary,ja-JP,文豪ストレイドッグス わん!,"""文豪ストレイドッグス わん!"" は『文豪ストレイドッグス』の短編アニメ。キャラクターたちのQ版日常。異能とコメディ、日常が特徴で、可愛い作画と短いエピソード。"
1674,primary,ja-JP,ワールドウィッチーズ発進しますっ!,"""ワールドウィッチーズ発進しますっ!"" はストライクウィッチーズシリーズの短編アニメ。魔女たちのQ版日常。バトルと日常、コメディが特徴で、可愛い作画と短いエピソード。"
1675,primary,ja-JP,ホリミヤ,"""ホリミヤ"" は同名漫画をアニメ化。優等生の堀京子と暗い少年・宮村伊澄の恋愛。恋愛と日常、青春が特徴で、二人のギャップと掛け合いが温かさに満ちている。"
1676,primary,ja-JP,無職転生 〜異世界行ったら本気だす〜,"""無職転生 〜異世界行ったら本気だす〜"" は同名ライトノベルをアニメ化。引きこもりの青年が異世界に転生し、新たな人生を始める。異世界と成長、群像劇が特徴で、ルーデウスの新しい人生が冒険と温かさに満ちている。"
1677,primary,ja-JP,SHOW BY ROCK!! STARS!!,"""SHOW BY ROCK!! STARS!!"" はシリーズの続編。バンド少女たちの物語が続く。今作は少女たちが音楽の世界で新たな挑戦に臨む。音楽と可愛いキャラクター、コメディが特徴で、心に響く演奏シーン。"
1678,primary,ja-JP,はたらく細胞BLACK,"""はたらく細胞BLACK"" は『はたらく細胞』のスピンオフ。不健康な体での細胞たちの物語を描く。科学教育とバトル、日常が特徴で、重厚な雰囲気。"
1679,primary,ja-JP,はたらく細胞!!,"""はたらく細胞!!"" は第1期の続編。体内での細胞たちの日常が続く。今作も赤血球や白血球などの細胞が働き続ける。科学教育とバトル、日常が特徴で、可愛い作画と明るい雰囲気。"
1680,primary,ja-JP,天地創造デザイン部,"""天地創造デザイン部"" は同名漫画をアニメ化。動物を創る際、神はデザイン部に依頼する。科学教育とコメディ、職場が特徴で、デザイン部の動物デザインが笑いに満ちている。"
1681,primary,ja-JP,Dr.STONE STONE WARS,"""Dr.STONE STONE WARS"" は第1期の続編。千空の科学復興が続く。今作はストーンウォーズを巡る作品。科学と冒険、熱さが特徴で、千空の科学知識とパートナーたちの冒険が魅力。"
1682,primary,ja-JP,転生したらスライムだった件,"""転生したらスライムだった件"" 第2期は第1期の続編。リムルの物語が続く。今作はリムルが魔国連邦の建設と確執の中で成長する。異世界とライトアドベンチャー、群像劇が特徴で、明るい雰囲気。"
1683,primary,ja-JP,俺だけ入れる隠しダンジョン,"""俺だけ入れる隠しダンジョン"" は同名ライトノベルをアニメ化。少年ノアが隠しダンジョンで力を得る。異世界と冒険、ハーレムが特徴で、ノアの成長と冒険が見どころ。"
1684,primary,ja-JP,装甲娘戦機,"""装甲娘戦機"" は同名プロジェクトをアニメ化。少女たちが装甲娘を操り戦う。メカとバトル、群像劇が特徴で、華麗なバトルシーン。"
1685,primary,ja-JP,裏世界ピクニック,"""裏世界ピクニック"" は同名漫画をアニメ化。少女たちが裏側を探索する。怪談とサスペンス、群像劇が特徴で、不気味な雰囲気。"
1686,primary,ja-JP,2.43 清陰高校男子バレー部,"""2.43 清陰高校男子バレー部"" は同名小説をアニメ化。清陰高校のバレー少年たちの物語。バレーと青春、群像劇が特徴で、緊迫した試合シーン。"
1687,primary,ja-JP,プレイタの傷,"""プレイタの傷"" は東京での少年たちの戦いを描くオリジナルアニメ。今作は東京の守護者たちを巡る作品。バトルと群像劇、熱さが特徴で、華麗なバトルシーン。"
1688,primary,ja-JP,SK8 the Infinity,"""SK8 the Infinity"" はスケートボード競技での少年たちの物語を描くオリジナルアニメ。スケートボードと熱さ、青春が特徴で、迫力あるスケートシーン。"
1689,primary,ja-JP,バック・アロウ,"""バック・アロウ"" はリング状の世界での少年たちの戦いを描くオリジナルアニメ。今作は謎の世界と機体バトルを巡る作品。メカバトルと熱さ、群像劇が特徴で、華麗なバトルシーン。"
1690,primary,ja-JP,ワールドトリガー,"""ワールドトリガー"" 第2期は第1期の続編。三雲修とパートナーたちの戦いが続く。今作は新たな章とネイバーを巡る作品。バトルと熱さ、群像劇が特徴で、華麗なバトルシーン。"
1691,primary,ja-JP,怪物事変,"""怪物事変"" は同名漫画をアニメ化。少年・隠神の物語。妖怪とサスペンス、バトルが特徴で、独特の雰囲気。"
1692,primary,ja-JP,EX-ARM,"""EX-ARM"" は同名漫画をアニメ化。EX-ARMの世界での少年の戦い。SFとバトル、群像劇が特徴で、華麗なバトルシーン。"
1693,primary,ja-JP,苍之骑士团,これは同名ゲームをアニメ化。王国での騎士たちの戦いと冒険。冒険とバトル、群像劇が特徴で、華麗なバトルシーン。
1694,primary,ja-JP,ワンダーエッグ・プライオリティ,"""ワンダーエッグ・プライオリティ"" は異世界での少女たちの戦いを描くオリジナルアニメ。少女たちの謎の世界での冒険と成長。ファンタジーとサスペンス、群像劇が特徴で、独特の雰囲気。"
1695,primary,ja-JP,IDOLY PRIDE,"""IDOLY PRIDE"" は同名プロジェクトをアニメ化。少女たちのアイドル物語。今作は少女たちがアイドルステージで夢を追う。音楽とアイドル、群像劇が特徴で、華やかな楽曲とステージ演出。"
1696,primary,ja-JP,WAVE!!〜サーフィンやっぺ!!〜,"""WAVE!!〜サーフィンやっぺ!!〜"" は同名漫画をアニメ化。サーフィン部の少年たちの物語。サーフィンと青春、群像劇が特徴で、若々しい雰囲気。"
1697,primary,ja-JP,I★CHU,"""I★CHU"" は同名ゲームをアニメ化。少年アイドルたちの物語。今作はアイドル学園の少年たちを中心に描く。音楽とアイドル、群像劇が特徴で、華やかな楽曲とステージ演出。"
1698,primary,ja-JP,弱キャラ友崎くん,"""弱キャラ友崎くん"" は同名ライトノベルをアニメ化。ゲーマーの友崎文也の現実での恋愛ゲーム。恋愛と学園、群像劇が特徴で、友崎の攻略と成長が見どころ。"
1699,primary,ja-JP,ウマ娘 プリティーダービー,"""ウマ娘 プリティーダービー"" 第2期は第1期の続編。ウマ娘たちの物語が続く。今作はトウカイテイオーとメジロマックイーンの物語が展開。競技と群像劇、感動が特徴で、熱いレースシーン。"
1700,primary,ja-JP,地味变!!～改变土妹子的纯洁异性交往～,これは地味な少女と少年の恋愛を描く短編アダルト向けアニメ。恋愛とアダルト、日常が特徴で、アンニュイな雰囲気と緊張感ある掛け合い。
1701,primary,ja-JP,ログ・ホライズン 円卓崩壊,"""ログ・ホライズン 円卓崩壊"" はシリーズの続編。シロエと冒険者たちの物語が続く。今作は円卓崩壊と新たな危機を巡る作品。ゲームと冒険、群像劇が特徴で、独特の雰囲気。"
1702,primary,ja-JP,魔術士オーフェンはぐれ旅 キムラック編,"""魔術士オーフェンはぐれ旅 キムラック編"" はシリーズの続編。魔術士オーフェンの旅が続く。今作はオーフェンがキムラック編で新たな挑戦に臨む。ファンタジーと冒険、熱さが特徴。"
1703,primary,ja-JP,おとなの防具屋さん,"""おとなの防具屋さん"" 第2期は第1期の続編。防具屋のコメディ日常が続く。今作は店員と客の掛け合いが笑いに満ちている。コメディとパロディ、日常が特徴で、短いエピソードと密集した笑い。"
1704,primary,ja-JP,Dr.ラムネ - Mysterious Disease Specialist -,"""Dr.ラムネ - Mysterious Disease Specialist -"" は同名漫画をアニメ化。怪異の医師ラムネが奇妙な病気を治療する。医療と怪談、一話完結が特徴で、ラムネの医療技術と患者たちの物語が魅力的。"
1705,primary,ja-JP,約束のネバーランド,"""約束のネバーランド"" 第2期は第1期の続編。子供たちの脱出が続く。今作は子供たちの悪魔の世界での生存と戦い。サスペンスと生存、熱さが特徴で、緊迫した雰囲気。"
1706,primary,ja-JP,ゲキドル,"""ゲキドル"" は演劇での少女たちの物語を描くオリジナルアニメ。今作は演劇と少女たちの成長を巡る作品。舞台とサスペンス、群像劇が特徴で、独特の雰囲気。"
1707,primary,ja-JP,回復術士のやり直し,"""回復術士のやり直し"" は同名ライトノベルをアニメ化。やり直し後の回復術士ケヤルガの復讐。異世界と復讐、ダークさが特徴で、重厚な雰囲気。"
1708,primary,ja-JP,蜘蛛ですが、なにか?,"""蜘蛛ですが、なにか?"" は同名ライトノベルをアニメ化。蜘蛛に転生した少女の迷宮での生存。異世界と生存、成長が特徴で、蜘蛛少女の奮闘と進化が見どころ。"
1709,primary,ja-JP,天空侵犯,"""天空侵犯"" は同名漫画をアニメ化。天空での少女たちのサバイバルゲーム。生存とホラー、サスペンスが特徴で、緊迫した雰囲気。"
1710,primary,ja-JP,たとえばラストダンジョン前の村の少年が序盤の街で暮らすような物語,"""たとえばラストダンジョン前の村の少年が序盤の街で暮らすような物語"" は同名ライトノベルをアニメ化。魔界の端に住む少年とパートナーたちの物語。異世界とライトアドベンチャー、コメディが特徴。"
1711,primary,ja-JP,BanG Dream! FILM LIVE,"""BanG Dream! FILM LIVE"" は『BanG Dream!』の映画。少女たちのライブパフォーマンス。今作はコンサートライブを中心に描く。音楽と青春、群像劇が特徴で、華麗な演奏シーン。"
1712,primary,ja-JP,海辺のエトランゼ,"""海辺のエトランゼ"" はBLアニメ映画。海辺での少年と若者の物語。BL恋愛と日常、癒しが特徴で、洗練された作画と温かい雰囲気。"
1713,primary,ja-JP,デート・ア・バレット DEAD OR BULLET,"""デート・ア・バレット DEAD OR BULLET"" は『デート・ア・ライブ』の映画。時崎狂三の物語。今作は狂三の過去を巡る作品。恋愛とバトル、ハーレムが特徴で、華麗なバトルシーン。"
1714,primary,ja-JP,はたらく細胞 映画,"""はたらく細胞 映画"" は『はたらく細胞』の映画。細胞たちの戦い。今作は新たな敵と危機を巡る作品。科学教育とバトル、日常が特徴で、可愛い作画と明るい雰囲気。"
1715,primary,ja-JP,デート・ア・バレット RED OR WHITE,"""デート・ア・バレット RED OR WHITE"" は『デート・ア・ライブ』の映画。時崎狂三の物語。今作は狂三の戦いと真実を巡る作品。恋愛とバトル、ハーレムが特徴で、華麗なバトルシーン。"
1716,primary,ja-JP,Fate/stay night [Heaven's Feel] III. spring song,"""Fate/stay night [Heaven's Feel] III. spring song"" はFateシリーズの最終章映画。間桐桜の物語が終わりを迎える。今作は桜の救済と聖杯戦争の終焉を巡る作品。Fateの世界観とバトル、ダークさが特徴。"
1717,primary,ja-JP,BEASTARS,"""BEASTARS"" 第2期は第1期の続編。オオカミのレゴシの物語が続く。今作はレゴシの成長と新たな危機を巡る作品。群像劇と青春、深みが特徴で、欲望と社会のテーマを探求。"
1718,primary,ja-JP,アイカツプラネット!,"""アイカツプラネット!"" はアイカツシリーズのアニメ。少女たちのアイドル生活が続く。今作は新主人公と新ステージが登場し、アイドルの道で夢を追う少女たち。華やかなステージ演出とファッションコーディネートが特徴。"
1719,primary,ja-JP,八十亀ちゃんかんさつにっき 3さつめ,"""八十亀ちゃんかんさつにっき 3さつめ"" はシリーズの続編。少年と名古屋の少女の日常が続く。今作も八十亀ちゃんの方言と文化が魅力。日常と地域文化が特徴で、短いエピソード。"
1720,primary,ja-JP,のんのんびより のんすとっぷ,"""のんのんびより のんすとっぷ"" は『のんのんびより』第3期。田舎の小学校の少女たちののんびり日常が続く。今作は宮内れんげとパートナーたちの季節を巡る時間がより豊かになる。癒しと日常、田舎の風景が特徴。"
1721,primary,ja-JP,映画ドラえもん のび太の新恐竜,"""映画ドラえもん のび太の新恐竜"" は『ドラえもん』の映画。のび太と二匹の恐竜の物語。今作は新しい恐竜との絆を巡る作品。のび太とドラえもんが白亜紀で大冒険を繰り広げる。冒険とSF、友情が特徴。"
1722,primary,ja-JP,Fate/Grand Carnival,"""Fate/Grand Carnival"" はFGOシリーズのコメディアニメ。サーヴァントたちのカーニバル日常。コメディとパロディ、Fateの世界観が特徴で、明るい雰囲気。"
1723,primary,ja-JP,鬼灯の冷徹 OAD,"""鬼灯の冷徹 OAD"" は『鬼灯の冷徹』のOVA。地獄の日常サイドストーリー。今作は軽妙な日常に焦点を当てた作品。コメディと日常、ブラックユーモアが特徴で、楽しい雰囲気。"
1724,primary,ja-JP,鬼滅の刃 柱合会議・蝶屋敷編,"""鬼滅の刃 柱合会議・蝶屋敷編"" は『鬼滅の刃』の特別編。炭治郎と柱たちの物語。今作は柱合会議と蝶屋敷の日常を巡る作品。熱さとバトル、絆が特徴で、高品質な制作。"
1725,primary,ja-JP,真・中華一番!,"""真・中華一番!"" 続編は『真・中華一番!』の続き。劉昴星の料理の旅が続く。今作は少年料理人が新たな料理勝負に挑む。食と熱さ、競技が特徴で、食欲をそそる料理描写。"
1726,primary,ja-JP,闇芝居,"""闇芝居"" 第8期は紙芝居形式で様々な怪談を語るホラー短編アニメシリーズ。ノスタルジックな画風とグロテスクなプロット、背筋が凍る雰囲気で知られる。数分で強い恐怖感を生む。"
1727,primary,ja-JP,アーヤと魔女,"""アーヤと魔女"" はジブリの映画アニメ。少女アーヤと魔女の物語を描く。アーヤは魔女に引き取られた後、奇妙な生活を始める。ファンタジーと冒険、コメディが特徴で、繊細な映像。"
1728,primary,ja-JP,PUI PUI モルカー,"""PUI PUI モルカー"" はモルモットが車になった日常を描くストップモーションアニメ。可愛いペットとコメディ、癒しが特徴で、モルカーの可愛さと冒険が楽しい。"
1729,primary,ja-JP,D4DJ Petit Mix,"""D4DJ Petit Mix"" は『D4DJ』の短編アニメ。DJの少女たちのQ版日常。音楽とコメディ、日常が特徴で、可愛い作画と短いエピソード。"
1730,primary,ja-JP,变身成黑辣妹之后就和死党上床了。,これは変身した少女と親友の恋愛を描く短編アダルト向けアニメ。恋愛とアダルト、日常が特徴で、アンニュイな雰囲気と緊張感ある掛け合い。
1731,primary,ja-JP,鬼滅の刃 キメツ学園,"""鬼滅の刃 キメツ学園"" は『鬼滅の刃』の特別編。キャラクターたちの学園日常。今作はパロディと日常に焦点を当てた作品。熱さとコメディ、日常が特徴で、明るい雰囲気。"
1732,primary,ja-JP,ABC修业日记,これは少女たちの修行物語を描く短編アニメ。日常と癒し、群像劇が特徴で、洗練された作画と静かな雰囲気。
1733,primary,ja-JP,异能的艾希斯,これは同名漫画をアニメ化。超能力を持つ少女アイシスの戦い。バトルとファンタジー、群像劇が特徴で、華麗なバトルシーン。
1734,primary,ja-JP,planetarian 〜雪圏球〜,"""planetarian 〜雪圏球〜"" は『planetarian』のOVA。ほしのゆめみの物語。今作はスノーグローブの日常を巡る作品。SFと涙、温かさが特徴で、ゆめみの純真さと人間の輝きが感動的。"
1735,primary,ja-JP,舞妓さんちのまかないさん,"""舞妓さんちのまかないさん"" は同名漫画をアニメ化。京都の舞妓置屋での少女キヨの料理日常。グルメと癒し、日常が特徴で、キヨの料理と舞妓たちの生活が温かさに満ちている。"
1736,primary,ja-JP,爱情可以分割吗？,これはモデルと会社員の恋愛を描くBLアニメ。BL恋愛と芸能界、日常が特徴で、アンニュイな雰囲気。
1737,primary,ja-JP,トロピカル〜ジュ! プリキュア,"""トロピカル〜ジュ! プリキュア"" はプリキュアシリーズのアニメ。情熱の力で戦う少女たち。今作は少女たちが敵と戦いながら成長する。魔法少女とバトル、日常が特徴で、華麗な変身とバトルシーン。"
1738,primary,ja-JP,パシフィック・リム ザ・ブラック,"""パシフィック・リム ザ・ブラック"" は『パシフィック・リム』のアニメ。怪獣がはびこる世界での少年と少女の生存。今作は少年と少女がイェーガーを操り怪獣と戦う。メカバトルと生存、熱さが特徴。"
1739,primary,ja-JP,フルーツバスケット The Final,"""フルーツバスケット The Final"" はシリーズの続編。本田透の草摩家での物語が終わりを迎える。今作は草摩家の呪いと透との絆が最終章を迎える。癒しと群像劇、ファンタジーが特徴で、温かい雰囲気。"
1740,primary,ja-JP,僕のヒーローアカデミア,"""僕のヒーローアカデミア"" 第5期はシリーズの続編。緑谷出久のヒーローの道が続く。今作は超常社会の戦いを巡り、出久とA組が成長の中で新たな試練を迎える。ヒーローと熱さ、成長が特徴。"
1741,primary,ja-JP,MARS RED,"""MARS RED"" は同名舞台をアニメ化。吸血鬼が蔓延する明治時代での少年たちの戦い。吸血鬼と歴史時代、群像劇が特徴で、華やかな雰囲気。"
1742,primary,ja-JP,憂国のモリアーティ,"""憂国のモリアーティ"" 第2期は第1期の続編。モリアーティとホームズの対決が続く。今作はモリアーティの計画がさらに発展する。推理とサスペンス、群像劇が特徴で、優雅な雰囲気。"
1743,primary,ja-JP,The Princess of Snow and Blood,"""The Princess of Snow and Blood"" は明治時代での少女の戦いを描くオリジナルアニメ。少女ユキの戦いと国家の陰謀が展開。アクションと歴史時代、群像劇が特徴で、重厚な雰囲気。"
1744,primary,ja-JP,ゴジラS.P<シンギュラポイント>,"""ゴジラS.P<シンギュラポイント>"" は少年と少女とゴジラの物語を描く映画アニメ。今作は特異点の展開と未知の脅威を巡る作品。SFとサスペンス、群像劇が特徴で、独特の雰囲気。"
1745,primary,ja-JP,東京リベンジャーズ,"""東京リベンジャーズ"" は同名漫画をアニメ化。青年・花垣武道が恋人を救うため過去にタイムスリップする。タイムトラベルと熱さ、群像劇が特徴で、タケミチの変革と戦いが見どころ。"
1746,primary,ja-JP,幼なじみが絶対に負けないラブコメ,"""幼なじみが絶対に負けないラブコメ"" は同名ライトノベルをアニメ化。少年と幼馴染のラブコメ。恋愛とコメディ、日常が特徴で、主人公と少女たちの掛け合いが笑いに満ちている。"
1747,primary,ja-JP,SSSS.DYNAZENON,"""SSSS.DYNAZENON"" は『SSSS.GRIDMAN』シリーズの続編。少年と少女の物語。今作はダイナゼノンと新たな危機を巡る作品。特撮とメカバトル、青春が特徴で、華麗なバトルシーン。"
1748,primary,ja-JP,シャーマンキング,"""シャーマンキング"" は同名漫画をアニメ化。シャーマン麻倉葉のシャーマンファイトでの戦い。オカルトと熱さ、群像劇が特徴で、葉の成長とパートナーたちとの絆が通底する。"
1749,primary,ja-JP,オッドタクシー,"""オッドタクシー"" はタクシー運転手・小戸川の日常を描くオリジナルアニメ。小戸川の乗客を巡ってサスペンス物語が展開。サスペンスと都市生活、群像劇が特徴で、独特の雰囲気。"
1750,primary,ja-JP,灼熱カバディ,"""灼熱カバディ"" は同名漫画をアニメ化。カバディ競技での少年たちの物語。スポーツと熱さ、群像劇が特徴で、緊迫した試合シーン。"
1751,primary,ja-JP,戦闘員、派遣します！,"""戦闘員、派遣します！"" は同名ライトノベルをアニメ化。戦闘員6号とロボットのアリスが異世界に派遣される。異世界とコメディ、バトルが特徴で、6号の暴走とアリスの毒舌が笑いに満ち、明るい雰囲気。"
1752,primary,ja-JP,究極進化したフルダイブRPGが現実よりもクソゲーだったら,"""究極進化したフルダイブRPGが現実よりもクソゲーだったら"" は同名ライトノベルをアニメ化。少年がフルダイブRPGで冒険する。ゲームとコメディ、毒舌が特徴で、主人公のゲーム内での苦労が笑いに満ち、明るい雰囲気。"
1753,primary,ja-JP,ドラゴン、家を買う。,"""ドラゴン、家を買う。"" は同名漫画をアニメ化。臆病なドラゴンの少女が家探しに挑む。ファンタジーとコメディ、日常が特徴で、ドラゴンと不動産屋の掛け合いが笑いに満ち、明るい雰囲気。"
1754,primary,ja-JP,スーパーカブ,"""スーパーカブ"" は同名小説をアニメ化。少女・小熊とホンダスーパーカブの物語。日常と癒し、バイクが特徴で、カブに乗ることで成長する小熊の姿が温かさに満ち、静かな雰囲気。"
1755,primary,ja-JP,美少年探偵団,"""美少年探偵団"" は西尾維新の小説をアニメ化。少年たちが美少年探偵団を結成し依頼を解決する。推理と群像劇、華やかさが特徴で、独特の雰囲気。美少年たちの推理が魅力的。"
1756,primary,ja-JP,スライム倒して300年、知らないうちにレベルMAXになってました,"""スライム倒して300年、知らないうちにレベルMAXになってました"" は同名ライトノベルをアニメ化。魔女・アズサが転生し、異世界でスローライフを送る。異世界とライトアドベンチャー、コメディが特徴で、アズサの日常と戦いが楽しい。"
1757,primary,ja-JP,転スラ日記 転生したらスライムだった件,"""転スラ日記 転生したらスライムだった件"" は『転生したらスライムだった件』のスピンオフ。リムルの日常を描く。軽やかな日常に焦点を当てた作品。異世界と日常、癒しが特徴で、リムルとパートナーたちの掛け合いが温かさに満ちている。"
1758,primary,ja-JP,聖女の魔力は万能です,"""聖女の魔力は万能です"" は同名ライトノベルをアニメ化。転生した少女・セイが異世界で治癒の力を発揮する。異世界と日常、恋愛が特徴で、セイの聖女生活と宮廷での日常が温かさに満ちている。"
1759,primary,ja-JP,ましろのおと,"""ましろのおと"" は同名漫画をアニメ化。三味線の少年・沢村雪の音楽物語。音楽と青春、成長がテーマで、雪の三味線の演奏が心に響く。独特の雰囲気と雪の成長が感動的。"
1760,primary,ja-JP,ひげを剃る。そして女子高生を拾う。,"""ひげを剃る。そして女子高生を拾う。"" は同名ライトノベルをアニメ化。会社員・吉田が家出少女を拾う。恋愛と日常、群像劇が特徴で、吉田と少女の同居生活が温かさに満ちている。"
1761,primary,ja-JP,異世界魔王と召喚少女の奴隷魔術Ω,"""異世界魔王と召喚少女の奴隷魔術Ω"" はシリーズの続編。タクマと奴隷少女たちの冒険が続く。今作はタクマの異世界での戦いと日常がより豊かになる。異世界とハーレム、ライトアドベンチャーが特徴。"
1762,primary,ja-JP,カードファイト!! ヴァンガード overDress,"""カードファイト!! ヴァンガード overDress"" はカードファイト!! ヴァンガードシリーズのアニメ。少年たちのカードバトル。今作は新章を巡る作品。カードと熱さ、競技が特徴で、華麗なバトルシーン。"
1763,primary,ja-JP,ゾンビランドサガ リベンジ,"""ゾンビランドサガ リベンジ"" は第1期の続編。ゾンビ少女たちのアイドル物語が続く。今作は少女たちが佐賀の復興に新たな挑戦に臨む。アイドルとコメディ、ギャップが特徴で、大胆なパフォーマンスと濃い笑い。"
1764,primary,ja-JP,不滅のあなたへ,"""不滅のあなたへ"" は同名漫画をアニメ化。不死の少年の成長を描く旅の物語。ファンタジーと癒し、哀愁がテーマで、少年の旅と出会いが感動的。重厚な雰囲気で考えさせられる作品。"
1765,primary,ja-JP,すばらしきこのせかい The Animation,"""すばらしきこのせかい The Animation"" は同名ゲームをアニメ化。少年・ネクが渋谷で繰り広げる生存ゲーム。サスペンスとバトル、群像劇が特徴で、独特の雰囲気。ネクの冒険と真実が徐々に明かされる。"
1766,primary,ja-JP,バクテン!!,"""バクテン!!"" は同名漫画をアニメ化。男子新体操の少年たちの物語。スポーツと青春、群像劇が特徴で、美しい演技シーン。少年たちの成長が感動的。"
1767,primary,ja-JP,NOMAD メガロボクス2,"""NOMAD メガロボクス2"" はシリーズの続編。ボクサー・ジョーの物語が続く。今作は引退後のジョーの人生と新たな戦いを描く。ボクシングと熱さ、スタイルが特徴で、レトロな味わいの映像。"
1768,primary,ja-JP,EDENS ZERO,"""EDENS ZERO"" は真島ヒロの同名漫画をアニメ化。少年・シキの宇宙での冒険。冒険と熱さ、群像劇が特徴で、華麗なバトルシーン。シキの成長とパートナーたちとの絆が通底する。"
1769,primary,ja-JP,セブンナイツ レボリューション,"""セブンナイツ レボリューション"" は同名ゲームをアニメ化。セブンナイツの世界での少年たちの戦い。冒険とバトル、群像劇が特徴で、華麗なバトルシーン。キャラクターの成長と絆が通底する。"
1770,primary,ja-JP,Vivy -Fluorite Eye's Song-,"""Vivy -Fluorite Eye's Song-"" はAI歌手ヴィヴィの物語を描くオリジナルアニメ。ヴィヴィが人類の未来を変えるための旅に出る。SFと音楽、哀愁がテーマで、重厚な雰囲気。ヴィヴィの旅が感動的。"
1771,primary,ja-JP,バトルアスリーテス大運動会 ReSTART!,"""バトルアスリーテス大運動会 ReSTART!"" はシリーズの続編。宇宙競技大会での少女たちの戦い。今作は競技大会を巡る作品。コメディとバトル、群像劇が特徴で、明るい雰囲気。"
1772,primary,ja-JP,86-エイティシックス-,"""86-エイティシックス-"" は同名ライトノベルをアニメ化。共和国で非人間として扱われる86が機体を操り戦う。少年シンと少女レナの物語。メカバトルと戦争、哀愁がテーマで、重厚な雰囲気。シンとレナの絆が感動的。"
1773,primary,ja-JP,シャドーハウス,"""シャドーハウス"" は同名漫画をアニメ化。シャドーハウスでの影の一族と生き人形の物語。少女ケイトと生き人形エミリコの日常と真実。サスペンスと群像劇、暗さがテーマで、独特の雰囲気。"
1774,primary,ja-JP,Fairy蘭丸〜あなたの心お助けします〜,"""Fairy蘭丸〜あなたの心お助けします〜"" は同名プロジェクトをアニメ化。お助け人の少年たちの物語。コメディと日常、群像劇が特徴で、明るい雰囲気。少年たちの掛け合いが魅力的。"
1775,primary,ja-JP,BLUE REFLECTION RAY,"""BLUE REFLECTION RAY"" は同名ゲームをアニメ化。鏡の世界での少女たちの戦い。バトルと魔法少女、群像劇が特徴で、華麗なバトルシーン。少女たちの成長と絆が通底する。"
1776,primary,ja-JP,さよなら私のクラマー,"""さよなら私のクラマー"" は同名漫画をアニメ化。女子サッカーの少女たちの物語。サッカーと青春、群像劇が特徴で、緊張感ある試合シーン。少女たちの成長が感動的。"
1777,primary,ja-JP,イジらないで、長瀞さん,"""イジらないで、長瀞さん"" は同名漫画をアニメ化。陰キャの少年と毒舌な少女・長瀞の日常。恋愛とコメディ、日常が特徴で、長瀞のからかいと少年の反応が笑いに満ち、明るい雰囲気。"
1778,primary,ja-JP,やくならマグカップも,"""やくならマグカップも"" は同名漫画をアニメ化。陶芸部の少女たちの物語。陶芸と日常、群像劇が特徴で、温かい雰囲気。少女たちの陶芸活動が楽しい。"
1779,primary,ja-JP,恐龙日和,これは恐竜たちの日常を描く短編アニメ。可愛いペットとコメディ、癒しが特徴で、可愛い作画と短いエピソード。恐竜たちの掛け合いを軽やかな日常で描く。
1780,primary,ja-JP,結城友奈は勇者である ちゅるっと！,"""結城友奈は勇者である ちゅるっと！"" は『結城友奈は勇者である』の短編アニメ。勇者たちのQ版日常。バトルとコメディ、日常が特徴で、可愛い作画と短いエピソード。勇者たちの掛け合いを軽やかな日常で描く。"
1781,primary,ja-JP,劇場版 Fate/Grand Order -神聖円卓領域キャメロット- 前編 Wandering; Agateram,"""劇場版 Fate/Grand Order -神聖円卓領域キャメロット- 前編 Wandering; Agateram"" はFGOシリーズの映画。藤丸立香の冒険。今作はキャメロット編を巡る作品。Fateの世界観とバトル、群像劇が特徴で、華麗なバトルシーン。"
1782,primary,ja-JP,劇場版 鬼滅の刃 無限列車編,"""劇場版 鬼滅の刃 無限列車編"" は『鬼滅の刃』の映画。炭治郎と炎柱・煉獄杏寿郎の戦い。今作は無限列車での事件を巡る作品。熱さとバトル、絆がテーマで、高品質な制作。煉獄の信念が感動的。"
1783,primary,ja-JP,Tokyo 7th シスターズ -僕らは青空になる-,"""Tokyo 7th シスターズ -僕らは青空になる-"" はアイドルテーマの映画。少女たちのアイドル物語。今作は七人のシスターズの成長を巡る作品。音楽とアイドル、群像劇が特徴で、華やかな楽曲とステージ演出。"
1784,primary,ja-JP,思い、思われ、ふり、ふられ,"""思い、思われ、ふり、ふられ"" は二組のカップルの青春を描く映画アニメ。今作は少女たちの恋愛と成長を巡る作品。恋愛と青春、群像劇が特徴で、繊細な映像。キャラクターの感情が丁寧で感動的。"
1785,primary,ja-JP,STAND BY ME ドラえもん 2,"""STAND BY ME ドラえもん 2"" はドラえもんの3DCG映画。のび太としずかの結婚式。今作はのび太の成長と記憶を巡る作品。冒険とSF、友情がテーマで、繊細な映像。のび太の成長が感動的。"
1786,primary,ja-JP,劇場版 夏目友人帳 うつせみに結ぶ,"""劇場版 夏目友人帳 うつせみに結ぶ"" は『夏目友人帳』の映画。夏目貴志と妖怪たちの物語。今作は夏目が妖怪の名前を返しながら新たな出会いを経験する。妖怪と癒し、日常が特徴で、優しい雰囲気。"
1787,primary,ja-JP,ヘタリア World★Stars,"""ヘタリア World★Stars"" はシリーズの続編。国擬人化キャラクターたちのコメディ日常が続く。今作も国々の掛け合いが笑いに満ちている。歴史とコメディ、群像劇が特徴で、短いエピソードと明るい雰囲気。"
1788,primary,ja-JP,寿司大相扑,これは寿司と相撲の物語を描く短編アニメ。コメディと日常、グルメが特徴で、可愛い作画と短いエピソード。寿司と相撲の面白さを軽やかな日常で描く。
1789,primary,ja-JP,冰冰冰淇淋君,これはアイスキャンディーのキャラクターたちの日常を描く短編アニメ。可愛いキャラクターとコメディ、癒しが特徴で、可愛い作画と短いエピソード。アイスたちの掛け合いを軽やかな日常で描く。
1790,primary,ja-JP,極主夫道,"""極主夫道"" は同名漫画をアニメ化。元極道の親分・龍の家庭での物語。コメディと日常、ギャップが特徴で、龍のヤクザ流儀と主夫生活が笑いに満ち、明るい雰囲気。"
1791,primary,ja-JP,ミュークルドリーミー みっくす！,"""ミュークルドリーミー みっくす！"" はシリーズの続編。子猫と少女の物語が続く。今作はミュークルドリーミーと少女たちの冒険がより豊かになる。可愛いペットと魔法、癒しが特徴で、愛らしい作画と温かい雰囲気。"
1792,primary,ja-JP,魔入りました！入間くん 第2シリーズ,"""魔入りました！入間くん 第2シリーズ"" は第1期の続編。優しい少年・入間の魔界学校での日常が続く。今作は入間の成長と魔界での新たな挑戦が展開。コメディと日常、魔界が特徴で、明るい雰囲気。"
1793,primary,ja-JP,ミニドラ,"""ミニドラ"" は『小林さんちのメイドラゴン』の短編アニメ。ドラゴンたちのQ版日常。日常と癒し、コメディが特徴で、可愛い作画と短いエピソード。ドラゴンたちの掛け合いを軽やかな日常で描く。"
1794,primary,ja-JP,東離劍遊紀3,"""東離劍遊紀3"" はシリーズの続編。剣士たちの武侠冒険が続く。今作は新たな陰謀と魔剣を巡る作品。武侠と人形劇、熱さが特徴で、迫力ある人形芝居とドラマチックな展開。"
1795,primary,ja-JP,ダンジョンに出会いを求めるのは間違っているだろうか 第3期OVA,"""ダンジョンに出会いを求めるのは間違っているだろうか 第3期OVA"" は第3期のOVA。ベルの日常サイドストーリー。軽やかな日常に焦点を当てた作品。ファンタジーと冒険、ハーレムが特徴で、楽しい雰囲気。"
1796,primary,ja-JP,映画 ギヴン,"""映画 ギヴン"" は『ギヴン』の映画。少年たちの音楽物語。今作は真冬とバンドメンバーの物語を巡る作品。音楽と恋愛、青春が特徴で、心に響く楽曲。"
1797,primary,ja-JP,かぐや様は告らせたい？OVA,"""かぐや様は告らせたい？OVA"" は『かぐや様は告らせたい？』のOVA。白銀とかぐやの恋愛サイドストーリー。軽やかな日常に焦点を当てた作品。恋愛とコメディ、頭脳戦が特徴で、明るい雰囲気。"
1798,primary,ja-JP,エデン,"""エデン"" はロボットと少女の物語を描く映画アニメ。未来の世界でロボットが少女を育てる。SFと癒し、家族愛がテーマで、繊細な映像。少女の成長とロボットとの絆が感動的。"
1799,primary,ja-JP,指先から本気の熱情2-恋人は消防士-,"""指先から本気の熱情2-恋人は消防士-"" はシリーズの続編。幼馴染の恋愛が続く。今作は二人の想いがさらに深まる。恋愛とアダルト、日常が特徴で、アンニュイな雰囲気。"
1800,primary,ja-JP,機動戦士ガンダム 閃光のハサウェイ,"""機動戦士ガンダム 閃光のハサウェイ"" はガンダムシリーズの映画。ハサウェイの戦い。今作はハサウェイと反地球連邦運動の物語を巡る作品。メカバトルと戦争、哀愁が特徴で、高品質な制作。ハサウェイの信念が緊張感に満ちている。"
1801,primary,ja-JP,Sonny Boy,"""Sonny Boy"" は漂流する世界での少年たちの物語を描くオリジナルアニメ。能力を失った世界での少年たちの冒険と成長。ファンタジーとサスペンス、群像劇が特徴で、独特の雰囲気。"
1802,primary,ja-JP,スカーレットネクサス,"""スカーレットネクサス"" は同名ゲームをアニメ化。超能力者たちがオルタナティブと戦う物語。今作はスカーレットネクサスの世界を巡る作品。バトルとSF、群像劇が特徴で、華麗なバトルシーン。"
1803,primary,ja-JP,ピーチボーイリバーサイド,"""ピーチボーイリバーサイド"" は同名漫画をアニメ化。桃太郎の少女とパートナーたちの冒険。ファンタジーとバトル、熱さが特徴で、華麗なバトルシーン。少女の成長と絆が通底する。"
1804,primary,ja-JP,ナイトヘッド2041,"""ナイトヘッド2041"" は同名作品をアニメ化。2041年の超能力を持つ兄弟の戦い。SFとバトル、群像劇が特徴で、重厚な雰囲気。兄弟の運命が緊張感に満ちている。"
1805,primary,ja-JP,迷宮ブラックカンパニー,"""迷宮ブラックカンパニー"" は同名漫画をアニメ化。会社員の少年が異世界に転生する。異世界とコメディ、職場が特徴で、主人公の異世界ブラック企業での奮闘が笑いに満ち、明るい雰囲気。"
1806,primary,ja-JP,異世界薬局,"""異世界薬局"" は同名ライトノベルをアニメ化。薬剤師の少年が異世界で薬局を開く。異世界とライトアドベンチャー、癒しが特徴で、少年の調薬能力とスローライフが楽しい。"
1807,primary,ja-JP,ヴァニタスの手記,"""ヴァニタスの手記"" は同名漫画をアニメ化。吸血鬼と少年ヴァニタスの物語。ファンタジーとサスペンス、バトルが特徴で、華やかな雰囲気。ヴァニタスの書が魅力的。"
1808,primary,ja-JP,RE-MAIN,"""RE-MAIN"" は水球部の少年たちの物語を描くオリジナルアニメ。少年たちが水球をやり直しながら成長する。スポーツと青春、群像劇が特徴で、緊張感ある試合シーン。少年たちの成長が感動的。"
1809,primary,ja-JP,おれつしま,"""おれつしま"" は小学生つしまの日常を描く短編アニメ。日常とコメディ、癒しが特徴で、可愛い作画と短いエピソード。つしまの学校生活を軽やかな日常で描く。"
1810,primary,ja-JP,うらみちお兄さん,"""うらみちお兄さん"" は同名漫画をアニメ化。子供番組の司会のお兄さん・ウラミチの疲れた日常。コメディと職場、日常が特徴で、ウラミチの疲弊と表向きの明るさのギャップが笑いのポイント。"
1811,primary,ja-JP,小林さんちのメイドラゴンS,"""小林さんちのメイドラゴンS"" は第1期の続編。小林とトールの日常が続く。今作は新たなドラゴンやキャラクターが登場。日常と癒し、コメディが特徴で、ドラゴンと人間の掛け合いが笑いに満ち、温かい雰囲気。"
1812,primary,ja-JP,ジャヒー様はくじけない！,"""ジャヒー様はくじけない！"" は同名漫画をアニメ化。魔界の女王ジャヒーの人間界での生活。コメディと日常、萌えが特徴で、ジャヒーの貧乏生活と努力が笑いに満ち、明るい雰囲気。"
1813,primary,ja-JP,ひぐらしのなく頃に卒,"""ひぐらしのなく頃に卒"" は『ひぐらしのなく頃に業』の続編。雛見沢村の物語が続く。今作は新たな輪廻と真実を巡る作品。サスペンスとホラー、群像劇が特徴で、重苦しい雰囲気。"
1814,primary,ja-JP,乙女ゲームの破滅フラグしかない悪役令嬢に転生してしまった…X,"""乙女ゲームの破滅フラグしかない悪役令嬢に転生してしまった…X"" は第1期の続編。カタリナの物語が続く。今作もカタリナは破滅回避のために行動を続ける。異世界とコメディ、恋愛が特徴で、明るい雰囲気。"
1815,primary,ja-JP,月が導く異世界道中,"""月が導く異世界道中"" は同名ライトノベルをアニメ化。神に見放された少年の異世界での冒険。異世界と冒険、群像劇が特徴で、独特の雰囲気。少年の旅と出会いが見どころ。"
1816,primary,ja-JP,死神坊ちゃんと黒メイド,"""死神坊ちゃんと黒メイド"" は同名漫画をアニメ化。呪われた坊ちゃんとメイドの恋愛。恋愛とコメディ、ファンタジーが特徴で、坊ちゃんの呪いとメイドとの掛け合いが笑いに満ち、温かい雰囲気。"
1817,primary,ja-JP,天官賜福,"""天官賜福"" は墨香銅臭の同名小説をアニメ化。仙楽国の太子・謝怜と花城の物語。ファンタジーと恋愛、群像劇が特徴で、洗練された作画。謝怜と花城の絆が感動的。"
1818,primary,ja-JP,探偵はもう、死んでいる。,"""探偵はもう、死んでいる。"" は同名ライトノベルをアニメ化。助手の少年・君彦と名探偵シエスタの物語。サスペンスとバトル、群像劇が特徴で、独特の雰囲気。探偵の過去と謎が徐々に明かされる。"
1819,primary,ja-JP,リメイク・アワ・ライフ！,"""リメイク・アワ・ライフ！"" は同名ライトノベルをアニメ化。プロデューサーがタイムスリップして人生をやり直す。創作と青春、群像劇が特徴で、主人公の制作業界での成長が見どころ。温かい雰囲気。"
1820,primary,ja-JP,ゲッターロボ アーク,"""ゲッターロボ アーク"" はゲッターシリーズのアニメ。ロボットたちの戦い。今作はゲッターロボ アークの物語を巡る作品。メカバトルと熱さ、群像劇が特徴で、華麗なバトルシーン。"
1821,primary,ja-JP,魔法科高校の優等生,"""魔法科高校の優等生"" は『魔法科高校の劣等生』のスピンオフ。深雪視点で物語を描く。今作は深雪の視点から魔法科高校の日常が展開。魔法と学園、群像劇が特徴で、洗練された作画。"
1822,primary,ja-JP,白い砂のアクアトープ,"""白い砂のアクアトープ"" はP.A.WORKSのオリジナルアニメ。水族館での少女たちの物語。閉館が決まった水族館での少女たちの日常と成長。職場と癒し、群像劇が特徴で、美しい映像。少女たちの夢が感動的。"
1823,primary,ja-JP,ラブライブ！スーパースター!!,"""ラブライブ！スーパースター!!"" はラブライブシリーズのアニメ。結ヶ丘女子高等学校のアイドルたち。今作は5人の少女が学校を守るためにアイドルになる。音楽と夢追い、群像劇が特徴。"
1824,primary,ja-JP,現実主義勇者の王国再建記,"""現実主義勇者の王国再建記"" は同名ライトノベルをアニメ化。勇者として召喚された青年が現実的な政治で王国を再建する。異世界と政治、群像劇が特徴で、主人公の策謀と王国の再建が見どころ。"
1825,primary,ja-JP,マギアレコード 魔法少女まどか☆マギカ外伝 2nd SEASON -覚醒前夜-,"""マギアレコード 魔法少女まどか☆マギカ外伝 2nd SEASON -覚醒前夜-"" はシリーズの続編。魔法少女たちの物語が続く。今作は覚醒前夜を巡る作品。魔法少女とダークさ、群像劇が特徴で、重厚な雰囲気。"
1826,primary,ja-JP,劇場版ポケットモンスター ココ,"""劇場版ポケットモンスター ココ"" はポケモンの映画アニメ。サトシと幻のポケモン・ココの出会い。今作はココの成長と森との絆を巡る作品。冒険とバトル、絆が特徴で、華麗なバトルシーン。"
1827,primary,ja-JP,銀魂 THE FINAL,"""銀魂 THE FINAL"" は『銀魂』の映画。万事屋の物語が終わりを迎える。今作は銀時とパートナーたちが最後の敵に立ち向かう。コメディと毒舌、熱さが特徴。銀時の鋭い言葉とパートナーたちとの絆が感動的。"
1828,primary,ja-JP,劇場版 生徒会役員共2,"""劇場版 生徒会役員共2"" は『生徒会役員共』の映画。桜才学園の生徒会のコメディ日常。軽妙なコメディに焦点を当てた作品。コメディと毒舌、下ネタが特徴で、大げさな演出と濃い笑い。"
1829,primary,ja-JP,アリア クレプスクロ,"""アリア クレプスクロ"" は『アリア』の映画。水の惑星のゴンドラ乗りたち。今作はゴンドラ乗りの日常と継承を巡る作品。癒しと日常、群像劇が特徴で、静謐で優雅な雰囲気。"
1830,primary,ja-JP,ジョゼと虎と魚たち,"""ジョゼと虎と魚たち"" は青年と少女の物語を描く映画アニメ。車椅子の少女ジョゼと大学生の恒夫の出会い。恋愛と癒し、成長がテーマで、繊細な映像。二人の絆が感動的。"
1831,primary,ja-JP,精霊幻想記,"""精霊幻想記"" は同名ライトノベルをアニメ化。転生した少年リオの異世界での成長。異世界とバトル、ハーレムが特徴で、リオの成長と冒険が見どころ。華麗なバトルシーン。"
1832,primary,ja-JP,プリンセス・プリンシパル Crown Handler 第1章,"""プリンセス・プリンシパル Crown Handler 第1章"" はシリーズの続編。ロンドンでのスパイ少女たちの物語。今作はクラウンハンドラー編を巡る作品。スパイと群像劇、スチームパンクが特徴で、クールで優雅な雰囲気。"
1833,primary,ja-JP,幻变梦境,これは夢の世界での少年の冒険を描くオリジナルアニメ。ファンタジーとサスペンス、群像劇が特徴で、独特の雰囲気。夢の世界の設定が想像力豊か。
1834,primary,ja-JP,かげきしょうじょ!!,"""かげきしょうじょ!!"" は同名漫画をアニメ化。歌劇学校での少女たちの物語。歌劇と青春、群像劇が特徴で、華やかな雰囲気。少女たちの歌劇での成長が感動的。"
1835,primary,ja-JP,アイドリッシュセブン Third Beat!,"""アイドリッシュセブン Third Beat!"" はシリーズの続編。アイドルグループIDOLiSH7の物語が続く。今作は少年たちがアイドルステージで新たな挑戦に臨む。音楽とアイドル、群像劇が特徴。"
1836,primary,ja-JP,女神寮の寮母くん。,"""女神寮の寮母くん。"" は同名漫画をアニメ化。少年・南雲孝士が女子寮の寮母になる。日常とコメディ、サービスが特徴で、孝士と女子大生たちの掛け合いが笑いに満ち、明るい雰囲気。"
1837,primary,ja-JP,出会って5秒でバトル,"""出会って5秒でバトル"" は同名漫画をアニメ化。少年たちがゲームの中で能力を得る。バトルと生存、群像劇が特徴で、緊迫した雰囲気。主人公の策謀と戦いが見どころ。"
1838,primary,ja-JP,カノジョも彼女,"""カノジョも彼女"" は同名漫画をアニメ化。少年・直也と二人の彼女の恋愛。恋愛とコメディ、日常が特徴で、直也の恋愛関係が笑いに満ち、明るい雰囲気。"
1839,primary,ja-JP,幼女戦記OVA,"""幼女戦記OVA"" は『幼女戦記』のOVA。ターニャの戦闘サイドストーリー。軽やかな日常に焦点を当てた作品。戦争と転生、ブラックユーモアが特徴で、明るい雰囲気。"
1840,primary,ja-JP,ワンダーエッグ・プライオリティ 特別編,"""ワンダーエッグ・プライオリティ 特別編"" は『ワンダーエッグ・プライオリティ』の特別編。少女たちの物語が続く。今作は少女たちの冒険と真実を巡る作品。ファンタジーとサスペンス、群像劇が特徴。"
1841,primary,ja-JP,100万の命の上に俺は立っている 第2シーズン,"""100万の命の上に俺は立っている 第2シーズン"" は第1期の続編。ゲーム世界での少年たちの冒険が続く。今作は少年たちの試練と真実がさらに発展。冒険と生存、群像劇が特徴で、独特の雰囲気。"
1842,primary,ja-JP,平穏世代の韋駄天達,"""平穏世代の韋駄天達"" は同名漫画をアニメ化。韋駄天たちの魔族との戦い。バトルと熱さ、群像劇が特徴で、独特の雰囲気。韋駄天たちの戦いが迫力に満ちている。"
1843,primary,ja-JP,きみは彼方,"""きみは彼方"" は異世界での少女の冒険を描く映画アニメ。異世界を旅する少女の成長。ファンタジーと恋愛、冒険がテーマで、繊細な映像。少女の旅が想像力豊か。"
1844,primary,ja-JP,闇芝居 第9期,"""闇芝居 第9期"" は紙芝居形式で様々な怪談を語るホラー短編アニメシリーズ。ノスタルジックな画風とグロテスクなプロット、背筋が凍る雰囲気で知られる。数分で強い恐怖感を生む。"
1845,primary,ja-JP,サイダーのように言葉が湧き上がる,"""サイダーのように言葉が湧き上がる"" は少年と少女の夏の物語を描く映画アニメ。言葉が苦手な少年と矯正器具を付けた少女の出会い。恋愛と青春、音楽がテーマで、繊細な映像。二人の感情が丁寧で感動的。"
1846,primary,ja-JP,アサルトリリィ ふるーつ,"""アサルトリリィ ふるーつ"" は『アサルトリリィ』の短編アニメ。リリィたちのQ版日常。バトルと百合、日常が特徴で、可愛い作画と短いエピソード。リリィたちの掛け合いを軽やかな日常で描く。"
1847,primary,ja-JP,鬼滅の刃 兄妹の絆,"""鬼滅の刃 兄妹の絆"" は『鬼滅の刃』の特別編。炭治郎と禰豆子の物語。今作は兄妹の絆を巡る作品。熱さとバトル、絆がテーマで、高品質な制作。"
1848,primary,ja-JP,鬼滅の刃 那田蜘蛛山編,"""鬼滅の刃 那田蜘蛛山編"" は『鬼滅の刃』の特別編。那田蜘蛛山での炭治郎の戦い。今作は那田蜘蛛山の事件を巡る作品。熱さとバトル、絆がテーマで、高品質な制作。"
1849,primary,ja-JP,映画 かくしごと,"""映画 かくしごと"" は『かくしごと』の映画。ゴトーと娘の物語。軽やかな日常に焦点を当てた作品。日常と家族愛、コメディが特徴で、温かい雰囲気。"
1850,primary,ja-JP,ウルトラマントリガー,"""ウルトラマントリガー"" はウルトラマンシリーズのテレビアニメ。トリガーの戦い。今作はトリガーと地球の物語を巡る作品。特撮とバトル、熱さが特徴で、華麗なバトルシーン。"
1851,primary,ja-JP,シン・エヴァンゲリオン劇場版,"""シン・エヴァンゲリオン劇場版"" はエヴァンゲリオンシリーズの最終映画。シンジの物語が終わりを迎える。今作は人類補完計画とシンジの成長を巡る作品。メカバトルと哲学、感情がテーマで、高品質な制作。"
1852,primary,ja-JP,トニカクカワイイ SNS,"""トニカクカワイイ SNS"" はシリーズの続編。ナサと司の結婚日常が続く。今作はSNSの日常を巡る作品。恋愛と日常、癒しが特徴で、明るい雰囲気。"
1853,primary,ja-JP,さよなら私のクラマー ファーストタッチ,"""さよなら私のクラマー ファーストタッチ"" は『さよなら私のクラマー』の映画。女子サッカーの少女たちの物語。今作は少女たちの初めての出会いを巡る作品。サッカーと青春、群像劇が特徴。"
1854,primary,ja-JP,平家物語,"""平家物語"" は同名古典文学をアニメ化。少女・びわが平家の盛衰を見届ける。歴史と戦争、群像劇がテーマで、洗練された作画と重厚な雰囲気。平家の運命が悲劇的。"
1855,primary,ja-JP,海賊王女,"""海賊王女"" は帆船での少女の冒険を描くオリジナルアニメ。少女フェナの航海での成長と冒険。冒険とバトル、群像劇が特徴で、独特の雰囲気。フェナの旅が想像力豊か。"
1856,primary,ja-JP,月曜日のたわわ2,"""月曜日のたわわ2"" は第1期の続編。月曜の会社員と豊満な少女たちの掛け合いが続く。サービスと日常、コメディが特徴で、洗練された作画と短いエピソード。"
1857,primary,ja-JP,がんばれ同期ちゃん,"""がんばれ同期ちゃん"" は同期のOLの恋愛日常を描く短編アニメ。恋愛と職場、コメディが特徴で、同期ちゃんの片思いと日常が萌えに満ち、可愛い作画と短いエピソード。"
1858,primary,ja-JP,スター・ウォーズ：ビジョンズ,"""スター・ウォーズ：ビジョンズ"" はスター・ウォーズのアンソロジーアニメ。エピソード形式でスター・ウォーズの物語を描く。SFとアクション、群像劇が特徴で、各話のスタイルが異なる。"
1859,primary,ja-JP,ブルーピリオド,"""ブルーピリオド"" は同名漫画をアニメ化。少年・矢口八虎の美術での成長。美術と青春、群像劇がテーマで、八虎の美術の道での苦悩と成長が感動的。温かい雰囲気。"
1860,primary,ja-JP,無職転生 〜異世界行ったら本気だす〜 第2クール,"""無職転生 〜異世界行ったら本気だす〜 第2クール"" は第1期の続編。ルーデウスの新しい人生が続く。今作はルーデウスの異世界での冒険と成長がさらに発展。異世界と成長、群像劇がテーマ。"
1861,primary,ja-JP,takt op.Destiny,"""takt op.Destiny"" は音楽とバトルの物語を描くオリジナルアニメ。少年とディーヴァが音楽の力で戦う。音楽とバトル、群像劇が特徴で、華麗なバトルシーン。"
1862,primary,ja-JP,当雏菊邂逅少女,これは少女たちの恋愛物語を描く短編アニメ。恋愛と日常、癒しが特徴で、洗練された作画と静かな雰囲気。少女たちの感情を軽やかな日常で描く。
1863,primary,ja-JP,ヴィジュアルプリズン,"""ヴィジュアルプリズン"" は同名プロジェクトをアニメ化。ヴィジュアル系バンドの少年たちの物語。音楽とアイドル、群像劇が特徴で、華やかなアートスタイル。少年たちのバンド活動が魅力的。"
1864,primary,ja-JP,境界戦機,"""境界戦機"" は占領された地での少年たちの戦いを描くオリジナルアニメ。少年たちが機体を操り自由のために戦う。メカバトルと熱さ、群像劇が特徴で、華麗なバトルシーン。少年たちの信念が緊張感に満ちている。"
1865,primary,ja-JP,无敌侠：舞动的英雄,これは踊るヒーローたちの物語を描くオリジナルアニメ。バトルとコメディ、群像劇が特徴で、明るい雰囲気。ヒーローたちの日常が楽しい。
1866,primary,ja-JP,真の仲間じゃないと勇者のパーティーを追い出されたので、辺境でスローライフすることにしました,"""真の仲間じゃないと勇者のパーティーを追い出されたので、辺境でスローライフすることにしました"" は同名ライトノベルをアニメ化。勇者のパーティーから追い出された少年がスローライフを始める。異世界と日常、恋愛が特徴で、温かい雰囲気。"
1867,primary,ja-JP,プラオレ！〜PRIDE OF ORANGE〜,"""プラオレ！〜PRIDE OF ORANGE〜"" は女子アイスホッケーの物語を描くオリジナルアニメ。氷上の少女たちの成長と絆。スポーツと青春、群像劇が特徴で、緊張感ある試合シーン。少女たちの成長が感動的。"
1868,primary,ja-JP,プラチナエンド,"""プラチナエンド"" は同名漫画をアニメ化。少年・架橋明日が神の力を得る。生存とバトル、哲学がテーマで、重厚な雰囲気。明日の選択が緊張感に満ちている。"
1869,primary,ja-JP,最果てのパラディン,"""最果てのパラディン"" は同名ライトノベルをアニメ化。アンデッドの保護の下で育った少年ウィルの物語。ファンタジーと成長、群像劇がテーマで、ウィルの成長とアンデッドとの絆が温かさに満ちている。"
1870,primary,ja-JP,終末のハーレム,"""終末のハーレム"" は同名漫画をアニメ化。男が絶滅した世界での少年たちの物語。SFとハーレム、サスペンスが特徴で、独特の雰囲気。少年たちの運命が見どころ。"
1871,primary,ja-JP,結城友奈は勇者である 大満開の章,"""結城友奈は勇者である 大満開の章"" はシリーズの続編。勇者たちの物語が続く。今作は大満開の章を巡る作品。バトルと悲劇、癒しが特徴で、重厚な雰囲気。少女たちの運命が感動的。"
1872,primary,ja-JP,吸血鬼すぐ死ぬ,"""吸血鬼すぐ死ぬ"" は同名漫画をアニメ化。吸血鬼ハンターのロナルドと弱い吸血鬼。コメディと日常、ファンタジーが特徴で、吸血鬼の弱点とコメディが笑いに満ち、明るい雰囲気。"
1873,primary,ja-JP,月とライカと吸血姫,"""月とライカと吸血姫"" は同名ライトノベルをアニメ化。宇宙飛行士と吸血鬼の姫の宇宙物語。SFと日常、恋愛が特徴で、二人の共通の目標と絆が温かさに満ちている。"
1874,primary,ja-JP,見える子ちゃん,"""見える子ちゃん"" は同名漫画をアニメ化。霊が見える少女・四谷みこの日常。コメディとホラー、日常が特徴で、みこの霊への反応が笑いに満ち、軽いコメディとホラーが共存する雰囲気。"
1875,primary,ja-JP,古見さんは、コミュ症です。,"""古見さんは、コミュ症です。"" は同名漫画をアニメ化。コミュ症の美少女・古見さんとクラスメイトの日常。日常と癒し、コメディが特徴で、古見さんのコミュ症と可愛い努力が萌えに満ち、温かい雰囲気。"
1876,primary,ja-JP,SELECTION PROJECT,"""SELECTION PROJECT"" はアイドルオーディションでの少女たちの物語を描くアイドルアニメ。音楽とアイドル、群像劇が特徴で、少女たちの成長とステージパフォーマンスが魅力的。"
1877,primary,ja-JP,迷宫标记者,これは同名ライトノベルをアニメ化。迷宮での少年たちの冒険と戦い。冒険とバトル、群像劇が特徴で、重厚な雰囲気。
1878,primary,ja-JP,シキザクラ,"""シキザクラ"" は人間と鬼が共存する世界での戦いを描くオリジナルアニメ。高校生の三船奏がパワードスーツを装着し鬼と戦い、巫女の明神逢花を守る。バトルと熱さ、群像劇が特徴。"
1879,primary,ja-JP,世界最高の暗殺者、異世界貴族に転生する,"""世界最高の暗殺者、異世界貴族に転生する"" は同名ライトノベルをアニメ化。暗殺者が異世界の貴族に転生する。異世界とバトル、群像劇が特徴で、暗殺者の能力と任務が見どころ。華麗なバトルシーン。"
1880,primary,ja-JP,ビルディバイド -#000000-,"""ビルディバイド -#000000-"" は同名ゲームをアニメ化。バウンダリーでの少年たちの戦い。カードとバトル、群像劇が特徴で、華麗なバトルシーン。キャラクターの成長と絆が通底する。"
1881,primary,ja-JP,デジモンゴーストゲーム,"""デジモンゴーストゲーム"" はデジモンシリーズのアニメ。少年とデジモンの冒険。今作はゴーストゲームを巡る作品。冒険とバトル、デジモンの世界観が特徴で、独特の雰囲気。"
1882,primary,ja-JP,マブラヴ オルタネイティヴ,"""マブラヴ オルタネイティヴ"" は同名ゲームをアニメ化。人類とBETAの戦争での少年たちの戦い。メカバトルと戦争、哀愁がテーマで、重厚な雰囲気。少年たちの犠牲と信念が緊張感に満ちている。"
1883,primary,ja-JP,半妖の夜叉姫 弐の章,"""半妖の夜叉姫 弐の章"" は第1期の続編。半妖の少女たちの冒険が続く。今作はとわ・せつな・もろはの物語がさらに発展。冒険とバトル、熱さが特徴で、明るい雰囲気。"
1884,primary,ja-JP,ワッチャプリマジ！,"""ワッチャプリマジ！"" はプリマジシリーズのアニメ。少女たちのアイドル活動が続く。今作は新主人公と新ステージが登場し、少女たちがアイドルの道で夢を追う。華やかなステージ演出と可愛いキャラクター、音楽が特徴。"
1885,primary,ja-JP,ワールドトリガー 第3シーズン,"""ワールドトリガー 第3シーズン"" はシリーズの続編。三雲修とパートナーたちの戦いが続く。今作は新たな章とネイバーを巡る作品。バトルと熱さ、群像劇が特徴で、華麗なバトルシーン。三雲の成長が感動的。"
1886,primary,ja-JP,異世界食堂 第2期,"""異世界食堂 第2期"" は第1期の続編。異世界食堂ネコヤの日常が続く。今作もネコヤは毎週土曜日に異世界の客に開かれる。グルメと異世界、一話完結が特徴で、温かい雰囲気。"
1887,primary,ja-JP,ディープインサニティ ザ・ロストチャイルド,"""ディープインサニティ ザ・ロストチャイルド"" はロストプレイスでの少年たちの冒険を描くオリジナルアニメ。冒険とファンタジー、群像劇が特徴で、独特の雰囲気。少年たちの旅が想像力豊か。"
1888,primary,ja-JP,王様ランキング,"""王様ランキング"" は同名漫画をアニメ化。耳が聞こえず言葉を話せない弱い王子ボッジの物語。童話と熱さ、癒しがテーマで、ボッジの成長と優しさが感動的。温かい画風。"
1889,primary,ja-JP,進化の実〜知らないうちに勝ち組人生〜,"""進化の実〜知らないうちに勝ち組人生〜"" は同名ライトノベルをアニメ化。クラスメイトに馬鹿にされた少年が進化の実を得る。異世界とライトアドベンチャー、ハーレムが特徴で、主人公の進化と勝利が見どころ。"
1890,primary,ja-JP,180秒で君の耳を幸せにできるか？,"""180秒で君の耳を幸せにできるか？"" はASMRの物語を描く短編アニメ。ASMRと日常、癒しが特徴で、短いエピソードと静かな雰囲気。少女たちの掛け合いを優しい音で描く。"
1891,primary,ja-JP,メガトン級ムサシ,"""メガトン級ムサシ"" は同名ゲームをアニメ化。少年たちがムサシ機体を操り戦う。メカバトルと熱さ、群像劇が特徴で、華麗なバトルシーン。少年たちの成長と絆が通底する。"
1892,primary,ja-JP,魔王イブロジアに身を捧げよ,"""魔王イブロジアに身を捧げよ"" は魔王と少年の物語を描く短編アニメ。ファンタジーと恋愛、コメディが特徴で、明るい雰囲気。魔王と少年の掛け合いが萌えに満ちている。"
1893,primary,ja-JP,Show Time！唱歌的大姐姐也想做,これは歌うお姉さんの恋愛を描く短編アダルト向けアニメ。恋愛とアダルト、日常が特徴で、アンニュイな雰囲気と緊張感ある掛け合い。
1894,primary,ja-JP,逆転世界の電池少女,"""逆転世界の電池少女"" は逆転した世界での少年たちの戦いを描くオリジナルアニメ。メカバトルと熱さ、コメディが特徴で、独特の雰囲気。少年たちの戦いが迫力に満ちている。"
1895,primary,ja-JP,86-エイティシックス- 第2クール,"""86-エイティシックス- 第2クール"" は第1期の続編。シンとレナの物語が続く。今作は86の戦いと絆がさらに発展。メカバトルと戦争、哀愁がテーマで、重厚な雰囲気。シンとレナの絆が感動的。"
1896,primary,ja-JP,かぎなど,"""かぎなど"" はKey作品のクロスオーバーアニメ。各作品のキャラクターが集う。コメディと日常、群像劇が特徴で、明るい雰囲気。キャラクターたちの掛け合いが笑いに満ちている。"
1897,primary,ja-JP,先輩がうざい後輩の話,"""先輩がうざい後輩の話"" は同名漫画をアニメ化。OL五十嵐と先輩の恋愛日常。恋愛と職場、日常が特徴で、先輩の世話焼きと五十嵐のツンデレが萌えに満ち、温かい雰囲気。"
1898,primary,ja-JP,劇場版 Fate/Grand Order -神聖円卓領域キャメロット- 後編 Paladin; Agateram,"""劇場版 Fate/Grand Order -神聖円卓領域キャメロット- 後編 Paladin; Agateram"" はFGOシリーズの映画。藤丸立香の冒険。今作はキャメロット編のクライマックスを巡る作品。Fateの世界観とバトル、群像劇が特徴。"
1899,primary,ja-JP,BanG Dream! Episode of Roselia I：約束,"""BanG Dream! Episode of Roselia I：約束"" は『BanG Dream!』の映画。Roseliaバンドの物語。今作はバンドメンバーの約束を巡る作品。音楽と青春、群像劇が特徴で、心に響く楽曲。"
1900,primary,ja-JP,映画大好きポンポさん,"""映画大好きポンポさん"" は映画制作の物語を描く映画アニメ。映画マニアのポンポさんと新人監督の創作。創作と熱さ、群像劇がテーマで、温かい雰囲気。キャラクターの映画への夢が感動的。"
1901,primary,ja-JP,えんとつ町のプペル,"""えんとつ町のプペル"" はえんとつ町での少年とパートナーの冒険を描く映画アニメ。プペルと少年ルビッチのえんとつ町での冒険。ファンタジーと冒険、友情がテーマで、繊細な映像。少年の成長が感動的。"
1902,primary,ja-JP,BanG Dream! Episode of Roselia II：Song I am.,"""BanG Dream! Episode of Roselia II：Song I am."" は『BanG Dream!』の映画。Roseliaバンドの物語。今作はバンドメンバーの音楽と成長を巡る作品。音楽と青春、群像劇が特徴で、心に響く楽曲。"
1903,primary,ja-JP,劇場版 ヴァイオレット・エヴァーガーデン,"""劇場版 ヴァイオレット・エヴァーガーデン"" は『ヴァイオレット・エヴァーガーデン』の映画。ヴァイオレットの物語。今作はヴァイオレットが代筆を通じて本当の愛を探す。癒しと成長、人間性がテーマ。"
1904,primary,ja-JP,やくならマグカップも 二番窯,"""やくならマグカップも 二番窯"" は第1期の続編。少女たちの陶芸日常が続く。今作は陶芸部の少女たちの掛け合いがさらに発展。陶芸と日常、群像劇が特徴で、温かい雰囲気。"
1905,primary,ja-JP,さんかく窓の外側は夜,"""さんかく窓の外側は夜"" は同名漫画をアニメ化。除霊師と探偵のコンビ。オカルトとサスペンス、群像劇が特徴で、独特の雰囲気。除霊と推理のコンビが魅力的。"
1906,primary,ja-JP,大正オトメ御伽話,"""大正オトメ御伽話"" は同名漫画をアニメ化。大正時代の富豪の息子と婚約者の物語。恋愛と日常、癒しが特徴で、温かい雰囲気。二人の感情の動きが丁寧で感動的。"
1907,primary,ja-JP,名探偵コナン 緋色の弾丸,"""名探偵コナン 緋色の弾丸"" は『名探偵コナン』の映画。コナンと赤井秀一のアクション。今作は世界大会での誘拐事件を巡る作品。推理とアクション、サスペンスが特徴で、緊迫した雰囲気。"
1908,primary,ja-JP,カードファイト!! ヴァンガード overDress 第2期,"""カードファイト!! ヴァンガード overDress 第2期"" は第1期の続編。少年たちのカードバトルが続く。今作は新章と新たなライバルが登場。カードと熱さ、競技が特徴で、華麗なバトルシーン。"
1909,primary,ja-JP,ルパン三世 PART6,"""ルパン三世 PART6"" はルパンシリーズのアニメ。怪盗ルパンの冒険が続く。今作はルパンがロンドンで新たな盗みを実行する。怪盗と冒険、コメディが特徴で、レトロな味わいの画風。"
1910,primary,ja-JP,BanG Dream! ガルパ☆ピコ ふぃーばー！,"""BanG Dream! ガルパ☆ピコ ふぃーばー！"" は『BanG Dream!』プロジェクトの短編アニメ。バンド少女たちのQ版日常。音楽とコメディ、日常が特徴で、可愛い作画と短いエピソード。"
1911,primary,ja-JP,闘神機ジーズフレーム,"""闘神機ジーズフレーム"" は少女たちの戦いを描くオリジナルアニメ。少女たちが機体を操り謎の敵と戦う。メカバトルと熱さ、群像劇が特徴で、華麗なバトルシーン。少女たちの成長と絆が通底する。"
1912,primary,ja-JP,鬼滅の刃 遊郭編,"""鬼滅の刃 遊郭編"" はシリーズの続編。炭治郎と音柱の物語。今作は炭治郎の遊郭での戦いが展開。熱さとバトル、絆がテーマで、高品質な制作。上弦の陸との死闘が圧巻。"
1913,primary,ja-JP,範馬刃牙,"""範馬刃牙"" は『バキ』の続編。格闘家たちの死闘が続く。今作は範馬刃牙の最強の相手との戦いが展開。格闘と熱さ、群像劇が特徴で、迫力あるバトルシーン。"
1914,primary,ja-JP,竜とそばかすの姫,"""竜とそばかすの姫"" は細田守の映画アニメ。仮想世界での少女の物語。少女・すずのUワールドでの冒険と成長。ファンタジーと音楽、青春がテーマで、繊細な映像。すずの成長が感動的。"
1915,primary,ja-JP,劇場版 魔法使いの嫁 西の少年と青嵐の騎士,"""劇場版 魔法使いの嫁 西の少年と青嵐の騎士"" は『魔法使いの嫁』の映画。チセの物語。今作は西の少年と青嵐の騎士を巡る作品。ファンタジーと癒し、魔法が特徴で、繊細な映像と幻想的な雰囲気。"
1916,primary,ja-JP,劇場版 七つの大罪 光に呪われし者たち,"""劇場版 七つの大罪 光に呪われし者たち"" は『七つの大罪』の映画。メリオダスとパートナーたちの冒険。今作は光に呪われた者たちを巡る作品。ファンタジー冒険と熱いバトル、仲間との絆が特徴。"
1917,primary,ja-JP,アーケイン,"""アーケイン"" は『リーグ・オブ・レジェンド』のアニメ。ピルトーヴァーとザウンの物語。ジンクスとヴァイの姉妹を中心に描く。ファンタジーとバトル、群像劇がテーマで、高品質な制作。"
1918,primary,ja-JP,凡人修仙伝 年番,"""凡人修仙伝 年番"" は同名小説をアニメ化。凡人・韓立の修仙の道を描く。韓立の修仙界での苦悩と成長。修仙と熱さ、群像劇が特徴で、高品質な制作。"
1919,primary,ja-JP,ジョジョの奇妙な冒険 ストーンオーシャン,"""ジョジョの奇妙な冒険 ストーンオーシャン"" はジョジョシリーズのアニメ。空条徐倫の物語。徐倫の刑務所での戦いとスタンド対決。バトルと熱さ、スタンドが特徴で、華麗なバトルシーン。"
1920,primary,ja-JP,劇場版 少女☆歌劇 レヴュースタァライト,"""劇場版 少女☆歌劇 レヴュースタァライト"" は『少女☆歌劇 レヴュースタァライト』の映画。舞台少女たちの物語。今作は新たなレヴューを巡る作品。音楽と舞台、群像劇が特徴で、華麗なパフォーマンス。"
1921,primary,ja-JP,プリンセス・プリンシパル Crown Handler 第2章,"""プリンセス・プリンシパル Crown Handler 第2章"" はシリーズの続編。ロンドンでのスパイ少女たちの物語。今作はクラウンハンドラー編の続きを巡る作品。スパイと群像劇、スチームパンクが特徴。"
1922,primary,ja-JP,明日ちゃんのセーラー服,"""明日ちゃんのセーラー服"" は同名漫画をアニメ化。少女・明日小路のセーラー服での青春物語。日常と青春、癒しが特徴で、明日ちゃんのセーラー服生活が温かさに満ち、洗練された作画と温かい雰囲気。"
1923,primary,ja-JP,怪獣開発部の黒井さん,"""怪獣開発部の黒井さん"" は同名漫画をアニメ化。怪獣開発部の社員・黒井の仕事日常。コメディと職場、特撮が特徴で、黒井の怪獣開発での日常が笑いに満ち、明るい雰囲気。"
1924,primary,ja-JP,失格紋の最強賢者,"""失格紋の最強賢者"" は同名ライトノベルをアニメ化。転生した賢者の異世界での戦い。異世界とバトル、熱さが特徴で、賢者の力と冒険が見どころ。華麗なバトルシーン。"
1925,primary,ja-JP,東京24区,"""東京24区"" は東京24区での少年たちの戦いを描くオリジナルアニメ。少年たちが特別区でのサスペンス事件に動く。サスペンスとバトル、群像劇が特徴で、独特の雰囲気。少年たちの運命が緊張感に満ちている。"
1926,primary,ja-JP,リアデイルの大地にて,"""リアデイルの大地にて"" は同名ライトノベルをアニメ化。少女がVRMMOで冒険する。ゲームと異世界、ライトアドベンチャーが特徴で、主人公のスローライフが楽しい。"
1927,primary,ja-JP,自称悪役令嬢の観察日記,"""自称悪役令嬢の観察日記"" は同名ライトノベルをアニメ化。悪役令嬢に転生した少女の恋愛。異世界と恋愛、コメディが特徴で、悪役令嬢の日常が笑いに満ち、明るい雰囲気。"
1928,primary,ja-JP,その着せ替え人形は恋をする,"""その着せ替え人形は恋をする"" は同名漫画をアニメ化。雛人形作りが好きな高校生とコスプレ好きの少女の物語。恋愛と日常、創作が特徴で、二人の掛け合いが温かさに満ちている。"
1929,primary,ja-JP,からかい上手の高木さん 第3期,"""からかい上手の高木さん 第3期"" はシリーズの続編。高木と西片の日常が続く。今作も高木のからかいと西片の反応が笑いに満ちている。恋愛と日常、コメディが特徴で、明るく甘い雰囲気。"
1930,primary,ja-JP,CUE!,"""CUE!"" は声優を目指す少女たちの物語を描くオリジナルアニメ。声優業界での少女たちの努力と成長。声優と業界、日常が特徴で、温かい雰囲気。少女たちの夢が感動的。"
1931,primary,ja-JP,ありふれた職業で世界最強 第2期,"""ありふれた職業で世界最強 第2期"" は第1期の続編。南雲ハジメの戦いが続く。今作はハジメの深淵での成長後の冒険が展開。異世界と熱さ、ハーレムが特徴で、華麗なバトルシーン。"
1932,primary,ja-JP,天才王子の赤字国家再生術,"""天才王子の赤字国家再生術"" は同名ライトノベルをアニメ化。天才王子ヴァインの赤字国家の再建の物語。政治と策謀、群像劇が特徴で、ヴァインの策謀と国家の復興が見どころ。"
1933,primary,ja-JP,ハコヅメ〜交番女子の逆襲〜,"""ハコヅメ〜交番女子の逆襲〜"" は同名漫画をアニメ化。女性警察官たちの職場日常。職場とコメディ、群像劇が特徴で、警察の日常が笑いに満ち、明るい雰囲気。"
1934,primary,ja-JP,フットサルボーイズ!!!!!,"""フットサルボーイズ!!!!!"" は少年たちのサッカー物語を描く短編アニメ。サッカーと青春、群像劇が特徴で、若々しい雰囲気。少年たちの練習と試合が活気に満ちている。"
1935,primary,ja-JP,スローループ,"""スローループ"" は同名漫画をアニメ化。少女たちの釣り日常。釣りと日常、癒しが特徴で、爽やかな作画と静かな雰囲気。少女たちの釣り活動が温かさに満ちている。"
1936,primary,ja-JP,プリンセスコネクト！Re:Dive 第2期,"""プリンセスコネクト！Re:Dive 第2期"" は第1期の続編。少年の冒険が続く。今作はランドソルでの少年と姫たちの冒険がさらに発展。ファンタジーとライトアドベンチャー、群像劇が特徴。"
1937,primary,ja-JP,最遊記RELOAD -ZEROIN-,"""最遊記RELOAD -ZEROIN-"" はシリーズの続編。玄奘三蔵とパートナーたちの西遊記の旅が続く。今作はパーティが旅の途中で新たな敵に立ち向かう。ファンタジーと熱さ、群像劇が特徴。"
1938,primary,ja-JP,ニンジャラ,"""ニンジャラ"" は同名ゲームをアニメ化。忍者少年たちの戦い。忍者とバトル、熱さが特徴で、華麗なバトルシーン。少年たちの成長と絆が通底する。"
1939,primary,ja-JP,薔薇王の葬列,"""薔薇王の葬列"" は同名漫画をアニメ化。リチャードの悲劇の物語。歴史とバトル、哀愁がテーマで、リチャードの運命が悲劇的。重厚な雰囲気で詩的な作品。"
1940,primary,ja-JP,TRIBE NINE,"""TRIBE NINE"" は少年たちの戦いを描く短編アニメ。バトルと熱さ、群像劇が特徴で、独特の雰囲気。少年たちの冒険が緊張感に満ちている。"
1941,primary,ja-JP,ドールズフロントライン,"""ドールズフロントライン"" は同名ゲームをアニメ化。戦術人形の少女たちの戦い。SFとバトル、群像劇が特徴で、華麗なバトルシーン。少女たちの成長と絆が通底する。"
1942,primary,ja-JP,賢者の弟子を名乗る賢者,"""賢者の弟子を名乗る賢者"" は同名ライトノベルをアニメ化。転生した少女の異世界での冒険。異世界とライトアドベンチャー、コメディが特徴で、主人公のギャップが笑いに満ち、明るい雰囲気。"
1943,primary,ja-JP,殺し愛,"""殺し愛"" は同名漫画をアニメ化。殺し屋の少年と少女の物語。恋愛とバトル、サスペンスが特徴で、殺し屋同士の絡み合いが緊張感に満ち、独特の雰囲気。"
1944,primary,ja-JP,100天のワニ,"""100天のワニ"" は同名漫画をアニメ化。ワニの100日間の日常。日常と癒し、温かさが特徴で、温かい画風と温かい雰囲気。ワニの日常が感動的。"
1945,primary,ja-JP,岬のマヨイガ,"""岬のマヨイガ"" は岬での少女たちの物語を描く映画アニメ。ファンタジーと癒し、冒険がテーマで、繊細な映像。少女たちの旅が温かさに満ちている。"
1946,primary,ja-JP,僕のヒーローアカデミア THE MOVIE ワールド ヒーローズ ミッション,"""僕のヒーローアカデミア THE MOVIE ワールド ヒーローズ ミッション"" は『僕のヒーローアカデミア』の映画。デクとA組の物語。今作は世界規模の危機を巡る作品。ヒーローと熱さ、成長がテーマで、華麗なバトルシーン。"
1947,primary,ja-JP,幻想三國誌,"""幻想三國誌"" は同名ゲームをアニメ化。三国時代のファンタジー物語。三国志とファンタジー、バトルが特徴で、華麗なバトルシーン。キャラクターの運命が交錯する。"
1948,primary,ja-JP,異世界美少女受肉おじさんと冒険しよう！,"""異世界美少女受肉おじさんと冒険しよう！"" は同名ライトノベルをアニメ化。美少女になったおじさんとパートナーの冒険。異世界とコメディ、日常が特徴で、おじさんの性転換が笑いに満ちている。"
1949,primary,ja-JP,Fate/kaleid liner プリズマ☆イリヤ Licht 名前の無い少女,"""Fate/kaleid liner プリズマ☆イリヤ Licht 名前の無い少女"" はFateシリーズの映画。イリヤの魔法少女バトル。今作はイリヤと美遊の絆を巡る作品。魔法少女の変身とFateの世界観、バトルが特徴。"
1950,primary,ja-JP,錆喰いビスコ,"""錆喰いビスコ"" は同名ライトノベルをアニメ化。錆食い病が広がる世界での少年たちの冒険。冒険とバトル、群像劇が特徴で、独特の雰囲気。少年たちの旅が緊張感に満ちている。"
1951,primary,ja-JP,佐々木と宮野,"""佐々木と宮野"" は同名漫画をアニメ化。先輩の佐々木と後輩の宮野の恋愛。BL恋愛と日常、癒しが特徴で、二人の掛け合いが丁寧で感動的。温かい雰囲気。"
1952,primary,ja-JP,サビ色の鎧-夜明け-,"""サビ色の鎧-夜明け-"" は甲冑の侍の物語を描く短編アニメ。バトルと時代劇、熱さが特徴で、独特の画風。侍の戦いが迫力に満ちている。"
1953,primary,ja-JP,彩緑,"""彩緑"" はセガのリズムゲームプロジェクトのアニメ。バンドColorful Paletteの物語。少女たちがバンド結成のために努力する。音楽と青春、群像劇が特徴で、温かい雰囲気。"
1954,primary,ja-JP,オリエント,"""オリエント"" は同名漫画をアニメ化。鬼が支配する世界での少年たちの戦い。バトルと熱さ、群像劇が特徴で、華麗なバトルシーン。少年たちの成長と絆が通底する。"
1955,primary,ja-JP,一振り青空,"""一振り青空"" は少女たちのゴルフ物語を描く短編アニメ。ゴルフと日常、癒しが特徴で、爽やかな作画と静かな雰囲気。少女たちのスイングが活気に満ちている。"
1956,primary,ja-JP,魔法科高校の劣等生 追憶編,"""魔法科高校の劣等生 追憶編"" は『魔法科高校の劣等生』の特別編。達也と深雪の過去。今作は二人の記憶を巡る作品。魔法と学園、兄妹が特徴で、温かい雰囲気。"
1957,primary,ja-JP,現実主義勇者の王国再建記 第2部,"""現実主義勇者の王国再建記 第2部"" は第1期の続編。勇者の王国再建が続く。今作は勇者の政治改革と新たな試練が展開。異世界と政治、群像劇が特徴で、独特の雰囲気。"
1958,primary,ja-JP,ヴァニタスの手記 第2クール,"""ヴァニタスの手記 第2クール"" は第1期の続編。ヴァニタスの物語が続く。今作はヴァニタスと吸血鬼たちの絡み合いがさらに発展。ファンタジーとサスペンス、バトルが特徴。"
1959,primary,ja-JP,ロード・エルメロイII世の事件簿 レール・ツェッペリン グレースノート 特別編,"""ロード・エルメロイII世の事件簿 レール・ツェッペリン グレースノート 特別編"" はFateシリーズの特別編。ウェイバーの推理。今作はレール・ツェッペリン編を巡る作品。Fateの世界観と推理、群像劇が特徴。"
1960,primary,ja-JP,シドニアの騎士 あいつが織りなす恋の星,"""シドニアの騎士 あいつが織りなす恋の星"" は『シドニアの騎士』の映画。谷風長道の戦い。今作は織りなす恋の章を巡る作品。メカバトルとSF、熱さが特徴で、華麗なバトルシーン。"
1961,primary,ja-JP,闇芝居 第10期,"""闇芝居 第10期"" は紙芝居形式で様々な怪談を語るホラー短編アニメシリーズ。ノスタルジックな画風とグロテスクなプロット、背筋が凍る雰囲気で知られる。数分で強い恐怖感を生む。"
1962,primary,ja-JP,オービタル・チルドレン 第1部,"""オービタル・チルドレン 第1部"" は宇宙での少年少女の物語を描く映画アニメ。未来の宇宙での少年少女の生存と冒険。SFと冒険、群像劇がテーマで、独特の雰囲気。"
1963,primary,ja-JP,永遠の831,"""永遠の831"" は少年と少女の物語を描く映画アニメ。時間を止める力を中心に描く。SFと恋愛、哀愁がテーマで、重厚な雰囲気。二人の運命が緊張感に満ちている。"
1964,primary,ja-JP,小小世界,これは小さな世界の物語を描く短編アニメ。日常と癒し、ファンタジーが特徴で、洗練された作画と静かな雰囲気。小さな世界で温かさを描く。
1965,primary,ja-JP,我是川尻小玉～生活黑客的糜烂生活～,これはこだまのぐーたら生活を描く短編アニメ。コメディと日常、毒舌が特徴で、こだまの生活ハックの日常が笑いに満ちている。
1966,primary,ja-JP,リーマンズクラブ,"""リーマンズクラブ"" は同名漫画をアニメ化。バドミントン部の会社員たちの物語。バドミントンと職場、熱さが特徴で、緊張感ある試合シーン。会社員たちの成長が感動的。"
1967,primary,ja-JP,デリシャスパーティ プリキュア,"""デリシャスパーティ プリキュア"" はプリキュアシリーズのアニメ。料理の力で戦う少女たち。今作は少女たちが敵と戦いながら成長する。魔法少女とグルメ、日常が特徴で、華麗な変身とバトルシーン。"
1968,primary,ja-JP,シェンムー,"""シェンムー"" は同名ゲームをアニメ化。少年・芭月涼の復讐の旅。アクションと武侠、群像劇が特徴で、重厚な雰囲気。涼の旅が緊張感に満ちている。"
1969,primary,ja-JP,映画 トロピカル〜ジュ！プリキュア 雪のプリンセスと奇跡の指輪！,"""映画 トロピカル〜ジュ！プリキュア 雪のプリンセスと奇跡の指輪！"" はプリキュアシリーズの映画。少女たちの戦い。今作は雪のプリンセスと奇跡の指輪を巡る作品。魔法少女とバトル、日常が特徴。"
1970,primary,ja-JP,アイの歌声を聴かせて,"""アイの歌声を聴かせて"" はAIの少女の物語を描く映画アニメ。感情を持つAIの少女の歌声。音楽と恋愛、SFがテーマで、繊細な映像。少女の歌声が感動的。"
1971,primary,ja-JP,銀河英雄伝説 Die Neue These 激突 第1章,"""銀河英雄伝説 Die Neue These 激突 第1章"" は『銀河英雄伝説』の映画。ラインハルトとヤン・ウェンリーの対決が続く。今作は激突を巡る作品。スペースオペラと戦略、群像劇が特徴。"
1972,primary,ja-JP,サマーゴースト,"""サマーゴースト"" は少年少女の物語を描く映画アニメ。三人の少年が花火で幽霊を呼び出す。青春と癒し、生と死がテーマで、繊細な映像。少年たちの成長が感動的。"
1973,primary,ja-JP,本好きの下剋上 〜司書になるためには手段を選んでいられません〜 第3期,"""本好きの下剋上 〜司書になるためには手段を選んでいられません〜 第3期"" はシリーズの続編。本好きの少女の物語が続く。今作は少女の司書になるための努力がさらに発展。異世界と日常、成長がテーマ。"
1974,primary,ja-JP,真・一騎当千,"""真・一騎当千"" はシリーズの続編。闘士の少女たちの戦いが続く。今作は新たな戦いを巡る作品。バトルとサービス、群像劇が特徴で、華麗なバトルシーン。"
1975,primary,ja-JP,テルマエ・ロマエ ノヴァエ,"""テルマエ・ロマエ ノヴァエ"" は同名漫画をアニメ化。古代ローマの建築家の浴場でのタイムトラベル。コメディと歴史、日常が特徴で、タイムトラベルの設定が笑いに満ち、明るい雰囲気。"
1976,primary,ja-JP,ラブオールプレー,"""ラブオールプレー"" は同名漫画をアニメ化。バドミントン部の少年の物語。バドミントンと青春、群像劇が特徴で、緊張感ある試合シーン。少年たちの成長が感動的。"
1977,primary,ja-JP,恋は世界征服のあとで,"""恋は世界征服のあとで"" は同名漫画をアニメ化。敵対組織の幹部と戦隊のメンバーの恋愛。恋愛とコメディ、特撮が特徴で、二人の対立と恋愛が笑いに満ち、明るい雰囲気。"
1978,primary,ja-JP,ヒロインたるもの！〜嫌われヒロインと内緒のお仕事〜,"""ヒロインたるもの！〜嫌われヒロインと内緒のお仕事〜"" は少女とアイドルの物語を描く映画アニメ。バンドとアイドルの間の少女の想い。恋愛と音楽、青春がテーマで、温かい雰囲気。"
1979,primary,ja-JP,ブラック★ロックシューター DAWN FALL,"""ブラック★ロックシューター DAWN FALL"" は『ブラック★ロックシューター』の新作アニメ。少女たちの戦い。今作はドーン・フォールの物語を巡る作品。バトルと群像劇、ダークさが特徴。"
1980,primary,ja-JP,シャドウバース フレイム,"""シャドウバース フレイム"" はシリーズの続編。少年たちのカードバトルが続く。今作は新主人公と新章が登場。カードと熱さ、競技が特徴で、華麗なバトルシーン。"
1981,primary,ja-JP,社畜さんは幼女幽霊に癒されたい。,"""社畜さんは幼女幽霊に癒されたい。"" は会社員と幽霊の少女の日常を描く短編アニメ。日常と癒し、コメディが特徴で、幽霊少女に癒される会社員の日常が温かさに満ちている。"
1982,primary,ja-JP,古見さんは、コミュ症です。 第2期,"""古見さんは、コミュ症です。 第2期"" は第1期の続編。古見さんの日常が続く。今作は古見さんのコミュ症と努力がさらに発展。日常と癒し、コメディが特徴で、温かい雰囲気。"
1983,primary,ja-JP,骸骨騎士様、只今異世界へお出掛け中,"""骸骨騎士様、只今異世界へお出掛け中"" は同名ライトノベルをアニメ化。骸骨騎士に転生した青年が異世界で冒険する。異世界とライトアドベンチャー、熱さが特徴で、骸骨騎士の力と正義が見どころ。"
1984,primary,ja-JP,であいもん,"""であいもん"" は同名漫画をアニメ化。故郷の和菓子屋に戻った少年と少女の物語。グルメと日常、癒しが特徴で、和菓子屋の温かい日常が人情に満ち、温かい雰囲気。"
1985,primary,ja-JP,乙女ゲー世界はモブに厳しい世界です,"""乙女ゲー世界はモブに厳しい世界です"" は同名ライトノベルをアニメ化。乙女ゲームの世界に転生した少年。異世界と恋愛、コメディが特徴で、モブの逆襲が笑いに満ち、明るい雰囲気。"
1986,primary,ja-JP,このヒーラー、めんどくさい,"""このヒーラー、めんどくさい"" は同名ライトノベルをアニメ化。毒舌な医者と騎士の少女の冒険。ファンタジーとコメディ、日常が特徴で、医者の毒舌と冒険が笑いに満ち、明るい雰囲気。"
1987,primary,ja-JP,勇者、辞めます,"""勇者、辞めます"" は同名ライトノベルをアニメ化。解雇された勇者が魔王軍に加わる。異世界とコメディ、日常が特徴で、勇者の職場と魔王軍との掛け合いが笑いに満ちている。"
1988,primary,ja-JP,処刑少女の生きる道,"""処刑少女の生きる道"" は同名ライトノベルをアニメ化。処刑人の少女と転生者の物語。ファンタジーとバトル、群像劇が特徴で、重厚な雰囲気。少女たちの運命が緊張感に満ちている。"
1989,primary,ja-JP,八十亀ちゃんかんさつにっき 4さつめ,"""八十亀ちゃんかんさつにっき 4さつめ"" はシリーズの続編。少年と名古屋の少女の日常が続く。今作も八十亀ちゃんの方言と文化が魅力。日常と地域文化が特徴で、短いエピソード。"
1990,primary,ja-JP,ファンファーレ・オブ・アドレッセンス,"""ファンファーレ・オブ・アドレッセンス"" は競馬学校での少年たちの物語を描くオリジナルアニメ。競馬養成学校での少年たちの成長と競争。競技と青春、群像劇が特徴で、熱い雰囲気。"
1991,primary,ja-JP,RPG不動産,"""RPG不動産"" は同名漫画をアニメ化。不動産会社での少女たちの日常。日常と癒し、ファンタジーが特徴で、少女たちの不動産業務での掛け合いが温かさに満ち、可愛い作画と明るい雰囲気。"
1992,primary,ja-JP,史上最強の大魔王、村人Aに転生する,"""史上最強の大魔王、村人Aに転生する"" は同名ライトノベルをアニメ化。大魔王から村人Aに転生した少年。異世界とバトル、コメディが特徴で、魔王と村人のギャップが笑いに満ちている。"
1993,primary,ja-JP,ビルディバイド -#FFFFFF-,"""ビルディバイド -#FFFFFF-"" はシリーズの続編。バウンダリーでの少年たちの戦いが続く。今作は新章を巡る作品。カードとバトル、群像劇が特徴で、華麗なバトルシーン。"
1994,primary,ja-JP,ダンス・ダンス・ダンスール,"""ダンス・ダンス・ダンスール"" は同名漫画をアニメ化。バレエでの少年の物語。バレエと青春、群像劇が特徴で、美しいダンスシーン。少年の成長が感動的。"
1995,primary,ja-JP,盾の勇者の成り上がり Season2,"""盾の勇者の成り上がり Season2"" は第1期の続編。岩谷尚文の戦いが続く。今作は尚文の異世界での冒険と新たな脅威が展開。異世界とダークさ、成長がテーマで、華麗なバトルシーン。"
1996,primary,ja-JP,かぐや様は告らせたい-ウルトラロマンティック-,"""かぐや様は告らせたい-ウルトラロマンティック-"" は『かぐや様は告らせたい？』の第3期。白銀とかぐやの恋愛頭脳戦が続く。今作は二人の恋愛ゲームがクライマックスを迎える。恋愛とコメディ、頭脳戦が特徴。"
1997,primary,ja-JP,キングダム 第4シリーズ,"""キングダム 第4シリーズ"" はシリーズの続編。信と嬴政の統一の道が続く。今作は新たな戦争と内政を巡る作品。歴史と戦争、熱さが特徴で、壮大な戦場シーン。信の成長が感動的。"
1998,primary,ja-JP,くノ一ツバキの胸の内,"""くノ一ツバキの胸の内"" は同名漫画をアニメ化。くノ一ツバキと男たちの物語。忍者と恋愛、コメディが特徴で、ツバキの悩みと忍者の日常が笑いに満ち、明るい雰囲気。"
1999,primary,ja-JP,阿波連さんははかれない,"""阿波連さんははかれない"" は同名漫画をアニメ化。阿波連さんの距離感と少年の日常。恋愛とコメディ、日常が特徴で、阿波連の読めなさと少年の反応が萌えに満ちている。"
2000,primary,ja-JP,BIRDIE WING -Golf Girls' Story-,"""BIRDIE WING -Golf Girls' Story-"" はゴルフでの少女たちの物語を描くオリジナルアニメ。天才ゴルフ少女たちの出会いと競争。競技と熱さ、群像劇が特徴で、緊張感ある試合シーン。"
2001,primary,ja-JP,ヒーラー・ガール,"""ヒーラー・ガール"" は歌で癒す少女たちの物語を描くオリジナルアニメ。少女たちが歌声で傷ついた人を癒す。音楽と癒し、群像劇が特徴で、温かい雰囲気。少女たちの歌声が感動的。"
2002,primary,ja-JP,トモダチゲーム,"""トモダチゲーム"" は同名漫画をアニメ化。少年少女が友情ゲームの心理戦に巻き込まれる。サスペンスと心理戦、群像劇が特徴で、緊迫した雰囲気。ゲームの真実と裏切りが衝撃的。"
2003,primary,ja-JP,アオアシ,"""アオアシ"" は同名漫画をアニメ化。少年・青井葦人のサッカーでの成長。サッカーと熱さ、青春が特徴で、緊張感ある試合シーン。葦人の成長が感動的。"
2004,primary,ja-JP,理系が恋に落ちたので証明してみた。[r=1-sinθ],"""理系が恋に落ちたので証明してみた。[r=1-sinθ]"" はシリーズの続編。理系大学生たちによる恋の科学的証明が続く。今作は主人公たちの恋愛実験がさらに発展。恋愛とコメディ、科学教育が特徴で、明るい雰囲気。"
2005,primary,ja-JP,遊☆戯☆王ゴーラッシュ！！,"""遊☆戯☆王ゴーラッシュ！！"" は遊☆戯☆王シリーズのアニメ。デュエリストたちの戦い。今作は新章を巡る作品。カードと熱さ、デュエルが特徴で、華麗なデュエルシーン。"
2006,primary,ja-JP,SPY×FAMILY,"""SPY×FAMILY"" は同名漫画をアニメ化。スパイの黄昏が任務のため仮の家族を結成する。今作は黄昏・ヨル・アーニャの日常を巡る作品。コメディと家族、スパイが特徴で、アーニャの超能力と家族の温かさが萌えに満ちている。"
2007,primary,ja-JP,デート・ア・ライブIV,"""デート・ア・ライブIV"" はシリーズの続編。五河士道と精霊たちのデートが続く。今作は新たな精霊と危機が登場し、士道がデートで精霊の力を封印する。恋愛とバトル、ハーレムが特徴。"
2008,primary,ja-JP,サマータイムレンダ,"""サマータイムレンダ"" は同名漫画をアニメ化。少年・慎平の故郷での夏の時間ループ。サスペンスと時間ループ、バトルがテーマで、緊迫した雰囲気。慎平の挑戦と真実が徐々に明かされる。"
2009,primary,ja-JP,雀魂ぽん,"""雀魂ぽん"" は同名ゲームをアニメ化。麻雀の少女たちの日常。麻雀と日常、コメディが特徴で、可愛い作画と短いエピソード。麻雀の面白さを軽やかな日常で描く。"
2010,primary,ja-JP,まちカドまぞく 2丁目,"""まちカドまぞく 2丁目"" は第1期の続編。まぞくの少女・吉田優子の日常が続く。今作は優子と魔法少女の掛け合いがさらに発展。日常と魔法、コメディが特徴で、可愛い作画と明るい雰囲気。"
2011,primary,ja-JP,劇場版 Free!-the Final Stroke- 前編,"""劇場版 Free!-the Final Stroke- 前編"" は『Free!』の映画。ハルカの水泳物語が最終章を迎える。今作はハルカとパートナーたちの最後の挑戦を巡る作品。水泳と青春、感情がテーマで、美しい水の映像。"
2012,primary,ja-JP,漁港の肉子ちゃん,"""漁港の肉子ちゃん"" は漁港での母娘の生活を描く映画アニメ。少女と母の温かい日常。日常と癒し、家族愛がテーマで、温かい雰囲気。母娘の絆が感動的。"
2013,primary,ja-JP,きんいろモザイク Thank you!!,"""きんいろモザイク Thank you!!"" は『きんいろモザイク』の映画。少女たちの日常。今作は少女たちの卒業と友情を巡る作品。日常と癒し、群像劇が特徴で、可愛い作画と温かい雰囲気。"
2014,primary,ja-JP,抱かれたい男1位に脅されています。スペイン編,"""抱かれたい男1位に脅されています。スペイン編"" はシリーズの続編。西条とチヒロの恋愛が続く。今作は二人の物語がスペインで展開。BL恋愛と芸能界、日常が特徴で、華やかな雰囲気。"
2015,primary,ja-JP,魔法使い黎明期,"""魔法使い黎明期"" は同名ライトノベルをアニメ化。魔法学校の生徒たちの物語。少年たちが魔法使いの黎明期に冒険する。ファンタジーと冒険、群像劇が特徴で、独特の雰囲気。"
2016,primary,ja-JP,カッコウの許嫁,"""カッコウの許嫁"" は同名漫画をアニメ化。取り違えられた赤ん坊と婚約の物語。少年と少女の婚約と家族での日常。恋愛と日常、コメディが特徴で、明るい雰囲気。"
2017,primary,ja-JP,ラブライブ！虹ヶ咲学園スクールアイドル同好会 第2期,"""ラブライブ！虹ヶ咲学園スクールアイドル同好会 第2期"" は第1期の続編。虹ヶ咲学園のアイドルたちが続く。今作は少女たちがアイドルの道で新たな挑戦に臨む。音楽と夢追い、群像劇が特徴。"
2018,primary,ja-JP,エスタブライフ グレイトエスケープ,"""エスタブライフ グレイトエスケープ"" は都市からの脱出を描くオリジナルアニメ。少女たちが多様な都市で脱出を実行する。SFと群像劇、冒険が特徴で、独特の雰囲気。少女たちの脱出が想像力豊か。"
2019,primary,ja-JP,パリピ孔明,"""パリピ孔明"" は同名漫画をアニメ化。諸葛孔明が現代の渋谷に転生する。孔明が歌姫・英子を軍師として支援する。音楽と策謀、コメディが特徴。孔明の策略と現代ステージの組み合わせが魅力的。"
2020,primary,ja-JP,進撃の巨人 The Final Season Part 2,"""進撃の巨人 The Final Season Part 2"" は最終シーズンの続編。エレンと調査兵団の戦いが続く。今作はマーレ編のクライマックスと巨人の真実を巡る作品。バトルとサスペンス、絶望がテーマ。"
2021,primary,ja-JP,マギアレコード 魔法少女まどか☆マギカ外伝 Final SEASON -浅き夢の暁-,"""マギアレコード 魔法少女まどか☆マギカ外伝 Final SEASON -浅き夢の暁-"" はシリーズの続編。魔法少女たちの物語が終わりを迎える。今作は浅き夢の暁を巡る作品。魔法少女とダークさ、群像劇が特徴。"
2022,primary,ja-JP,ストライク・ザ・ブラッド FINAL,"""ストライク・ザ・ブラッド FINAL"" はシリーズの続編。暁古城の吸血鬼バトルが終わりを迎える。今作は古城と雪菜の物語が最終章に到達。吸血鬼とバトル、ハーレムが特徴で、華麗なバトルシーン。"
2023,primary,ja-JP,おにぱん！,"""おにぱん！"" はWIT STUDIOのオリジナルアニメ。三人の鬼の少女の物語。鬼の少女たちが悪い鬼のイメージを変えるため人間界に来る。コメディと日常、ファンタジーが特徴で、明るい雰囲気。"
2024,primary,ja-JP,境界戦機 第2部,"""境界戦機 第2部"" は第1期の続編。少年たちの戦いが続く。今作は占領地での少年たちの戦いがさらに発展。メカバトルと熱さ、群像劇が特徴で、華麗なバトルシーン。"
2025,primary,ja-JP,かぎなど 第2期,"""かぎなど 第2期"" は第1期の続編。Key作品のクロスオーバーが続く。今作も各作品のキャラクターが集う。コメディと日常、群像劇が特徴で、明るい雰囲気。"
2026,primary,ja-JP,3秒后，野兽。～坐在联谊会角落的他是个肉食系,これは合コンの恋愛を描く短編アダルト向けアニメ。恋愛とアダルト、日常が特徴で、アンニュイな雰囲気と緊張感ある掛け合い。
2027,primary,ja-JP,バブル,"""バブル"" は泡の中の少年と少女の物語を描く映画アニメ。東京の泡の中で少女が少年に出会う。ファンタジーと恋愛、アクションがテーマで、繊細な映像。二人の絆が感動的。"
2028,primary,ja-JP,ラブ、デス&ロボット シーズン3,"""ラブ、デス&ロボット シーズン3"" はシリーズの続編。SFとホラーのアンソロジーアニメ。想像力とホラー、哲学が特徴で、各話の画風と題材が異なる。"
2029,primary,ja-JP,機動戦士ガンダム ククルス・ドアンの島,"""機動戦士ガンダム ククルス・ドアンの島"" はガンダムシリーズの映画。ククルス・ドアンの島の物語を巡る作品。今作はアムロとククルスの出会いが展開。メカバトルと戦争、群像劇が特徴。"
2030,primary,ja-JP,連盟空軍航空魔法音楽隊ルミナスウィッチーズ,"""連盟空軍航空魔法音楽隊ルミナスウィッチーズ"" は『ストライクウィッチーズ』のスピンオフアニメ。音楽隊の少女たち。今作は少女たちが音楽で戦いを支援する。音楽と日常、群像劇が特徴で、温かい雰囲気。"
2031,primary,ja-JP,異世界おじさん,"""異世界おじさん"" は同名漫画をアニメ化。異世界から帰ってきたおじさんが甥と同居する。異世界とコメディ、日常が特徴で、おじさんの異世界体験と毒舌が笑いに満ち、明るい雰囲気。"
2032,primary,ja-JP,RWBY 氷雪帝国,"""RWBY 氷雪帝国"" はRWBYシリーズのアニメ。少女たちの戦い。今作は氷雪帝国編を巡る作品。バトルと群像劇、ファンタジーが特徴で、華麗なアクションシーン。"
2033,primary,ja-JP,それでも歩は寄せてくる,"""それでも歩は寄せてくる"" は同名漫画をアニメ化。将棋部の少年と少女の恋愛。恋愛と日常、コメディが特徴で、少年の真っ直ぐな告白と少女の照れが萌えに満ち、明るい雰囲気。"
2034,primary,ja-JP,東京ミュウミュウ にゅ～♡,"""東京ミュウミュウ にゅ～♡"" は『東京ミュウミュウ』のリメイク。少女たちが猫に変身して地球を守る。今作は名作を再解釈した作品。魔法少女とバトル、日常が特徴で、可愛い雰囲気。"
2035,primary,ja-JP,プリマドール,"""プリマドール"" は自動人形の少女たちの物語を描くオリジナルアニメ。戦後の世界でのカフェでの自動人形の少女たちの日常。癒しと日常、群像劇が特徴で、温かい雰囲気。"
2036,primary,ja-JP,メイドインアビス 烈日の黄金郷,"""メイドインアビス 烈日の黄金郷"" はシリーズの続編。リコとレグの冒険が続く。今作は烈日の黄金郷を巡る作品。冒険とファンタジー、ダークさがテーマで、繊細な映像。"
2037,primary,ja-JP,シャドーハウス 2nd Season,"""シャドーハウス 2nd Season"" は第1期の続編。ケイトとエミリコの物語が続く。今作はシャドーハウスの真実と少女たちの冒険がさらに発展。サスペンスと群像劇、ダークさがテーマ。"
2038,primary,ja-JP,平行世界薬局,"""平行世界薬局"" は同名ライトノベルをアニメ化。薬剤師が異世界に転生して薬局を開く。異世界と日常、癒しが特徴で、薬剤師の調薬と異世界の日常が温かさに満ちている。"
2039,primary,ja-JP,エンゲージ・キス,"""エンゲージ・キス"" は少年と悪魔の契約の物語を描くオリジナルアニメ。少年・シュウと悪魔の少女の契約バトル。バトルと恋愛、群像劇が特徴で、独特の雰囲気。契約の真実が徐々に明かされる。"
2040,primary,ja-JP,よふかしのうた,"""よふかしのうた"" は同名漫画をアニメ化。少年と吸血鬼の少女の物語。恋愛と吸血鬼、夜が特徴で、独特の雰囲気。少年と吸血鬼の出会いが魅力的。"
2041,primary,ja-JP,幽零幻镜,これは仮想都市での少年の冒険を描くオリジナルアニメ。データで駆動する都市での少年とパートナーたちの物語。SFとサスペンス、群像劇が特徴で、独特の雰囲気。
2042,primary,ja-JP,うたわれるもの 二人の白皇,"""うたわれるもの 二人の白皇"" は『うたわれるもの』の続編。ハクの物語が続く。今作は二人の白皇編を巡る作品。ファンタジーと政治、群像劇が特徴で、壮大な世界観。"
2043,primary,ja-JP,はたらく魔王さま！！,"""はたらく魔王さま！！"" はシリーズの続編。コンビニで働く魔王の日常が続く。今作は魔王と勇者の現代生活がさらに発展。コメディと日常、ファンタジーが特徴で、明るい雰囲気。"
2044,primary,ja-JP,蒼き伝説 シュート！,"""蒼き伝説 シュート！"" は同名漫画をアニメ化。サッカーの少年たちの物語。サッカーと青春、群像劇が特徴で、緊張感ある試合シーン。少年たちの成長が感動的。"
2045,primary,ja-JP,新テニスの王子様 U-17 WORLD CUP,"""新テニスの王子様 U-17 WORLD CUP"" はシリーズの続編。テニス少年たちの戦いが続く。今作はU-17ワールドカップを巡る作品。テニスと熱さ、競技が特徴で、迫力ある試合シーン。"
2046,primary,ja-JP,リコリス・リコイル,"""リコリス・リコイル"" は少女エージェントの日常を描くオリジナルアニメ。少女たちがカフェを隠れ蓑に任務を遂行する。アクションと日常、群像劇が特徴で、華麗なバトルシーン。"
2047,primary,ja-JP,オーバーロードIV,"""オーバーロードIV"" はシリーズの続編。アインズ・ウール・ゴウンの勢力拡大が続く。今作はナザリックと世界の征服を巡る作品。異世界とダークファンタジー、群像劇が特徴。"
2048,primary,ja-JP,異世界迷宮でハーレムを,"""異世界迷宮でハーレムを"" は同名ライトノベルをアニメ化。少年の異世界の迷宮での冒険。異世界とハーレム、冒険が特徴で、少年の迷宮での戦いとハーレム生活が見どころ。"
2049,primary,ja-JP,オリエント 第2クール,"""オリエント 第2クール"" は第1期の続編。少年たちの戦いが続く。今作は鬼が支配する世界での少年たちの戦いがさらに発展。バトルと熱さ、群像劇が特徴で、華麗なバトルシーン。"
2050,primary,ja-JP,シャインポスト,"""シャインポスト"" はアイドルグループTiNgSの物語を描くオリジナルアニメ。嘘を見抜けるマネージャーの下で少女たちが成長する。アイドルと音楽、群像劇が特徴で、温かい雰囲気。"
2051,primary,ja-JP,花火ちゃんは遅れがち,"""花火ちゃんは遅れがち"" はいつも遅れる花火ちゃんの日常を描く短編アニメ。日常とコメディ、癒しが特徴で、可愛い作画と短いエピソード。花火の掛け合いを軽やかな日常で描く。"
2052,primary,ja-JP,幕末替身传说,これは影武者の侍の物語を描くオリジナルアニメ。幕末に少年たちが影武者として活躍する。時代劇とバトル、群像劇が特徴で、独特の雰囲気。
2053,primary,ja-JP,ダンジョンに出会いを求めるのは間違っているだろうか 第4期 新章 迷宮編,"""ダンジョンに出会いを求めるのは間違っているだろうか 第4期 新章 迷宮編"" はシリーズの続編。ベルの冒険が続く。今作はベルが迷宮の新章で新たな試練に挑む。ファンタジーと冒険、バトルが特徴。"
2054,primary,ja-JP,ラブライブ！スーパースター!! 第2期,"""ラブライブ！スーパースター!! 第2期"" は第1期の続編。結ヶ丘女子高等学校のアイドルたちが続く。今作は少女たちがアイドルの道で新たな挑戦に臨む。音楽と夢追い、群像劇が特徴。"
2055,primary,ja-JP,顶点!!!!!!!!!!!!!!!,これは少女たちのコメディ日常を描くオリジナル短編アニメ。コメディと日常、群像劇が特徴で、短いエピソードとテンポの良い展開。
2056,primary,ja-JP,カードファイト!! ヴァンガード will+Dress,"""カードファイト!! ヴァンガード will+Dress"" はカードファイト!! ヴァンガードシリーズのアニメ。少年たちのカードバトルが続く。今作は新章を巡る作品。カードと熱さ、競技が特徴。"
2057,primary,ja-JP,黒の召喚士,"""黒の召喚士"" は同名ライトノベルをアニメ化。召喚士の少年ケルヴィンの異世界での冒険。異世界とバトル、熱さが特徴で、ケルヴィンの召喚能力と冒険が見どころ。華麗なバトルシーン。"
2058,primary,ja-JP,武藏野！,これは武蔵野の日常を描く短編アニメ。地域文化とコメディ、日常が特徴で、短いエピソードと明るい雰囲気。武蔵野の生活を軽やかな日常で描く。
2059,primary,ja-JP,組長娘と世話係,"""組長娘と世話係"" は同名漫画をアニメ化。組長の娘と世話係の物語。コメディと日常、温かさが特徴で、世話係とお嬢様の掛け合いが笑いに満ち、明るい雰囲気。"
2060,primary,ja-JP,神クズ☆アイドル,"""神クズ☆アイドル"" は同名漫画をアニメ化。神のような美しいアイドルと幽霊の物語。アイドルとコメディ、日常が特徴で、アイドルのギャップと幽霊との掛け合いが笑いに満ちている。"
2061,primary,ja-JP,アルスノトリア,"""アルスノトリア"" は同名ゲームをアニメ化。魔法学園の少女たちの物語。ファンタジーと日常、群像劇が特徴で、明るい雰囲気。少女たちの学園生活が萌えに満ちている。"
2062,primary,ja-JP,最近雇ったメイドが怪しい,"""最近雇ったメイドが怪しい"" は同名漫画をアニメ化。少年と謎のメイドの日常。恋愛と日常、コメディが特徴で、メイドの怪しさと少年の反応が萌えに満ち、明るい雰囲気。"
2063,primary,ja-JP,转生贤者的异世界生活～取得第二职业，成为世界最强～,これは同名ライトノベルをアニメ化。転生した賢者の異世界での冒険。異世界とバトル、ライトアドベンチャーが特徴で、賢者の力が見どころ。明るい雰囲気。
2064,primary,ja-JP,エクストリームハーツ,"""エクストリームハーツ"" はエクストリームスポーツとAIの物語を描くオリジナルアニメ。エクストリームスポーツでの少年とAIパートナーの成長。競技とSF、群像劇が特徴で、熱い雰囲気。"
2065,primary,ja-JP,BanG Dream! Morfonication,"""BanG Dream! Morfonication"" は『BanG Dream!』のアニメ。Morfonicaバンドの物語。今作はバンドメンバーの絆を巡る作品。音楽と青春、群像劇が特徴で、心に響く楽曲。"
2066,primary,ja-JP,彼女、お借りします 第2期,"""彼女、お借りします 第2期"" は第1期の続編。和也と千鶴の恋愛が続く。今作は二人の関係がさらに発展。恋愛とコメディ、日常が特徴で、明るい雰囲気。"
2067,primary,ja-JP,ようこそ実力至上主義の教室へ 第2期,"""ようこそ実力至上主義の教室へ 第2期"" は第1期の続編。綾小路清隆の心理戦が続く。今作は清隆の学園での戦いがさらに発展。学園と心理戦、群像劇が特徴で、落ち着いた雰囲気。"
2068,primary,ja-JP,邪神ちゃんドロップキックX,"""邪神ちゃんドロップキックX"" はシリーズの続編。邪神ちゃんと花園百合ヶ丘の日常が続く。今作も邪神ちゃんの悪戯と百合ヶ丘の暴力が笑いに満ちている。コメディと日常、魔界が特徴。"
2069,primary,ja-JP,継母の連れ子が元カノだった,"""継母の連れ子が元カノだった"" は同名ライトノベルをアニメ化。義理の兄妹になった元恋人たちの物語。恋愛とコメディ、日常が特徴で、元恋人同士の掛け合いが笑いに満ちている。"
2070,primary,ja-JP,金装のヴェルメイユ,"""金装のヴェルメイユ"" は同名漫画をアニメ化。魔術師の少年と魔導書の物語。ファンタジーとバトル、ハーレムが特徴で、少年と魔導書の契約が見どころ。明るい雰囲気。"
2071,primary,ja-JP,劇場版 ソードアート・オンライン プログレッシブ 星なき夜のアリア,"""劇場版 ソードアート・オンライン プログレッシブ 星なき夜のアリア"" は『ソードアート・オンライン』の映画。キリトとアスナの出会い。今作はプログレッシブ編を巡る作品。SFとバトル、絆がテーマ。"
2072,primary,ja-JP,BanG Dream! FILM LIVE 2nd Stage,"""BanG Dream! FILM LIVE 2nd Stage"" は『BanG Dream!』の映画。少女たちのライブパフォーマンス。今作はコンサートライブを中心に描く。音楽と青春、群像劇が特徴で、華麗な演奏シーン。"
2073,primary,ja-JP,フラ・フラダンス,"""フラ・フラダンス"" はハワイでの少女の物語を描く映画アニメ。ハワイでの少女のダンスと成長。ダンスと青春、癒しがテーマで、繊細な映像。少女の成長が感動的。"
2074,primary,ja-JP,惑星のさみだれ,"""惑星のさみだれ"" は同名漫画をアニメ化。少年とトカゲの騎士の物語。ファンタジーとバトル、群像劇が特徴で、独特の雰囲気。少年の冒険が緊張感に満ちている。"
2075,primary,ja-JP,アリア ベネディツィオーネ,"""アリア ベネディツィオーネ"" は『アリア』の映画。水の惑星のゴンドラ乗りたち。今作はゴンドラ乗りの日常と継承を巡る作品。癒しと日常、群像劇が特徴で、静謐で優雅な雰囲気。"
2076,primary,ja-JP,冰冰冰淇淋君 第二季,これはアイスキャンディーのキャラクターたちの日常を描く短編アニメの第2期。可愛いキャラクターとコメディ、癒しが特徴で、可愛い作画と短いエピソード。
2077,primary,ja-JP,森林里的熊先生、冬眠中。,これは熊と少年の物語を描く短編アニメ。恋愛とBL、ファンタジーが特徴で、アンニュイな雰囲気。二人の掛け合いが緊張感に満ちている。
2078,primary,ja-JP,風都探偵,"""風都探偵"" は仮面ライダーWのアニメ。風都での探偵たちの調査。今作は風都の謎の事件を巡る作品。探偵とアクション、特撮が特徴で、独特の雰囲気。探偵たちの活躍が緊張感に満ちている。"
2079,primary,ja-JP,ちみも,"""ちみも"" は謎の生き物ちみもの日常を描く短編アニメ。可愛いキャラクターとコメディ、癒しが特徴で、可愛い作画と短いエピソード。ちみもの掛け合いを軽やかな日常で描く。"
2080,primary,ja-JP,Dr.STONE 龍水,"""Dr.STONE 龍水"" は『Dr.STONE』のOVA。千空の科学復興のサイドストーリー。軽やかな日常に焦点を当てた作品。科学と冒険、熱さが特徴で、明るい雰囲気。"
2081,primary,ja-JP,オッドタクシー イン・ザ・ウッズ,"""オッドタクシー イン・ザ・ウッズ"" は『オッドタクシー』の映画。小戸川の物語。今作は謎の森の章を巡る作品。サスペンスと都市生活、群像劇が特徴で、独特の雰囲気。"
2082,primary,ja-JP,劇場版 境界の彼方 -I'LL BE HERE- 未来篇,"""劇場版 境界の彼方 -I'LL BE HERE- 未来篇"" は『境界の彼方』の映画。栗山未来の物語。今作は未来篇を巡る作品。ファンタジーとバトル、恋愛が特徴で、華麗なバトルシーン。"
2083,primary,ja-JP,ウルトラマンデッカー,"""ウルトラマンデッカー"" はウルトラマンシリーズのテレビアニメ。ウルトラマンデッカーの戦い。今作はデッカーと地球防衛軍の物語を巡る作品。特撮とバトル、熱さが特徴。"
2084,primary,ja-JP,劇場版 境界の彼方 -I'LL BE HERE- 過去篇,"""劇場版 境界の彼方 -I'LL BE HERE- 過去篇"" は『境界の彼方』の映画。過去の物語。今作は過去のプロットを振り返る作品。ファンタジーとバトル、恋愛が特徴で、華麗なバトルシーン。"
2085,primary,ja-JP,機動戦士ガンダム 水星の魔女,"""機動戦士ガンダム 水星の魔女"" はガンダムシリーズのアニメ。少女・スレッタの戦い。今作は水星の魔女と学園の争いを巡る作品。メカバトルと熱さ、群像劇が特徴。"
2086,primary,ja-JP,メイドインアビス 放浪する黄昏,"""メイドインアビス 放浪する黄昏"" は『メイドインアビス』の総集編映画。リコとレグの冒険が再編集される。今作は第2期のプロットを振り返る作品。冒険とファンタジー、ダークさがテーマ。"
2087,primary,ja-JP,佐々木と宮野 OVA,"""佐々木と宮野 OVA"" は『佐々木と宮野』のOVA。二人の恋愛サイドストーリー。軽やかな日常に焦点を当てた作品。BL恋愛と日常、癒しが特徴で、温かい雰囲気。"
2088,primary,ja-JP,关于养猫我一直是新手,これは同名漫画をアニメ化。初心者の猫飼いの日常を描く。可愛いペットと日常、癒しが特徴で、猫の可愛さと猫を飼う楽しさが温かさに満ちている。
2089,primary,ja-JP,賭ケグルイ双,"""賭ケグルイ双"" は『賭ケグルイ』の前日譚。夢子の前の物語。今作は早乙女芽亜里の過去を巡る作品。賭博と心理戦、狂気が特徴で、不気味な雰囲気。"
2090,primary,ja-JP,RE:cycle of the PENGUINDRUM [第1部] 君の列車は生存戦略,"""RE:cycle of the PENGUINDRUM [第1部] 君の列車は生存戦略"" は『輪るピングドラム』の映画。少年たちの物語。今作は生存戦略編を巡る作品。ファンタジーとサスペンス、群像劇が特徴。"
2091,primary,ja-JP,世界の終わりに柴犬と,"""世界の終わりに柴犬と"" は世界の終わりの後の柴犬との日常を描く短編アニメ。癒しと可愛いペット、日常が特徴で、柔らかく愛らしい作画と静かな雰囲気。"
2092,primary,ja-JP,ブルーサーマル,"""ブルーサーマル"" は飛行での少女の物語を描く映画アニメ。フライングクラブでの少女の成長。青春と癒し、群像劇がテーマで、繊細な映像。少女の成長が感動的。"
2093,primary,ja-JP,とつくにの少女,"""とつくにの少女"" は少女と教師の物語を描く映画アニメ。異界と外界が共存する世界での少女と教師の日常。ファンタジーと癒し、ダークさがテーマで、繊細な映像。"
2094,primary,ja-JP,劇場版 Fate/Grand Order -終局特異点 冠位時間神殿ソロモン-,"""劇場版 Fate/Grand Order -終局特異点 冠位時間神殿ソロモン-"" はFGOシリーズの映画。藤丸立香の最終決戦。今作は冠位時間神殿を巡る作品。Fateの世界観とバトル、群像劇が特徴。"
2095,primary,ja-JP,D4DJ Double Mix,"""D4DJ Double Mix"" はD4DJプロジェクトのアニメ。DJの少女たちの物語。今作は新章を巡る作品。音楽と青春、群像劇が特徴で、心に響く楽曲。"
2096,primary,ja-JP,サイバーパンク エッジランナーズ,"""サイバーパンク エッジランナーズ"" は『サイバーパンク2077』のアニメ。ナイトシティでの少年の物語。サイバーパンクの世界での少年デイビッドの成長と没落。SFとバトル、哀愁がテーマ。"
2097,primary,ja-JP,四疊半タイムマシンブルース,"""四疊半タイムマシンブルース"" は『四畳半神話大系』の映画。タイムトラベルの物語。今作はタイムマシン編を巡る作品。青春とファンタジー、群像劇が特徴で、独特の雰囲気。"
2098,primary,ja-JP,BanG Dream! ポッピン'ドリーム！,"""BanG Dream! ポッピン'ドリーム！"" は『BanG Dream!』の映画。Poppin'Partyの物語。今作はバンドメンバーの夢を巡る作品。音楽と青春、群像劇が特徴で、心に響く楽曲。"
2099,primary,ja-JP,劇場版 呪術廻戦 0,"""劇場版 呪術廻戦 0"" は『呪術廻戦』の前日譚映画。乙骨憂太の物語。今作は乙骨と呪いの物語を巡る作品。バトルと熱さ、群像劇がテーマで、華麗なバトルシーン。"
2100,primary,ja-JP,悪役令嬢なのでラスボスを飼ってみました,"""悪役令嬢なのでラスボスを飼ってみました"" は同名ライトノベルをアニメ化。悪役令嬢に転生した少女が魔王を飼いならす。異世界と恋愛、コメディが特徴で、悪役令嬢と魔王の掛け合いが萌えに満ちている。"
2101,primary,ja-JP,機動戦士ガンダム 水星の魔女 PROLOGUE,"""機動戦士ガンダム 水星の魔女 PROLOGUE"" は『水星の魔女』の前日譚。少女の物語。今作は水星の魔女のプロローグを巡る作品。メカバトルと熱さ、群像劇が特徴。"
2102,primary,ja-JP,雨を告げる漂流団地,"""雨を告げる漂流団地"" は漂流する少年少女の物語を描く映画アニメ。漂流する団地での少年少女の冒険。冒険と青春、群像劇がテーマで、繊細な映像。少年少女の成長が感動的。"
2103,primary,ja-JP,転生したら剣でした,"""転生したら剣でした"" は同名ライトノベルをアニメ化。剣に転生した主人公と猫耳少女の冒険。異世界とバトル、ライトアドベンチャーが特徴で、剣と猫耳少女のコンビが見どころ。"
2104,primary,ja-JP,後宮の烏,"""後宮の烏"" は同名小説をアニメ化。孤独な後宮の妃・烏と皇帝の物語。ファンタジーと恋愛、宮廷が特徴で、華やかな雰囲気。烏の能力と皇帝との絆が魅力的。"
2105,primary,ja-JP,鹿の王 ユナと約束の旅,"""鹿の王 ユナと約束の旅"" は少女ユナの物語を描く映画アニメ。少女と鹿の王の約束の旅。ファンタジーと冒険、癒しがテーマで、繊細な映像。ユナの旅が温かさに満ちている。"
2106,primary,ja-JP,宇崎ちゃんは遊びたい！ω,"""宇崎ちゃんは遊びたい！ω"" はシリーズの続編。桜井と宇崎の日常が続く。今作は二人の掛け合いがさらに発展。恋愛とコメディ、日常が特徴で、明るい雰囲気。"
2107,primary,ja-JP,忍の一時,"""忍の一時"" は忍者世界での少年の物語を描くオリジナルアニメ。忍者一家での任務の下での少年・一時の成長。忍者とバトル、群像劇が特徴で、華麗なバトルシーン。"
2108,primary,ja-JP,虫かぶり姫,"""虫かぶり姫"" は同名ライトノベルをアニメ化。本好きな姫の宮廷物語。恋愛と宮廷、日常が特徴で、姫の知性と本好き設定が魅力的。華やかな雰囲気。"
2109,primary,ja-JP,ラブフロップス,"""ラブフロップス"" は少年と少女たちの恋愛を描くオリジナルアニメ。謎の少女たちに囲まれた少年の日常。恋愛とコメディ、ファンタジーが特徴で、明るい雰囲気。"
2110,primary,ja-JP,農民関連スキルを上げたらなぜか強くなった。,"""農民関連スキルを上げたらなぜか強くなった。"" は同名ライトノベルをアニメ化。農業スキルを極めた少年が異世界で強くなる。異世界とライトアドベンチャー、コメディが特徴。"
2111,primary,ja-JP,4人はそれぞれウソをつく,"""4人はそれぞれウソをつく"" は同名漫画をアニメ化。それぞれ秘密を抱える四人の少女の日常。コメディと日常、群像劇が特徴で、少女たちの秘密と掛け合いが笑いに満ちている。"
2112,primary,ja-JP,Do It Yourself!! -どぅー・いっと・ゆあせるふ-,"""Do It Yourself!! -どぅー・いっと・ゆあせるふ-"" は同名漫画をアニメ化。DIY部の少女たちの物語。日常と癒し、群像劇が特徴で、可愛い作画と明るい雰囲気。DIY活動が温かさに満ちている。"
2113,primary,ja-JP,チェンソーマン,"""チェンソーマン"" は同名漫画をアニメ化。少年デンジとチェンソーの悪魔ポチタの物語。バトルと熱さ、ダークさがテーマで、デンジの生存と成長が圧巻。高品質な制作。"
2114,primary,ja-JP,陰の実力者になりたくて！,"""陰の実力者になりたくて！"" は同名ライトノベルをアニメ化。少年シドが異世界で影の実力者を装う。異世界とバトル、コメディが特徴で、シドの自己陶酔と勘違いが笑いに満ちている。"
2115,primary,ja-JP,SPY×FAMILY 第2クール,"""SPY×FAMILY 第2クール"" は第1期の続編。フォージャー家の日常が続く。今作はアーニャの学校生活と新たな任務が展開。コメディと家族、スパイが特徴で、明るい雰囲気。"
2116,primary,ja-JP,ジョジョの奇妙な冒険 ストーンオーシャン 第2クール,"""ジョジョの奇妙な冒険 ストーンオーシャン 第2クール"" はストーンオーシャンの続編。徐倫の戦いが続く。今作は徐倫の刑務所でのスタンド対決がさらに発展。バトルと熱さ、スタンドが特徴。"
2117,primary,ja-JP,アキバ冥途戦争,"""アキバ冥途戦争"" は秋葉原のメイドたちの戦いを描くオリジナルアニメ。秋葉原のメイドたちの抗争がヤクザ風味に満ちている。コメディとバトル、群像劇が特徴で、独特の雰囲気。"
2118,primary,ja-JP,新米錬金術師の店舗経営,"""新米錬金術師の店舗経営"" は同名ライトノベルをアニメ化。新米錬金術師が異世界で店を経営する。異世界と日常、癒しが特徴で、錬金術師の店舗経営が温かさに満ちている。"
2119,primary,ja-JP,夫婦以上、恋人未満。,"""夫婦以上、恋人未満。"" は同名漫画をアニメ化。契約夫婦の恋愛物語。夫婦実習での少年と少女の関係。恋愛と日常、コメディが特徴で、二人の掛け合いが萌えに満ちている。"
2120,primary,ja-JP,勇者パーティーを追放されたビーストテイマー、最強種の猫耳少女と出会う,"""勇者パーティーを追放されたビーストテイマー、最強種の猫耳少女と出会う"" は同名ライトノベルをアニメ化。解雇されたテイマーと最強の猫耳少女の冒険。異世界とライトアドベンチャー、萌えが特徴。"
2121,primary,ja-JP,モブサイコ100 III,"""モブサイコ100 III"" はシリーズの続編。影山茂夫の成長が最終章を迎える。今作はモブが超能力と自分自身の間で最後の選択に直面する。超能力とバトル、成長がテーマ。"
2122,primary,ja-JP,不徳のギルド,"""不徳のギルド"" は同名漫画をアニメ化。ギルドのベテランハンターのコメディ日常。コメディとサービス、日常が特徴で、ベテランの苦労と少女たちとの掛け合いが笑いに満ちている。"
2123,primary,ja-JP,ゴールデンカムイ 第4期,"""ゴールデンカムイ 第4期"" はシリーズの続編。杉元佐一の北海道での冒険が続く。今作は金の争奪戦と新たな展開を巡る作品。冒険とグルメ、群像劇が特徴。"
2124,primary,ja-JP,クールドジ男子,"""クールドジ男子"" は同名漫画をアニメ化。クールな四人の男子の日常。日常とコメディ、群像劇が特徴で、クールな男子たちの可愛いギャップが萌えに満ちている。"
2125,primary,ja-JP,ぼっち・ざ・ろっく！,"""ぼっち・ざ・ろっく！"" は同名漫画をアニメ化。陰キャの少女・後藤ひとりのバンドでの成長。音楽と青春、コメディが特徴で、ひとりのコミュ障とバンドの日常が笑いに満ちている。"
2126,primary,ja-JP,アークナイツ【黎明前奏/PRELUDE TO DAWN】,"""アークナイツ【黎明前奏/PRELUDE TO DAWN】"" は同名ゲームをアニメ化。感染症の危機に直面する世界でのドクターの物語。SFとバトル、群像劇が特徴で、華麗なバトルシーン。"
2127,primary,ja-JP,ピーター・グリルと賢者の時間 スーパーエクストラ,"""ピーター・グリルと賢者の時間 スーパーエクストラ"" はシリーズの続編。最強戦士ピーターの恋のコメディ日常が続く。恋愛とコメディ、サービスが特徴で、ピーターの苦労が笑いに満ちている。"
2128,primary,ja-JP,名探偵コナン 犯人の犯沢さん,"""名探偵コナン 犯人の犯沢さん"" は『名探偵コナン』のスピンオフコメディアニメ。犯人犯沢さんの日常。コメディとパロディ、日常が特徴で、犯沢さんの活躍が笑いに満ちている。"
2129,primary,ja-JP,マブラヴ オルタネイティヴ 第2期,"""マブラヴ オルタネイティヴ 第2期"" は第1期の続編。少年たちの戦いが続く。今作は人類とBETAの戦争がさらに発展。メカバトルと戦争、哀愁がテーマで、重厚な雰囲気。"
2130,primary,ja-JP,魔入りました！入間くん 第3シリーズ,"""魔入りました！入間くん 第3シリーズ"" はシリーズの続編。優しい少年・入間の魔界学校での日常が続く。今作は入間の成長と魔界での新たな挑戦が展開。コメディと日常、魔界が特徴。"
2131,primary,ja-JP,ベルセルク 黄金時代篇 MEMORIAL EDITION,"""ベルセルク 黄金時代篇 MEMORIAL EDITION"" は『ベルセルク』の映画。ガッツとグリフィスの物語。今作は黄金時代篇のプロットを振り返る作品。ダークファンタジーと過激な戦いで知られる。"
2132,primary,ja-JP,BLEACH 千年血戦篇,"""BLEACH 千年血戦篇"" は『BLEACH』の最終章。黒崎一護の戦い。今作は千年血戦篇とユーハバッハの脅威を巡る作品。バトルと熱さ、群像劇が特徴で、高品質な制作。"
2133,primary,ja-JP,不滅のあなたへ 第2期,"""不滅のあなたへ 第2期"" は第1期の続編。不死の少年の物語が続く。今作は少年の旅での成長と出会いがさらに発展。ファンタジーと癒し、哀愁がテーマで、重厚な雰囲気。"
2134,primary,ja-JP,永久少年 Eternal Boys,"""永久少年 Eternal Boys"" は中年アイドルの物語を描くオリジナルアニメ。中年の男性たちがアイドルグループを結成する。アイドルとコメディ、群像劇が特徴で、温かい雰囲気。"
2135,primary,ja-JP,うる星やつら,"""うる星やつら"" は名作コメディアニメのリメイク。ラムとあたるの日常。今作は名作を再解釈した作品。コメディと恋愛、日常が特徴で、楽しい雰囲気。"
2136,primary,ja-JP,某天早上变成人头麦克风的我君的人生,これは人間の頭部マイクになった少年の物語を描く短編アニメ。コメディと日常、ナンセンスが特徴で、短いエピソードと濃い笑い。
2137,primary,ja-JP,聖剣伝説 Legend of Mana -The Teardrop Crystal-,"""聖剣伝説 Legend of Mana -The Teardrop Crystal-"" は同名ゲームをアニメ化。聖剣の世界での少年たちの冒険。ファンタジーと冒険、バトルが特徴で、華麗なバトルシーン。"
2138,primary,ja-JP,ブルーロック,"""ブルーロック"" は同名漫画をアニメ化。ブルーロックの養成施設で、フォワードたちが最強ストライカーを競う。サッカーと生存、群像劇が特徴で、緊迫した雰囲気。"
2139,primary,ja-JP,月野艺能 华彩原石,これは同名プロジェクトをアニメ化。少年たちのアイドル物語。音楽とアイドル、群像劇が特徴で、華やかな雰囲気。少年たちのステージパフォーマンスが魅力的。
2140,primary,ja-JP,僕のヒーローアカデミア 第6期,"""僕のヒーローアカデミア 第6期"" はシリーズの続編。緑谷出久のヒーローの道が続く。今作は超常社会の存亡をかけた戦争を巡り、デクとA組が戦いの転機を迎える。ヒーローと熱さ、成長がテーマ。"
2141,primary,ja-JP,うちの師匠はしっぽがない,"""うちの師匠はしっぽがない"" は同名漫画をアニメ化。落語の少女と狐の妖怪の物語。落語と日常、癒しが特徴で、少女の落語での成長と師匠との掛け合いが温かさに満ちている。"
2142,primary,ja-JP,アイドリッシュセブン Third Beat! 第2クール,"""アイドリッシュセブン Third Beat! 第2クール"" はシリーズの続編。アイドルグループIDOLiSH7の物語が続く。今作は少年たちのアイドルステージでの挑戦がさらに発展。音楽とアイドル、群像劇が特徴。"
2143,primary,ja-JP,ヤマノススメ Next Summit,"""ヤマノススメ Next Summit"" はシリーズの続編。少女たちの登山日常が続く。今作はあおいとパートナーたちが登山しながら新たな挑戦に臨む。登山と日常、癒しが特徴で、爽やかな作画と温かい雰囲気。"
2144,primary,ja-JP,怪盗クイーンはサーカスがお好き,"""怪盗クイーンはサーカスがお好き"" は怪盗クイーンの日常を描く短編アニメ。コメディと怪盗、日常が特徴で、短いエピソードとテンポの良い展開。"
2145,primary,ja-JP,映画 五等分の花嫁,"""映画 五等分の花嫁"" は『五等分の花嫁』の映画。上杉風太郎と五つ子の恋愛。今作は風太郎と五つ子の関係のクライマックスを巡る作品。恋愛と学園、コメディが特徴。"
2146,primary,ja-JP,犬王,"""犬王"" は湯浅政明の映画アニメ。能楽師と琵琶法師の物語。犬王と友魚の出会いと音楽。音楽と歴史、群像劇がテーマで、想像力豊かな映像。犬王の歌が圧巻。"
2147,primary,ja-JP,ドラゴンボール超 スーパーヒーロー,"""ドラゴンボール超 スーパーヒーロー"" は『ドラゴンボール超』の映画。孫悟空とベジータの戦い。今作は新たな敵とサイヤ人の物語を巡る作品。格闘と熱さ、群像劇が特徴。"
2148,primary,ja-JP,ポプテピピック 第2シリーズ,"""ポプテピピック 第2シリーズ"" は第1期の続編。二人の少女のナンセンス日常が続く。パロディと毒舌、奇想天外なアイデアが特徴で、大胆な演出。"
2149,primary,ja-JP,劇場版 異世界かるてっと 〜あなざーわーるど〜,"""劇場版 異世界かるてっと 〜あなざーわーるど〜"" は『異世界かるてっと』の映画。各作品のキャラクターが集う。今作はキャラクターたちが新世界で冒険する。パロディと毒舌、群像劇が特徴。"
2150,primary,ja-JP,映画ドラえもん のび太の宇宙小戦争2021,"""映画ドラえもん のび太の宇宙小戦争2021"" は『ドラえもん』の映画。のび太とパーティの宇宙冒険。今作は宇宙小戦争編を巡る作品。のび太とドラえもんが宇宙で冒険する。冒険とSF、友情がテーマ。"
2151,primary,ja-JP,名探偵コナン ハロウィンの花嫁,"""名探偵コナン ハロウィンの花嫁"" は『名探偵コナン』の映画。コナンと安室のアクション。今作はハロウィンの爆発事件を巡る作品。推理とアクション、サスペンスが特徴。"
2152,primary,ja-JP,グッバイ、ドン・グリーズ！,"""グッバイ、ドン・グリーズ！"" は少年たちの夏の冒険を描く映画アニメ。夏の少年たちの冒険と成長。冒険と青春、癒しがテーマで、繊細な映像。少年たちの成長が感動的。"
2153,primary,ja-JP,劇場版マクロスΔ 絶対LIVE!!!!!!,"""劇場版マクロスΔ 絶対LIVE!!!!!!"" は『マクロスΔ』の映画。歌姫たちの物語。今作は絶対LIVEを巡る作品。メカバトルと音楽、恋愛が特徴で、心に響く楽曲と華麗なバトルシーン。"
2154,primary,ja-JP,弱虫ペダル LIMIT BREAK,"""弱虫ペダル LIMIT BREAK"" はシリーズの続編。小野田坂道の自転車レースが続く。今作は坂道の全国大会での競争がクライマックスを迎える。自転車と熱さ、競技が特徴。"
2155,primary,ja-JP,映画 からかい上手の高木さん,"""映画 からかい上手の高木さん"" は『からかい上手の高木さん』の映画。高木と西片の物語。今作は二人の関係の新章を巡る作品。恋愛と日常、コメディが特徴で、明るく甘い雰囲気。"
2156,primary,ja-JP,銀河英雄伝説 Die Neue These 策謀 第1章,"""銀河英雄伝説 Die Neue These 策謀 第1章"" は『銀河英雄伝説』の映画。ラインハルトとヤン・ウェンリーの対決が続く。今作は策謀を巡る作品。スペースオペラと戦略、群像劇が特徴。"
2157,primary,ja-JP,DEEMO サクラノオト -あなたの奏でた音が、今も響く-,"""DEEMO サクラノオト -あなたの奏でた音が、今も響く-"" はDEEMOの映画。少女とDEEMOの物語。今作はピアノの物語を巡る作品。音楽と癒し、ファンタジーがテーマで、繊細な映像。"
2158,primary,ja-JP,后宫露营！,これはキャンプ中の恋愛を描く短編アダルト向けアニメ。恋愛とアダルト、日常が特徴で、アンニュイな雰囲気と緊張感ある掛け合い。
2159,primary,ja-JP,人类毛病大学 -不死学部不幸学科-,これは同名漫画をアニメ化。人間バグ大学のコメディ日常。コメディとパロディ、日常が特徴で、短いエピソードと濃い笑い。ナンセンスな設定でのコメディを描く。
2160,primary,ja-JP,デ・ジ・キャラット 令和,"""デ・ジ・キャラット 令和"" は『デ・ジ・キャラット』の新作アニメ。キャラクターたちの日常。軽やかな日常に焦点を当てた作品。可愛いキャラクターとコメディ、日常が特徴。"
2161,primary,ja-JP,PUI PUI モルカー DRIVING SCHOOL,"""PUI PUI モルカー DRIVING SCHOOL"" はシリーズの続編。モルカーたちの物語が続く。今作は教習所でのモルカーたちの日常。可愛いペットとコメディ、癒しが特徴で、短いエピソード。"
2162,primary,ja-JP,马娘摇曳,これは『ウマ娘 プリティーダービー』の短編アニメ。ウマ娘たちのQ版日常。競技とコメディ、日常が特徴で、可愛い作画と短いエピソード。
2163,primary,ja-JP,艦隊これくしょん -艦これ- いつかあの海で,"""艦隊これくしょん -艦これ- いつかあの海で"" は『艦隊これくしょん』のアニメ。艦娘たちの戦い。今作は新章を巡る作品。艦娘とバトル、群像劇が特徴で、可愛い作画。"
2164,primary,ja-JP,映画 ゆるキャン△,"""映画 ゆるキャン△"" は『ゆるキャン△』の映画。少女たちのキャンプ日常。今作はなでしこ、リンたちが新たなキャンプで挑戦に臨む。キャンプと日常、癒しが特徴。"
2165,primary,ja-JP,すずめの戸締まり,"""すずめの戸締まり"" は新海誠の映画アニメ。少女すずめの旅の物語。すずめが災いの扉を閉める旅をする。冒険と癒し、成長がテーマで、美しい映像。すずめの旅が感動的。"
2166,primary,ja-JP,トニカクカワイイ 制服,"""トニカクカワイイ 制服"" はシリーズの続編。ナサと司の結婚日常が続く。今作は制服の日常を巡る作品。恋愛と日常、癒しが特徴で、明るい雰囲気。"
2167,primary,ja-JP,僕とロボコ,"""僕とロボコ"" は同名漫画をアニメ化。少年とメイドロボットのコメディ日常。コメディと日常、SFが特徴で、ロボコのナンセンスが笑いに満ち、明るい雰囲気。"
2168,primary,ja-JP,Show Time！唱歌的大姐姐也想做 第二季,これはシリーズの続編。歌うお姉さんの恋愛が続く。恋愛とアダルト、日常が特徴で、アンニュイな雰囲気。
2169,primary,ja-JP,LUPIN ZERO,"""LUPIN ZERO"" は『ルパン三世』の前日譚。若きルパンの物語。今作は若きルパンの出会いを巡る作品。怪盗と冒険、コメディが特徴で、レトロな味わいの画風。"
2170,primary,ja-JP,七つの大罪 怨念のエジンバラ 前編,"""七つの大罪 怨念のエジンバラ 前編"" は『七つの大罪』の映画。メリオダスとパートナーたちの冒険。今作は怨念のエジンバラを巡る作品。ファンタジー冒険と熱いバトル、仲間との絆が特徴。"
2171,primary,ja-JP,スパイ教室,"""スパイ教室"" は同名ライトノベルをアニメ化。養成学校でのスパイの少女たちの物語。スパイと策謀、群像劇が特徴で、少女たちの任務と訓練が緊張感に満ちている。"
2172,primary,ja-JP,お兄ちゃんはおしまい！,"""お兄ちゃんはおしまい！"" は同名漫画をアニメ化。妹になった引きこもり兄の日常。日常とコメディ、萌えが特徴で、兄の女子化した日常が笑いに満ち、洗練された作画と明るい雰囲気。"
2173,primary,ja-JP,イジらないで、長瀞さん 2nd Attack,"""イジらないで、長瀞さん 2nd Attack"" はシリーズの続編。長瀞と少年の日常が続く。今作は二人の掛け合いがさらに発展。恋愛とコメディ、日常が特徴で、明るい雰囲気。"
2174,primary,ja-JP,魔術士オーフェンはぐれ旅 アーバンラマ編,"""魔術士オーフェンはぐれ旅 アーバンラマ編"" はシリーズの続編。魔術士オーフェンの旅が続く。今作はオーフェンがアーバンラマ編で新たな試練に挑む。ファンタジーと冒険、熱さが特徴。"
2175,primary,ja-JP,冰属性男子とクールな同僚女子,"""冰属性男子とクールな同僚女子"" は同名漫画をアニメ化。氷属性の男性と同僚の女性の恋愛。恋愛と職場、日常が特徴で、氷男の純真さと同僚のクールさが萌えに満ち、温かい雰囲気。"
2176,primary,ja-JP,犬になったら好きな人に拾われた。,"""犬になったら好きな人に拾われた。"" は同名漫画をアニメ化。犬になった少年が好きな人に拾われる。恋愛とコメディ、日常が特徴で、犬の視点と少女との掛け合いが笑いに満ちている。"
2177,primary,ja-JP,英雄王、武を極めるため転生す 〜そして、世界最強の見習い騎士♀〜,"""英雄王、武を極めるため転生す 〜そして、世界最強の見習い騎士♀〜"" は同名ライトノベルをアニメ化。英雄王が見習い騎士の少女に転生する。異世界とバトル、コメディが特徴。"
2178,primary,ja-JP,ヴィンランド・サガ SEASON2,"""ヴィンランド・サガ SEASON2"" は第1期の続編。トルフィンの物語が続く。今作はトルフィンの贖罪と成長の旅が展開。歴史と戦争、群像劇がテーマで、重厚な雰囲気。"
2179,primary,ja-JP,アルスの巨獣,"""アルスの巨獣"" は少年と巨獣の物語を描くオリジナルアニメ。巨獣の世界での少年たちの冒険。ファンタジーとバトル、群像劇が特徴で、独特の雰囲気。"
2180,primary,ja-JP,HIGH CARD,"""HIGH CARD"" はカードとバトルの物語を描くオリジナルアニメ。カード競技での少年たちの戦い。カードと熱さ、群像劇が特徴で、華麗なバトルシーン。"
2181,primary,ja-JP,ツルネ -つながりの一射-,"""ツルネ -つながりの一射-"" はシリーズの続編。弓道部の少年たちの物語が続く。今作は少年たちの弓道での成長と絆がさらに発展。弓道と青春、群像劇が特徴で、静かな雰囲気。"
2182,primary,ja-JP,シュガーアップル・フェアリーテイル,"""シュガーアップル・フェアリーテイル"" は同名漫画をアニメ化。砂糖の世界での少女と黒い妖精の物語。ファンタジーと恋愛、癒しが特徴で、少女の成長と黒い妖精との掛け合いが温かさに満ちている。"
2183,primary,ja-JP,REVENGER,"""REVENGER"" は同名漫画をアニメ化。酒場での復讐者たちの物語。ファンタジーとバトル、群像劇が特徴で、独特の雰囲気。復讐者たちの活躍が緊張感に満ちている。"
2184,primary,ja-JP,冰剣の魔術師が世界を統べる,"""冰剣の魔術師が世界を統べる"" は同名ライトノベルをアニメ化。学園での冰剣の魔術師の物語。学園とバトル、熱さが特徴で、冰剣の魔術師の力が見どころ。華麗なバトルシーン。"
2185,primary,ja-JP,解雇された暗黒兵士（30代）のスローなセカンドライフ,"""解雇された暗黒兵士（30代）のスローなセカンドライフ"" は同名ライトノベルをアニメ化。解雇された暗黒兵士がスローライフを始める。異世界と日常、癒しが特徴で、暗黒兵士のスローライフが温かさに満ちている。"
2186,primary,ja-JP,ポーション頼みで生き延びます！,"""ポーション頼みで生き延びます！"" は同名ライトノベルをアニメ化。少女が老後の資金を稼ぐために異世界へ行く。異世界とライトアドベンチャー、コメディが特徴で、貯金計画が笑いに満ちている。"
2187,primary,ja-JP,トモちゃんは女の子！,"""トモちゃんは女の子！"" は同名漫画をアニメ化。男勝りなトモと幼馴染の恋愛。恋愛とコメディ、日常が特徴で、トモの男勝りなギャップが萌えに満ち、明るい雰囲気。"
2188,primary,ja-JP,異世界のんびり農家,"""異世界のんびり農家"" は同名ライトノベルをアニメ化。転生者が異世界で農業を営む。異世界と日常、癒しが特徴で、のんびりとした温かい農園生活が見どころ。"
2189,primary,ja-JP,転生王女と天才令嬢の魔法革命,"""転生王女と天才令嬢の魔法革命"" は同名ライトノベルをアニメ化。転生した王女と天才令嬢の物語。異世界と百合、魔法が特徴で、二人の出会いと魔法革命が見どころ。華やかな雰囲気。"
2190,primary,ja-JP,人間不信の冒険者たちが世界を救うようです,"""人間不信の冒険者たちが世界を救うようです"" は同名ライトノベルをアニメ化。人間を信じない冒険者たちがパーティを組む。異世界と冒険、群像劇が特徴で、個性的な主人公たちの冒険が見どころ。"
2191,primary,ja-JP,虚構推理 第2期,"""虚構推理 第2期"" は第1期の続編。岩永琴子の推理が続く。今作は琴子が新たな怪異や事件を解決する。推理と怪談、群像劇が特徴で、独特の雰囲気。"
2192,primary,ja-JP,吸血鬼すぐ死ぬ 第2期,"""吸血鬼すぐ死ぬ 第2期"" は第1期の続編。吸血鬼ハンター・ロナルドの日常が続く。今作は弱い吸血鬼とハンターのコメディがさらに発展。コメディと日常、ファンタジーが特徴。"
2193,primary,ja-JP,大雪海のカイナ,"""大雪海のカイナ"" は大雪海での少年たちの物語を描くオリジナルアニメ。樹の世界での少年たちの冒険。ファンタジーと冒険、群像劇が特徴で、独特の雰囲気。"
2194,primary,ja-JP,東京リベンジャーズ 聖夜決戦編,"""東京リベンジャーズ 聖夜決戦編"" はシリーズの続編。花垣武道のタイムトラベルバトルが続く。今作は聖夜決戦を巡る作品。タイムトラベルと熱さ、群像劇が特徴。"
2195,primary,ja-JP,久保さんは僕を許さない,"""久保さんは僕を許さない"" は同名漫画をアニメ化。存在感の薄い少年と久保さんの日常。恋愛と日常、コメディが特徴で、久保さんのからかいと少年の反応が萌えに満ちている。"
2196,primary,ja-JP,お隣の天使様にいつの間にか駄目人間にされていた件,"""お隣の天使様にいつの間にか駄目人間にされていた件"" は同名ライトノベルをアニメ化。少年と隣の天使のような少女の日常。恋愛と日常、癒しが特徴で、天使様の世話と少年の甘やかされが温かさに満ちている。"
2197,primary,ja-JP,沦落者之夜,これは同名漫画をアニメ化。吸血鬼の少女と人間たちの物語。ファンタジーと癒し、群像劇が特徴で、少女の夜の生活が温かさに満ち、独特の雰囲気。
2198,primary,ja-JP,众星齐聚,これは夜空の下での少年たちの物語を描くオリジナルアニメ。星観察を背景にした少年たちの日常。日常と癒し、群像劇が特徴で、静かな雰囲気。
2199,primary,ja-JP,D4DJ All Mix,"""D4DJ All Mix"" はシリーズの続編。DJの少女たちの物語が続く。今作は少女たちがDJの道で新たな挑戦に臨む。音楽と青春、群像劇が特徴で、心に響く楽曲。"
2200,primary,ja-JP,痛いのは嫌なので防御力に極振りしたいと思います。 第2期,"""痛いのは嫌なので防御力に極振りしたいと思います。 第2期"" は第1期の続編。メイプルのゲーム冒険が続く。今作はメイプルの全防御と新イベントが展開。ゲームとライトアドベンチャー、コメディが特徴。"
2201,primary,ja-JP,神達に拾われた男 第2期,"""神達に拾われた男 第2期"" は第1期の続編。転生した少年の異世界生活が続く。今作は少年のスローライフと新たな冒険が展開。異世界とライトアドベンチャー、癒しが特徴。"
2202,primary,ja-JP,にじよん あにめーしょん,"""にじよん あにめーしょん"" は『ラブライブ！虹ヶ咲学園スクールアイドル同好会』の短編アニメ。少女たちのQ版日常。音楽とコメディ、日常が特徴で、可愛い作画と短いエピソード。"
2203,primary,ja-JP,超技舞台,これはステージ競技での少年たちの物語を描くオリジナルアニメ。ステージでの少年たちの戦い。競技と熱さ、群像劇が特徴で、熱い雰囲気。
2204,primary,ja-JP,もういっぽん！,"""もういっぽん！"" は同名漫画をアニメ化。柔道の少女たちの物語。柔道と青春、群像劇が特徴で、緊張感ある試合シーン。少女たちの成長が感動的。"
2205,primary,ja-JP,ツンデレ悪役令嬢リーゼロッテと実況の遠藤くんと解説の小林さん,"""ツンデレ悪役令嬢リーゼロッテと実況の遠藤くんと解説の小林さん"" は同名ライトノベルをアニメ化。実況される悪役令嬢の恋愛。異世界と恋愛、コメディが特徴で、実況設定が笑いに満ちている。"
2206,primary,ja-JP,TRIGUN STAMPEDE,"""TRIGUN STAMPEDE"" は同名漫画をアニメ化。ガンマンのヴァッシュの荒野での冒険。ガンアクションと熱さ、群像劇が特徴で、華麗なバトルシーン。ヴァッシュの冒険が緊張感に満ちている。"
2207,primary,ja-JP,最強陰陽師の異世界転生記,"""最強陰陽師の異世界転生記"" は同名ライトノベルをアニメ化。最強の陰陽師が異世界に転生する。異世界とバトル、熱さが特徴で、陰陽師の力が見どころ。華麗なバトルシーン。"
2208,primary,ja-JP,Buddy Daddies,"""Buddy Daddies"" は同名漫画をアニメ化。冷酷な殺し屋と子供の日常。コメディと日常、家族が特徴で、殺し屋のギャップと子供との掛け合いが萌えに満ち、温かい雰囲気。"
2209,primary,ja-JP,便利屋斎藤さん、異世界に行く,"""便利屋斎藤さん、異世界に行く"" は同名漫画をアニメ化。便利屋の斎藤さんの異世界での冒険。異世界とライトアドベンチャー、群像劇が特徴で、斎藤さんのスキルと冒険が見どころ。"
2210,primary,ja-JP,英雄伝説 閃の軌跡 Northern War,"""英雄伝説 閃の軌跡 Northern War"" は同名ゲームをアニメ化。北の戦争での遊撃士の物語。冒険とバトル、群像劇が特徴で、華麗なバトルシーン。"
2211,primary,ja-JP,進化の実〜知らないうちに勝ち組人生〜 第2期,"""進化の実〜知らないうちに勝ち組人生〜 第2期"" はシリーズの続編。進化の実の主人公の冒険が続く。今作は主人公の進化と勝利がさらに発展。異世界とライトアドベンチャー、ハーレムが特徴。"
2212,primary,ja-JP,とんでもスキルで異世界放浪メシ,"""とんでもスキルで異世界放浪メシ"" は同名ライトノベルをアニメ化。超常スキルを持つ少年が異世界を放浪する。異世界とグルメ、ライトアドベンチャーが特徴で、主人公のグルメ旅が温かさに満ちている。"
2213,primary,ja-JP,魔王学院の不適合者 〜史上最強の魔王の始祖、転生して子孫たちの学校へ通う〜 第2期,"""魔王学院の不適合者 〜史上最強の魔王の始祖、転生して子孫たちの学校へ通う〜 第2期"" は第1期の続編。アノスの物語が続く。今作はアノスの学園での戦いがさらに発展。異世界と熱さ、爽快感が特徴。"
2214,primary,ja-JP,もののがたり,"""もののがたり"" は同名漫画をアニメ化。少年と付喪神の物語。妖怪とバトル、癒しが特徴で、少年と付喪神の絆が温かさに満ち、独特の雰囲気。"
2215,primary,ja-JP,ダンジョンに出会いを求めるのは間違っているだろうか 第4期 深章 厄災編,"""ダンジョンに出会いを求めるのは間違っているだろうか 第4期 深章 厄災編"" はシリーズの続編。ベルの冒険が続く。今作はベルが迷宮の厄災編で新たな試練に挑む。ファンタジーと冒険、バトルが特徴。"
2216,primary,ja-JP,ニーア オートマタ Ver1.1a,"""ニーア オートマタ Ver1.1a"" は同名ゲームをアニメ化。荒廃した世界でのアンドロイドの戦い。SFとバトル、哲学がテーマで、重厚な雰囲気。アンドロイドの運命が緊張感に満ちている。"
2217,primary,ja-JP,あやかしトライアングル,"""あやかしトライアングル"" は同名漫画をアニメ化。少年と妖の少女の物語。恋愛とファンタジー、バトルが特徴で、少年の変身と妖の日常が萌えに満ち、明るい雰囲気。"
2218,primary,ja-JP,私に天使が舞い降りた！プレシャス・フレンズ,"""私に天使が舞い降りた！プレシャス・フレンズ"" は『私に天使が舞い降りた！』の映画。みやこと少女たちの日常。今作は少女たちの友情を巡る作品。日常と癒し、百合が特徴で、可愛い作画と温かい雰囲気。"
2219,primary,ja-JP,ツルネ はじまりの一射,"""ツルネ はじまりの一射"" は『ツルネ』の映画。弓道部の少年たちの物語。今作は少年たちの弓道の道を巡る作品。弓道と青春、群像劇が特徴で、静かな雰囲気。"
2220,primary,ja-JP,映画 バクテン!!,"""映画 バクテン!!"" は『バクテン!!』の映画。男子新体操の少年たちの物語。今作は少年たちの大会を巡る作品。スポーツと青春、群像劇が特徴で、美しい演技シーン。"
2221,primary,ja-JP,RE:cycle of the PENGUINDRUM [第2部] 僕は君を愛してる,"""RE:cycle of the PENGUINDRUM [第2部] 僕は君を愛してる"" は『輪るピングドラム』の映画。少年たちの物語。今作は生存戦略編のクライマックスを巡る作品。ファンタジーとサスペンス、群像劇が特徴。"
2222,primary,ja-JP,最后的召唤师,これは召喚士の物語を描く短編アニメ。ファンタジーとバトル、群像劇が特徴で、独特の雰囲気。召喚士の冒険が緊張感に満ちている。
2223,primary,ja-JP,文豪ストレイドッグス 第4シーズン,"""文豪ストレイドッグス 第4シーズン"" はシリーズの続編。武装探偵社の異能バトルが続く。今作は新章とポートマフィアとの対立を巡る作品。異能バトルと文豪擬人化、群像劇が特徴。"
2224,primary,ja-JP,食草老龙被冠以恶龙之名,これは同名ライトノベルをアニメ化。草食竜が悪竜と誤解される。異世界とコメディ、日常が特徴で、草食竜のギャップが笑いに満ち、明るい雰囲気。
2225,primary,ja-JP,埃及神明们的日常 第二季,これは第1期の続編。エジプトの神々の日常が続く。神話とコメディ、日常が特徴で、洗練された作画と短いエピソード。
2226,primary,ja-JP,火狩りの王,"""火狩りの王"" は同名小説をアニメ化。火狩りの世界での少年たちの戦い。ファンタジーとバトル、群像劇が特徴で、独特の雰囲気。少年たちの運命が緊張感に満ちている。"
2227,primary,ja-JP,ひろがるスカイ！プリキュア,"""ひろがるスカイ！プリキュア"" はプリキュアシリーズのアニメ。空の力で戦う少女たち。今作は少女たちが敵と戦いながら成長する。魔法少女とバトル、日常が特徴。"
2228,primary,ja-JP,ガールズ&パンツァー 最終章 第3話,"""ガールズ&パンツァー 最終章 第3話"" は最終章の続編。少女たちの戦車バトルが続く。今作は大洗女子学園が新たな相手と対戦する。戦車と熱さ、群像劇が特徴で、迫力あるバトルシーン。"
2229,primary,ja-JP,映画 デリシャスパーティ プリキュア 夢みるお子さまランチ！,"""映画 デリシャスパーティ プリキュア 夢みるお子さまランチ！"" はプリキュアシリーズの映画。少女たちの戦い。今作は夢みるお子さまランチを巡る作品。魔法少女とグルメ、日常が特徴。"
2230,primary,ja-JP,すみっコぐらし 青い月夜のまほうのコ,"""すみっコぐらし 青い月夜のまほうのコ"" は『すみっコぐらし』の映画。隅っこキャラクターたちの冒険。今作は青い月夜での隅っこたちの旅。可愛いキャラクターと癒し、冒険が特徴。"
2231,primary,ja-JP,進撃の巨人 The Final Season 完結編（前編）,"""進撃の巨人 The Final Season 完結編（前編）"" は最終シーズンの続編。エレンと調査兵団の物語が終わりを迎える。今作は最終決戦と巨人の真実を巡る作品。バトルとサスペンス、絶望がテーマ。"
2232,primary,ja-JP,ONE PIECE FILM RED,"""ONE PIECE FILM RED"" は『ONE PIECE』の映画。ルフィと歌姫ウタの物語。今作はウタの歌とシャンクスとの絆を巡る作品。冒険と音楽、仲間との絆がテーマで、華麗なバトルシーン。"
2233,primary,ja-JP,劇場版 転生したらスライムだった件 紅蓮の絆編,"""劇場版 転生したらスライムだった件 紅蓮の絆編"" は『転生したらスライムだった件』の映画。リムルの物語。今作は紅蓮の絆を巡る作品。異世界とライトアドベンチャー、群像劇が特徴。"
2234,primary,ja-JP,僕が愛したすべての君へ,"""僕が愛したすべての君へ"" はタイムトラベルの恋愛を描く映画アニメ。並行世界の恋愛を中心に描く。SFと恋愛、群像劇がテーマで、独特の雰囲気。"
2235,primary,ja-JP,君を愛したひとりの僕へ,"""君を愛したひとりの僕へ"" はタイムトラベルの恋愛を描く映画アニメ。並行世界の恋愛を中心に描く。SFと恋愛、群像劇がテーマで、独特の雰囲気。"
2236,primary,ja-JP,かぐや様は告らせたい-ファーストキッスは終わらない-,"""かぐや様は告らせたい-ファーストキッスは終わらない-"" は『かぐや様は告らせたい？』の映画。白銀とかぐやの恋愛。今作はファーストキス編を巡る作品。恋愛とコメディ、頭脳戦が特徴。"
2237,primary,ja-JP,僕の心のヤバイやつ,"""僕の心のヤバイやつ"" は同名漫画をアニメ化。陰キャな少年と美少女の恋愛。恋愛と日常、コメディが特徴で、少年の妄想と二人の掛け合いが萌えに満ち、温かい雰囲気。"
2238,primary,ja-JP,絆のアリル,"""絆のアリル"" はバーチャルアイドルの物語を描くオリジナルアニメ。バーチャルアイドルの道で少女たちが成長する。音楽とアイドル、群像劇が特徴で、温かい雰囲気。"
2239,primary,ja-JP,江戸前エルフ,"""江戸前エルフ"" は同名漫画をアニメ化。江戸のエルフと巫女の少女の日常。日常と癒し、ファンタジーが特徴で、エルフと少女の掛け合いが萌えに満ち、温かい雰囲気。"
2240,primary,ja-JP,山田くんとLv999の恋をする,"""山田くんとLv999の恋をする"" は同名漫画をアニメ化。大学生とゲーム上手の少年の恋愛。恋愛とゲーム、日常が特徴で、二人の出会いと掛け合いが温かさに満ちている。"
2241,primary,ja-JP,女神のカフェテラス,"""女神のカフェテラス"" は同名漫画をアニメ化。少年と5人の女神たちのカフェ日常。恋愛とコメディ、日常が特徴で、少年と女神たちの掛け合いが笑いに満ち、明るい雰囲気。"
2242,primary,ja-JP,この素晴らしい世界に爆焔を！,"""この素晴らしい世界に爆焔を！"" は『この素晴らしい世界に祝福を！』のスピンオフ。めぐみんの物語。今作はめぐみんと紅魔族の日常を巡る作品。異世界とコメディ、熱さが特徴。"
2243,primary,ja-JP,スキップとローファー,"""スキップとローファー"" は同名漫画をアニメ化。田舎の少女の東京の高校での青春物語。青春と日常、群像劇が特徴で、少女の成長と友情が温かさに満ち、明るい雰囲気。"
2244,primary,ja-JP,天国大魔境,"""天国大魔境"" は同名漫画をアニメ化。魔境での少年少女の物語。SFとサスペンス、群像劇がテーマで、独特の雰囲気。少年たちの冒険と真実が徐々に明かされる。"
2245,primary,ja-JP,君は放課後インソムニア,"""君は放課後インソムニア"" は同名漫画をアニメ化。不眠症の少年と少女の天文部の物語。恋愛と日常、癒しが特徴で、二人の眠れない夜と星空の夜が温かさに満ちている。"
2246,primary,ja-JP,鬼滅の刃 刀鍛冶の里編,"""鬼滅の刃 刀鍛冶の里編"" はシリーズの続編。炭治郎の戦いが続く。今作は炭治郎の刀鍛冶の里での戦いと新たな柱が展開。熱さとバトル、絆がテーマで、高品質な制作。"
2247,primary,ja-JP,異世界はスマートフォンとともに。 第2期,"""異世界はスマートフォンとともに。 第2期"" は第1期の続編。望月冬夜の異世界冒険が続く。今作は冬夜の力とハーレム生活がさらに発展。異世界とハーレム、ライトアドベンチャーが特徴。"
2248,primary,ja-JP,演剧星世界,これは演劇での少年たちの物語を描くオリジナルアニメ。少年たちが演劇の競争で成長する。舞台と青春、群像劇が特徴で、独特の雰囲気。
2249,primary,ja-JP,東京ミュウミュウ にゅ～♡ 第2期,"""東京ミュウミュウ にゅ～♡ 第2期"" は第1期の続編。猫娘たちの戦いが続く。今作は地球を守るため猫に変身する少女たちの戦いがさらに発展。魔法少女とバトル、日常が特徴。"
2250,primary,ja-JP,マイ・クローレス・ファースト・フレンド,"""マイ・クローレス・ファースト・フレンド"" は同名漫画をアニメ化。転校生と孤独な少女の日常。恋愛と日常、コメディが特徴で、転校生の真っ直ぐさと少女の照れが萌えに満ちている。"
2251,primary,ja-JP,EDENS ZERO 第2期,"""EDENS ZERO 第2期"" は第1期の続編。少年シキの宇宙冒険が続く。今作はシキとパートナーたちの宇宙での冒険がさらに発展。冒険と熱さ、群像劇が特徴で、華麗なバトルシーン。"
2252,primary,ja-JP,色彩高校星,これは美術学校での少年たちの物語を描くオリジナルアニメ。美術と青春での少年たちの成長。美術と青春、群像劇が特徴で、独特の雰囲気。
2253,primary,ja-JP,逃走中 グレートミッション,"""逃走中 グレートミッション"" は同名バラエティ企画をアニメ化。逃走の物語を描く。逃走での少年たちの挑戦と冒険。生存と競争、群像劇が特徴で、緊迫した雰囲気。"
2254,primary,ja-JP,くまクマ熊ベアー ぱーんち！,"""くまクマ熊ベアー ぱーんち！"" は第1期の続編。少女ユナのクマスーツ冒険が続く。今作はユナの異世界での冒険と日常がさらに発展。異世界とライトアドベンチャー、萌えが特徴。"
2255,primary,ja-JP,MIX 2ND SEASON,"""MIX 2ND SEASON"" は第1期の続編。明青学園の野球物語が続く。今作は野球での少年たちの青春がさらに発展。野球と青春、恋愛が特徴で、温かい雰囲気。"
2256,primary,ja-JP,六道の悪女たち,"""六道の悪女たち"" は同名漫画をアニメ化。ヤンキーの六道と悪女たちの物語。コメディとバトル、群像劇が特徴で、悪女たちの個性と掛け合いが笑いに満ちている。"
2257,primary,ja-JP,転生貴族の異世界冒険録,"""転生貴族の異世界冒険録"" は同名ライトノベルをアニメ化。転生した貴族の少年の異世界での冒険。異世界とライトアドベンチャー、ハーレムが特徴で、少年の力と冒険が見どころ。"
2258,primary,ja-JP,ザ・マージナルサービス,"""ザ・マージナルサービス"" はマージナルな世界での物語を描くオリジナルアニメ。マージナルな世界での少年たちの戦いと日常。ファンタジーとサスペンス、群像劇が特徴。"
2259,primary,ja-JP,マッシュル-MASHLE-,"""マッシュル-MASHLE-"" は同名漫画をアニメ化。魔法の代わりに筋肉を使う少年マッシュ。コメディとバトル、熱さが特徴で、マッシュが物理で魔法に挑む設定が笑いに満ちている。"
2260,primary,ja-JP,王様ランキング 勇気の宝箱,"""王様ランキング 勇気の宝箱"" は『王様ランキング』のスピンオフアニメ。ボッジの物語。軽やかな日常に焦点を当てた作品。童話と熱さ、癒しがテーマで、温かい雰囲気。"
2261,primary,ja-JP,デッドマウント・デスプレイ,"""デッドマウント・デスプレイ"" は同名漫画をアニメ化。現代都市での不死身の魔術師の物語。ファンタジーとサスペンス、群像劇が特徴で、独特の雰囲気。魔術師の現代生活が緊張感に満ちている。"
2262,primary,ja-JP,アリス・ギア・アイギス EXPANSION,"""アリス・ギア・アイギス EXPANSION"" は同名ゲームをアニメ化。機体を操り戦う少女たちの物語。メカとバトル、群像劇が特徴で、華麗なバトルシーン。少女たちの成長と絆が通底する。"
2263,primary,ja-JP,魔術士オーフェンはぐれ旅 サンクチュアリ編,"""魔術士オーフェンはぐれ旅 サンクチュアリ編"" はシリーズの続編。魔術士オーフェンの旅が続く。今作はオーフェンがサンクチュアリ編で新たな試練に挑む。ファンタジーと冒険、熱さが特徴。"
2264,primary,ja-JP,向涟苍士献上纯洁,これは少女と騎士の恋愛を描く短編アダルト向けアニメ。恋愛とアダルト、日常が特徴で、アンニュイな雰囲気と緊張感ある掛け合い。
2265,primary,ja-JP,神無き世界のカミサマ活動,"""神無き世界のカミサマ活動"" は同名漫画をアニメ化。神のいない世界での少年の物語。ファンタジーとコメディ、バトルが特徴で、神々の活動と少年の冒険が笑いに満ちている。"
2266,primary,ja-JP,異世界ワンターンキル姉さん,"""異世界ワンターンキル姉さん"" は同名ライトノベルをアニメ化。異世界に召喚された姉弟。異世界とライトアドベンチャー、コメディが特徴で、姉の力と弟の日常が見どころ。"
2267,primary,ja-JP,【推しの子】,"""【推しの子】"" は同名漫画をアニメ化。アイドルの子供たちの芸能界の物語。芸能界とサスペンス、群像劇がテーマで、高品質な制作。キャラクターの運命が緊張感に満ちている。"
2268,primary,ja-JP,地獄楽,"""地獄楽"" は同名漫画をアニメ化。死罪人が自由を得るため仙人の島へ向かう。バトルと生存、ダークさがテーマで、華麗なバトルシーン。死罪人たちの奮闘が緊張感に満ちている。"
2269,primary,ja-JP,魔法少女マジカルデストロイヤーズ,"""魔法少女マジカルデストロイヤーズ"" は魔法少女たちの戦いを描くオリジナルアニメ。今作は魔法少女の破壊を巡る作品。バトルとコメディ、群像劇が特徴で、独特の雰囲気。"
2270,primary,ja-JP,マイホームヒーロー,"""マイホームヒーロー"" は同名漫画をアニメ化。普通の父親が家族を守るために行動する。サスペンスと家族、生存がテーマで、緊迫した雰囲気。父親の知恵と勇気が緊張感に満ちている。"
2271,primary,ja-JP,僕のヒーローアカデミア Final Season,"""僕のヒーローアカデミア Final Season"" はシリーズの続編。緑谷出久のヒーローの道が最終章を迎える。今作は最終決戦とデクの成長を巡る作品。ヒーローと熱さ、成長がテーマ。"
2272,primary,ja-JP,SI-VIS：英雄之声,これはヒーローたちの物語を描くオリジナルアニメ。今作はヒーローの声の設定を巡る作品。バトルと熱さ、群像劇が特徴で、独特の雰囲気。
2273,primary,ja-JP,映画 僕とロボコ,"""映画 僕とロボコ"" は『僕とロボコ』の映画。少年とロボコの物語。軽やかな日常に焦点を当てた作品。コメディと日常、SFが特徴で、明るい雰囲気。"
2274,primary,ja-JP,チェンソーマン レゼ篇,"""チェンソーマン レゼ篇"" は『チェンソーマン』の映画。デンジとレゼの物語。今作はレゼ篇を巡る作品。バトルと熱さ、ダークさがテーマで、高品質な制作。デンジの運命が緊張感に満ちている。"
2275,primary,ja-JP,Bâan -大人的彊界-,これは大人の世界の物語を描くオリジナル短編アニメ。日常とコメディ、群像劇が特徴で、短いエピソードと明るい雰囲気。
2276,primary,ja-JP,考拉绘日记,これはコアラたちの日常を描く短編アニメ。可愛いペットとコメディ、癒しが特徴で、可愛い作画と短いエピソード。コアラたちの掛け合いを軽やかな日常で描く。
2277,primary,ja-JP,ガングリオン,"""ガングリオン"" はロボットバトルの物語を描く短編アニメ。バトルとSF、熱さが特徴で、独特の雰囲気。ロボットたちの戦いが緊張感に満ちている。"
2278,primary,ja-JP,罗小黑战记2,これは猫のロシャオヘイの冒険を描くアニメの続編。今作はロシャオヘイの人間界での冒険と日常が続く。可愛いペットと冒険、癒しが特徴で、可愛い作画と温かい雰囲気。
2279,primary,ja-JP,陛下请忘记我吧,これは宮廷の物語を描く短編アニメ。恋愛と宮廷、日常が特徴で、洗練された作画と静かな雰囲気。
2280,primary,ja-JP,链锯人 总集篇,これは『チェンソーマン』の総集編。デンジの物語が再編集される。今作は第1期のプロットを振り返る作品。バトルと熱さ、ダークさがテーマで、高品質な制作。
2281,primary,ja-JP,藤本タツキ短編集 17-26,"""藤本タツキ短編集 17-26"" は藤本タツキの複数の短編漫画をアニメ化した短編アニメ集。今作は「17-21」「22-26」などの衝撃的な短編を含む。各作品は藤本独自の発想と感情の爆発を持ち、不条理な展開と繊細な感動が共存。"
2282,primary,ja-JP,小林さんちのメイドラゴン 孤独なドラゴン,"""小林さんちのメイドラゴン 孤独なドラゴン"" は『小林さんちのメイドラゴン』のOVA。ドラゴンたちの日常サイドストーリー。軽やかな日常に焦点を当てた作品。日常と癒し、コメディが特徴。"
2283,primary,ja-JP,KING OF PRISM -Your Endless Call-,"""KING OF PRISM -Your Endless Call-"" はプリズムシリーズの映画。少年たちのプリズムショー。今作はプリズムの夢を巡る作品。音楽と競技、群像劇が特徴で、華麗なパフォーマンスシーン。"
2284,primary,ja-JP,蜡笔小新：超华丽！灼热的春日部舞者,これは『クレヨンしんちゃん』の映画。カスカベでのしんちゃんの冒険。今作はダンス編を巡る作品。しんちゃんとパートナーたちがダンスで戦う。コメディと冒険、家族が特徴。
2285,primary,ja-JP,电影 小鲨鱼去郊游,これは小さいサメの映画。小さいサメの冒険。今作はお出かけでの小さいサメの温かい日常。可愛いペットと癒し、日常が特徴で、柔らかく愛らしい作画と温かい雰囲気。
2286,primary,ja-JP,アイカツ！×プリティーリズム 映画,"""アイカツ！×プリティーリズム 映画"" はアイカツとプリティーリズムのクロスオーバー映画。少女たちのアイドルパフォーマンス。今作は両作品のアイドルが集いパフォーマンスする。華やかなステージ演出と可愛いキャラクター、音楽が特徴。"
2287,primary,ja-JP,与爱丽丝梦游仙境 -Dive in Wonderland-,これはアリス・イン・ワンダーランドの物語を描く短編アニメ。童話とファンタジー、日常が特徴で、洗練された作画と夢のような雰囲気。
2288,primary,ja-JP,泛而不精的我被逐出了勇者队伍,これは同名ライトノベルをアニメ化。勇者のパーティーから追い出された少年の物語。異世界と日常、恋愛が特徴で、少年のスローライフと新たな出会いが温かさに満ちている。
2289,primary,ja-JP,青のミブロ,"""青のミブロ"" は新選組の物語を描くオリジナルアニメ。今作は芹沢の暗殺を巡る作品。時代劇とバトル、群像劇が特徴で、重厚な雰囲気。"
2290,primary,ja-JP,葬送のフリーレン 第2期,"""葬送のフリーレン 第2期"" は第1期の続編。エルフの魔導士フリーレンの旅が続く。今作はフリーレンの旅での記憶と出会いがさらに発展。ファンタジーと癒し、群像劇がテーマ。"
2291,primary,ja-JP,メダリスト 第2期,"""メダリスト 第2期"" は第1期の続編。フィギュアスケートの少女たちの物語が続く。今作は少女たちのスケートでの成長がさらに発展。スケートと青春、群像劇が特徴で、美しいスケートシーン。"
2292,primary,ja-JP,铠真传 武士军团,これは侍たちの戦いを描くオリジナルアニメ。今作は鎧伝説の設定を巡る作品。バトルと熱さ、群像劇が特徴で、華麗なバトルシーン。
2293,primary,ja-JP,ゴールデンカムイ 最終章,"""ゴールデンカムイ 最終章"" はシリーズの続編。杉元佐一の北海道での冒険が終わりを迎える。今作は金の争奪戦の最終章を巡る作品。冒険とグルメ、群像劇が特徴。"
2294,primary,ja-JP,魔都精兵のスレイブ 第2期,"""魔都精兵のスレイブ 第2期"" は第1期の続編。少年と魔防隊の物語が続く。今作は少年の奴隷契約と戦いがさらに発展。バトルとファンタジー、ハーレムが特徴で、明るい雰囲気。"
2295,primary,ja-JP,能帮我弄干净吗？,これは掃除の物語を描く短編アニメ。日常と癒し、コメディが特徴で、短いエピソードと明るい雰囲気。掃除の面白さを軽やかな日常で描く。
2296,primary,ja-JP,魔王的女儿太温柔了！！,これは魔王の娘の日常を描く短編アニメ。ファンタジーとコメディ、癒しが特徴で、魔王の娘と人間たちの掛け合いが萌えに満ちている。
2297,primary,ja-JP,午夜的倾心旋律,これは深夜の音楽と恋愛の物語を描く短編アニメ。音楽と恋愛、日常が特徴で、静かな雰囲気。音楽のメロディーを通じて感情を描く。
2298,primary,ja-JP,阿尔涅的事件簿,これは探偵アルネの調査を描く短編アニメ。推理とサスペンス、日常が特徴で、独特の雰囲気。アルネの推理が魅力的。
2299,primary,ja-JP,ハイスクール！奇面組,"""ハイスクール！奇面組"" は名作コメディアニメのリメイク。奇面組の生徒たちのコメディ日常。今作は名作を再解釈した作品。コメディとパロディ、日常が特徴で、楽しい雰囲気。"
2300,primary,ja-JP,和青梅竹马之间不会有恋爱喜剧,これは同名ライトノベルをアニメ化。幼馴染同士のラブコメ。恋愛とコメディ、日常が特徴で、幼馴染の掛け合いが笑いに満ち、明るい雰囲気。
2301,primary,ja-JP,身为魔族的我想向勇者小队的可爱女孩告白。,これは同名ライトノベルをアニメ化。魔族の少年と勇者の少女の恋愛。異世界と恋愛、コメディが特徴で、魔族と勇者の対立と恋愛が笑いに満ちている。
2302,primary,ja-JP,异国日记,これは同名漫画をアニメ化。少女と作家の同居生活。日常と癒し、群像劇が特徴で、少女の成長と作家の日常が温かさに満ちている。
2303,primary,ja-JP,地狱模式 ～喜欢速通游戏的玩家在废设定异世界无双～,これは同名ライトノベルをアニメ化。速通ゲーマーの異世界での冒険。異世界とバトル、爽快感が特徴で、ゲーマーの速通とチート級の強さが見どころ。
2304,primary,ja-JP,29岁单身冒险家的日常,これは独身冒険者の日常を描く短編アニメ。日常と癒し、コメディが特徴で、短いエピソードと明るい雰囲気。
2305,primary,ja-JP,火喰鸟 羽州褴褛鸢组,これは組織の物語を描く短編アニメ。時代劇とバトル、群像劇が特徴で、独特の雰囲気。
2306,primary,ja-JP,魔术师库诺看得见一切,これは同名ライトノベルをアニメ化。魔術師クーノの冒険。ファンタジーとバトル、群像劇が特徴で、クーノの魔法と冒険が見どころ。
2307,primary,ja-JP,花ざかりの君たちへ,"""花ざかりの君たちへ"" は同名漫画をアニメ化。男子校で男装する少女の物語。恋愛とコメディ、学園が特徴で、少女の男装と恋愛日常が笑いに満ちている。"
2308,primary,ja-JP,靠死亡游戏混饭吃。,これは同名ライトノベルをアニメ化。デスゲームを生き抜く物語。サスペンスと生存、群像劇が特徴で、緊迫した雰囲気。ゲームと生存の試練が緊張感に満ちている。
2309,primary,ja-JP,デスアカウント,"""デスアカウント"" は渡辺静の同名漫画をアニメ化。演条創士が闘いのライブ配信で資金を稼ぎ、妹の治療費を払う。格闘と熱さ、群像劇が特徴で、創士の戦いと妹との絆が緊張感に満ちている。"
2310,primary,ja-JP,判处勇者刑 惩罚勇者9004队刑务纪录,これは同名ライトノベルをアニメ化。勇者刑を言い渡された勇者の物語。ファンタジーとコメディ、群像劇が特徴で、勇者と刑務隊の掛け合いが笑いに満ちている。
2311,primary,ja-JP,打工仔的拷问日常,これはバイトの日常を描く短編アニメ。職場とコメディ、日常が特徴で、バイトの苦労と毒舌が笑いに満ちている。
2312,primary,ja-JP,被邻国王子溺爱的反派女主,これは悪役令嬢の恋愛を描く短編アニメ。恋愛と異世界、コメディが特徴で、悪役令嬢と王子の掛け合いが萌えに満ちている。
2313,primary,ja-JP,厄里斯的圣杯,これは同名ライトノベルをアニメ化。少女と悪女の物語。ファンタジーと群像劇、恋愛が特徴で、少女の成長と悪女との絆が見どころ。独特の雰囲気。
2314,primary,ja-JP,非人学生与厌世教师,これは同名漫画をアニメ化。非人学生と厭世教師の日常。コメディと日常、群像劇が特徴で、非人学生の設定と教師の毒舌が笑いに満ちている。
2315,primary,ja-JP,地獄楽 第2期,"""地獄楽 第2期"" は第1期の続編。死罪人たちの戦いが続く。今作は仙人の島での死罪人たちの試練がさらに発展。バトルと生存、ダークさがテーマで、華麗なバトルシーン。"
2316,primary,ja-JP,呪術廻戦 死滅回游編,"""呪術廻戦 死滅回游編"" はシリーズの続編。虎杖とパートナーたちの戦いが続く。今作は死滅回游を巡る作品。バトルと熱さ、群像劇がテーマで、華麗なバトルシーン。"
2317,primary,ja-JP,カードファイト!! ヴァンガード Divinez,"""カードファイト!! ヴァンガード Divinez"" はカードファイト!! ヴァンガードシリーズのアニメ。少年たちのカードバトルが続く。今作はミラージュスター戦を巡る作品。カードと熱さ、競技が特徴。"
2318,primary,ja-JP,相反的你和我,これは同名漫画をアニメ化。正反対の性格の少年と少女の恋愛。恋愛と日常、コメディが特徴で、二人の対比と掛け合いが萌えに満ち、明るい雰囲気。
2319,primary,ja-JP,安逸领主的愉快领地防卫～以生产系魔术将无名小村打造成最强要塞都市～,これは同名ライトノベルをアニメ化。領主が生産魔法で領地を守る。異世界と日常、ライトアドベンチャーが特徴で、領主の領地経営が楽しい。
2320,primary,ja-JP,TRIGUN STARGAZE,"""TRIGUN STARGAZE"" は『トライガン』の映画。ガンマンのヴァッシュの冒険。今作は新章を巡る作品。ガンアクションと熱さ、群像劇が特徴で、華麗なバトルシーン。"
2321,primary,ja-JP,ダーウィン事変,"""ダーウィン事変"" は同名漫画をアニメ化。人間と動物のハイブリッドの物語。SFとサスペンス、群像劇がテーマで、重厚な雰囲気。ハイブリッドの生存が緊張感に満ちている。"
2322,primary,ja-JP,异世界的安泰全看社畜,これは同名ライトノベルをアニメ化。会社員の異世界での日常。異世界とコメディ、日常が特徴で、会社員の毒舌と異世界の設定が笑いに満ちている。
2323,primary,ja-JP,透明男与人类女～不久成为夫妇的二人～,これは同名漫画をアニメ化。透明人間と人間の女性の恋愛。恋愛と日常、コメディが特徴で、透明人間の設定と二人の掛け合いが萌えに満ちている。
2324,primary,ja-JP,転生したらドラゴンの卵だった 〜最強ではないけど最強のドラゴンになる〜,"""転生したらドラゴンの卵だった 〜最強ではないけど最強のドラゴンになる〜"" は同名ライトノベルをアニメ化。異世界でドラゴンの卵に転生した主人公の冒険。異世界とバトル、成長がテーマ。"
2325,primary,ja-JP,神八小妹不可怕,これは同名漫画をアニメ化。神の妹の日常。日常とコメディ、癒しが特徴で、神の妹の掛け合いが萌えに満ち、温かい雰囲気。
2326,primary,ja-JP,贵族转生 ～得天眷顾一出生就获得最强力量～,これは同名ライトノベルをアニメ化。転生した貴族の少年が生まれながら最強の力を持つ。異世界とバトル、ハーレムが特徴で、貴族の力と冒険が見どころ。
2327,primary,ja-JP,勇者之屑,これは同名漫画をアニメ化。勇者の屑と呼ばれる少年の物語。ファンタジーとバトル、群像劇が特徴で、少年の戦いと成長が緊張感に満ちている。
2328,primary,ja-JP,皎洁迎宵之月,これは同名漫画をアニメ化。王女と従者の恋愛。恋愛と宮廷、日常が特徴で、王女の純真さと従者の忠誠が萌えに満ち、華やかな雰囲気。
2329,primary,ja-JP,蘑菇魔女,これは同名漫画をアニメ化。キノコの魔女の日常。ファンタジーと癒し、日常が特徴で、キノコの魔女と人間たちの掛け合いが温かさに満ちている。
2330,primary,ja-JP,「凭你也想讨伐魔王？」被勇者小队逐出队伍，只好在王都自在过活,これは同名ライトノベルをアニメ化。勇者のパーティーから追い出された少年のスローライフ。異世界と日常、恋愛が特徴で、少年のスローライフが温かさに満ちている。
2331,primary,ja-JP,现在多闻君是哪一面！？,これは同名漫画をアニメ化。多面性の多聞くんの恋愛。恋愛とコメディ、日常が特徴で、多聞くんのギャップと掛け合いが萌えに満ちている。
2332,primary,ja-JP,优雅贵族的休假指南。,これは同名ライトノベルをアニメ化。優雅な貴族の休暇日常。異世界と日常、癒しが特徴で、貴族の休暇とスローライフが温かさに満ちている。
2333,primary,ja-JP,有栖川炼原来是女孩子啊。,これは同名漫画をアニメ化。男装の少女の学園物語。恋愛とコメディ、学園が特徴で、少女の男装と恋愛日常が笑いに満ちている。
2334,primary,ja-JP,闇芝居 第16期,"""闇芝居 第16期"" は紙芝居形式で様々な怪談を語るホラー短編アニメシリーズ。ノスタルジックな画風とグロテスクなプロット、背筋が凍る雰囲気で知られる。"
2335,primary,ja-JP,草莓哀歌,これは少女たちの青春物語を描く短編アニメ。繊細な日常と率直な感情、柔らかい雰囲気が特徴。平穏な日常の中で少女たちの心の動きと友情、成長を描く。
2336,primary,ja-JP,和机器人啪啪啪能算在经验次数里吗？,これは人間とロボットの恋愛を描く短編アダルト向けアニメ。恋愛とアダルト、SFが特徴で、アンニュイな雰囲気と緊張感ある掛け合い。
2337,primary,ja-JP,北斗の拳 ラオウの兵士たちの挽歌,"""北斗の拳 ラオウの兵士たちの挽歌"" は『北斗の拳』のスピンオフアニメ。兵士たちの物語。今作は兵士たちの視点から戦争の日常を描く。コメディと時代劇、群像劇が特徴。"
2338,primary,ja-JP,かぐや様は告らせたい-大人への階段-,"""かぐや様は告らせたい-大人への階段-"" はシリーズの続編。白銀とかぐやの恋愛頭脳戦が続く。今作は二人の恋愛ゲームが新たな段階に到達。恋愛とコメディ、頭脳戦が特徴。"
2339,primary,ja-JP,我们不可能成为恋人！绝对不行。 (※似乎可行？) 〜再次闪耀！〜,これはシリーズの続編。少女たちの恋愛物語が続く。今作は少女たちの関係がさらに発展。百合と恋愛、コメディが特徴で、明るい雰囲気。
2340,primary,ja-JP,MFゴースト 第3期,"""MFゴースト 第3期"" はシリーズの続編。レーサー少年たちのレースが続く。今作は少年たちのカーレースでの競争がさらに発展。レースと熱さ、競技が特徴で、熱いレースシーン。"
2341,primary,ja-JP,アンデッドアンラック 冬篇,"""アンデッドアンラック 冬篇"" はシリーズの続編。フーコとアンディの戦いが続く。今作は冬篇を巡る作品。バトルと熱さ、群像劇が特徴で、華麗なバトルシーン。"
2342,primary,ja-JP,为了我最爱的义兄，我要长命百岁！,これは同名ライトノベルをアニメ化。愛する義兄のために長生きを目指す少女の物語。恋愛と宮廷、群像劇が特徴で、少女の努力と兄との掛け合いが温かさに満ちている。
2343,primary,ja-JP,终究、与你相恋。 第二季,これは第1期の続編。少年少女の恋愛物語が続く。今作は少女たちの感情の動きがさらに展開。恋愛と青春、群像劇が特徴で、温かい雰囲気。
2344,primary,ja-JP,炎炎ノ消防隊 第3期 第2クール,"""炎炎ノ消防隊 第3期 第2クール"" はシリーズの続編。森羅日下部の戦いが続く。今作は焔ビトの脅威と新たな展開を巡る作品。バトルと熱さ、群像劇が特徴。"
2345,primary,ja-JP,ダークムーン 月の祭壇,"""ダークムーン 月の祭壇"" はダークムーンの物語を描く短編アニメ。ファンタジーとバトル、群像劇が特徴で、独特の雰囲気。ダークムーンの運命が緊張感に満ちている。"
2346,primary,ja-JP,地獄先生ぬ〜べ〜 第2期,"""地獄先生ぬ〜べ〜 第2期"" はシリーズの続編。教師ぬ〜べ〜の除霊日常が続く。今作は教師と生徒の怪談がさらに発展。妖怪とコメディ、日常が特徴で、明るい雰囲気。"
2347,primary,ja-JP,超时空辉夜姬！,これはかぐや姫のSF物語を描く短編アニメ。SFとコメディ、日常が特徴で、明るい雰囲気。
2348,primary,ja-JP,姫様,"""姫様""拷問""の時間です 第2期"" は第1期の続編。姫の拷問日常が続く。今作は姫と拷問官の掛け合いがさらに発展。コメディとファンタジー、日常が特徴で、姫の毒舌とグルメが笑いに満ちている。"
2349,primary,ja-JP,正义使者 -我的英雄学院之非法英雄- 第二季,これは第1期の続編。ヴィジランテヒーローの物語が続く。今作はヴィジランテヒーローの戦いと成長がさらに発展。ヒーローとバトル、群像劇が特徴で、華麗なバトルシーン。
2350,primary,ja-JP,第三季,これは軽妙で明るい物語を描く短編アニメ。日常とコメディ、群像劇が特徴で、キャラクターたちが思いがけない状況で絡み合う。
2351,primary,ja-JP,百米。,これは百メートル走の物語を描く短編アニメ。スポーツと熱さ、青春が特徴で、緊迫した雰囲気。百メートル走の競争が緊張感に満ちている。
2352,primary,ja-JP,プリキュア探偵,"""プリキュア探偵"" はプリキュアシリーズのスピンオフアニメ。探偵の少女たちの推理。今作は少女たちの推理での日常を描く。魔法少女と推理、日常が特徴で、明るい雰囲気。"
2353,primary,ja-JP,淡岛百景,これは淡路島での物語を描く短編アニメ。日常と癒し、群像劇が特徴で、静かな雰囲気。島の生活の中で温かさを描く。
2354,primary,ja-JP,纯洁庞克 发条少女,これは同名漫画をアニメ化。ゼンマイ仕掛けの少女の物語。ファンタジーとバトル、群像劇が特徴で、独特の雰囲気。ゼンマイ仕掛けの少女の運命が緊張感に満ちている。
2355,primary,ja-JP,公鸡斗士,これは同名漫画をアニメ化。ボクサーの少年の戦い。ボクシングと熱さ、群像劇が特徴で、緊張感ある試合シーン。少年の成長が感動的。
2356,primary,ja-JP,春夏秋冬代行者 春之舞,これは同名小説をアニメ化。季節の代行者である少女たちの物語。ファンタジーとバトル、群像劇がテーマで、少女たちの運命と絆が緊張感に満ちている。
2357,primary,ja-JP,異世界でチート能力を手にした俺は、現実世界をも無双する 特別編,"""異世界でチート能力を手にした俺は、現実世界をも無双する 特別編"" はシリーズの続編。異世界と現実世界での少年の物語が続く。今作は少年の両世界での冒険がさらに発展。異世界とバトル、ハーレムが特徴。"
2358,primary,ja-JP,女仆小姐的贪吃日常,これはメイドのグルメ日常を描く短編アニメ。グルメとコメディ、日常が特徴で、メイドの大食いとグルメが萌えに満ちている。
2359,primary,ja-JP,最强的职业不是勇者也不是贤者好像是鉴定士(伪)的样子?,これは同名ライトノベルをアニメ化。鑑定士の少年の異世界冒険。異世界とバトル、ライトアドベンチャーが特徴で、鑑定士の成長と冒険が見どころ。
2360,primary,ja-JP,ラブライブ！虹ヶ咲学園スクールアイドル同好会 完結編 第2章,"""ラブライブ！虹ヶ咲学園スクールアイドル同好会 完結編 第2章"" は虹ヶ咲の映画。少女たちの物語が最終章を迎える。今作は完結編を巡る作品。音楽と夢追い、群像劇が特徴。"
2361,primary,ja-JP,ゾンビランドサガ ドリームギャラクシーパラダイス,"""ゾンビランドサガ ドリームギャラクシーパラダイス"" は『ゾンビランドサガ』の映画。ゾンビアイドルたちの物語。今作はドリームギャラクシーパラダイスを巡る作品。アイドルとコメディ、群像劇が特徴。"
2362,primary,ja-JP,无尽的斯嘉丽,これは想像力豊かな冒険物語を描く短編アニメ。ファンタジーと冒険、群像劇が特徴。果てしなく広がる幻想世界でキャラクターたちが素敵な旅を繰り広げる。
2363,primary,ja-JP,冰之城墙,これは同名漫画をアニメ化。氷の壁の世界での少女たちの物語。ファンタジーと生存、群像劇がテーマで、重厚な雰囲気。少女たちの運命が緊張感に満ちている。
2364,primary,ja-JP,とんがり帽子のアトリエ,"""とんがり帽子のアトリエ"" は同名漫画をアニメ化。魔法のアトリエでの少女の学び。魔法と成長、群像劇がテーマで、少女の魔法の道が温かさに満ち、洗練された作画。"
2365,primary,ja-JP,迦楠大人的白给是恶魔级,これは悪魔カナンの日常を描く短編アニメ。ファンタジーとコメディ、癒しが特徴で、カナンの掛け合いが萌えに満ちている。
2366,primary,ja-JP,没有辣妹会对阿宅温柔!?,これは同名漫画をアニメ化。オタクの少年とギャルの恋愛。恋愛とコメディ、日常が特徴で、オタクとギャルの対比が萌えに満ちている。
2367,primary,ja-JP,姬骑士是蛮族的新娘,これは同名漫画をアニメ化。姫騎士と蛮族の恋愛。恋愛とファンタジー、コメディが特徴で、姫騎士と蛮族の掛け合いが萌えに満ちている。
2368,primary,ja-JP,お隣の天使様にいつの間にか駄目人間にされていた件 第2期,"""お隣の天使様にいつの間にか駄目人間にされていた件 第2期"" は第1期の続編。少年と隣の天使のような少女の日常が続く。今作は二人の関係がさらに発展。恋愛と日常、癒しが特徴。"
2369,primary,ja-JP,自称恶役大小姐的婚约者观察记录。,これは同名ライトノベルをアニメ化。自称悪役令嬢に転生した少女の婚約。異世界と恋愛、コメディが特徴で、悪役令嬢の観察と日常が笑いに満ちている。
2370,primary,ja-JP,上伊那牡丹，酒醉身姿似百合花般,これは同名漫画をアニメ化。少女と美酒の日常。日常と癒し、群像劇が特徴で、少女のほろ酔い日常が温かさに満ちている。
2371,primary,ja-JP,身为悲剧始作俑者的最强邪恶BOSS女王为民竭心尽力。 第二季,これは第1期の続編。最強の悪役ボス女王の物語が続く。今作は民のために尽力する女王の日常がさらに発展。異世界とコメディ、恋愛が特徴で、明るい雰囲気。
2372,primary,ja-JP,复制品的我也会谈恋爱。,これは同名ライトノベルをアニメ化。クローン少女の恋愛。恋愛とSF、日常が特徴で、クローンのアイデンティティと恋愛が見どころ。独特の雰囲気。
2373,primary,ja-JP,落语朱音,これは同名漫画をアニメ化。落語での少女の成長。落語と青春、群像劇が特徴で、少女の落語の道での努力が心に響く。
2374,primary,ja-JP,雾尾粉丝后援会,これはファンクラブの日常を描く短編アニメ。コメディとアイドル、日常が特徴で、ファンクラブの活動が笑いに満ちている。
2375,primary,ja-JP,当前、正被打扰中！,これは日常で常に邪魔される面白い話を描く短編アニメ。コメディと日常、毒舌が特徴で、主人公が肝心な時にいつも邪魔され、笑いを誘う。
2376,primary,ja-JP,ダイヤのA actII 第2期,"""ダイヤのA actII 第2期"" はシリーズの続編。沢村栄純の野球の道が続く。今作は青道高校の甲子園での挑戦がさらに発展。野球と熱さ、青春が特徴で、熱い試合シーン。"
2377,primary,ja-JP,幽灵音乐会,これは幽霊のコンサートの物語を描く短編アニメ。音楽とファンタジー、癒しが特徴で、独特の雰囲気。幽霊たちの音楽が魅力的。
2378,primary,ja-JP,日本三国,これは三国志のコメディ物語を描く短編アニメ。歴史とコメディ、群像劇が特徴で、三国志キャラのパロディが笑いに満ちている。
2379,primary,ja-JP,和班上第二可爱的女孩成为朋友,これは同名漫画をアニメ化。クラスで二番目に可愛い女の子との友情。日常と恋愛、癒しが特徴で、二人の掛け合いが温かさに満ちている。
2380,primary,ja-JP,木头风纪委员和迷你裙JK的故事,これは同名漫画をアニメ化。風紀委員と女子高生の日常。恋愛とコメディ、学園が特徴で、木頭な風紀委員と少女の掛け合いが萌えに満ちている。
2381,primary,ja-JP,楠木邸的神明庭院,これは神様の庭園の物語を描く短編アニメ。ファンタジーと癒し、日常が特徴で、静かな雰囲気。庭園の日常の中の温かさを描く。
2382,primary,ja-JP,がんばれ！中村くん!!,"""がんばれ！中村くん!!"" は同名漫画をアニメ化。内気な少年中村の空想日常。コメディと日常、BLが特徴で、中村の妄想と密かな恋心が笑いに満ちている。"
2383,primary,ja-JP,魔入りました！入間くん 第4期,"""魔入りました！入間くん 第4期"" はシリーズの続編。優しい少年入間の悪魔学校日常が続く。今作は入間の魔界での成長と新たな挑戦がさらに発展。コメディと日常、魔界が特徴。"
2384,primary,ja-JP,弱弱老师,これは同名漫画をアニメ化。弱気な先生の学園日常。コメディと日常、群像劇が特徴で、先生の気弱さと生徒たちとの掛け合いが笑いに満ちている。
2385,primary,ja-JP,摩绪,これはモジの温かい日常を描く短編アニメ。日常と癒し、群像劇が特徴で、静かな日常の中でモジが周囲の人々と温かい繋がりを築く。柔らかい作画と静かな雰囲気で人と人の絆を丁寧に描く。
2386,primary,ja-JP,マリッジトキシン,"""マリッジトキシン"" は同名漫画をアニメ化。毒舌の少女と少年の結婚。恋愛とコメディ、日常が特徴で、少女の毒舌と少年との掛け合いが笑いに満ちている。"
2387,primary,ja-JP,左撇子艾伦,これは同名漫画をアニメ化。美術学生アレンの物語。美術と青春、群像劇が特徴で、アレンの美術での成長が緊張感に満ちている。
2388,primary,ja-JP,神の雫,"""神の雫"" は同名漫画をアニメ化。ワイン評論の物語。グルメと競争、群像劇が特徴で、ワインのテイスティングと競争が魅力的。"
2389,primary,ja-JP,淫狱团地,これは閉鎖された世界の物語を描く成人向けダークアニメ。重厚な雰囲気と抑圧的な群像劇、歪んだ人間関係が特徴で、人間の深層の葛藤と欲望を灰色のトーンで描く。
2390,primary,ja-JP,杀手青春,これは殺し屋と青春の物語を描く短編アニメ。コメディとバトル、日常が特徴で、殺し屋のギャップと青春の日常が笑いに満ちている。
2391,primary,ja-JP,拜托了偶像公主,これは少女向けアイドルアニメ。歌とダンスで舞台で輝くお姫様たち。今作は少女たちが夢のためにアイドルの道で成長する。華やかなステージ演出と可愛いキャラクター、口ずさみたくなる歌が特徴。
2392,primary,ja-JP,一叠间漫画咖啡屋生活！,これは同名漫画をアニメ化。漫画喫茶で暮らす少年の日常。日常とコメディ、オタク文化が特徴で、少年の漫画喫茶生活が笑いに満ちている。
2393,primary,ja-JP,黑猫与魔女的教室,これは同名漫画をアニメ化。黒猫と魔法の少女の物語。魔法と学園、癒しが特徴で、黒猫の指導と少女の成長が温かさに満ちている。
2394,primary,ja-JP,魔法姐妹露露特莉莉,これは魔法姉妹の日常を描く短編アニメ。魔法とコメディ、日常が特徴で、姉妹の掛け合いが萌えに満ちている。
2395,primary,ja-JP,关于虽然逃走的鱼很大、但钓上来的鱼却太大了这件事,これは同名漫画をアニメ化。釣りの日常と毒舌。釣りとコメディ、日常が特徴で、釣りの面白さと毒舌が笑いに満ちている。
2396,primary,ja-JP,库兹马唱歌的话家里哆啰啰,これはクズマの物語を描く短編アニメ。音楽とコメディ、日常が特徴で、クズマの歌声と家族との掛け合いが笑いに満ちている。
2397,primary,ja-JP,想结束这场“我爱你”的游戏,これは同名漫画をアニメ化。ゲームの中で告白する恋愛物語。恋愛と日常、コメディが特徴で、二人の駆け引きと胸の高鳴りが萌えに満ちている。
2398,primary,ja-JP,NEEDY GIRL OVERDOSE,"""NEEDY GIRL OVERDOSE"" は同名ゲームをアニメ化。配信少女の物語。配信と日常、群像劇が特徴で、少女の配信と心の葛藤が緊張感に満ちている。"
2399,primary,ja-JP,冻结地球,これは同名小説をアニメ化。凍りついた地球での少年たちの物語。SFと生存、群像劇がテーマで、重厚な雰囲気。少年たちの運命が緊張感に満ちている。
2400,primary,ja-JP,自動販売機に生まれ変わった俺はダンジョンを彷徨う 第3期,"""自動販売機に生まれ変わった俺はダンジョンを彷徨う 第3期"" はシリーズの続編。ダンジョンで自動販売機に転生した主人公の日常が続く。今作は自動販売機の物語がさらに発展。異世界とコメディ、日常が特徴。"
2401,primary,ja-JP,灰原同学重返过去，开启所向无敌的第二轮青春游戏,これは同名ライトノベルをアニメ化。灰原が過去に戻って青春をやり直す。青春と恋愛、群像劇が特徴で、灰原の二度目の青春が光る。
2402,primary,ja-JP,黄泉的使者,これは同名漫画をアニメ化。少年と黄泉の物語。ファンタジーとバトル、群像劇が特徴で、独特の雰囲気。少年と黄泉の冒険が緊張感に満ちている。
2403,primary,ja-JP,異世界のんびり農家 第2期,"""異世界のんびり農家 第2期"" は第1期の続編。転生した主人公の農耕生活が続く。今作はのんびりした農場の日常がさらに発展。異世界と日常、癒しが特徴で、農場のんびりと温かさが光る。"
2404,primary,ja-JP,最强王者的第二人生 第二季,これは第1期の続編。最強の王者の第二の人生が続く。今作は新たな世界での王者の冒険がさらに発展。異世界とバトル、ハーレムが特徴で、明るい雰囲気。
2405,primary,ja-JP,女神“异世界转生想成为什么”我“勇者的肋骨”,これは転生の物語を描く短編アニメ。異世界とコメディ、日常が特徴で、短いエピソードと明るい雰囲気。
2406,primary,ja-JP,ライアーゲーム,"""ライアーゲーム"" は同名漫画をアニメ化。ライアーゲームに巻き込まれた少女の物語。サスペンスと心理戦、生存がテーマで、緊迫した雰囲気。ゲームの真実と裏切りが衝撃的。"
2407,primary,ja-JP,又被杀掉了呢，侦探大人,これは同名ライトノベルをアニメ化。殺されては甦る探偵の物語。サスペンスとコメディ、群像劇が特徴で、探偵の復活と推理が光る。
2408,primary,ja-JP,轮回的花瓣,これは輪廻の物語を描く短編アニメ。ファンタジーと癒し、群像劇が特徴で、静かな雰囲気。輪廻の物語の中の温かさを描く。
2409,primary,ja-JP,ドロヘドロ 第2期,"""ドロヘドロ 第2期"" は第1期の続編。カイマンとニカイドウの物語が続く。今作は怪物と魔法使いの戦いがさらに発展。ダークファンタジーとバトル、群像劇が特徴。"
2410,primary,ja-JP,彼女、お借りします 第5期,"""彼女、お借りします 第5期"" はシリーズの続編。和也と千鶴の恋愛が続く。今作は二人の関係が新たな段階に到達。恋愛とコメディ、日常が特徴で、明るい雰囲気。"
2411,primary,ja-JP,吞噬魔物的冒险者,これは同名ライトノベルをアニメ化。魔物を喰らって強くなる冒険者。異世界とバトル、熱さが特徴で、冒険者の成長と戦いが光る。
2412,primary,ja-JP,杖と剣のウィストリア 第2期,"""杖と剣のウィストリア 第2期"" は第1期の続編。魔法学院の少年の物語が続く。今作は少年の杖と剣の戦いがさらに発展。ファンタジーと学園、バトルが特徴で、華麗なバトルシーン。"
2413,primary,ja-JP,夜桜さんちの大作戦 第2期,"""夜桜さんちの大作戦 第2期"" は第1期の続編。夜桜家のスパイコメディが続く。今作は家族と少年の日常がさらに発展。コメディとスパイ、家族が特徴で、明るい雰囲気。"
2414,primary,ja-JP,ようこそ実力至上主義の教室へ 第4期,"""ようこそ実力至上主義の教室へ 第4期"" はシリーズの続編。綾小路清隆の頭脳戦が続く。今作は学園でのゲームが新たな章に。学園と頭脳戦、群像劇が特徴で、冷静な雰囲気。"
2415,primary,ja-JP,Dr.STONE SCIENCE FUTURE 第3部,"""Dr.STONE SCIENCE FUTURE 第3部"" はシリーズの続編。千空の科学再生が続く。今作は科学と未来の章がさらに発展。科学と冒険、熱さが特徴で、熱い雰囲気。"
2416,primary,ja-JP,Re:ゼロから始める異世界生活 第4期 ロス編,"""Re:ゼロから始める異世界生活 第4期 ロス編"" はシリーズの続編。ナツキ・スバルのループが続く。今作はロス編でスバルが新たな絶望と試練に挑む。異世界とループ、群像劇がテーマで、重厚な雰囲気。"
2417,primary,ja-JP,転生したらスライムだった件 第4期,"""転生したらスライムだった件 第4期"" はシリーズの続編。リムルの建国物語が続く。今作はテンペスト連邦国でのリムルの更なる発展と新たな挑戦が展開。異世界とライトアドベンチャー、群像劇が特徴。"
2418,primary,ja-JP,本好きの下剋上 司書になるためには手段を選んでいられません 大公の養女編,"""本好きの下剋上 司書になるためには手段を選んでいられません 大公の養女編"" はシリーズの続編。本好きの少女の物語が続く。今作は大公の養女になった後の少女の生活がさらに発展。異世界と日常、成長がテーマで、温かい雰囲気。"
2419,primary,ja-JP,大贤者里德尔的时空逆行,これは同名ライトノベルをアニメ化。大賢者リデルが時を遡ってやり直す。ファンタジーと策略、群像劇が特徴で、賢者の逆転劇が光る。
2420,primary,ja-JP,ナイトワンダラー,"""ナイトワンダラー"" は同名漫画をアニメ化。少年と百鬼の物語。妖怪とサスペンス、癒しが特徴で、少年の怪異日常が光る。"
2421,primary,ja-JP,茉莉花酱的好感度正在崩坏,これはジャスミンの好感度崩壊の物語を描く短編アニメ。恋愛とコメディ、日常が特徴で、短いエピソードと明るい雰囲気。
2422,primary,ja-JP,这样高大的女孩子你喜欢吗？,これは同名漫画をアニメ化。背の高い女の子と背の低い男の子の恋愛。恋愛と日常、コメディが特徴で、身長差と二人の掛け合いが萌えに満ちている。
2423,primary,ja-JP,七米神物语,これは七メートルの神の物語を描く短編アニメ。ファンタジーと癒し、日常が特徴で、静かな雰囲気。七メートルの神の物語の中の温かさを描く。
2424,primary,ja-JP,リラックマ,"""リラックマ"" はリラックマのアニメ。リラックマのゆるい日常。可愛いペットと癒し、日常が特徴で、リラックマのぐうたら生活が温かさに満ちている。"
2425,primary,ja-JP,劇場版総集編 ガールズバンドクライ 青春狂走曲,"""劇場版総集編 ガールズバンドクライ 青春狂走曲"" はガールズバンドクライの総集編映画。バンド少女たちの物語が再構成される。今作はアニメのプロットを振り返る作品。音楽と青春、群像劇が特徴。"
2426,primary,ja-JP,劇場版総集編 ガールズバンドクライ ねぇ、未来。,"""劇場版総集編 ガールズバンドクライ ねぇ、未来。"" はガールズバンドクライの総集編映画。バンド少女たちの物語が再構成される。今作はアニメのプロットを振り返る作品。音楽と青春、群像劇が特徴。"
2427,primary,ja-JP,キャンディカリエス,"""キャンディカリエス"" はお菓子たちの物語を描く短編アニメ。萌えとコメディ、癒しが特徴で、可愛い作画と短いエピソード。お菓子たちの掛け合いを軽やかな日常で描く。"
2428,primary,ja-JP,北斗の拳,"""北斗の拳"" は北斗の拳のアニメ。ケンシロウの戦い。今作は北斗神拳の物語を巡る作品。格闘と熱さ、終末世界が特徴で、迫力あるバトルシーン。"
2429,primary,ja-JP,一脸嫌弃表情的妹子给你看胖次R,これは少女たちの日常を描く短編アダルト向けアニメ。恋愛とアダルト、日常が特徴で、アンニュイな雰囲気。
2430,primary,ja-JP,スーパーの裏でヤニ吸うふたり,"""スーパーの裏でヤニ吸うふたり"" は同名漫画をアニメ化。スーパーの裏で煙草を吸う二人。日常と癒し、サラリーマンが特徴で、二人の喫煙タイムと会話が温かさに満ちている。"
2431,primary,ja-JP,落第贤者的学院无双～第二次转生的S级开外挂魔术师冒险录～,これは同名ライトノベルをアニメ化。落第賢者の学園での無双。学園とバトル、爽快感が特徴で、賢者の力と学園日常が光る。
2432,primary,ja-JP,劇場版 転生したらスライムだった件 蒼海の涙,"""劇場版 転生したらスライムだった件 蒼海の涙"" はスライムシリーズの映画。リムルの物語。今作は蒼海の涙を巡る作品。異世界とライトアドベンチャー、群像劇が特徴。"
2433,primary,ja-JP,ONE PIECE エルバフ編,"""ONE PIECE エルバフ編"" はシリーズの続編。麦わら一味の冒険が続く。今作はルフィたちのエルバフでの冒険が展開。冒険と熱さ、仲間の絆がテーマで、華麗なバトルシーン。"
2434,primary,ja-JP,无自觉圣女今天也无意识地释放力量,これは同名ライトノベルをアニメ化。自分の力を自覚しない聖女の日常。異世界とコメディ、癒しが特徴で、無意識に力を放つ聖女が笑いに満ちている。
2435,primary,ja-JP,女主角？圣女？不，我是杂役女仆（自豪）！,これは同名ライトノベルをアニメ化。雑用メイドになったヒロインの物語。異世界とコメディ、日常が特徴で、ヒロインの雑用メイド生活が笑いに満ちている。
2436,primary,ja-JP,魔法少女リリカルなのは EXCEEDS Gun Blaze Vengeance,"""魔法少女リリカルなのは EXCEEDS Gun Blaze Vengeance"" は魔法少女リリカルなのはシリーズのアニメ。魔法少女たちの戦い。今作は新章を巡る作品。魔法少女とバトル、群像劇が特徴で、華麗なバトルシーン。"
2437,primary,ja-JP,斗球儿弹子,これは同名漫画をアニメ化。パチンコの少年の物語。競技と熱さ、群像劇が特徴で、パチンコの競争が緊張感に満ち、少年の成長が感動的。
2438,primary,ja-JP,骸骨騎士様、只今異世界へお出掛け中 第2期,"""骸骨騎士様、只今異世界へお出掛け中 第2期"" は第1期の続編。骸骨騎士の冒険が続く。今作は異世界での骸骨騎士の冒険がさらに発展。異世界とライトアドベンチャー、熱さが特徴。"
2439,primary,ja-JP,才女的侍从 在满是高岭之花的贵族学校暗中照顾（毫无生活自理能力的）学院第一大小姐,これは同名ライトノベルをアニメ化。才女の従者の貴族学園での日常。恋愛と学園、コメディが特徴で、従者とお嬢様の掛け合いが萌えに満ちている。
2440,primary,ja-JP,从0位居民开始的边境领主大人,これは同名ライトノベルをアニメ化。ゼロから始まる辺境領主経営。異世界と日常、ライトアドベンチャーが特徴で、領主の領地経営が楽しい。
2441,primary,ja-JP,鎧伝説 武士軍団 第2部,"""鎧伝説 武士軍団 第2部"" はシリーズの続編。侍たちの戦いが続く。今作は新章を巡る作品。バトルと熱さ、群像劇が特徴で、華麗なバトルシーン。"
2442,primary,ja-JP,田舎のオッサン、剣聖になる 第2期,"""田舎のオッサン、剣聖になる 第2期"" は第1期の続編。田舎のおっさんの剣聖への道が続く。今作はおっさんの剣術での成長がさらに発展。剣術と熱さ、日常が特徴で、温かい雰囲気。"
2443,primary,ja-JP,恋爱游戏世界对路人角色很不友好 第二季,これは第1期の続編。モブキャラの少年の逆襲が続く。今作は乙女ゲーム世界での少年のゲームがさらに発展。異世界と恋愛、コメディが特徴で、明るい雰囲気。
2444,primary,ja-JP,与奔驰于透明之夜的你，谈一场看不见的恋爱。,これは同名漫画をアニメ化。透明な少女との恋愛。恋愛とファンタジー、日常が特徴で、透明な少女の設定と二人の掛け合いが萌えに満ちている。
2445,primary,ja-JP,猫与龙,これは同名漫画をアニメ化。少女と竜の日常。ファンタジーと癒し、日常が特徴で、猫と竜の掛け合いが温かさに満ちている。
2446,primary,ja-JP,尼古喵喵,これはニクケの日常を描く短編アニメ。可愛いペットとコメディ、癒しが特徴で、可愛い作画と短いエピソード。猫たちの掛け合いを軽やかな日常で描く。
2447,primary,ja-JP,描绘直至生命尽头,これは同名漫画をアニメ化。戦争の中の画家の物語。戦争と美術、悲劇がテーマで、画家の創作と命への執念が緊張感に満ちている。
2448,primary,ja-JP,幼女戦記 第2期,"""幼女戦記 第2期"" は第1期の続編。ターニャの戦いが続く。今作は戦争でのターニャの策略と戦いがさらに発展。戦争と策略、群像劇がテーマで、冷徹な雰囲気。"
2449,primary,ja-JP,無職転生 ～異世界行ったら本気だす～ 第3期,"""無職転生 ～異世界行ったら本気だす～ 第3期"" はシリーズの続編。ルーデウスの異世界での人生が続く。今作はルーデウスの異世界での成長と冒険がさらに発展。異世界と群像劇、成長がテーマで、高品質な制作。"
2450,primary,ja-JP,株式会社マジルミエ 第2期,"""株式会社マジルミエ 第2期"" は第1期の続編。魔法少女会社の物語が続く。今作は会社での少女たちの戦いと成長がさらに発展。魔法少女と職場、バトルが特徴で、明るい雰囲気。"
2451,primary,ja-JP,君のことが大大大大大好きな100人の彼女 第3期,"""君のことが大大大大大好きな100人の彼女 第3期"" はシリーズの続編。少年の百人彼女ラブコメが続く。今作は少年と彼女たちの日常がさらに発展。恋愛とコメディ、ハーレムが特徴で、誇張された明るい雰囲気。"
2452,primary,ja-JP,暴怒千金发誓复仇。～凭借魔导书之力打垮祖国～,これは同名ライトノベルをアニメ化。怒れる令嬢の復讐の物語。異世界とファンタジー、復讐が特徴で、令嬢の復讐と魔導書の力が光る。
2453,primary,ja-JP,ヘルモード ～やり込み好きのゲーマーは廃設定の異世界で無双する～ 第2期,"""ヘルモード ～やり込み好きのゲーマーは廃設定の異世界で無双する～ 第2期"" は第1期の続編。異世界でのプレイヤーの圧倒的な力が続く。今作は廃設定世界でのプレイヤーの冒険がさらに発展。異世界とバトル、爽快感が特徴。"
2454,primary,ja-JP,奇招百出的维多利亚,これは同名ライトノベルをアニメ化。ヴィクトリアの策略物語。ファンタジーと策略、群像劇が特徴で、ヴィクトリアの奇策が光る。
2455,primary,ja-JP,说了不打算爱我的公爵继承人，不知为何对我宠爱有加,これは同名ライトノベルをアニメ化。公爵令息と少女の恋愛。恋愛と宮廷、コメディが特徴で、公爵令息のツンデレと溺愛が萌えに満ちている。
2456,primary,ja-JP,LV999的村民,これは同名ライトノベルをアニメ化。レベル999の村民の物語。異世界とバトル、日常が特徴で、村民の力とスローライフが光る。
2457,primary,ja-JP,令和的斑小姐,これはマダラの日常を描く短編アニメ。日常とコメディ、癒しが特徴で、マダラの掛け合いが萌えに満ちている。
2458,primary,ja-JP,世界最强的后卫 ～迷宫国的新人探索者～,これは同名ライトノベルをアニメ化。世界最強の後衛の迷宮国での冒険。異世界とバトル、冒険が特徴で、後衛の物語が光る。
2459,primary,ja-JP,少女怪兽焦糖味,これはモンスター娘の日常を描く短編アニメ。萌えとコメディ、癒しが特徴で、モンスター娘と人間の掛け合いが萌えに満ちている。
2460,primary,ja-JP,我家的弟弟们真是让您费心了,これは同名漫画をアニメ化。弟たちの日常。日常とコメディ、家族が特徴で、弟たちの掛け合いが笑いに満ちている。
2461,primary,ja-JP,穹庐下的魔女,これは同名漫画をアニメ化。穹廬の下で暮らす魔女。ファンタジーと癒し、日常が特徴で、魔女の生活が温かさに満ちている。
2462,primary,ja-JP,花织即使是转生也想打架,これは転生した花織の物語を描く短編アニメ。バトルとコメディ、日常が特徴で、花織の転生と喧嘩が笑いに満ちている。
2463,primary,ja-JP,与你相恋到生命尽头,これは同名漫画をアニメ化。命を賭けた恋愛。恋愛と悲劇、群像劇がテーマで、二人の運命が緊張感に満ちている。
2464,primary,ja-JP,北斗神拳 拳王军杂兵们的挽歌 第二季,これはシリーズの続編。兵士たちの物語が続く。今作は兵士の視点から語られる戦争の日常がさらに発展。コメディと時代劇、群像劇が特徴で、独特の雰囲気。
2465,primary,ja-JP,二十世纪电气目录,これは同名小説をアニメ化。明治時代の少年と少女の物語。時代劇と恋愛、冒険が特徴で、電気目録の設定が魅力的。
2466,primary,ja-JP,恶女不才，请多关照 ～雏宫蝶鼠换身传～,これは入れ替わりの物語を描く短編アニメ。恋愛とコメディ、宮廷が特徴で、入れ替わり設定が笑いに満ちている。
2467,primary,ja-JP,无用圣女的异世界美食之旅 凭借隐藏技能召唤露营车,これは同名ライトノベルをアニメ化。無用の聖女の異世界グルメ旅。異世界とグルメ、ライトアドベンチャーが特徴で、聖女のグルメ旅が温かさに満ちている。
2468,primary,ja-JP,ぐらんぶる 第3期,"""ぐらんぶる 第3期"" はシリーズの続編。大学生たちのコメディダイビング日常が続く。今作は伊織たちの日常がさらに発展。コメディとダイビング、青春が特徴で、明るい雰囲気。"
2469,primary,ja-JP,再见，拉拉,これは別れと青春の物語を描く短編アニメ。青春と癒し、群像劇が特徴で、静かな雰囲気。別れの物語が温かさに満ちている。
2470,primary,ja-JP,炒翻天,"""炒翻天"" は同名漫画をアニメ化。少年シェフの料理での戦い。料理と熱さ、競争が特徴で、料理勝負が迫力満点。少年の成長が感動的。"
2471,primary,ja-JP,文豪ストレイドッグス わん！ 第2期,"""文豪ストレイドッグス わん！ 第2期"" は第1期の続編。文豪たちのちびキャラ日常が続く。軽やかな日常に焦点を当てた作品。コメディと日常、ちびキャラが特徴で、明るい雰囲気。"
2472,primary,ja-JP,暗黑灯火,これは闇の中に光を求める物語を描く短編アニメ。ファンタジーとサスペンス、群像劇が特徴で、薄暗い抑圧的な世界でキャラクターたちが光の下で交差する。
2473,primary,ja-JP,岩元前辈的推荐,これは岩元先輩と周囲の人々の軽やかな日常を描く短編アニメ。日常とコメディ、群像劇が特徴で、先輩が周囲に色々おすすめする様子が面白い。
2474,primary,ja-JP,グローアップショー ひまわりサーカス,"""グローアップショー ひまわりサーカス"" はサーカスの物語を描く短編アニメ。パフォーマンスと青春、群像劇が特徴で、明るい雰囲気。サーカスの演技が魅力的。"
2475,primary,ja-JP,盗墓王,これは同名漫画をアニメ化。盗墓の物語。冒険とファンタジー、群像劇が特徴で、盗墓の冒険が緊張感に満ちている。
2476,primary,ja-JP,雷霆三人行,これは同名漫画をアニメ化。三人の怪盗の物語。怪盗とコメディ、日常が特徴で、トリオの掛け合いが笑いに満ちている。
2477,primary,ja-JP,梅比乌斯之尘,これは繰り返す世界で展開する物語を描く短編アニメ。ファンタジーとサスペンス、群像劇が特徴で、無限にループするメビウスの輪の設定下でキャラクターたちが運命を紡ぐ。
2478,primary,ja-JP,不虐待我的继母与继姐,これは継母と義理の姉妹の日常を描く短編アニメ。日常と家族、癒しが特徴で、継母と義理の姉妹の掛け合いが温かさに満ちている。
2479,primary,ja-JP,花ざかりの君たちへ 第2期,"""花ざかりの君たちへ 第2期"" は第1期の続編。男装の少女の学園物語が続く。今作は少女の男子校での日常がさらに発展。恋愛とコメディ、学園が特徴で、明るい雰囲気。"
2480,primary,ja-JP,Let's Go 怪奇组,これは怪奇組の物語を描く短編アニメ。コメディと怪奇、日常が特徴で、短いエピソードと明るい雰囲気。
2481,primary,ja-JP,转学后班上的清纯可爱美少女，竟是小时候玩在一起的哥儿们,これは同名漫画をアニメ化。転校後の清純な美少女が幼馴染の男の子だった物語。恋愛とコメディ、日常が特徴で、幼馴染の性別逆転が笑いに満ちている。
2482,primary,ja-JP,『你们先走我断后』，于是10年后我成为了传说,これは同名ライトノベルをアニメ化。殿を務めた英雄の伝説。異世界とバトル、群像劇が特徴で、英雄の殿と伝説が光る。
2483,primary,ja-JP,攻殻機動隊 GHOST IN THE SHELL,"""攻殻機動隊 GHOST IN THE SHELL"" は攻殻機動隊のアニメ。草薙素子の戦い。今作はサイボーグとゴーストの物語を巡る作品。SFとサイバーパンク、哲学がテーマで、冷たい雰囲気。"
2484,primary,ja-JP,最强出涸皇子的暗跃帝位争夺,これは同名ライトノベルをアニメ化。最強の出涸らし皇子の帝位争い。異世界と策略、群像劇が特徴で、皇子の暗躍と帝位争いが光る。
2485,primary,ja-JP,天は赤い河のほとり,"""天は赤い河のほとり"" は同名漫画をアニメ化。古代にタイムスリップした少女の物語。恋愛と歴史、ファンタジーが特徴で、少女のタイムスリップと王子との絆が魅力的。"
2486,primary,ja-JP,BLEACH 千年血戦篇 災厄篇,"""BLEACH 千年血戦篇 災厄篇"" はBLEACH千年血戦篇の新章。一護の戦いが続く。今作は新章を巡る作品。バトルと熱さ、群像劇が特徴で、高品質な制作。"
2487,primary,ja-JP,アズールレーン びそくぜんしんっ！ 第2期,"""アズールレーン びそくぜんしんっ！ 第2期"" は第1期の続編。艦娘たちの日常が続く。軽やかな日常に焦点を当てた作品。萌えとコメディ、日常が特徴で、明るい雰囲気。"
2488,primary,ja-JP,クレヴァテスII 魔王と偽りの英雄の伝説,"""クレヴァテスII 魔王と偽りの英雄の伝説"" は魔王と英雄の物語を描く短編アニメ。ファンタジーとバトル、群像劇が特徴で、独特の雰囲気。"
2489,primary,ja-JP,感谢对战。 ～大小姐才不玩格斗游戏～,これは同名漫画をアニメ化。格闘ゲームのお嬢様の物語。ゲームとコメディ、日常が特徴で、お嬢様の格闘ゲーム日常が笑いに満ちている。
2490,primary,ja-JP,鬼的新娘,これは同名漫画をアニメ化。少女と鬼の恋愛。恋愛とファンタジー、コメディが特徴で、鬼の花嫁設定と二人の掛け合いが萌えに満ちている。
2491,primary,ja-JP,相反的你和我 第二季,これは第1期の続編。正反対の性格の少年と少女の恋愛が続く。今作は二人の関係がさらに発展。恋愛と日常、コメディが特徴で、明るい雰囲気。
2492,primary,ja-JP,BanG Dream! YUME∞MITA,"""BanG Dream! YUME∞MITA"" はBanG Dream!のアニメ。少女たちの夢の物語。今作は新章を巡る作品。音楽と青春、群像劇が特徴で、心に響く歌。"
2493,primary,ja-JP,逃げ上手の若君 第2期,"""逃げ上手の若君 第2期"" は第1期の続編。北条時行の逃走物語が続く。今作は乱世での時行の逃走と成長がさらに展開。歴史とコメディ、群像劇が特徴で、独特の雰囲気。"
2494,primary,ja-JP,同一个研讨会的染谷同学是AV女优的事,これはゼミでの恋愛を描く短編アダルト向けアニメ。恋愛とアダルト、日常が特徴で、アンニュイな雰囲気。
2495,primary,ja-JP,拯救替身千金的是冷酷无情冰之王子的爱,これは同名ライトノベルをアニメ化。身代わり令嬢と氷の王子の恋愛。恋愛と宮廷、コメディが特徴で、身代わり令嬢と王子の掛け合いが萌えに満ちている。
2496,primary,ja-JP,正后方的神威,これは同名漫画をアニメ化。神威の戦い。バトルと熱さ、群像劇が特徴で、神威の力と戦いが光る。
2497,primary,ja-JP,澈底对你成瘾,これは中毒的な恋愛の物語を描く短編アニメ。恋愛とアダルト、日常が特徴で、アンニュイな雰囲気。
2498,primary,ja-JP,THE LENTICULARS a/,"""THE LENTICULARS a/"" はLENTICULARSの物語を描く短編アニメ。ファンタジーとサスペンス、群像劇が特徴で、独特の雰囲気。"
2499,primary,ja-JP,靠死亡游戏混饭吃。 44:CLOUDY BEACH,これはシリーズの続編。デスゲームの物語が続く。今作は新章を巡る作品。サスペンスと生存、群像劇が特徴で、緊迫した雰囲気。
2500,primary,ja-JP,闇芝居 第17期,"""闇芝居 第17期"" は紙芝居形式で様々な怪談を語るホラー短編アニメシリーズ。ノスタルジックな画風とグロテスクなプロット、背筋が凍る雰囲気で知られる。"
2501,primary,ja-JP,サイボーグ009: ネメシス,"""サイボーグ009: ネメシス"" はサイボーグ009の新作アニメ。サイボーグたちの戦い。今作はネメシスの物語を巡る作品。SFとバトル、群像劇が特徴で、重厚な雰囲気。"
2502,primary,ja-JP,劇場版 暗殺教室 365日の時間,"""劇場版 暗殺教室 365日の時間"" は暗殺教室の映画。生徒たちと殺せんせーの物語。今作はみんなの時間を巡る作品。コメディと学園、温かさが特徴で、温かい雰囲気。"
2503,primary,ja-JP,劇場版 鬼滅の刃 無限城編 第一章,"""劇場版 鬼滅の刃 無限城編 第一章"" は鬼滅の刃の映画。炭治郎の戦い。今作は無限城編を巡る作品。熱さとバトル、絆がテーマで、高品質な制作。"
2504,primary,ja-JP,劇場版 僕の心のヤバイやつ,"""劇場版 僕の心のヤバイやつ"" は僕の心のヤバイやつの映画。陰キャの少年と美少女の恋愛。今作は二人の関係を巡る作品。恋愛と日常、コメディが特徴で、温かい雰囲気。"
2505,primary,ja-JP,Re:ゼロから始める異世界生活 第4期 救出編,"""Re:ゼロから始める異世界生活 第4期 救出編"" はシリーズの続編。ナツキ・スバルのループが続く。今作は救出編でのスバルの挑戦と成長がさらに発展。異世界とループ、群像劇がテーマで、重厚な雰囲気。"
2506,primary,ja-JP,ポケモンホライズン,"""ポケモンホライズン"" はポケモンの新シリーズ。新主人公リコとフリードの冒険。今作はリコたちのポケモン世界での旅が展開。冒険と熱さ、仲間の絆が特徴で、温かい雰囲気。"
2507,primary,ja-JP,ちいかわ,"""ちいかわ"" は同名漫画をアニメ化。ちいかわの日常。可愛いペットと癒し、コメディが特徴で、ちいかわたちの掛け合いが萌えに満ちている。"
2508,primary,ja-JP,Enter the Garden,"""Enter the Garden"" はWIT STUDIO制作のオリジナルアニメ。少年と仲間たちの冒険。今作はファンタジーの迷宮での少年たちの物語。ファンタジーと冒険、群像劇が特徴で、独特の雰囲気。"
