bangumiId,kind,lang,title,content
1,primary,zh-CN,遭到流放的转生重骑士凭借游戏知识大开无双,《遭到流放的转生重骑士凭借游戏知识大开无双》讲述一名重度游戏玩家的普通青年，在转生到异世界后成为一名重装骑士，却因种种误会与政治算计被逐出王都的冒险故事。主角凭借前世在无数游戏中学到的丰富知识与战术素养，在充满魔物、恶人与阴谋的异世界独自闯荡，用看似笨拙却极为可靠的重装战斗方式一次次化解危机。他既会活用地图机制、怪物弱点与道具搭配，也会用经营与统筹思维为自己铺路，从被轻视的流放者逐渐成长为令人刮目相看的传奇骑士。作品融合异世界转生、游戏攻略与轻松幽默的日常，节奏明快，主角冷静的判断与反差萌为故事增添了不少趣味，是一部让观众看得过瘾的爽文式冒险动画。
2,primary,zh-CN,飙马野郎 JOJO的奇妙冒险,《飙马野郎》是《JOJO的奇妙冒险》系列第七部作品，故事设定在1890年的美国西部。为了争夺传说中能让死者复生的圣者遗体，多支人马竞相参加一场横贯大陆的超级赛马大赛。主角乔尼·乔斯达曾是一名天才骑手，却因故双腿瘫痪，在神秘选手杰洛·齐贝林帮助下踏上征途，同时被卷入围绕遗体的多方争夺战。作品以赛马竞技与替身能力为核心，融合西部片风格、侦探悬疑与系列一贯的智斗热血，乔尼与杰洛在残酷旅途中的互相扶持、成长与自我救赎令人动容，被许多读者誉为JOJO系列的巅峰之作。
3,primary,zh-CN,THE WORLD IS DANCING 世界在起舞,《THE WORLD IS DANCING 世界在起舞》是一部以舞蹈为主题的原创动画，描绘在世界各地以舞蹈连接人心的故事。作品围绕一群热爱舞蹈的年轻人展开，他们通过不同风格、不同地域的舞步传递情感与梦想，突破语言与文化的隔阂，让陌生人在节奏中相遇、相知。动画以绚丽的画面、富有感染力的节奏与多样的舞蹈形式，展现舞蹈作为世界共通语言的魅力，融合青春、友情与自我表达的主题，营造出充满活力与想象力的视听体验。观众能在片中感受到舞蹈带来的快乐与治愈，以及少年少女们追逐热爱时的纯粹光芒。
4,primary,zh-CN,哆啦A梦,《哆啦A梦》是家喻户晓的经典科幻喜剧动画。来自22世纪的猫型机器人哆啦A梦，被派往现代帮助总是遇到麻烦的小学生野比大雄。他通过四次元口袋中的各种神奇道具为大雄解决难题，却常常弄巧成拙，引发一连串爆笑而温馨的故事。作品在欢乐的日常中融入友情、亲情与成长的主题，刻画大雄与静香、胖虎、小夫等伙伴们的童年生活，用一个个充满想象力的道具冒险教导孩子们勇敢、善良与坚持梦想。这部陪伴几代人成长的国民级动画，承载着无数人的童年回忆，传递着温暖与正能量。
5,primary,zh-CN,她和她的猫 -Everything Flows-,《她和她的猫 -Everything Flows-》改编自新海诚的早期短片，以一只流浪黑猫的视角展开叙述。黑猫被女孩收养后，以猫的独特观察讲述女孩独自生活的孤独、坚强与不为人知的柔软。故事细腻描绘猫与主人之间无声的陪伴与理解，用优雅的画面和诗意的旁白，呈现都市生活中人与宠物相互依存的温情。全片节奏舒缓、情感克制，通过猫眼中的四季流转、窗外风景与日常点滴，传达出关于孤独、羁绊、治愈与生命尊严的深刻思考，是一部安静而隽永的治愈短片，适合在忙碌之余静心观看。
6,primary,zh-CN,潮与虎 第二季,《潮与虎》第二季改编自藤田和日郎的同名热血漫画，讲述少年苍月潮与上古妖怪阿虎之间亦敌亦友的冒险。潮自幼握着父亲留下的兽矛，拥有驱退妖怪的力量；阿虎则是被兽矛封印千年的强大妖怪。两人因命运相连而结伴同行，在与形形色色的妖怪及幕后黑手的战斗中逐渐成长、彼此信赖。第二季剧情推进至与宿敌白面者的最终对决，横跨现代与古代的巨大阴谋层层揭开。作品以热血震撼的打斗、深厚的友情与亲情羁绊著称，潮与阿虎从对立到互相托付生命的成长过程极具感染力，是妖怪战斗题材的经典代表作。
7,primary,zh-CN,宇宙巡警露露子,《宇宙巡警露露子》是TRIGGER制作的原创短篇动画，讲述宇宙巡警露露子充满爆笑的冒险。露露子是宇宙巡警署长的女儿，天生正义感爆棚又冲动冒失，经常闹出各种乌龙事件。她在与伙伴们共同对抗宇宙罪犯的过程中，却在一次任务里爱上了罪犯的儿子，从此陷入正义与恋爱的两难。作品以夸张的演出、高速的节奏和层出不穷的恶搞致敬元素著称，将热血、无厘头与少女心巧妙融合，打造出一部天马行空、笑点密集、节奏极快的搞笑科幻作品，短短几十秒就能让观众捧腹。
8,primary,zh-CN,迷家,《迷家》是水岛努执导的原创悬疑动画。三十名性格各异的男女，各自怀抱着逃避现实的动机，聚集到一座被称为纳鸣村的废弃村庄参加神秘集体活动。随着调查深入，村庄的诡异真相逐渐浮出水面：神秘的巨大怪物、村民失踪的旧事，以及每个人极力隐藏的过去，在冲突与猜疑中一一揭开。作品围绕集体心理、乌托邦幻象与人性幽暗展开，以压抑的悬疑氛围与群像刻画见长，探讨人们在逃避现实时内心的恐惧、伪装与救赎，是一部让人细思极恐的心理悬疑作品。
9,primary,zh-CN,影鳄 承,《影鳄 承》是短篇恐怖动画《影鳄》的第二季，延续第一季构建的世界观。主人公在调查一系列离奇失踪与死亡事件时，发现某种被称为影鳄的神秘存在正悄然吞噬人类，其来源与古代传说息息相关。本季故事更加深入地揭示影鳄的起源真相，以及与事件背后组织相关的阴谋。作品以冷峻的色调、紧凑的篇幅与层层递进的谜团，营造出压抑窒息的恐怖氛围，将都市怪谈、科学调查与超自然元素结合，在有限的篇幅内不断抛出悬念，让观众在细思极恐中欲罢不能。
10,primary,zh-CN,JOJO的奇妙冒险 不灭钻石,《JOJO的奇妙冒险 不灭钻石》是系列第四部，舞台从埃及转移到宁静的日本小镇杜王町。1999年，东方仗助作为乔斯达家族的一员回到故乡，却意外卷入一连串由替身能力者引发的诡异事件。为揪出拥有替身能力的连环杀手吉良吉影，仗助与康一、亿泰、露伴等伙伴展开调查与对决。本作在保留系列热血智斗的基础上，融入小镇日常的轻松氛围与荒诞幽默，塑造了众多个性鲜明的角色，替身能力的设定与对决设计尤为精巧，结尾一战堪称经典。
11,primary,zh-CN,火星异种 REVENGE,《火星异种 REVENGE》是《火星异种》动画第二季。公元2599年，人类为改造火星环境而向火星投送了蟑螂，却在数百年后遭到剧烈变异、拥有惊人力量的火星蟑螂的疯狂反扑。为夺回火星，各国派出经过基因改造的超级战士组成远征队，与强大的蟑螂展开惨烈战斗。本季进一步揭示火星异种的进化之谜与背后的政治阴谋，主角小町小吉等人陷入更为凶险的战场，一次次在绝境中求生。作品以热血而残酷的战斗场面、绝望压抑的氛围与牺牲精神著称，充满生存与人性的探讨。
12,primary,zh-CN,逆转裁判,《逆转裁判》改编自CAPCOM同名法庭推理游戏，讲述新人律师成步堂龙一充满反转的辩护故事。成步堂在法庭上通过细致调查、犀利质询与揭露证言矛盾，为一个个蒙冤的委托人洗清罪名。动画忠实还原游戏经典的法庭辩论场面，配合夸张的演出、激昂的配乐与爽快的节奏，让观众亲身体验逆转真相的快感。故事涵盖多起离奇案件，从简单的杀人案到连环阴谋，逐步展开成步堂与检察官御剑怜侍、好友真宵等人的复杂纠葛，推理迷不容错过。角色的个性塑造鲜明，舞台上的自信与生活中的可爱形成反差，团队协作与个人成长双线并进，歌舞编排赏心悦目，让观众既能享受视听盛宴，也能为少女们的梦想与坚持而感动。
13,primary,zh-CN,学战都市 六芒星 第二季,《学战都市六芒星》第二季改编自同名轻小说，继续讲述水上学园都市星导馆学园的学园战斗物语。拥有魔法资质的少年天雾绫斗入学后，为查明姐姐失踪的真相而不断变强，参与决定学园主导权的凤凰星武祭。本季剧情更加深入，绫斗的过去、六芒星议会与星脉世代之间的斗争逐渐明朗，他与各具实力的对手展开激烈的学园竞技与热血对决，同时与尤莉丝、纱夜等女性角色的羁绊也不断加深，是一部标准的轻改学园战斗番。动画的节奏把控张弛有度，战斗场面的分镜与作画都相当扎实，主角在与强敌的较量中不断突破自我，和同伴之间建立的信任与羁绊也为剧情增添了温度，热血与感动并存，值得一看。
14,primary,zh-CN,忍者杀手 特别编辑版,《忍者杀手 特别编辑版》改编自同名网络小说，讲述现代日本暗处活跃的忍者杀手的故事。普通公司职员藤木户健二被卷入忍者组织之间的斗争，爱人惨遭杀害后，他在神秘力量引导下化为忍者杀手，踏上了向忍者组织复仇的荆棘之路。作品以极具冲击力的演出、高速凌厉的忍者格斗与网络小说特有的夸张文风为特色，画面大胆前卫、风格独树一帜，故事在暴力美学与荒诞搞笑之间自由切换，塑造出一个充满硬核与诗意并存的地下世界。作品在热血的打斗之外，也细致刻画了角色们各自的信念与选择，每一次战斗都不仅是力量的较量，更是意志的碰撞，高潮部分张力十足，让观众在肾上腺素飙升的同时也为之动容。
15,primary,zh-CN,机动战士高达独角兽 RE:0096,《机动战士高达独角兽 RE:0096》是将《高达独角兽》OVA重新剪辑的电视版，故事设定在宇宙世纪0096年。少年巴纳吉·林克斯在偶然间与神秘机体独角兽高达相遇，被卷入围绕拉普拉斯之盒的宇宙战争。作为引导人类未来的关键，独角兽高达搭载的NT-D系统与巴纳吉逐渐觉醒的Newtype能力成为焦点。作品以宏大的宇宙战争场面、精良的作画、深刻的政治博弈与战争反思著称，巴纳吉在战争与理想的碰撞中成长，是高达系列口碑极佳、极具史诗感的作品。
16,primary,zh-CN,我的英雄学院,《我的英雄学院》改编自堀越耕平的同名漫画。在一个超能力成为日常的世界里，天生无个性的少年绿谷出久却梦想成为英雄。他在机缘下继承了最强英雄欧尔麦特的能力，进入培育英雄的雄英高中，与爆豪、丽日、轰等同学一起接受严苛训练，对抗不断壮大的敌人联盟。作品以热血的英雄养成、伙伴间的深厚羁绊与鲜明的个性设定著称，绿谷从零开始、为他人挺身而出的成长历程极具感染力，每一次战斗与抉择都令人热血沸腾。动画的节奏把控张弛有度，战斗场面的分镜与作画都相当扎实，主角在与强敌的较量中不断突破自我，和同伴之间建立的信任与羁绊也为剧情增添了温度，热血与感动并存，值得一看。
17,primary,zh-CN,面包带来和平！,《面包带来和平！》是改编自四格漫画的轻松日常动画，讲述十六岁少女小南在面包店打工的平凡日常。她用温柔的言行、真诚的笑容与亲手做的面包，一点点治愈着身边的客人与朋友。作品没有强烈的戏剧冲突，而是通过一个个温暖的小故事，展现人与人之间细微的善意与羁绊，面包的香气仿佛能透过屏幕传来。画风清新、节奏舒缓，充满了治愈系作品特有的温暖氛围，适合在疲惫时放松心情细细品味。画风清新、节奏舒缓，人物之间的相处自然而温暖，那些平凡琐碎的片段在动画的演绎下变得闪闪发光，传递出一种治愈人心的宁静力量，是治愈系爱好者不容错过的作品。
18,primary,zh-CN,超时空要塞Δ,《超时空要塞Δ》是超时空要塞系列的最新作。在人类与银河系各文明共存的未来，瓦尔基里飞行部队与歌姬组合Walküre并肩作战。少女们的歌声拥有平息瓦尔症感染者的力量，而敌对势力的歌声却带来毁灭与疯狂。故事围绕王牌飞行员疾风与歌姬芙蕾雅等人的成长展开，将华丽的空战、动人的音乐与三角恋爱融为一体，在战火与歌声中探讨战争、和平与羁绊，以流畅的空战作画与感染力极强的歌曲著称。动作设计与演出张力俱佳，随着剧情推进，主角面对的敌人越来越强，战斗方式与自身局限的突破层层升级，配乐与画面配合出色，将热血少年向作品应有的爽快感与成长感都演绎得十分到位。
19,primary,zh-CN,Concrete Revolutio 超人幻想 THE LAST SONG,《Concrete Revolutio 超人幻想 THE LAST SONG》是本作动画的第二季。在架空年代中，超能力者、妖怪、机器人等超人存在于社会之中，国家组建超人课对其进行登记与监管。第二季围绕日野日出郎与超人课成员们在时代变革中的立场冲突展开，展现超人们在正义与秩序、理想与现实间的艰难抉择。作品以复杂的叙事结构、鲜明的社会批判色彩与大量历史梗著称，探讨关于英雄、人性与时代的沉重命题，是风格独树一帜的幻想群像剧。
20,primary,zh-CN,偶像活动 第二年,《偶像活动 第二年》是偶像活动系列的续作，继续讲述星宫莓等少女们在星光学园的偶像生活。莓在偶像活动中不断成长，结识新的竞争对手与伙伴，参加各种偶像活动与选拔赛，一步步向顶级偶像迈进。本季在延续前作轻快明亮风格的基础上，进一步丰富角色关系与舞台演出，以华丽的时尚搭配、动人的歌舞表演与充满梦想的剧情，描绘少女们追逐梦想、绽放光彩的青春物语，让人感受到偶像世界的闪耀与感动。画风清新、节奏舒缓，人物之间的相处自然而温暖，那些平凡琐碎的片段在动画的演绎下变得闪闪发光，传递出一种治愈人心的宁静力量，是治愈系爱好者不容错过的作品。
21,primary,zh-CN,苍翼默示录 Alter Memory,《苍翼默示录 Alter Memory》改编自同名2D格斗游戏，讲述围绕魔导书与苍之继承者的战斗。在这个都市阶层严重分化、社会矛盾不断激化的世界中，觉醒者与魔导士们被卷入争夺苍之力量的残酷战争。主角拉格纳为对抗造成世界崩坏的元凶而踏上战斗之路，与姐姐纽恩以及形形色色的角色产生复杂而宿命的纠葛。作品以华丽的格斗场面、庞大多元的世界观与极具个性的人设著称，动画将游戏中人气角色的恩怨与故事浓缩呈现，战斗爽快、设定深邃，是格斗游戏改编动画中的代表作。
22,primary,zh-CN,苍蓝钢铁的琶音,《苍蓝钢铁的琶音》改编自同名漫画，讲述人类与拥有自我意识的战舰少女们之间的SF海战物语。由于神秘舰队雾的全面封锁，人类失去了制海权，只能龟缩于陆上。少年千早群像在偶然登上雾的战舰伊401后，与心智模型少女伊欧娜缔结契约，共同为夺回制海权而战。作品将真实系海战考据与科幻设定巧妙结合，围绕自我意识、信任与人性的边界展开思考，以精致的舰艇作画、宏大的海战场面与耐人寻味的主题著称，是一部兼具爽快与深度的科幻战斗动画。
23,primary,zh-CN,革命机Valvrave 第二季,《革命机Valvrave 第二季》延续第一季，讲述少年时缟晴人与革命机Valvrave之间的战斗。晴人在卷入国际冲突后成为革命机的驾驶员，与亡国的公主、咲森学园的学生们一同反抗强大帝国的压迫。第二季中，关于革命机、不死者与人类未来的真相逐渐揭开，晴人在获得力量的同时也付出沉重代价，面临更加残酷的抉择与牺牲。作品以宏大的机甲战争、复杂的政治博弈与激烈的情感纠葛为特色，剧情跌宕起伏，是极具话题性的原创机器人动画。
24,primary,zh-CN,萌萌侵略者,《萌萌侵略者》改编自同名轻小说，讲述资深御宅族高中生加纳慎一被招募为异世界日本大使，前往魔法世界宣传二次元文化。他在异世界与半精灵女仆缪、龙人浣熊等性格各异的同伴共同生活，通过动漫、游戏、漫画等亚文化逐渐改变这个封闭世界的面貌。作品融合异世界题材、御宅文化与轻松喜剧元素，既有对宅文化的热爱与调侃，也探讨文化交流、偏见消解与理解的主题，慎一用二次元征服异世界的设定充满趣味，是一部轻松欢乐的异世界日常番。
25,primary,zh-CN,斩服少女,《斩服少女》是TRIGGER制作的原创热血动画。转学生缠流子手持神衣鲜血，为查明杀死父亲的凶手而闯入本能字学园，与支配学园的鬼龙院皐月及其麾下干部们展开激烈战斗。随着战斗推进，围绕神衣、人衣一体与人类本能的宏大阴谋逐渐浮出水面。作品以夸张奔放的作画、炸裂的演出与高速爽快的打斗著称，流子与鲜血从互相猜忌到并肩作战的成长令人热血沸腾，充满力量感与视觉冲击力，是热血动画中的一代经典。动画的节奏把控张弛有度，战斗场面的分镜与作画都相当扎实，主角在与强敌的较量中不断突破自我，和同伴之间建立的信任与羁绊也为剧情增添了温度，热血与感动并存，值得一看。
26,primary,zh-CN,IS〈无限斯特拉托斯〉第二季,《IS〈无限斯特拉托斯〉第二季》改编自同名轻小说，讲述唯一能驾驶女性专用兵器IS的男性少年织斑一夏，在IS学园中与众多女角色共同生活的学园战斗喜剧。本季延续第一季的故事，一夏在学园祭、实战训练与各大赛事中与同伴们加深羁绊，同时面对新的强敌与考验，逐渐展露强大的机体操控能力。作品以华丽的机战、后宫恋爱与轻松日常为卖点，一夏与众位女性角色之间的互动充满笑料与暧昧，是典型的轻改学园战斗后宫番。作品在热血的打斗之外，也细致刻画了角色们各自的信念与选择，每一次战斗都不仅是力量的较量，更是意志的碰撞，高潮部分张力十足，让观众在肾上腺素飙升的同时也为之动容。
27,primary,zh-CN,京骚戏画,《京骚戏画》改编自同名短篇动画。在混沌与秩序交织的镜都中，少女筝为了寻找失踪的父亲而展开一场奇妙冒险。镜都是人类与妖怪共存的神奇世界，筝与各怀目的的妖怪们相遇，卷入围绕镜都谜团与创世真相的事件。作品以大胆奔放的用色、独特优美的和风画面与天马行空的想象力著称，在激烈的动作场面与深沉的剧情间自由切换，讲述关于家族、羁绊、时间与世界的温柔而宏大的故事，艺术风格极具辨识度。细节之处见用心，角色们的互动充满生活气息与小小的幽默，将平淡日常描绘得富有诗意，观感舒适惬意，能让人暂时放下烦恼，沉浸在那份简单纯粹的美好之中。
28,primary,zh-CN,核爆默示录,《核爆默示录》改编自同名漫画，讲述近未来东京因核电站事故沦为死城的背景下，特种部队姐妹在废墟中执行危险任务的故事。主角黑川健等三姐妹为营救幸存者、调查事件真相而深入核污染区域，身穿厚重防护服在危机四伏的城市中穿梭，与时间赛跑、与辐射抗争。作品以灾难后的荒芜城市为舞台，通过少女们的勇气与牺牲，探讨希望、责任与生存的主题，设定带有强烈的现实影射，氛围紧张而沉重。歌舞演出的画面制作精良，每一首歌都与角色心境和剧情推进紧密呼应，少女们在聚光灯下的闪耀与幕后流下的汗水同样动人，传递出追逐梦想、不懈努力的正能量，感染力十足。
29,primary,zh-CN,高达创战者,《高达创战者》是高达系列衍生动画，讲述以钢普拉（高达模型）进行对战的热血物语。少年伊织诚制作的钢普拉在机缘下被神秘高手岭司驾驶，两人组成搭档参加全日本钢普拉对战大赛。作品将模型制作与虚拟对战完美结合，以轻快明亮的风格呈现，既有紧张刺激的模型对战，也有角色们的成长与友情，还充满了对各世代高达作品的致敬与玩梗。无论是高达老粉还是新观众，都能在作品中感受到模型与对战的热血与乐趣。作品在热血的打斗之外，也细致刻画了角色们各自的信念与选择，每一次战斗都不仅是力量的较量，更是意志的碰撞，高潮部分张力十足，让观众在肾上腺素飙升的同时也为之动容。
30,primary,zh-CN,青春纪行,《青春纪行》改编自竹宫悠由子的同名轻小说。大学生多田万里在入学后逐渐失去高中前的记忆，却仍被过去的自己深深困扰。他在大学中遇见温柔学姐琳达与情敌柳泽光央，展开一段充满青春苦涩与甜蜜的恋爱故事。作品以细腻的笔触描绘记忆、成长与选择，探讨人在失去过去后如何继续前行的主题，万里在现实与模糊记忆间的挣扎、琳达隐藏的心意都刻画得十分动人，是一部写实而温柔的青春恋爱物语。人物关系的推进张弛有度，误会、巧合与真诚交织出丰富的情感层次，在轻松搞笑的日常包裹下，那份真挚的心意愈发显得珍贵，收尾的温情与感动足以让人心头一暖。
31,primary,zh-CN,我的脑内选项正在全力妨碍学园恋爱喜剧,《我的脑内选项正在全力妨碍学园恋爱喜剧》改编自同名轻小说。高中生甘草奏时常遭遇脑内突然出现的强制选项，做出各种丢人的行为，因此被称为绝对选项的持有者。某天他遇见自称神的少女，在绝对选项的引导下逐渐卷入与学园女生们的恋爱喜剧。作品以恶搞式的设定、夸张的喜剧演出与层出不穷的桥段为特色，在搞笑日常中推进多条恋爱线，甘草奏在令人哭笑不得的选项面前挣扎的模样充满喜感，是一部轻松欢乐的校园恋爱搞笑番。角色间的互动刻画得细腻自然，那些欲言又止的心意、别扭又真诚的靠近都真实而动人，情感线与日常情节交织，让观众在会心一笑与怦然心动之间反复横跳，是一部让人回味无穷的恋爱物语。
32,primary,zh-CN,当不成勇者的我，只好认真找工作了。,《当不成勇者的我，只好认真找工作了。》改编自同名轻小说。魔王被勇者讨伐后，世界迎来和平，而魔王的儿子劳尔却失去了继承的使命，沦为普通青年，只好到魔法商店打工。他与前来应聘的魔王军残党少女菲诺共事，在日常工作中闹出各种笑话，逐渐适应平凡的生活。作品以异世界打工题材与轻松喜剧为主，将奇幻设定与职场日常巧妙结合，劳尔与菲诺这对奇妙搭档的互动充满萌点与笑料，是一部氛围轻松的异世界日常番。画风清新、节奏舒缓，人物之间的相处自然而温暖，那些平凡琐碎的片段在动画的演绎下变得闪闪发光，传递出一种治愈人心的宁静力量，是治愈系爱好者不容错过的作品。
33,primary,zh-CN,东京暗鸦,《东京暗鸦》改编自同名轻小说。在现代东京，阴阳师与诅咒师之间的暗战从未停歇。自称不合格阴阳师的少年土御门春虎，在卷入某起事件后被迫重新进入阴阳师的世界，与青梅竹马夏目、好友铃鹿等同伴共同面对诅咒与阴谋。作品融合阴阳术、热血战斗与校园生活，围绕春虎隐藏的身世、夏目肩负的宿命以及灵灾背后的巨大真相层层展开，战斗设定考究，角色成长扎实，是灵异战斗题材中颇具人气的作品。动作设计与演出张力俱佳，随着剧情推进，主角面对的敌人越来越强，战斗方式与自身局限的突破层层升级，配乐与画面配合出色，将热血少年向作品应有的爽快感与成长感都演绎得十分到位。
34,primary,zh-CN,噬血狂袭,《噬血狂袭》改编自同名轻小说。世界上最强吸血鬼晓古城，以监视者的身份进入弦神岛上的彩海学园，与号称剑巫的少女姬柊雪菜结成搭档。两人在对抗魔族、圣战组织与各种阴谋中不断加深羁绊，晓古城隐藏的吸血鬼之力也逐渐觉醒。作品以现代魔幻都市为舞台，融合战斗、学园与恋爱元素，既有紧张刺激的战斗场面，也有轻松暧昧的日常互动，古城与雪菜这对欢喜冤家的组合深入人心，是典型的现代魔幻战斗番。动画的节奏把控张弛有度，战斗场面的分镜与作画都相当扎实，主角在与强敌的较量中不断突破自我，和同伴之间建立的信任与羁绊也为剧情增添了温度，热血与感动并存，值得一看。
35,primary,zh-CN,白色相簿2,《白色相簿2》改编自同名美少女游戏。高中轻音乐同好会的北原春希，在学园祭前遇见了拥有天赋歌声的少女小木曾雪菜，以及才华横溢却性格孤高的天才少女冬马和纱，三人在音乐的牵绊下展开复杂的情感纠葛。作品以细腻的心理描写、压抑而真实的氛围与成人化的恋爱叙事著称，三角恋的苦涩、犹疑与抉择成为观众津津乐道的经典话题。这部作品以催泪的剧情与极具冲击力的情感爆发，成为恋爱题材动画中难以绕开的名作。作品在甜蜜之余也保留了青春特有的青涩与迷茫，主角在感情中的成长与抉择贯穿始终，配乐温润、画面明丽，将恋爱中的忐忑、欢喜与遗憾都拿捏得恰到好处，适合慢慢品味。
36,primary,zh-CN,零度战姬Vibration,《零度战姬Vibration》是《零度战姬》动画第二季。在被称为NOVA的异次元生物威胁下，人类培育出能与之对抗的圣痕持有者潘多拉战士。本季围绕青井和哉与莎缇莱萨等人的战斗与羁绊展开，进一步揭示NOVA的真相、潘多拉们的使命与各自背负的过去。作品以华丽的热血战斗与鲜明的角色塑造为特色，在激烈的打斗之余穿插暧昧与福利元素，塑造了充满魄力的少女战士形象，剧情在热血与感伤之间取得平衡。动作设计与演出张力俱佳，随着剧情推进，主角面对的敌人越来越强，战斗方式与自身局限的突破层层升级，配乐与画面配合出色，将热血少年向作品应有的爽快感与成长感都演绎得十分到位。
37,primary,zh-CN,Little Busters! 〜Refrain〜,《Little Busters! 〜Refrain〜》是游戏改编动画的第二季，也是本作的核心篇章。直枝理树与Little Busters的伙伴们在校园生活中逐渐接触世界的秘密，本季揭开幕后真相，围绕世界的重复、伙伴们的牺牲与重逢展开感人至深的故事。作品以友情与羁绊为主题，用层层铺垫、催泪的叙事呈现少年们共渡难关的决心，理树在真相面前的选择令人动容。作为Key社作品，本作延续了其擅长的催泪与温情，情感冲击力极强。
38,primary,zh-CN,机巧少女不会受伤,《机巧少女不会受伤》改编自同名轻小说。在魔术世界的学园中，操纵人偶的机巧师与自动人偶并存。少年雷真为成为机巧师而入学，却因战败被自己的自动人偶夜夜袭击，两人在冲突与磨合中结下亦敌亦友的关系。作品以学园战斗与机巧设定为特色，雷真与夜夜在一次次比赛中不断成长，逐渐揭开学园背后的阴谋。战斗场面华丽，雷真与夜夜的毒舌互动充满喜感，是轻小说改编的经典机巧战斗番。作品在热血的打斗之外，也细致刻画了角色们各自的信念与选择，每一次战斗都不仅是力量的较量，更是意志的碰撞，高潮部分张力十足，让观众在肾上腺素飙升的同时也为之动容。
39,primary,zh-CN,境界的彼方,《境界的彼方》改编自同名轻小说。在人类与妖梦共存的世界，拥有操控血液能力的半妖少年神原秋人，与最强的妖梦猎人栗山未来相遇。未来因对秋人产生特殊反应而卷入妖梦狩猎，两人在并肩战斗中互相了解、逐渐靠近。作品融合奇幻战斗与校园恋爱，京都动画细腻的作画、温柔的情感描绘与出色的演出成为其最大亮点，秋人与未来这对充满反差感的搭档互动治愈又虐心，结局的释然令人久久难忘。动作设计与演出张力俱佳，随着剧情推进，主角面对的敌人越来越强，战斗方式与自身局限的突破层层升级，配乐与画面配合出色，将热血少年向作品应有的爽快感与成长感都演绎得十分到位。
40,primary,zh-CN,夜樱四重奏 花之歌,《夜樱四重奏 花之歌》改编自同名漫画，讲述人与妖怪共存的小镇樱新町的故事。为解决小镇中不断发生的妖怪事件，拥有力量的少年少女们组成守护团体，与威胁小镇的势力对抗。本季以四位主角为中心，在保护小镇的战斗中展现各自的成长与羁绊，同时揭开小镇与妖怪的深层秘密。作品以和风幻想为基调，融合动作、日常与悬疑元素，角色塑造丰满，战斗场面流畅，营造出既温馨又带些危险气息的奇幻氛围。动画的节奏把控张弛有度，战斗场面的分镜与作画都相当扎实，主角在与强敌的较量中不断突破自我，和同伴之间建立的信任与羁绊也为剧情增添了温度，热血与感动并存，值得一看。
41,primary,zh-CN,黑子的篮球 第二季,《黑子的篮球 第二季》延续第一季，讲述幻之第六人黑子哲也与火神大我的成长。两人所在的诚凛高中篮球队为称霸全国而战，本季面对青峰大辉、赤司征十郎、黄濑凉太等奇迹的世代成员，展开一场场精彩绝伦的比赛。作品以夸张的超能力篮球技巧、紧张刺激的比赛场面与热血澎湃的团队协作为著称，黑子的视线诱导与火神的跳跃力组合成为最大看点，每一次逆转都让人屏息，是运动竞技动画的代表作之一。作品在热血的打斗之外，也细致刻画了角色们各自的信念与选择，每一次战斗都不仅是力量的较量，更是意志的碰撞，高潮部分张力十足，让观众在肾上腺素飙升的同时也为之动容。
42,primary,zh-CN,眼镜部,《眼镜部》是原创校园动画，讲述一群热爱眼镜的高中生的日常。主角三锅友纪也在入学后加入眼镜部，与部员们围绕眼镜展开讨论与各种活动，从镜框搭配到视力话题无所不包。作品以眼镜为纽带，描绘少年们纯真的友情与平凡温暖的校园生活，画风清爽、氛围轻松治愈，将对眼镜的喜爱具象化，让观众在角色们的日常互动中感受到青春的美好与简单快乐。细节之处见用心，角色们的互动充满生活气息与小小的幽默，将平淡日常描绘得富有诗意，观感舒适惬意，能让人暂时放下烦恼，沉浸在那份简单纯粹的美好之中。
43,primary,zh-CN,天方魔谭MAGI 第二季,《天方魔谭MAGI 第二季》改编自同名漫画，继续讲述少年阿拉丁与阿里巴巴的冒险。本季围绕马格诺修泰德学园与魔导士战争展开，阿拉丁在学习魔法的过程中卷入国家间的纷争，阿里巴巴则在迷惘中寻找自己的道路。作品以壮阔的世界观、丰富的奇幻设定与精彩的战斗著称，同时深入探讨力量、国家与奴役等主题，阿拉丁与阿里巴巴这对挚友在成长中的抉择与羁绊令人动容，是奇幻冒险题材的佳作。动画的节奏把控张弛有度，战斗场面的分镜与作画都相当扎实，主角在与强敌的较量中不断突破自我，和同伴之间建立的信任与羁绊也为剧情增添了温度，热血与感动并存，值得一看。
44,primary,zh-CN,精灵宝可梦XY,《精灵宝可梦XY》是宝可梦动画系列的第六部，舞台为美丽的卡洛斯地区。小智与皮卡丘在卡洛斯地区结识新的伙伴，参加道馆徽章挑战，并与新同伴希特隆、柚丽嘉同行冒险。本作以华丽的战斗画面、超级进化机制的引入以及小智与劲敌翔太、冠军卡露妮等人的对决为亮点，展现训练家与宝可梦之间的深厚羁绊。作品在保留经典冒险内核的同时，画质与演出大幅提升，是宝可梦动画中口碑与人气颇高的一部。作品在热血的打斗之外，也细致刻画了角色们各自的信念与选择，每一次战斗都不仅是力量的较量，更是意志的碰撞，高潮部分张力十足，让观众在肾上腺素飙升的同时也为之动容。
45,primary,zh-CN,飙速宅男,《飙速宅男》改编自同名漫画，讲述宅男高中生小野田坂道在自行车竞技中找到梦想的故事。小野田擅长爬坡，在加入总北高中自行车部后，与今泉、鸣子等队友一同参加高中联赛，在一次次激烈的公路赛中成长。作品以细致描绘自行车比赛的战术、团队协作与热血场面著称，将公路自行车的魅力展现得淋漓尽致，小野田从内向宅男蜕变为王牌选手的历程极具感染力，是一部让观众肾上腺素飙升的运动番。动作设计与演出张力俱佳，随着剧情推进，主角面对的敌人越来越强，战斗方式与自身局限的突破层层升级，配乐与画面配合出色，将热血少年向作品应有的爽快感与成长感都演绎得十分到位。
46,primary,zh-CN,钻石王牌,《钻石王牌》改编自同名棒球漫画，讲述青道高中棒球部的热血物语。主角泽村荣纯以独特的投球加入青道，与天才捕手御幸一也及众多队友为冲击甲子园而奋斗。作品以真实的棒球战术、细致的比赛描写与人物成长著称，描绘少年们追逐棒球梦想的青春群像，荣纯从被质疑到逐渐被认可的成长之路真实而动人，队伍的团结与羁绊贯穿始终，是棒球题材动画的经典之作。动画的节奏把控张弛有度，战斗场面的分镜与作画都相当扎实，主角在与强敌的较量中不断突破自我，和同伴之间建立的信任与羁绊也为剧情增添了温度，热血与感动并存，值得一看。
47,primary,zh-CN,武士弗拉明戈,《武士弗拉明戈》是原创动画。普通青年羽佐间正义在成为义务警察后，意外卷入了真正的犯罪与英雄斗争。他遇见的搭档后藤英德，以及名为弗拉明戈的神秘存在，使故事从轻松的喜剧逐渐转向严肃而宏大的英雄物语。作品以意想不到的剧情走向、独特的英雄观与充满魄力的演出著称，前期看似恶搞的设定在后期迎来震撼的反转，对社会现象与英雄定义的探讨令人印象深刻，是极具话题性的原创作品。画风清新、节奏舒缓，人物之间的相处自然而温暖，那些平凡琐碎的片段在动画的演绎下变得闪闪发光，传递出一种治愈人心的宁静力量，是治愈系爱好者不容错过的作品。
48,primary,zh-CN,伽利略少女,《伽利略少女》是原创动画，讲述伽利略的后代三姐妹的故事。伽利略的子孙三姐妹拥有各自的天赋与个性，却意外卷入与爷爷留下的财宝有关的国际纷争。作品以伽利略的遗产为线索，展开充满科学与冒险的旅程，三姐妹在追查真相的过程中逐渐加深姐妹情谊。动画将科学元素、动作冒险与温馨日常结合，画风清新明快，人物塑造鲜活，节奏张弛有度，是一部轻松而有趣的冒险动画。细节之处见用心，角色们的互动充满生活气息与小小的幽默，将平淡日常描绘得富有诗意，观感舒适惬意，能让人暂时放下烦恼，沉浸在那份简单纯粹的美好之中。
49,primary,zh-CN,Phi-Brain～神之谜题3,《Phi-Brain～神之谜题3》是解谜动画的第三季。天才解谜少年大门界人继续挑战名为神之谜题的古代谜题，为拯救被困的同伴与好友而战斗。本季引入新的谜题机关与强劲对手，界人的谜题能力进一步提升，面临更加艰巨的考验。作品以脑力解谜与紧张的对决为特色，每个谜题都设计精巧、考验智慧与逻辑，界人冷静的头脑与伙伴们的配合令人叹为观止，是解谜题材动画中不可多得的佳作。动画的节奏把控张弛有度，战斗场面的分镜与作画都相当扎实，主角在与强敌的较量中不断突破自我，和同伴之间建立的信任与羁绊也为剧情增添了温度，热血与感动并存，值得一看。
50,primary,zh-CN,记录的地平线,《记录的地平线》改编自同名轻小说。网络游戏幻境神话更新后，三万多名玩家被困在游戏世界中无法退出。老练的玩家城惠凭借智谋与领导力，在异世界版图奥德赛中建立公会影响势力，探寻回到现实世界的方法。作品以策略、经营与MMO设定为特色，城惠冷静的头脑战、团队的组织管理与各职业的配合成为看点，与众多玩家共同生活的群像刻画细腻，世界观严谨，是网游题材动画的经典之作。画风清新、节奏舒缓，人物之间的相处自然而温暖，那些平凡琐碎的片段在动画的演绎下变得闪闪发光，传递出一种治愈人心的宁静力量，是治愈系爱好者不容错过的作品。
51,primary,zh-CN,声优战队,《声优战队》是原创动画，以声优行业为题材。作品描绘年轻声优们进入声优养成所，为成为专业声优而努力奋斗的故事。片中穿插大量声优行业的真实细节、试音流程与搞笑段子，角色们在录音棚、事务所与日常中不断成长。作品以配音工作为切入点，展现声音世界的魅力与幕后艰辛，主角们对声优梦想的执着追求真挚感人，同时也充满轻松愉快的搞笑氛围，是声优题材爱好者不容错过的作品。细节之处见用心，角色们的互动充满生活气息与小小的幽默，将平淡日常描绘得富有诗意，观感舒适惬意，能让人暂时放下烦恼，沉浸在那份简单纯粹的美好之中。
52,primary,zh-CN,第一神拳 Rising,《第一神拳 Rising》是经典拳击动画的第三季。幕之内一步在鸭川拳馆继续训练，为成为世界级拳王而不断挑战强敌。本季一步面对更加严苛的对手，在拳击场上经历失败与突破，磨练出更强大的力量。作品以真实的拳击描写、热血的比赛场面与角色成长著称，一步的每一场对决都充满张力与感动，对手的塑造同样立体，让人体会到拳击运动的魅力与运动员的坚韧精神，是拳击题材动画的代表作。动画的节奏把控张弛有度，战斗场面的分镜与作画都相当扎实，主角在与强敌的较量中不断突破自我，和同伴之间建立的信任与羁绊也为剧情增添了温度，热血与感动并存，值得一看。
53,primary,zh-CN,摸索吧！部活剧,《摸索吧！部活剧》是原创短篇动画，讲述女高中生们组成社团寻找部活方向的故事。主角们以即兴演出与对话推进剧情，充满实验性与搞笑元素，打破传统动画的叙事框架。作品以独特的演出手法、打破第四面墙的幽默与对动画制作的戏仿为特色，角色们在荒诞的部活构想中插科打诨、放飞自我，在短小的篇幅内展现出惊人的笑料密度，是极具玩梗精神的实验性搞笑动画。画风清新、节奏舒缓，人物之间的相处自然而温暖，那些平凡琐碎的片段在动画的演绎下变得闪闪发光，传递出一种治愈人心的宁静力量，是治愈系爱好者不容错过的作品。
54,primary,zh-CN,黑白小姐,《黑白小姐》是虚拟偶像短篇动画，主角黑白小姐是一个热爱偶像的少女机器人，因某次机缘从长眠中觉醒，努力成为偶像。作品以夸张的演出、高速的吐槽与无厘头的剧情为特色，黑白小姐在追逐梦想的过程中闹出各种令人捧腹的笑话，从日常琐事到偶像活动都充满恶搞。全片节奏极快、笑点密集，塑造了黑白小姐蠢萌又执着的可爱形象，是一部轻松解压的泡面番。动作设计与演出张力俱佳，随着剧情推进，主角面对的敌人越来越强，战斗方式与自身局限的突破层层升级，配乐与画面配合出色，将热血少年向作品应有的爽快感与成长感都演绎得十分到位。
55,primary,zh-CN,噗哔啵 来自未来,《噗哔啵 来自未来》是短篇动画，讲述来自未来的谜之生物噗哔啵与人类女孩的温馨日常。噗哔啵拥有奇特的能力，与女孩在相处中引发一系列轻松有趣的事件，逐渐成为彼此重要的伙伴。作品画风独特、氛围治愈，以简洁的叙事展现人与奇妙生物之间的温情与羁绊，没有激烈的冲突，只有日常的温暖与小小的惊喜，适合在忙碌间隙放松观看，感受那份纯粹的美好。作品没有强烈的戏剧冲突，却以细腻的笔触捕捉日常中的微小幸福，角色的喜怒哀乐真实可感，在平实的叙述中悄然传递着生活的温度，适合在忙碌之余放松心情慢慢欣赏。
56,primary,zh-CN,悠哉日常大王,《悠哉日常大王》改编自同名漫画，讲述乡村小学越谷姐妹与转学生宫内莲华的悠闲日常。作品描绘日本乡下的四季风光与孩童们的淳朴生活，以舒缓的节奏、清新的画风与治愈的氛围著称。莲华天真烂漫的口头禅、姐妹间的互动与乡间生活的点滴令人会心一笑，将田园生活的宁静美好展现得淋漓尽致，是治愈系日常动画中的代表作，能让观众在喧嚣的生活中找到内心的安宁。画风清新、节奏舒缓，人物之间的相处自然而温暖，那些平凡琐碎的片段在动画的演绎下变得闪闪发光，传递出一种治愈人心的宁静力量，是治愈系爱好者不容错过的作品。
57,primary,zh-CN,银狐,《银狐》改编自同名漫画，讲述神社巫女冴木真琴与狐狸神使银太郎的温馨日常。真琴是宇天神社的巫女，能与神明沟通的银太郎虽然毒舌却始终默默守护着她。作品围绕神社的祭祀、来访者的愿望与少女的成长展开，通过一个个与神社相关的小故事，描绘人与神使之间的羁绊与温情。画风细腻、氛围宁静，真琴在银太郎的陪伴下逐渐理解神使与巫女的职责，是一部治愈人心的日常作品。细节之处见用心，角色们的互动充满生活气息与小小的幽默，将平淡日常描绘得富有诗意，观感舒适惬意，能让人暂时放下烦恼，沉浸在那份简单纯粹的美好之中。
58,primary,zh-CN,少女骑士物语,《少女骑士物语》改编自同名游戏。在骑士学园中，少女们以骑乘马匹、使用枪剑进行竞技为荣。主人公水野贵弘在负伤后转为辅助，帮助少女骑士们训练，与她们建立深厚的信任。作品围绕学园骑士竞技与恋爱展开，描绘少女骑士们在马背上的英姿与青春，华丽的骑士装备、刺激的比赛场面与细腻的情感交织，贵弘与各位少女骑士之间的互动充满魅力，是兼具竞技热血与恋爱氛围的作品。动画的节奏把控张弛有度，战斗场面的分镜与作画都相当扎实，主角在与强敌的较量中不断突破自我，和同伴之间建立的信任与羁绊也为剧情增添了温度，热血与感动并存，值得一看。
59,primary,zh-CN,来自风平浪静的明天,《来自风平浪静的明天》是P.A.WORKS原创动画，讲述海中与陆上两个世界少年少女们的青春物语。海底村汐鹿生的少年少女们因潮汐变化被迫转移到陆地学校，与陆上的伙伴们相识，围绕恋爱与友情展开纠葛。作品以细腻的情感描写、壮美的海景与精致的作画著称，五对少年少女之间的三角关系与成长历程层层递进，潮汐与时间的隐喻贯穿全片，是一部画面唯美、情感深邃、催人泪下的青春群像剧。作品在甜蜜之余也保留了青春特有的青涩与迷茫，主角在感情中的成长与抉择贯穿始终，配乐温润、画面明丽，将恋爱中的忐忑、欢喜与遗憾都拿捏得恰到好处，适合慢慢品味。
60,primary,zh-CN,想成为世界最强,《想成为世界最强》改编自同名轻小说。人气偶像萩原樱在受伤后转型职业摔角手，在摔角场上一路成长。作品以女子职业摔角为题材，樱与同伴们在训练与比赛中挑战极限，逐渐获得观众的认可。作品融合偶像与摔角元素，既有偶像的光鲜亮丽，也有摔角场的汗水与热血，樱从偶像转型为摔角手的决心与努力令人动容，比赛场面充满力量感，是一部别具特色的运动题材作品。动作设计与演出张力俱佳，随着剧情推进，主角面对的敌人越来越强，战斗方式与自身局限的突破层层升级，配乐与画面配合出色，将热血少年向作品应有的爽快感与成长感都演绎得十分到位。
61,primary,zh-CN,网球并不可笑嘛 3期,《网球并不可笑嘛》是短篇搞笑动画，讲述网球部少女们的无厘头日常。作品以高速吐槽、夸张演出与脑洞大开的桥段为特色，将原本严肃的网球比赛恶搞成各种爆笑场景，角色们时常陷入混乱与乌龙。每一话篇幅极短却笑点密集，网球部的笨蛋成员们在比赛与练习中闹出的笑话层出不穷，是一部让人捧腹大笑的轻松泡面番，适合在碎片时间观看解压。作品没有强烈的戏剧冲突，却以细腻的笔触捕捉日常中的微小幸福，角色的喜怒哀乐真实可感，在平实的叙述中悄然传递着生活的温度，适合在忙碌之余放松心情慢慢欣赏。
62,primary,zh-CN,限制级杀手,《限制级杀手》改编自同名漫画。神秘杀手以出人意料的方式执行各种暗杀任务，却总是遭遇令人哭笑不得的意外状况。作品以冷幽默与夸张的暴力搞笑为特色，杀手在严肃的任务与荒诞的日常间自由切换，情节荒诞有趣、节奏明快。主角那充满反差感的表现、诡异的行事风格与地下世界的众生相，塑造出独特的黑色幽默氛围，在轻松搞笑的表层下也暗藏着对杀手职业的戏谑，是一部别具一格的作品。作品在热血的打斗之外，也细致刻画了角色们各自的信念与选择，每一次战斗都不仅是力量的较量，更是意志的碰撞，高潮部分张力十足，让观众在肾上腺素飙升的同时也为之动容。
63,primary,zh-CN,名侦探柯南,《名侦探柯南》是家喻户晓的经典推理动画。高中生侦探工藤新一被黑衣组织灌下毒药后身体缩小，化名江户川柯南寄居在毛利小五郎家，借助身体不便的机会继续破解疑难案件。作品围绕无数精巧的杀人谜题与黑衣组织的阴谋展开，柯南与灰原哀、服部平次等人的合作，以及与小兰的感情线，构成持续数十年的推理经典。从密室杀人到怪盗基德的华丽登场，柯南用缜密的推理一次次揭开真相，陪伴了无数观众的成长。单元事件与主线阴谋环环相扣，角色在追查真相的过程中不断面临抉择与牺牲，冷峻的色调与紧张的配乐将不安感渲染得恰到好处，推理与人性刻画并重，颇具深度。
64,primary,zh-CN,航海王,《航海王》改编自尾田荣一郎的同名漫画。少年路飞为成为海贼王，与伙伴们组成草帽一伙，驶向伟大航路寻找传说中的宝藏One Piece。作品以热血冒险、伙伴羁绊与宏大的世界观著称，路飞与索隆、娜美、山治、乌索普等伙伴在一次次战斗中加深友谊，并卷入与海军、四皇、世界政府的史诗对决。从东海启航到新世界的征程，路飞用自由与梦想感染着每一个人，漫画与动画累计的庞大篇章与感人故事，使其成为当之无愧的国民级作品。动画的节奏把控张弛有度，战斗场面的分镜与作画都相当扎实，主角在与强敌的较量中不断突破自我，和同伴之间建立的信任与羁绊也为剧情增添了温度，热血与感动并存，值得一看。
65,primary,zh-CN,火影忍者疾风传,《火影忍者疾风传》是《火影忍者》的续作，讲述鸣人修行归来的成长故事。鸣人与小樱、佐助等伙伴在木叶村中执行任务，逐渐卷入大蛇丸、晓组织与第四次忍者大战的漩涡。作品以忍者战斗、羁绊与和平为主题，鸣人以永不放弃的毅力与尾兽之力不断成长，与佐助的宿命对决贯穿始终。从下忍到忍界英雄，鸣人用嘴遁与实力改变了许多人的命运，最终守护了重要的同伴与忍界的和平，是无数人青春记忆中的热血经典。作品在热血的打斗之外，也细致刻画了角色们各自的信念与选择，每一次战斗都不仅是力量的较量，更是意志的碰撞，高潮部分张力十足，让观众在肾上腺素飙升的同时也为之动容。
66,primary,zh-CN,王者天下 第二季,《王者天下 第二季》改编自同名漫画，以战国末期的中国为舞台。少年信以成为大将军为目标，在秦国的征战中与挚友漂、大将军王骑相遇，逐步卷入统一天下的宏大战争。第二季延续秦赵之战等历史事件，展现信在战场上的成长与诸子百家、名将们的风采。作品以宏大的战争场面、热血的人物成长与真实历史背景著称，信的勇猛与执着令人动容，秦国统一六国的历史画卷在动画中徐徐展开，是历史题材动画中的翘楚。动作设计与演出张力俱佳，随着剧情推进，主角面对的敌人越来越强，战斗方式与自身局限的突破层层升级，配乐与画面配合出色，将热血少年向作品应有的爽快感与成长感都演绎得十分到位。
67,primary,zh-CN,探险托里兰托 1000年的真宝,《探险托里兰托 1000年的真宝》是原创冒险动画，讲述少年探险家们的寻宝冒险。主角与同伴们为寻找传说中埋藏千年的真宝而踏上旅途，在神秘的托里兰托大陆上面对各种危险与谜题。作品以轻松冒险与伙伴羁绊为特色，一路上的机关、怪物与宝藏传说接连不断，少年们凭借勇气与智慧化险为夷，适合少年向观众观看，节奏明快、氛围积极，传递着探索未知的冒险精神。作品没有强烈的戏剧冲突，却以细腻的笔触捕捉日常中的微小幸福，角色的喜怒哀乐真实可感，在平实的叙述中悄然传递着生活的温度，适合在忙碌之余放松心情慢慢欣赏。
68,primary,zh-CN,美妙旋律 Rainbow Live,《美妙旋律 Rainbow Live》是美妙旋律系列第四季，讲述少女们通过舞蹈与时尚实现梦想的故事。女主角彩濑奈露在听到美妙旋律后，凭借天生的舞技成为明星，并在舞台上不断挑战自我。作品以华丽的舞台演出、时尚元素与少女们的成长为主线，展现偶像世界的闪耀与挑战，奈露与伙伴们在比赛与表演中加深羁绊，歌舞场面充满感染力，是少女向偶像动画中的经典系列。作品在展现华丽舞台的同时，也刻画了偶像们背后的努力、竞争与友情，角色在一次次演出与挑战中逐渐成长，演唱的曲目旋律优美、记忆点十足，整体氛围励志而温暖。
69,primary,zh-CN,物语系列 第二季,《物语系列 第二季》是西尾维新小说改编动画的第二季。本季以数条独立又交织的故事线展开，阿良良木历与吸血鬼、怪异、伙伴们的过去被层层揭开，围绕贝木泥舟、战场原黑仪、忍野扇等人物的篇章相继上演。作品以独特的对白风格、极致的画面表现与充满思辨的叙事著称，将恋爱、悬疑、哲学与吐槽完美融合，历在怪异事件中不断成长。动画的镜头语言与色彩运用堪称教科书级别，是业界公认的艺术杰作。动作设计与演出张力俱佳，随着剧情推进，主角面对的敌人越来越强，战斗方式与自身局限的突破层层升级，配乐与画面配合出色，将热血少年向作品应有的爽快感与成长感都演绎得十分到位。
70,primary,zh-CN,宇宙兄弟,《宇宙兄弟》改编自同名漫画，讲述两兄弟追逐宇航员梦想的故事。哥哥六太在弟弟日日人成为宇航员后，重新燃起儿时的梦想，通过层层选拔加入JAXA，向宇宙发起挑战。作品以真实的航天知识、温暖的兄弟情与励志的成长故事著称，六太从失意中年到候选宇航员的蜕变充满希望与感动，宇宙开发的艰辛与浪漫交织，角色们在追梦路上的坚持鼓舞人心，是一部充满力量与温情的作品。科幻设定考究而自洽，科技与人文的碰撞贯穿全片，在宏大的未来图景之下，角色的信念与抉择更显分量，叙事层层推进、世界观逐步展开，是一部兼具视觉冲击与思想深度的作品。
71,primary,zh-CN,猎人,《猎人》改编自富坚义博的同名漫画。少年杰为寻找成为猎人的父亲，踏上猎人考试之路，与奇犽、酷拉皮卡、雷欧力等伙伴并肩作战。作品以精妙的念能力战斗设定、冷酷与温情并存的叙事著称，猎人考试、揍敌客家族、幻影旅团、贪婪之岛等篇章扣人心弦。小杰的纯粹与执着、奇犽的挣扎与成长、酷拉皮卡的复仇之路，都在富坚的笔下展现出复杂的人性深度，是热血漫中极具内涵的经典之作。作品在热血的打斗之外，也细致刻画了角色们各自的信念与选择，每一次战斗都不仅是力量的较量，更是意志的碰撞，高潮部分张力十足，让观众在肾上腺素飙升的同时也为之动容。
72,primary,zh-CN,圣斗士星矢Ω,《圣斗士星矢Ω》是圣斗士系列新作。失去记忆的圣斗士光牙在雅典娜的指引下成为新世代圣斗士，与同伴们一起守护大地的和平。作品在保留经典圣斗士设定的同时引入新世代角色，围绕火星之神等新威胁展开冒险。光牙从失忆少年成长为肩负使命的战士，燃烧小宇宙与圣衣战斗延续系列的热血传统，新生代圣斗士们的友情与牺牲令人感动，既致敬经典又带来新鲜感。动作设计与演出张力俱佳，随着剧情推进，主角面对的敌人越来越强，战斗方式与自身局限的突破层层升级，配乐与画面配合出色，将热血少年向作品应有的爽快感与成长感都演绎得十分到位。
73,primary,zh-CN,超青春姐弟s,《超青春姐弟s》是短篇动画，讲述姐姐与弟弟的日常搞笑故事。作品以姐弟互动为中心，用夸张的吐槽与生活化的段子展现姐弟间的微妙关系，从抢零食到生活琐事，处处充满真实又搞笑的共鸣。动画以简短轻松的篇幅呈现，节奏明快、笑点密集，姐弟俩的性格反差与日常拌嘴令人忍俊不禁，在欢乐中也能感受到家人之间的温暖，是适合放松心情的小品式作品。作品没有强烈的戏剧冲突，却以细腻的笔触捕捉日常中的微小幸福，角色的喜怒哀乐真实可感，在平实的叙述中悄然传递着生活的温度，适合在忙碌之余放松心情慢慢欣赏。
74,primary,zh-CN,黏黏糊糊!!角质君,《黏黏糊糊!!角质君》是短篇搞笑动画，主角是皮肤上的角质，以角质视角展开各种无厘头的日常。作品以夸张的演出与荒诞的设定搞笑，将角质的拟人化生活演绎得妙趣横生，从日常清洁到各种奇葩遭遇都充满脑洞。全片节奏飞快、笑点密集，独特的设定与逗趣的演出让人印象深刻，是一部脑洞大开、极具创意的泡面番，让观众在欢笑中忘记角质这个题材本身有多离谱。画风清新、节奏舒缓，人物之间的相处自然而温暖，那些平凡琐碎的片段在动画的演绎下变得闪闪发光，传递出一种治愈人心的宁静力量，是治愈系爱好者不容错过的作品。
75,primary,zh-CN,魔鬼恋人,《魔鬼恋人》改编自同名乙女游戏。少女小森唯在转学到吸血鬼聚集的学校后，被卷入六兄弟的吸血游戏。作品以暗黑的吸血鬼设定、华丽的角色与暧昧的互动为特色，唯在与危险的兄弟们的相处中步步惊心，同时又无法抗拒那种禁忌的诱惑。动画充满哥特式的华丽氛围，兄弟们的性格各异、魅力十足，剧情在惊悚与恋爱之间摇摆，营造出独特的暗黑浪漫气息，是乙女向吸血鬼题材的代表作。人物关系的推进张弛有度，误会、巧合与真诚交织出丰富的情感层次，在轻松搞笑的日常包裹下，那份真挚的心意愈发显得珍贵，收尾的温情与感动足以让人心头一暖。
76,primary,zh-CN,献给某飞行员的恋歌,《献给某飞行员的恋歌》改编自同名轻小说。在天空之岛的圣王国内，少年飞行员狩野正臣与贵族少女之间的恋情在身份差距与战火中萌芽。作品以翱翔天际的飞行场景与悲恋氛围著称，正臣在战争中守护重要之人的决心贯穿始终，从青涩少年到成熟飞行员的成长令人动容。动画将空战的壮美、恋爱的苦涩与战争的残酷交织，配乐优美、画面精致，是一部充满浪漫与悲剧色彩的青春战争物语。动画的节奏把控张弛有度，战斗场面的分镜与作画都相当扎实，主角在与强敌的较量中不断突破自我，和同伴之间建立的信任与羁绊也为剧情增添了温度，热血与感动并存，值得一看。
77,primary,zh-CN,魔法战争,《魔法战争》改编自同名轻小说。普通高中生七濑武在深夜救助昏迷的少女后，发现自己觉醒了魔法，被卷入魔法师之间的战争。作品以魔法战斗与学园生活为舞台，武在追寻真相的过程中面对来自魔导机关与黑之魔法师的威胁，逐渐了解自己能力的真相。剧情充满悬疑与反转，战斗场面热力十足，武与同伴们在魔法战争中的挣扎与抉择，让这部作品在热血之外也带有一丝沉重。作品在热血的打斗之外，也细致刻画了角色们各自的信念与选择，每一次战斗都不仅是力量的较量，更是意志的碰撞，高潮部分张力十足，让观众在肾上腺素飙升的同时也为之动容。
78,primary,zh-CN,鬼灯的冷彻,《鬼灯的冷彻》改编自同名漫画，讲述地狱阎罗王辅佐官鬼灯的爆笑日常。鬼灯以冷静毒舌的形象处理地狱的各类事务，与狱卒们、金鱼草以及前来闹事的各种存在斗智斗勇。作品融合日本地狱神话与现代职场喜剧，将地狱描绘成充满官僚气息与黑色幽默的机构，笑点密集、节奏明快。鬼灯那雷厉风行又腹黑的行事风格、金鱼草的魔性存在与各色神明的客串，塑造了独具魅力的角色群像，是一部让人欲罢不能的搞笑佳作。细节之处见用心，角色们的互动充满生活气息与小小的幽默，将平淡日常描绘得富有诗意，观感舒适惬意，能让人暂时放下烦恼，沉浸在那份简单纯粹的美好之中。
79,primary,zh-CN,樱Trick,《樱Trick》是百合题材日常动画，讲述两位好友高坂美月和南野小春的亲密关系。两人在高中生活中不断拉近距离，用亲吻表达彼此的珍惜，在暧昧与害羞中加深羁绊。作品以温馨治愈的氛围与细腻的感情描写著称，美月与小春的互动甜度十足，画风清新明亮，将少女之间纯真又朦胧的情愫刻画得恰到好处，是百合题材中颇受欢迎的作品。作品没有强烈的戏剧冲突，却以细腻的笔触捕捉日常中的微小幸福，角色的喜怒哀乐真实可感，在平实的叙述中悄然传递着生活的温度，适合在忙碌之余放松心情慢慢欣赏。
80,primary,zh-CN,妖怪手表,《妖怪手表》是国民级妖怪题材动画。少年天野景太通过妖怪手表看到身边的妖怪，与妖怪管家维斯帕等伙伴一起解决妖怪引起的事件。作品以轻松的日常、可爱的妖怪角色与收集元素著称，景太在冒险中逐渐理解妖怪们的内心，与妖怪建立友谊。动画充满童趣与想象力，妖怪造型千奇百怪、萌点十足，从游戏、玩具到动画的全方位联动使其成为深受儿童喜爱的国民IP。画风清新、节奏舒缓，人物之间的相处自然而温暖，那些平凡琐碎的片段在动画的演绎下变得闪闪发光，传递出一种治愈人心的宁静力量，是治愈系爱好者不容错过的作品。
81,primary,zh-CN,未来卡 搭档对战,《未来卡 搭档对战》是卡片对战动画，讲述少年未门牙王在卡片竞技中的成长。牙王与搭档卡片兽并肩作战，在伙伴对战大会中不断挑战强敌，与众多对手结下深厚友谊。作品以热血的卡片对战、伙伴羁绊与正统少年向叙事为特色，卡牌战斗的规则与策略性十足，牙王在一次次对战中磨炼技术、成长心灵，充满了少年漫特有的热血与感动，是卡牌动画爱好者熟悉的名作。动作设计与演出张力俱佳，随着剧情推进，主角面对的敌人越来越强，战斗方式与自身局限的突破层层升级，配乐与画面配合出色，将热血少年向作品应有的爽快感与成长感都演绎得十分到位。
82,primary,zh-CN,伪恋,《伪恋》改编自同名漫画。黑帮少爷一条乐与黑道大小姐桐崎千棘，为维持双方家族的和平被迫假扮恋人。随着相处，两人之间的感情逐渐升温，而乐念念不忘的初恋之谜也随之展开。作品以欢乐的恋爱喜剧、复杂的人物关系与跌宕的剧情著称，乐在千棘、小野寺与众多女性角色之间摇摆，误会与巧合接连不断，笑点密集、糖分十足，是恋爱喜剧动画中的经典之作。角色间的互动刻画得细腻自然，那些欲言又止的心意、别扭又真诚的靠近都真实而动人，情感线与日常情节交织，让观众在会心一笑与怦然心动之间反复横跳，是一部让人回味无穷的恋爱物语。
83,primary,zh-CN,魔具少女！通,《魔具少女！通》是《魔具少女》的第二季，延续校园战斗与恋爱喜剧。少年大山武在魔导学园中与女性朋友们共同生活，围绕魔具的争夺展开战斗。本季在原有基础上加入更多角色与战斗场面，武的魔具力量逐步展现，与强敌的对决更加激烈。作品以卖肉、战斗与后宫元素结合，轻松搞笑的日常与热血的战斗并存，武与女主角们之间的互动充满欢乐，是典型的校园后宫战斗番。作品在热血的打斗之外，也细致刻画了角色们各自的信念与选择，每一次战斗都不仅是力量的较量，更是意志的碰撞，高潮部分张力十足，让观众在肾上腺素飙升的同时也为之动容。
84,primary,zh-CN,妄想学生会＊,《妄想学生会＊》改编自四格漫画，讲述学生会成员的爆笑日常。学生会会长天草筱与成员们在学生会室里展开各种黄段子与吐槽，作品以高速对话、恶搞与成人向笑料著称。从学生会室的日常到校园活动，角色们用一本正经的语气说着让人脸红的内容，反差感十足，笑点密集、节奏飞快，是搞笑校园动画中经久不衰的经典，被无数观众奉为深夜搞笑番的标杆。细节之处见用心，角色们的互动充满生活气息与小小的幽默，将平淡日常描绘得富有诗意，观感舒适惬意，能让人暂时放下烦恼，沉浸在那份简单纯粹的美好之中。
85,primary,zh-CN,稻荷恋之歌,《稻荷恋之歌》改编自同名漫画。少女伏见伊奈里因帮助狐仙而获得变身能力，却因此卷入与神明的纠葛。作品以京都为舞台，融合神社、神明与恋爱元素，伊奈里在能力与日常之间摇摆，描绘少女成长与初恋的温馨物语。动画以优美的京都风情与细腻的感情刻画著称，伊奈里在得到能力后逐渐理解珍惜真心的意义，狐仙与神明的设定充满日式幻想色彩，是一部温柔治愈的作品。角色间的互动刻画得细腻自然，那些欲言又止的心意、别扭又真诚的靠近都真实而动人，情感线与日常情节交织，让观众在会心一笑与怦然心动之间反复横跳，是一部让人回味无穷的恋爱物语。
86,primary,zh-CN,世界征服～谋略之星～,《世界征服～谋略之星～》是原创动画。邪恶组织星元会计划征服世界，其精锐部队伍亚拉组织与正义英雄们对抗。作品以独特的反派视角与可爱的角色设计著称，兼具搞笑与严肃的叙事，探讨善恶与和平的主题。可爱的少女反派们一本正经地策划征服世界的阴谋，与英雄们的对决充满反差萌与笑料，同时后期剧情逐渐深入，对正义与和平的思考让这部作品在搞笑之余也颇具内涵。悬疑氛围铺垫扎实，人物之间暗流涌动的博弈与隐藏的秘密交织出复杂的叙事网络，叙事节奏收放自如，高潮部分的揭示震撼有力，看完之后依然值得反复回味其中的细节。
87,primary,zh-CN,信长之枪,《信长之枪》改编自同名漫画。拥有神奇力量的少女织田信长，与战国武将们一同在现代与过去之间穿梭，对抗威胁世界的敌人。作品将战国历史与科幻元素融合，以热血战斗与历史改造设定为特色，信长手持武器在战场上的英姿令人印象深刻。动画将历史上的战国武将重新演绎，配合机器人般的未来装备与时间旅行设定，脑洞大开，战斗场面华丽，是一部历史与科幻交织的独特作品。动作设计与演出张力俱佳，随着剧情推进，主角面对的敌人越来越强，战斗方式与自身局限的突破层层升级，配乐与画面配合出色，将热血少年向作品应有的爽快感与成长感都演绎得十分到位。
88,primary,zh-CN,BUDDY COMPLEX,《BUDDY COMPLEX》是原创机器人动画。普通高中生渡濑青叶在意外中被卷入未来世界的战斗，与机器人驾驶员弓原雏相遇，共同对抗强大的敌人。作品以时间跳跃、友情羁绊与热血的机器人战斗为特色，青叶与雏的搭档关系成为核心，两人在战斗中逐渐了解彼此、建立信任。动画的机体设计精良、战斗场面流畅，围绕时间悖论与伙伴牺牲的剧情层层推进，是一部扎实而动人的机器人动画。动画的节奏把控张弛有度，战斗场面的分镜与作画都相当扎实，主角在与强敌的较量中不断突破自我，和同伴之间建立的信任与羁绊也为剧情增添了温度，热血与感动并存，值得一看。
89,primary,zh-CN,魔女的使命,《魔女的使命》改编自同名漫画。普通少年火火里绫火被魔女袭击时，被魔女骑士多华宫霞拯救，两人因此结缘。绫火以魔女的身份暗中保护着霞，两人在校园生活中卷入魔女与骑士的纷争。作品以战斗与恋爱喜剧结合，塑造了强大的女主角形象，绫火冷静强大的实力与霞的日常反差令人印象深刻，战斗场面华丽流畅，围绕魔女与骑士的对立展开的剧情也充满悬念，是一部轻松又热血的奇幻作品。作品在热血的打斗之外，也细致刻画了角色们各自的信念与选择，每一次战斗都不仅是力量的较量，更是意志的碰撞，高潮部分张力十足，让观众在肾上腺素飙升的同时也为之动容。
90,primary,zh-CN,野良神,《野良神》改编自同名漫画。无名神夜斗在人间流浪，为赚取香火钱接取各种委托。他与少女一歧日和、神器雪音相遇后，卷入神明与妖怪的世界。作品以现代神话、热血战斗与温情日常著称，夜斗在追寻自我价值的过程中逐渐获得羁绊，从无人信仰的落魄神成长为受人信赖的存在。动画的打斗场面充满张力，夜斗与日和、雪音之间的互动温暖感人，在神话背景下探讨了陪伴与救赎的主题，是口碑极佳的奇幻作品。动作设计与演出张力俱佳，随着剧情推进，主角面对的敌人越来越强，战斗方式与自身局限的突破层层升级，配乐与画面配合出色，将热血少年向作品应有的爽快感与成长感都演绎得十分到位。
91,primary,zh-CN,WIZARD BARRISTERS〜辩魔士圣知,《WIZARD BARRISTERS〜辩魔士圣知》是原创动画，以魔法与法庭为题材。魔导辩护人圣知作为一名辩魔士，运用魔法在法庭上为委托人辩护，同时面对魔导法界的种种阴谋。作品将法庭辩论与魔法战斗结合，展现圣知在魔导法界中的冒险与成长，每一场庭审都充满智慧的较量与魔法的对决。动画设定新颖，将律政题材与奇幻元素融合，圣知冷静聪慧的形象令人印象深刻，剧情在严谨的法庭推理与华丽的魔法战斗之间取得平衡。动画的节奏把控张弛有度，战斗场面的分镜与作画都相当扎实，主角在与强敌的较量中不断突破自我，和同伴之间建立的信任与羁绊也为剧情增添了温度，热血与感动并存，值得一看。
92,primary,zh-CN,超级索尼子,《超级索尼子》改编自同名角色。索尼子是一名大学生兼摇滚乐队主唱，作品围绕她的日常生活展开，记录她与乐队成员、家人的相处。动画以治愈系日常与音乐元素为特色，展现索尼子纯真可爱的个性与慵懒随性的生活，从排练、演出到与猫共处的日常都充满温馨气息。作品没有激烈的冲突，而是以舒缓的节奏呈现一位少女平凡而闪光的日常，索尼子那软萌的形象与温柔的配乐让观众感到放松与治愈。画风清新、节奏舒缓，人物之间的相处自然而温暖，那些平凡琐碎的片段在动画的演绎下变得闪闪发光，传递出一种治愈人心的宁静力量，是治愈系爱好者不容错过的作品。
93,primary,zh-CN,农林,《农林》改编自同名轻小说。农业高校生畑耕作与同学木下林檎等人在学园中展开爆笑日常。作品以农业为背景，融合大量吐槽、恶搞与福利元素，从农业知识到校园生活都被玩出各种花样，耕作与林檎的感情线穿插其中。动画节奏明快、笑点密集，将看似严肃的农业题材演绎得妙趣横生，角色们一本正经地讨论种田与畜牧的桥段充满喜感，是搞笑与热血并存、极具特色的校园喜剧。动作设计与演出张力俱佳，随着剧情推进，主角面对的敌人越来越强，战斗方式与自身局限的突破层层升级，配乐与画面配合出色，将热血少年向作品应有的爽快感与成长感都演绎得十分到位。
94,primary,zh-CN,中二病也要谈恋爱！恋,《中二病也要谈恋爱！恋》是动画第二季。鸟取六花与富樫勇太在升入高中后，继续中二病与恋爱的日常。本季六花的现实问题逐渐浮出水面，两人的感情在欢笑与波动中加深，围绕六花的妹妹与过去的章节令人动容。作品以细腻的情感、欢乐的日常与京都动画精良的制作著称，六花的可爱中二行为与勇太的吐槽相得益彰，在搞笑之余也展现了中二病少女面对现实的成长，是一部既欢乐又温馨的恋爱喜剧。角色间的互动刻画得细腻自然，那些欲言又止的心意、别扭又真诚的靠近都真实而动人，情感线与日常情节交织，让观众在会心一笑与怦然心动之间反复横跳，是一部让人回味无穷的恋爱物语。
95,primary,zh-CN,未确认进行式,《未确认进行式》改编自同名漫画。少女夜之森小红在姐姐的牵线下，与未婚夫三峰白夜开始同居生活，而白夜竟是有着不可告人秘密的存在。作品围绕小红与白夜及其妹妹的日常生活展开，融合恋爱与奇幻元素，以轻松温馨的氛围描绘少女的成长。动画画风精致，小红对未婚夫的警惕与好奇、白夜的神秘温柔形成有趣反差，日常互动充满萌点与笑料，是一部治愈系的恋爱日常番。作品在甜蜜之余也保留了青春特有的青涩与迷茫，主角在感情中的成长与抉择贯穿始终，配乐温润、画面明丽，将恋爱中的忐忑、欢喜与遗憾都拿捏得恰到好处，适合慢慢品味。
96,primary,zh-CN,最近，妹妹的样子有点怪？,《最近，妹妹的样子有点怪？》改编自同名漫画。少年神前夕与妹妹美月之间，因幽灵少女的附身而展开混乱的日常。美月被幽灵少女附身，为完成其心愿与夕发生各种尴尬的接触，作品以擦边球喜剧为特色。夕与美月在啼笑皆非的事件中逐渐面对内心，剧情在搞笑与温馨之间摇摆，兄妹俩的互动充满反差与笑料，是带着福利元素的轻松校园喜剧。细节之处见用心，角色们的互动充满生活气息与小小的幽默，将平淡日常描绘得富有诗意，观感舒适惬意，能让人暂时放下烦恼，沉浸在那份简单纯粹的美好之中。
97,primary,zh-CN,STRANGE+,《STRANGE+》是短篇搞笑动画，讲述侦探社成员们无厘头的日常。侦探恒与助手们处理各种奇葩委托，作品以高速吐槽、恶搞与脑洞大开的剧情著称，在极短篇幅内制造密集笑点。侦探社里的怪人们一本正经地闹出各种乌龙，案件本身反而不是重点，重点是角色们令人捧腹的互动，节奏飞快、笑点密集，是一部轻松解压的泡面番。作品没有强烈的戏剧冲突，却以细腻的笔触捕捉日常中的微小幸福，角色的喜怒哀乐真实可感，在平实的叙述中悄然传递着生活的温度，适合在忙碌之余放松心情慢慢欣赏。
98,primary,zh-CN,Z/X IGNITION,《Z/X IGNITION》是卡片游戏改编动画，讲述少年们与被称为Z/X的异世界生物之间的战斗。主角天王寺飞鸟在平行世界入侵的危机中，与同伴们一起守护地球，通过卡片召唤Z/X进行战斗。作品以卡片召唤、热血战斗与多线叙事为特色，飞鸟在与各路对手的对战中成长，逐渐了解Z/X与平行世界的真相。动画将卡牌设定与少年热血结合，战斗场面华丽，适合喜欢卡牌与奇幻题材的观众。作品在热血的打斗之外，也细致刻画了角色们各自的信念与选择，每一次战斗都不仅是力量的较量，更是意志的碰撞，高潮部分张力十足，让观众在肾上腺素飙升的同时也为之动容。
99,primary,zh-CN,愚者信长,《愚者信长》改编自同名漫画。战国大名织田信长在科技与魔法并存的时代中，以异于常人的行动挑战命运。作品将历史人物与科幻设定融合，描绘信长的霸气与激进，充满热血与反转。信长以跨越时代的眼光与铁腕手段统一战国，与明智光秀、丰臣秀吉等人的关系也充满张力，动画的战斗场面华丽、节奏明快，将历史与幻想交织，塑造了一个极具魅力的另类信长形象。动作设计与演出张力俱佳，随着剧情推进，主角面对的敌人越来越强，战斗方式与自身局限的突破层层升级，配乐与画面配合出色，将热血少年向作品应有的爽快感与成长感都演绎得十分到位。
100,primary,zh-CN,天才麻将少女 全国篇,《天才麻将少女 全国篇》是麻将少女动画第二季。宫永咲与全国各校的麻将高手们在团体战中展开对决，本季聚焦全国大赛的激烈角逐。作品以超能力的麻将技巧、激烈的比赛与少女们的成长为主线，宫永咲与伙伴们向全国大赛发起冲击，与强校的每一次对局都紧张刺激。动画将看似枯燥的麻将比赛演绎得热血沸腾，各具特色的麻将天才少女们轮番登场，是竞技题材动画中的独特佳作。动画的节奏把控张弛有度，战斗场面的分镜与作画都相当扎实，主角在与强敌的较量中不断突破自我，和同伴之间建立的信任与羁绊也为剧情增添了温度，热血与感动并存，值得一看。
101,primary,zh-CN,银之匙 Silver Spoon 第二季,《银之匙》第二季改编自荒川弘的同名漫画，继续讲述城市少年八轩勇吾在农业高中大虾夷农高的成长。他在与猪、马、牛的朝夕相处中，逐渐理解生命的重量与农业的艰辛，也找到自己前进的方向。本季围绕实习、甲子园与毕业选择展开，以幽默又写实的方式描绘农村生活的酸甜苦辣，探讨梦想与现实、生命的尊严等深刻主题。作品延续荒川弘特有的扎实笔触，在朴实的故事中蕴含真挚的情感，是一部让人重新思考生活意义的作品。画风清新、节奏舒缓，人物之间的相处自然而温暖，那些平凡琐碎的片段在动画的演绎下变得闪闪发光，传递出一种治愈人心的宁静力量，是治愈系爱好者不容错过的作品。
102,primary,zh-CN,"Wake Up, Girls!","《Wake Up, Girls!》是偶像题材动画，讲述东北仙台一家小型艺人事务所中的七位少女组成的偶像团体Wake Up, Girls!的奋斗故事。事务所面临倒闭危机，少女们在落魄的环境中凭借努力与热情参加偶像活动，在欢笑与眼泪中一步步成长。作品以写实而略显残酷的偶像业界描写著称，直面偶像产业的光鲜与阴影，少女们的现实挣扎、梦想与友情交织，结局的成长与告别令人动容，是偶像动画中独树一帜的现实主义作品。"
103,primary,zh-CN,摸索吧！部活剧 再来一个,《摸索吧！部活剧 再来一个》是原创短篇动画第二季，延续少女们以即兴对话寻找社团活动方向的实验性风格。本季加入新角色，主角们在荒诞的部活构想与即兴表演中继续制造笑料。作品以打破常规的叙事、高速吐槽与对动画制作的戏仿为特色，将动画制作过程中的梗与角色们的自嘲巧妙结合，是一部极具玩梗精神的搞笑短篇，节奏极快、笑点密集，适合轻松观看。作品没有强烈的戏剧冲突，却以细腻的笔触捕捉日常中的微小幸福，角色的喜怒哀乐真实可感，在平实的叙述中悄然传递着生活的温度，适合在忙碌之余放松心情慢慢欣赏。
104,primary,zh-CN,上课小动作,《上课小动作》改编自同名漫画，讲述课堂上坐在后排的关同学，上课时总是不认真听讲，沉迷于各种令人目瞪口呆的微小游戏，从折纸、围棋到自制游戏机无所不包。同桌女生横井全程围观，忍不住吐槽却常常被关同学的脑洞折服。作品以短小精悍的篇幅、独特的视角与细腻的刻画，展现课堂上的另类欢乐，关同学天马行空的想象力与专注力令人叹为观止，既有童趣又有创意，是一部轻松有趣的校园短剧。画风清新、节奏舒缓，人物之间的相处自然而温暖，那些平凡琐碎的片段在动画的演绎下变得闪闪发光，传递出一种治愈人心的宁静力量，是治愈系爱好者不容错过的作品。
105,primary,zh-CN,属性同好会,《属性同好会》改编自同名漫画，讲述游戏制作同好会的少女们围绕游戏开发展开的爆笑日常。会长风间坚次在加入游戏制作部后，与性格各异的部员们相处，从角色设定到游戏编程闹出无数笑话。作品以高速吐槽、恶搞与无厘头喜剧为特色，将游戏开发过程中的种种乱象演绎得妙趣横生，部员们一本正经地做着荒诞事情的桥段令人捧腹，在搞笑之余也展现了少年少女们对游戏的热爱与坚持。细节之处见用心，角色们的互动充满生活气息与小小的幽默，将平淡日常描绘得富有诗意，观感舒适惬意，能让人暂时放下烦恼，沉浸在那份简单纯粹的美好之中。
106,primary,zh-CN,滨虎,《滨虎》改编自同名漫画，讲述拥有超能力的最小力量持有者们的物语。侦探奈斯与搭档紫在横滨开设侦探事务所，处理与最小力量相关的委托。随着调查深入，两人被卷入围绕超能力者的组织阴谋，被迫面对过去。作品以单元剧与主线交织，融合推理、战斗与都市悬疑氛围，奈斯的从容自信与紫的冷静深沉形成鲜明对比，横滨的城市风情与暗流涌动的剧情相得益彰，是一部氛围独特的都市悬疑作品。动画的节奏把控张弛有度，战斗场面的分镜与作画都相当扎实，主角在与强敌的较量中不断突破自我，和同伴之间建立的信任与羁绊也为剧情增添了温度，热血与感动并存，值得一看。
107,primary,zh-CN,GO!GO!575,《GO!GO!575》是以和歌为主题的短篇动画，讲述两位女高中生以五七五音律创作诗歌的日常。作品将日本传统和歌与现代校园生活结合，少女们在聊天与互动中用五七五的形式表达心情，从日常小事到青春心事都能化作诗句。全片画风清新、节奏明快，充满浓厚的日本文化气息，将传统与现代巧妙融合，在轻松的氛围中展现了和歌的魅力，是一部别具一格的文化小品。画风清新、节奏舒缓，人物之间的相处自然而温暖，那些平凡琐碎的片段在动画的演绎下变得闪闪发光，传递出一种治愈人心的宁静力量，是治愈系爱好者不容错过的作品。
108,primary,zh-CN,大家集合！Falcom学园,《大家集合！Falcom学园》是Falcom游戏角色的恶搞动画，将轨迹系列、伊苏系列等众多经典角色放入一所虚构学园共同生活。角色们在学园中闹出各种与原作设定反差的笑话，充满对自家作品的玩梗与致敬。作品以高速吐槽与密集彩蛋为特色，从黎恩、艾丝蒂尔到亚特鲁，众多人气角色以Q版形象登场，互动令人忍俊不禁，是Falcom粉丝不容错过的搞笑动画，路人观众也能在其中收获乐趣。细节之处见用心，角色们的互动充满生活气息与小小的幽默，将平淡日常描绘得富有诗意，观感舒适惬意，能让人暂时放下烦恼，沉浸在那份简单纯粹的美好之中。
109,primary,zh-CN,pupa,《pupa》改编自同名漫画，讲述兄妹之间的黑暗物语。少年长谷川现在妹妹梦遭遇怪物袭击后，自己也变成怪物，为拯救妹妹开始吞噬人类。作品以压抑阴暗的基调、残酷的剧情与禁忌的兄妹关系著称，因过于血腥黑暗而成为话题之作。动画的叙事风格冷冽，围绕兄妹在绝境中的相依与疯狂展开，那近乎绝望的羁绊令人心悸，是一部极具争议、风格极端的暗黑作品。恐怖氛围营造得极具压迫感，画面、音效与节奏配合出色，猎奇的设定与细思极恐的细节让寒意层层渗入，在短小精悍的篇幅内带来强烈的心理冲击，适合胆大的观众挑战。
110,primary,zh-CN,游戏王ARC-V,《游戏王ARC-V》是游戏王系列第五部，讲述使用召唤方式互相融合的次元决斗物语。主角游矢以娱乐决斗为理念，在拥有动作决斗的舞网市展开冒险，并与来自其他次元的决斗者相遇。作品以卡片对战、跨次元剧情与动作决斗为特色，游矢在决斗中成长，逐渐揭开次元战争的真相。动画将经典游戏王的热血决斗与新颖的动作决斗机制结合，卡片召唤的演出华丽，是游戏王系列中剧情设定颇具野心的作品。作品在热血的打斗之外，也细致刻画了角色们各自的信念与选择，每一次战斗都不仅是力量的较量，更是意志的碰撞，高潮部分张力十足，让观众在肾上腺素飙升的同时也为之动容。
111,primary,zh-CN,尽管如此世界依然美丽,《尽管如此世界依然美丽》改编自同名少女漫画。拥有呼风唤雨能力的雨之公国第四公主妮可，为政治联姻远嫁阳光之国太阳王里维斯。两人在差异与冲突中逐渐走近，妮可的纯真与歌声治愈着国王，展开一段公主与国王之间的奇幻恋爱物语。作品以浪漫氛围、能力设定与动人音乐著称，妮可的乐观坚强与里维斯的霸道温柔形成反差，两人的互动甜度十足，动画的配乐优美动听，是一部充满少女心的奇幻恋爱番。人物关系的推进张弛有度，误会、巧合与真诚交织出丰富的情感层次，在轻松搞笑的日常包裹下，那份真挚的心意愈发显得珍贵，收尾的温情与感动足以让人心头一暖。
112,primary,zh-CN,Lady 宝石宠物,《Lady 宝石宠物》是宝石宠物系列动画，讲述少女们与宝石宠物之间的友谊与魔法冒险。主角莉莉与宝石宠物们在学校与世界中展开各种活动，收集宝石、帮助他人。作品以可爱的角色、魔法变身与少女向日常为特色，传递友情与梦想的主题，宝石宠物们造型萌动、各有性格，莉莉与伙伴们的冒险充满温馨与童趣，是适合少女观众的治愈系魔法日常动画。作品没有强烈的戏剧冲突，却以细腻的笔触捕捉日常中的微小幸福，角色的喜怒哀乐真实可感，在平实的叙述中悄然传递着生活的温度，适合在忙碌之余放松心情慢慢欣赏。
113,primary,zh-CN,Happiness Charge 光之美少女！,《Happiness Charge 光之美少女！》是光之美少女系列第11作。心怀让大家幸福的愿望，少女爱乃惠等四人变身光之美少女，为守护世界的心之力量而战。作品以可爱的变装、甜美的日常与热血的战斗结合，四位主角性格各异、相互扶持，展现少女们的成长与羁绊。动画延续系列的变身魔法与日常欢乐，又在战斗中探讨幸福的意义，光之美少女们的团队合作与自我超越令人感动，是少女向魔法少女动画的代表作之一。作品在热血的打斗之外，也细致刻画了角色们各自的信念与选择，每一次战斗都不仅是力量的较量，更是意志的碰撞，高潮部分张力十足，让观众在肾上腺素飙升的同时也为之动容。
114,primary,zh-CN,金色琴弦 Blue♪Sky,《金色琴弦 Blue♪Sky》是金色琴弦系列动画，讲述星奏学院音乐科学生们的故事。女主角小日向奏进入音乐科后，与管弦乐部的男生们共同演奏，在音乐中加深理解。作品以古典音乐为题材，围绕合奏、比赛与青春恋爱的展开，充满优雅的音乐氛围。动画中演奏的古典名曲与角色们的情感交织，奏与各具才华的男生们在音乐中碰撞出火花，画面精致、配乐动人，是一部充满艺术气息的恋爱动画。人物关系的推进张弛有度，误会、巧合与真诚交织出丰富的情感层次，在轻松搞笑的日常包裹下，那份真挚的心意愈发显得珍贵，收尾的温情与感动足以让人心头一暖。
115,primary,zh-CN,艾斯卡与罗吉的工作室～黄昏之空的炼金术士～,《艾斯卡与罗吉的工作室》改编自同名游戏，讲述炼金术士们的日常与冒险。少年罗吉与少女艾斯卡在偏远工房中学习炼金术，为拯救被污染的世界而不断实验与探索。作品延续工作室系列的温馨氛围，以炼金、日常与冒险为特色，展现两个少年在黄昏世界中的成长。动画保留了游戏中的炼金调合、采集与友情元素，罗吉与艾斯卡在共同研究中逐渐理解彼此，配乐温柔、画面温暖，是一部治愈系的奇幻日常作品。作品没有强烈的戏剧冲突，却以细腻的笔触捕捉日常中的微小幸福，角色的喜怒哀乐真实可感，在平实的叙述中悄然传递着生活的温度，适合在忙碌之余放松心情慢慢欣赏。
116,primary,zh-CN,剑灵,《剑灵》改编自同名网游，讲述秦义绝与同伴们在剑灵世界中的冒险。少女与魔物共存的世界中，围绕力量与仇恨展开战斗。作品以华丽的动作、武侠元素与东方幻想风格著称，角色们在复仇与救赎之间寻找自己的道路。动画的打斗场面流畅华丽，将东方武侠与奇幻元素结合，洪门弟子们的恩怨情仇贯穿始终，世界观庞大、人物命运跌宕，是网游改编动画中颇具水准的作品。作品在热血的打斗之外，也细致刻画了角色们各自的信念与选择，每一次战斗都不仅是力量的较量，更是意志的碰撞，高潮部分张力十足，让观众在肾上腺素飙升的同时也为之动容。
117,primary,zh-CN,希德尼娅的骑士,《希德尼娅的骑士》改编自同名漫画，讲述在宇宙中漂流的人类，驾驶名为卫人的机甲与谜之生物奇居子战斗的SF物语。少年谷风长道在希德尼娅舰上成长，逐渐揭开奇居子的秘密与人类存续的希望。作品以3DCG表现、硬核科幻设定与宏大的宇宙战争著称，舰队生活、近战格斗与层层递进的悬念充满魅力，长道与星白闲等人的羁绊在残酷战斗中显得尤为珍贵，是硬科幻动画中的代表作。动作设计与演出张力俱佳，随着剧情推进，主角面对的敌人越来越强，战斗方式与自身局限的突破层层升级，配乐与画面配合出色，将热血少年向作品应有的爽快感与成长感都演绎得十分到位。
118,primary,zh-CN,恶魔之谜,《恶魔之谜》是原创动画，讲述在特殊学园中，暗杀者班级的十位少女与她们的目标少女一之濑晴之间的故事。所有学生都以暗杀晴为目标，而学生东兔角却逐渐对她产生保护之情。作品以紧张的氛围、百合元素与层层递进的悬疑著称，少女们各怀秘密与过去，暗杀与守护的博弈扣人心弦，兔角与晴之间的羁绊在刀光剑影中逐渐加深，结局的反转令人印象深刻。动画的节奏把控张弛有度，战斗场面的分镜与作画都相当扎实，主角在与强敌的较量中不断突破自我，和同伴之间建立的信任与羁绊也为剧情增添了温度，热血与感动并存，值得一看。
119,primary,zh-CN,我们大家的河合庄,《我们大家的河合庄》改编自同名漫画，讲述高中生宇佐和成与前辈河合庄的寄宿生活。他在河合庄遇见文学少女河合律，两人在庄内的日常生活与各色房客的陪伴下逐渐走近。作品以温馨治愈的日常、细腻的恋爱描写与独特的画风著称，河合庄的房客们性格鲜明、充满笑料，和成与律在笨拙的互动中慢慢靠近，将青春期的心动与羞涩刻画得恰到好处，是一部温柔治愈的恋爱日常番。作品在甜蜜之余也保留了青春特有的青涩与迷茫，主角在感情中的成长与抉择贯穿始终，配乐温润、画面明丽，将恋爱中的忐忑、欢喜与遗憾都拿捏得恰到好处，适合慢慢品味。
120,primary,zh-CN,美妙旋律 All Star Selection,《美妙旋律 All Star Selection》是美妙旋律系列的精选集动画，将历代登场人物集结，以新的视角回顾她们的闪耀舞台。作品以舞蹈、时尚与偶像梦想为主题，整合系列经典场面，为粉丝呈现回顾与致敬的特别篇。动画串联起历代女主角们的舞台与故事，展现她们各自的成长与蜕变，歌舞场面华丽动人，让老粉丝重温感动，新观众也能从中感受到美妙旋律系列的魅力。角色的个性塑造鲜明，舞台上的自信与生活中的可爱形成反差，团队协作与个人成长双线并进，歌舞编排赏心悦目，让观众既能享受视听盛宴，也能为少女们的梦想与坚持而感动。
121,primary,zh-CN,魔神之骨,《魔神之骨》是万代推出的原创动画，讲述少年龙神优在获得魔神之骨的力量后，与伙伴们一同对抗威胁地球的龙族。作品以卡片与玩具联动为特色，优在战斗中不断变强，与守护世界的伙伴建立深厚羁绊，是典型的少年向热血动画。动画围绕魔神的召唤与战斗展开，优与龙神们的对决场面热血十足，角色们在守护地球的共同目标下逐渐成长，剧情节奏明快，充满了少年漫特有的奋斗与友情，适合儿童与少年观众观看。动画的节奏把控张弛有度，战斗场面的分镜与作画都相当扎实，主角在与强敌的较量中不断突破自我，和同伴之间建立的信任与羁绊也为剧情增添了温度，热血与感动并存，值得一看。
122,primary,zh-CN,噬魂师NOT！,《噬魂师NOT！》是《噬魂师》的外传作品，讲述死神武器工匠专门学校中，不适合激烈战斗的少女们的日常。三人组在学园中学习工匠与武器之道，以轻松愉快的氛围展开。作品保留了原作的世界观与角色，但更侧重于日常与友情，画风可爱。春鸟鸫等少女们在学园中结交朋友、体验成长的快乐，虽然少了原作的热血战斗，却多了温馨的日常气息，是喜欢轻松氛围观众的理想选择。作品在热血的打斗之外，也细致刻画了角色们各自的信念与选择，每一次战斗都不仅是力量的较量，更是意志的碰撞，高潮部分张力十足，让观众在肾上腺素飙升的同时也为之动容。
123,primary,zh-CN,魔法科高校的劣等生,《魔法科高校的劣等生》改编自同名轻小说。在一所将魔法视为科技的学校中，兄妹司波达也与司波深雪分别被评价为劣等生与优等生，但达也隐藏着凌驾于所有人的力量。作品以兄妹关系、魔法学园与政治斗争为舞台，围绕达也的谜团与强大实力展开，是典型的轻改学园战斗番。达也在一次次的阴谋与战斗中展露实力，深雪对哥哥的崇拜与守护令人动容，动画的战斗场面华丽、设定考究，是轻小说改编动画中的经典之作。动作设计与演出张力俱佳，随着剧情推进，主角面对的敌人越来越强，战斗方式与自身局限的突破层层升级，配乐与画面配合出色，将热血少年向作品应有的爽快感与成长感都演绎得十分到位。
124,primary,zh-CN,JOJO的奇妙冒险 星尘斗士,《JOJO的奇妙冒险 星尘斗士》是系列第三部，讲述空条承太郎与祖父乔瑟夫等人，为拯救母亲而踏上前往埃及的旅程，与DIO及其麾下的替身使者展开激战。作品引入替身设定，充满智斗与热血，旅途中的伙伴逐一登场，形成经典队伍。承太郎的白金之星、花京院的法皇之绿等替身能力各具特色，每一场战斗都充满算计与反转，结尾与DIO的决战更是载入史册的经典，是JOJO系列最具代表性的篇章。动画的节奏把控张弛有度，战斗场面的分镜与作画都相当扎实，主角在与强敌的较量中不断突破自我，和同伴之间建立的信任与羁绊也为剧情增添了温度，热血与感动并存，值得一看。
125,primary,zh-CN,魔法少女大战,《魔法少女大战》是原创动画，将日本各县的拟人化魔法少女集结。来自不同地区的少女们以魔法少女的身份展开战斗，作品在奇幻战斗之余穿插各地风土人情。动画以短篇形式呈现多位少女的独立故事，带有地方宣传色彩，每位魔法少女都对应一个县并拥有独特的人设与武器。作品将偶像、地方文化与魔法少女题材结合，风格轻松明快，在展现战斗的同时也宣传了日本各地的魅力，是一部颇具创意的作品。作品在热血的打斗之外，也细致刻画了角色们各自的信念与选择，每一次战斗都不仅是力量的较量，更是意志的碰撞，高潮部分张力十足，让观众在肾上腺素飙升的同时也为之动容。
126,primary,zh-CN,约会大作战 第二季,《约会大作战 第二季》改编自同名轻小说，继续讲述五河士道以约会拯救精灵的故事。本季面对新的精灵时崎狂三等角色，士道通过与精灵约会提升好感度来封印她们的力量。作品以恋爱喜剧、战斗与反差萌为特色，士道在拯救精灵的过程中面对更多危险。狂三的登场为本季增添了大量看点，精灵们的性格各异、魅力十足，士道在约会与战斗间周旋，动画的福利与热血并存，是经典的轻改后宫战斗番。动作设计与演出张力俱佳，随着剧情推进，主角面对的敌人越来越强，战斗方式与自身局限的突破层层升级，配乐与画面配合出色，将热血少年向作品应有的爽快感与成长感都演绎得十分到位。
127,primary,zh-CN,棺姬嘉依卡,《棺姬嘉依卡》改编自同名轻小说。在战乱终结后，拾荒者少年托鲁与妹妹阿卡丽在旅途中遇见棺材少女嘉依卡，三人踏上寻找嘉依卡遗产的旅程。作品以奇幻冒险、神秘的嘉依卡身世与热血的战斗为特色，托鲁一行人在旅途中逐渐揭开帝国遗留下的真相。嘉依卡棺材中装载的真相、途中遭遇的各方势力与兄妹间的羁绊交织，动画的冒险氛围浓厚、战斗场面流畅，是一部充满谜团与热血的作品。动画的节奏把控张弛有度，战斗场面的分镜与作画都相当扎实，主角在与强敌的较量中不断突破自我，和同伴之间建立的信任与羁绊也为剧情增添了温度，热血与感动并存，值得一看。
128,primary,zh-CN,风云维新大将军,《风云维新大将军》是短篇搞笑动画，设定在江户时代黑船来袭的背景。将军德川为对抗科技差距，决定让美少女们驾驶巨型机器人战斗，引发爆笑事件。作品以历史恶搞、机器人与搞笑为特色，充满夸张的演出，将严肃的幕末历史改造成荒诞的机器人大战。少女们驾驶巨大机器人的设定充满反差萌，动画节奏明快、笑点密集，在恶搞历史的同时也展现了独特的创意，是轻松解压的搞笑短篇。作品在热血的打斗之外，也细致刻画了角色们各自的信念与选择，每一次战斗都不仅是力量的较量，更是意志的碰撞，高潮部分张力十足，让观众在肾上腺素飙升的同时也为之动容。
129,primary,zh-CN,漆黑的子弹,《漆黑的子弹》改编自同名轻小说。在受到原肠动物病毒感染的世界，被诅咒的孩子们拥有对抗原肠动物的力量。少年里见莲太郎与搭档蓝原延珠作为民警，在与原肠动物的战斗中逐渐触及世界背后的阴谋。作品以末世战斗、悲壮的生存主题与伙伴羁绊为特色，莲太郎与延珠在残酷世界中相依为命，社会对受诅咒者的歧视与救赎交织，动画的战斗场面惨烈、氛围沉重，是一部充满绝望与希望的作品。动作设计与演出张力俱佳，随着剧情推进，主角面对的敌人越来越强，战斗方式与自身局限的突破层层升级，配乐与画面配合出色，将热血少年向作品应有的爽快感与成长感都演绎得十分到位。
130,primary,zh-CN,目隐都市的演绎者,《目隐都市的演绎者》改编自阳炎Project，讲述少年shintaro与谜之团体目隐团的相遇。拥有特殊能力的少年少女们被卷入各种事件，作品以多线叙事、碎片化的时间线与独特的演出著称，围绕每个角色的过去与目隐团的核心秘密层层展开。动画将阳炎Project的歌曲与世界观具象化，少女们的能力与悲惨过去令人动容，结局的时间线收束充满震撼，是多媒体企划动画化的经典案例。歌舞演出的画面制作精良，每一首歌都与角色心境和剧情推进紧密呼应，少女们在聚光灯下的闪耀与幕后流下的汗水同样动人，传递出追逐梦想、不懈努力的正能量，感染力十足。
131,primary,zh-CN,虫师 续章,《虫师 续章》是《虫师》动画的续作。在人与虫共存的世界上，能看见虫的虫师银古继续旅行，帮助遭遇虫之困扰的人们。作品以单元剧形式展开，每话讲述一个与虫相关的悲欢故事，以宁静致远的风格、深邃的哲思与优美的画面著称。银古以旁观者的身份介入一个个关于生命、执念与自然的事件，虫的设定暗喻人性与自然法则，动画的氛围沉静悠远，配乐空灵，是一部值得反复品味的哲思作品。从人物塑造到情节展开都颇为用心，节奏把控稳健，在保留自身题材特色的同时，也兼顾了情感的温度与观赏的乐趣，值得观众投入时间去细细体会。
132,primary,zh-CN,极黑的布伦希尔德,《极黑的布伦希尔德》改编自同名漫画。少年村上良太在青梅竹马被预言将死亡后，遇见自称魔法使的转学生黑羽宁子。宁子与同伴们从研究所逃脱，隐藏着随时可能丧命的秘密。作品以黑暗奇幻、紧张的剧情与悲壮的宿命感著称，魔法使少女们的生命倒计时与研究所的阴谋交织，良太与宁子的感情在绝望中愈发珍贵。动画的气氛压抑、剧情虐心，结局的冲击力极强，是一部让人难以释怀的作品。单元事件与主线阴谋环环相扣，角色在追查真相的过程中不断面临抉择与牺牲，冷峻的色调与紧张的配乐将不安感渲染得恰到好处，推理与人性刻画并重，颇具深度。
133,primary,zh-CN,选择感染者WIXOSS,《选择感染者WIXOSS》是卡牌游戏改编动画，讲述少女们参与WIXOSS卡片战斗的黑暗故事。成为selector的少女们通过战斗实现愿望，却逐渐被卷入残酷的规则与阴谋。作品以反差强烈的暗黑剧情、心理博弈与反转著称，是一部看似偶像向实则沉重的作品。少女们对愿望的执念、selector的悲剧命运与露子等人的挣扎交织，动画将卡牌战斗与心理恐怖结合，结局的反转令人印象深刻，是卡牌题材中的另类杰作。动画的节奏把控张弛有度，战斗场面的分镜与作画都相当扎实，主角在与强敌的较量中不断突破自我，和同伴之间建立的信任与羁绊也为剧情增添了温度，热血与感动并存，值得一看。
134,primary,zh-CN,地球队长,《地球队长》是BONES原创机器人动画。高中生真夏大地在遇见神秘少女与巨大机器人后，成为地球队的成员，与同伴们对抗来自宇宙的敌人。作品以清新的青春日常与热血机器人战斗结合，探索友情、成长与守护的主题。大地的成长与地球队的团队合作充满感染力，动画的机体设计独特、战斗场面流畅，在热血的战斗之余也描绘了少年少女们的青春烦恼，是一部兼具热血与温情的原创作品。作品在热血的打斗之外，也细致刻画了角色们各自的信念与选择，每一次战斗都不仅是力量的较量，更是意志的碰撞，高潮部分张力十足，让观众在肾上腺素飙升的同时也为之动容。
135,primary,zh-CN,Love Live! 第二季,《Love Live! 第二季》延续第一季，讲述音乃木坂学园偶像μ's的成长。在面临废校危机的学校中，九位少女组成的偶像团体继续努力，本季她们冲击Love Live大赛，并在梦想与现实间做出抉择。作品以动人的歌曲、热血的追梦故事与细腻的角色塑造著称，μ's成员们各自的故事线与团体间的羁绊交织，演唱会的场面盛大感人。作为偶像动画的标杆之作，Love Live!用歌声与梦想打动了无数观众。动作设计与演出张力俱佳，随着剧情推进，主角面对的敌人越来越强，战斗方式与自身局限的突破层层升级，配乐与画面配合出色，将热血少年向作品应有的爽快感与成长感都演绎得十分到位。
136,primary,zh-CN,一周的朋友。,《一周的朋友。》改编自同名漫画。少女藤宫香织因患上只能记住一周记忆的疾病，每周都会忘记朋友。少年长谷祐树却坚持每周重新与她成为朋友，两人在重复的相遇中积累珍贵的情感。作品以细腻的情感、温柔的叙事与淡淡的忧伤著称，香织的孤独与长谷的坚持令人心疼，两人在有限的记忆中小心翼翼守护彼此。动画的画面温暖、配乐动人，将青春期的纯真与无奈刻画得恰到好处，是一部催泪的治愈作品。作品没有强烈的戏剧冲突，却以细腻的笔触捕捉日常中的微小幸福，角色的喜怒哀乐真实可感，在平实的叙述中悄然传递着生活的温度，适合在忙碌之余放松心情慢慢欣赏。
137,primary,zh-CN,众神的恶作剧,《众神的恶作剧》是乙女游戏改编动画，讲述女主人公与神话众神的校园恋爱。少女草薙结衣进入聚集了日本、希腊、北欧神话众神的学校，与性格各异的众神互动。作品以华丽的角色、神话背景与恋爱元素为特色，众神们在校园中展现出与神话传说不同的可爱一面，结衣与各位神明的互动充满浪漫气息。动画的人设精美、声优阵容豪华，乙女向的恋爱氛围浓厚，是一部面向女性观众的作品。作品在甜蜜之余也保留了青春特有的青涩与迷茫，主角在感情中的成长与抉择贯穿始终，配乐温润、画面明丽，将恋爱中的忐忑、欢喜与遗憾都拿捏得恰到好处，适合慢慢品味。
138,primary,zh-CN,星刻的龙骑士,《星刻的龙骑士》改编自同名轻小说。少年亚修在龙骑士养成学园中，因资质被嘲笑为废柴，却意外与最强龙女艾可缔结契约。作品以龙骑士学园、战斗与恋爱喜剧为特色，亚修与艾可的互动成为看点。艾可从傲娇到依赖的转变、亚修在龙骑士竞赛中的崛起都充满趣味，动画的战斗场面华丽，学院生活与龙骑士的设定新颖，是一部轻松愉快的奇幻恋爱战斗番。动作设计与演出张力俱佳，随着剧情推进，主角面对的敌人越来越强，战斗方式与自身局限的突破层层升级，配乐与画面配合出色，将热血少年向作品应有的爽快感与成长感都演绎得十分到位。
139,primary,zh-CN,如果她的旗帜被折断了,《如果她的旗帜被折断了》改编自同名轻小说。少年旗立飒太拥有看到与折断他人头上旗帜的能力，因此刻意与人保持距离，却因种种事件不断卷入麻烦。作品以恋爱喜剧、超能力设定与复杂的flag系统为特色，飒太能看到身边女性角色头上的flag，并用自己的方式折断它们。动画在恋爱喜剧的外壳下暗藏悬疑主线，flag的设定充满创意，剧情在轻松搞笑与严肃悬念之间切换，是一部别具一格的校园恋爱番。角色间的互动刻画得细腻自然，那些欲言又止的心意、别扭又真诚的靠近都真实而动人，情感线与日常情节交织，让观众在会心一笑与怦然心动之间反复横跳，是一部让人回味无穷的恋爱物语。
140,primary,zh-CN,请问您今天要来点兔子吗？,《请问您今天要来点兔子吗？》改编自同名漫画，讲述少女们在一家名为Rabbit House的咖啡店中的日常。心爱来到小镇后与智乃等少女相识，作品以可爱的角色、温馨的日常与甜点为主题，画面明亮治愈，是萌系日常动画的代表作。咖啡店中的少女们各有萌点，从冲咖啡到吃甜点都充满治愈气息，作品没有激烈的冲突，只有朋友间温暖的日常，心爱与智乃等角色的互动甜度十足，是一部让人放松心情的治愈动画。画风清新、节奏舒缓，人物之间的相处自然而温暖，那些平凡琐碎的片段在动画的演绎下变得闪闪发光，传递出一种治愈人心的宁静力量，是治愈系爱好者不容错过的作品。
141,primary,zh-CN,游戏人生,《游戏人生》改编自同名轻小说。禁止一切暴力的世界，一切由游戏决定。天才兄妹空与白在召唤下进入游戏世界，凭借头脑挑战各路对手。作品以高智商的博弈、幻想世界与兄妹羁绊为特色，空与白不断用游戏规则取胜。两人的游戏对局充满算计与反转，从棋类到电子游戏无所不包，兄妹俩的默契与强大令人叹服，动画的演出极具张力、色彩鲜明，将游戏与智斗的魅力发挥到极致。角色的个性塑造鲜明，舞台上的自信与生活中的可爱形成反差，团队协作与个人成长双线并进，歌舞编排赏心悦目，让观众既能享受视听盛宴，也能为少女们的梦想与坚持而感动。
142,primary,zh-CN,破刃之剑,《破刃之剑》改编自同名漫画，讲述在无法使用魔力的世界，拥有魔力却无法操作机甲的少年莱卡特的故事。他在帝国与国家的战争中驾驶古尔等古代机体参战，与青梅竹马们展开纠葛。作品以战争、友情与驾驶机体的热血战斗为特色，莱卡特在与强敌的战斗中逐渐成长，战争带来的牺牲与抉择令人沉重。动画的机体设计写实、战斗场面惨烈，剧情在机械战争与人情之间取得平衡，是一部严肃的机器人战争作品。动画的节奏把控张弛有度，战斗场面的分镜与作画都相当扎实，主角在与强敌的较量中不断突破自我，和同伴之间建立的信任与羁绊也为剧情增添了温度，热血与感动并存，值得一看。
143,primary,zh-CN,健全机斗士,《健全机斗士》改编自同名漫画。拥有天木裸的他，通过与少女们交换能量驾驶企鹅型机器人战斗。作品以露骨的擦边球搞笑与机器人战斗为特色，天木在战斗中一边吐槽一边拯救世界，是恶搞与福利并重的作品。动画将成人向笑料与热血机战结合，主角驾驶企鹅机体的设定充满反差萌，战斗场面夸张奔放，节奏明快、笑点密集，是一部以恶搞为主、让人捧腹的搞笑机战番。作品在热血的打斗之外，也细致刻画了角色们各自的信念与选择，每一次战斗都不仅是力量的较量，更是意志的碰撞，高潮部分张力十足，让观众在肾上腺素飙升的同时也为之动容。
144,primary,zh-CN,排球少年,《排球少年》改编自古馆春一的同名漫画。少年日向翔阳受小巨人启发爱上排球，进入乌野高中排球部，与天才二传手影山飞雄组成搭档。作品以真实细致的排球描写、热血的对战与团队成长著称，乌野全员为打进全国而战，感染力极强。日向与影山从针锋相对到默契配合的成长令人热血沸腾，每一场比赛都充满战术与激情，角色们的努力与羁绊真实动人，是运动番中公认的经典之作。动作设计与演出张力俱佳，随着剧情推进，主角面对的敌人越来越强，战斗方式与自身局限的突破层层升级，配乐与画面配合出色，将热血少年向作品应有的爽快感与成长感都演绎得十分到位。
145,primary,zh-CN,金田一少年事件簿R,《金田一少年事件簿R》是经典推理动画的系列作，讲述天才高中生侦探金田一一破解各种疑难案件。金田一以与祖父相似的推理才能，在密室、不在场证明等经典谜题中抽丝剥茧。作品以本格推理、复杂的案件设计与紧张的剧情著称，每起案件都设计精巧、逻辑严密，凶手往往出人意料。金田一在破案时流露的同情与对人性黑暗的洞察，让这部作品在推理之外更具深度，是日式本格推理动画的代表作。剧情层层递进、伏笔密布，随着线索的不断拼合，真相逐渐浮出水面，每一次反转都在意料之外又情理之中，细节经得起推敲，氛围营造到位，是喜欢烧脑故事的观众不可错过之作。
146,primary,zh-CN,相扑力士松太郎,《相扑力士松太郎》改编自同名漫画，讲述相扑力士松太郎的传奇故事。松太郎凭借与生俱来的怪力在相扑界崭露头角，却屡次因冲动与任性惹出麻烦。作品以写实的相扑描写与人物成长著称，展现力士们的汗水与热血。松太郎从莽撞少年到独当一面力士的成长历程充满张力，相扑比赛的场面气势磅礴，师徒情谊与对手间的较量也刻画得细腻，是一部充满力量与情感的作品。作品在热血的打斗之外，也细致刻画了角色们各自的信念与选择，每一次战斗都不仅是力量的较量，更是意志的碰撞，高潮部分张力十足，让观众在肾上腺素飙升的同时也为之动容。
147,primary,zh-CN,妖精的尾巴 第二季,《妖精的尾巴 第二季》延续第一季，讲述魔导士公会妖精的尾巴成员们的冒险。纳兹与露西等伙伴本季面对冥府之门等新强敌，卷入围绕魔导世界的重大事件。作品以热血战斗、伙伴羁绊与宏大的魔法世界著称，充满爆发力与感动。妖精的尾巴公会成员间的深厚情谊、纳兹永不放弃的热血都极具感染力，战斗场面华丽震撼，剧情在欢笑与泪水间起伏，是热血奇幻动画中的经典之作。动作设计与演出张力俱佳，随着剧情推进，主角面对的敌人越来越强，战斗方式与自身局限的突破层层升级，配乐与画面配合出色，将热血少年向作品应有的爽快感与成长感都演绎得十分到位。
148,primary,zh-CN,监督不行届,《监督不行届》改编自漫画家中本人的自传漫画，讲述漫画家与丈夫（同为漫画家）之间的搞笑日常。作品以自黑的方式描绘夫妻生活的鸡毛蒜皮与搞笑瞬间，配音由真实夫妻档担任，充满真实感与笑料。从赶稿地狱到生活琐事，夫妻俩的相处充满温情与吐槽，动画以简短的篇幅呈现，节奏明快，让观众在会心一笑中感受到平凡婚姻生活的幸福与真实。作品没有强烈的戏剧冲突，却以细腻的笔触捕捉日常中的微小幸福，角色的喜怒哀乐真实可感，在平实的叙述中悄然传递着生活的温度，适合在忙碌之余放松心情慢慢欣赏。
149,primary,zh-CN,M3～黑色之钢～,《M3～黑色之钢～》是原创动画，讲述少年少女们驾驶机体与被称为无之宿敌的存在战斗。主角伊佐美等人与同伴们在战斗中逐渐揭开身世与世界的真相。作品以晦暗的氛围、心理描写与科幻战斗为特色，风格偏压抑。少年们在残酷的战斗中承受着巨大的心理压力，与无的战斗不断考验着他们的意志，动画的色调阴郁、剧情沉重，探讨了人面对未知威胁时的恐惧与成长，是一部风格独特的作品。作品在热血的打斗之外，也细致刻画了角色们各自的信念与选择，每一次战斗都不仅是力量的较量，更是意志的碰撞，高潮部分张力十足，让观众在肾上腺素飙升的同时也为之动容。
150,primary,zh-CN,乒乓,《乒乓》改编自松本大洋的同名漫画，讲述天才少年月本诚与星野裕在乒乓球世界的成长。两人在乒乓球台上一决高下，作品以独特的画风、高速的乒乓描写与深刻的角色心理著称，探讨天赋、热爱与人生选择的主题。从神童到迷茫再到重生，星野与月本的成长轨迹充满真实与残酷，动画的演出极具冲击力，将乒乓球的速度与激情表现得淋漓尽致，是运动题材动画中艺术价值极高的作品。角色的个性塑造鲜明，舞台上的自信与生活中的可爱形成反差，团队协作与个人成长双线并进，歌舞编排赏心悦目，让观众既能享受视听盛宴，也能为少女们的梦想与坚持而感动。
151,primary,zh-CN,龙珠改 魔人布欧篇,《龙珠改 魔人布欧篇》是龙珠系列动画，讲述悟空一行人与魔人布欧的最终决战。面对拥有无限再生能力的最强敌人，悟空、贝吉塔与伙伴们几经生死，最终以元气弹终结战争。作品以经典的热血战斗与地球命运为主题，是龙珠Z魔人布欧篇的重制版。从赛亚人的变身到界王神的登场，悟空一行人与布欧的每一场战斗都惊心动魄，贝吉塔的自爆、悟饭的觉醒与悟空与布欧的最终对决充满张力，是龙珠系列的经典篇章。动画的节奏把控张弛有度，战斗场面的分镜与作画都相当扎实，主角在与强敌的较量中不断突破自我，和同伴之间建立的信任与羁绊也为剧情增添了温度，热血与感动并存，值得一看。
152,primary,zh-CN,龙娘七七七埋藏的宝藏,《龙娘七七七埋藏的宝藏》改编自同名轻小说。少年八真重护为躲债来到七重岛，邂逅地缚灵少女龙娘七七七，两人一起寻找七七七生前埋藏的宝藏。作品以解谜冒险、可爱的幽灵少女与热血推理为特色，重护在宝藏探寻中卷入各种谜题与争夺。七七七的呆萌与重护的机智形成有趣反差，岛上的宝藏传说与势力斗争交织，动画的解谜过程充满趣味，是一部轻松明快又带点悬疑的冒险作品。作品在热血的打斗之外，也细致刻画了角色们各自的信念与选择，每一次战斗都不仅是力量的较量，更是意志的碰撞，高潮部分张力十足，让观众在肾上腺素飙升的同时也为之动容。
153,primary,zh-CN,网球优等生,《网球优等生》改编自同名漫画。严谨认真的少年丸尾荣一郎以学习般的专注投入网球，在科学训练与自我挑战中不断进步。作品以写实的网球技巧、数据分析与主角的成长著称，展现网球竞技的智慧与魅力。荣一郎将网球当作学问研究，通过数据分析与技术打磨迅速成长，与不同风格的对手对决充满看点，动画的网球描写细致专业，荣一郎的努力与坚持令人敬佩，是一部扎实的运动题材作品。竞技之外的成长与人物塑造同样出色，角色们在胜负之外的坚持与热爱令人敬佩，节奏紧凑、情感饱满，将运动番应有的激情与感动都发挥得淋漓尽致，极具感染力。
154,primary,zh-CN,犬神同学和猫山同学,《犬神同学和猫山同学》是百合题材短篇动画。犬科怕狗的猫山同学与猫科怕猫的犬神同学，在互相吸引又互相害怕的矛盾中展开日常。作品以可爱的人设、温馨的百合互动与轻松氛围著称，两位少女在矛盾与心动之间摇摆，互动充满萌点与笑料。动画画风清新，将少女间青涩又朦胧的情愫刻画得恰到好处，篇幅虽短却充满治愈气息，是百合题材中的清新小品。角色间的互动刻画得细腻自然，那些欲言又止的心意、别扭又真诚的靠近都真实而动人，情感线与日常情节交织，让观众在会心一笑与怦然心动之间反复横跳，是一部让人回味无穷的恋爱物语。
155,primary,zh-CN,迷你偶像 2期,《迷你偶像 2期》是偶像大师系列的Q版短篇动画，讲述迷你化的偶像们在765事务所的日常。Q版偶像们以其萌态与无厘头行为制造笑料，作品以轻松搞笑的风格呈现偶像们的另一面。从春香、千早到如月千早等经典角色全部Q版化，它们的小剧场与互动充满萌点，动画在极短的篇幅内制造密集笑点，是偶像大师粉丝不容错过的治愈小作品。画风清新、节奏舒缓，人物之间的相处自然而温暖，那些平凡琐碎的片段在动画的演绎下变得闪闪发光，传递出一种治愈人心的宁静力量，是治愈系爱好者不容错过的作品。
156,primary,zh-CN,元气囝仔,《元气囝仔》改编自同名漫画。年轻书法家半田清舟因殴打老书法家而被流放到偏远海岛，在与岛民和孩童们的相处中重新认识书法与生活。作品以温馨治愈的日常、成长主题与海岛的淳朴人情著称，半田在与天真烂漫的岛民尤其是小女孩奈瑠的互动中逐渐打开心扉。动画将书法的艺术追求与平凡的乡村生活结合，在欢笑中蕴含感动，半田的成长与奈瑠的纯真令人会心一笑，是一部温暖人心的作品。细节之处见用心，角色们的互动充满生活气息与小小的幽默，将平淡日常描绘得富有诗意，观感舒适惬意，能让人暂时放下烦恼，沉浸在那份简单纯粹的美好之中。
157,primary,zh-CN,战国BASARA Judge End,《战国BASARA Judge End》是战国BASARA系列动画，讲述战国武将们在天下争夺战中的激斗。作品以夸张的角色造型与战斗场面为特色，真田幸村、伊达政宗等武将各怀野心展开对决。动画将游戏中的华丽必杀技与角色个性淋漓尽致地展现，武将们以一敌百的战场演出充满热血与夸张，幸村与政宗的宿命对决、丰臣秀吉的野心贯穿始终，是战国题材动画中充满魄力的作品。动画的节奏把控张弛有度，战斗场面的分镜与作画都相当扎实，主角在与强敌的较量中不断突破自我，和同伴之间建立的信任与羁绊也为剧情增添了温度，热血与感动并存，值得一看。
158,primary,zh-CN,玻璃之唇,《玻璃之唇》是P.A.WORKS原创动画，讲述七位少年少女在夏天相遇的青春物语。女主角深水透子拥有看见未来碎片的能力，她与少年冲仓驱等人之间的情感在夏日中交织。作品以唯美的画面与细腻的情感氛围著称，透子对未来的预知与对感情的迷茫贯穿全片，少年少女们的心事与夏天一起流淌。动画的画面充满夏日气息，角色间的互动青涩而动人，是一部文艺气息浓厚的青春作品。作品将未来科技与人性议题巧妙结合，在冰冷的机械与数据背后，角色的温度与羁绊成为最动人的部分，悬念与哲思交织，收尾干脆有力，值得科幻爱好者反复品味。
159,primary,zh-CN,黑执事 马戏团篇,《黑执事 马戏团篇》是《黑执事》动画，讲述夏尔与恶魔执事塞巴斯蒂安调查神秘马戏团事件。马戏团背后隐藏着与夏尔过去相关的黑暗真相，两人在华丽与阴谋中周旋。作品以哥特风格、阴谋与主仆关系著称，马戏团中的失踪儿童、人体实验等黑暗设定与维多利亚时代的华丽背景交织，塞巴斯蒂安的优雅强大与夏尔的复仇执念令人印象深刻，动画的暗黑氛围与华丽画面相得益彰。单元事件与主线阴谋环环相扣，角色在追查真相的过程中不断面临抉择与牺牲，冷峻的色调与紧张的配乐将不安感渲染得恰到好处，推理与人性刻画并重，颇具深度。
160,primary,zh-CN,日本国有铁道公安队,《日本国有铁道公安队》改编自同名漫画，设定在铁道公营化的平行世界。少女东京勇作为铁道公安队的一员，为保护铁道秩序与治安而战。作品以铁道、制服与动作元素为特色，勇在执行任务的过程中逐渐成长为合格的公安队员。动画将铁道文化与人物的成长结合，列车上的动作场面充满趣味，少女们身着的制服与铁道背景营造出独特的氛围，是一部轻松明快的作品。作品没有强烈的戏剧冲突，却以细腻的笔触捕捉日常中的微小幸福，角色的喜怒哀乐真实可感，在平实的叙述中悄然传递着生活的温度，适合在忙碌之余放松心情慢慢欣赏。
161,primary,zh-CN,女神异闻录4 黄金版,《女神异闻录4 黄金版》改编自同名游戏，讲述转学生鸣上悠在小镇调查连环杀人事件。他与伙伴们进入深夜电视中的世界，觉醒了人格面具的力量。作品以悬疑推理、Persona战斗与青春日常结合，充满人格面具系列独特的世界观。鸣上悠与同伴们在调查真相的同时也在面对自己的内心，人格面具的觉醒象征成长的勇气，动画的都市传说氛围与青春气息交织，是游戏改编动画中的优秀作品。作品在热血的打斗之外，也细致刻画了角色们各自的信念与选择，每一次战斗都不仅是力量的较量，更是意志的碰撞，高潮部分张力十足，让观众在肾上腺素飙升的同时也为之动容。
162,primary,zh-CN,普通女高中生要做当地偶像,《普通女高中生要做当地偶像》改编自同名漫画，讲述两位普通女高中生被选为当地偶像的宣传故事。宇佐美奈奈子与三浦加奈在县内的活动中逐步走红，作品以轻松的偶像日常、地方宣传与搞笑元素为特色。两位少女以宣传家乡为目标，在学园祭、商演等活动中闹出各种笑料，动画将地方振兴与偶像题材结合，氛围轻松温馨，展现了小地方偶像的可爱日常。细节之处见用心，角色们的互动充满生活气息与小小的幽默，将平淡日常描绘得富有诗意，观感舒适惬意，能让人暂时放下烦恼，沉浸在那份简单纯粹的美好之中。
163,primary,zh-CN,太空丹迪 第二季,《太空丹迪 第二季》是渡边信一郎执导的SF搞笑动画，讲述宇宙猎人丹迪的冒险。丹迪与伙伴们在宇宙中猎捕稀有外星人，作品以单元剧形式展开，融合恶搞、致敬与天马行空的想象力，风格自由奔放。每集由不同监督执导，风格各异，从硬核科幻到无厘头搞笑无所不包，丹迪那随性又散漫的性格与宇宙的荒诞设定相得益彰，是一部充满创意与趣味的作品。世界观设定丰富而自成体系，随着冒险推进，更多奇妙的种族、地点与力量体系逐一展开，角色们在旅途中收获成长与羁绊，画面与配乐共同营造出充满想象力的奇幻氛围，令人沉浸其中。
164,primary,zh-CN,美妙天堂,《美妙天堂》是偶像题材动画，讲述少女们进入充满奇迹的偶像主题公园美妙天堂的物语。真中啦啦与同伴们以偶像身份在公园中表演，作品以华丽的舞台、可爱的角色与轻松的剧情著称，传递友情与梦想。啦啦在美妙天堂中结识众多偶像朋友，通过时装与歌舞展现自我，动画的舞台演出色彩斑斓、充满童趣，角色们性格鲜明、互动温馨，是少女向偶像动画中颇受欢迎的作品。画风清新、节奏舒缓，人物之间的相处自然而温暖，那些平凡琐碎的片段在动画的演绎下变得闪闪发光，传递出一种治愈人心的宁静力量，是治愈系爱好者不容错过的作品。
165,primary,zh-CN,搞姬日常,《搞姬日常》是伪娘题材短篇喜剧。有川姬在姐姐的债务逼迫下加入学生会的伪娘部，以女装生活。作品以爆笑的伪娘日常、福利与恶搞为特色，姬在学生会的女装生活中闹出各种笑话。动画节奏明快、笑点密集，学生会成员们的互动充满恶搞与福利，姬从抗拒女装到逐渐习惯的反差充满喜感，是一部轻松解压的搞笑短篇。细节之处见用心，角色们的互动充满生活气息与小小的幽默，将平淡日常描绘得富有诗意，观感舒适惬意，能让人暂时放下烦恼，沉浸在那份简单纯粹的美好之中。
166,primary,zh-CN,刀剑神域 第二季,《刀剑神域 第二季》改编自同名轻小说，继续讲述桐人的VR世界冒险。本季包含幽灵子弹篇，桐人以假名进入枪战世界，调查死亡事件，与狙击手诗乃相遇。作品以VRMMO设定、紧张的战斗与角色成长著称，桐人在GGO中的枪战对决紧张刺激，诗乃从阴影中走出的成长令人动容。动画将虚拟与现实交织，探讨VR世界对人心灵的影响，是刀剑神域系列的重要篇章。动画的节奏把控张弛有度，战斗场面的分镜与作画都相当扎实，主角在与强敌的较量中不断突破自我，和同伴之间建立的信任与羁绊也为剧情增添了温度，热血与感动并存，值得一看。
167,primary,zh-CN,机动战士高达桑,《机动战士高达桑》是高达系列恶搞动画，将高达角色Q版化并展开搞笑日常。作品以夸张的演出与高达梗吐槽为特色，呈现角色们在战场之外的欢乐一面。阿姆罗、夏亚等经典角色全部Q版化，他们在日常生活中的搞笑互动充满对原作的玩梗与致敬，动画节奏明快、笑点密集，是高达粉丝不容错过的轻松搞笑作品，路人也能在其中收获乐趣。作品在热血的打斗之外，也细致刻画了角色们各自的信念与选择，每一次战斗都不仅是力量的较量，更是意志的碰撞，高潮部分张力十足，让观众在肾上腺素飙升的同时也为之动容。
168,primary,zh-CN,Fate/kaleid liner 魔法少女☆伊莉雅 2wei!,《Fate/kaleid liner 魔法少女☆伊莉雅 2wei!》是Fate系列衍生动画，讲述伊莉雅与美游成为魔法少女收集卡片的故事。本季加入更多角色与战斗，伊莉雅在成为魔法少女后面对新的敌人。作品以魔法少女变身、Fate世界观与日常喜剧为特色，将Fate的严肃设定与魔法少女的轻松氛围结合，伊莉雅的可爱与战斗的华丽相得益彰，动画的福利与热血并存，是Fate系列中风格独特的作品。动作设计与演出张力俱佳，随着剧情推进，主角面对的敌人越来越强，战斗方式与自身局限的突破层层升级，配乐与画面配合出色，将热血少年向作品应有的爽快感与成长感都演绎得十分到位。
169,primary,zh-CN,LOVE STAGE!!,《LOVE STAGE!!》是BL题材动画，讲述明星家族中想当漫画家的少年濑名泉水与当红艺人一条龙马的恋爱。泉水在龙马的追求下逐渐敞开心扉，作品以轻松甜蜜的BL恋爱、搞笑与声优梗为特色。两人从意外的再遇开始，龙马的热情追求与泉水的傲娇回应充满笑料与心动，动画的人设精致、恋爱氛围浓厚，在甜蜜的日常中展现两人的成长，是BL动画中的热门作品。角色间的互动刻画得细腻自然，那些欲言又止的心意、别扭又真诚的靠近都真实而动人，情感线与日常情节交织，让观众在会心一笑与怦然心动之间反复横跳，是一部让人回味无穷的恋爱物语。
170,primary,zh-CN,少年好莱坞,《少年好莱坞》是偶像题材动画，讲述少年偶像团体少年好莱坞的成长。五位成员以东京的小剧场为舞台，追逐成为顶级偶像的梦想。作品以细腻的青春群像、音乐与追梦故事为特色，成员们性格各异、各怀梦想，在小剧场的舞台上逐步成长，动画以写实的视角描绘偶像的奋斗与现实的碰撞，歌曲与舞台演出充满感染力，是偶像动画中颇具文艺气息的作品。作品在展现华丽舞台的同时，也刻画了偶像们背后的努力、竞争与友情，角色在一次次演出与挑战中逐渐成长，演唱的曲目旋律优美、记忆点十足，整体氛围励志而温暖。
171,primary,zh-CN,东京ESP,《东京ESP》改编自同名漫画。获得超能力的高中女生漆叶凛华与同伴们，在城市中与恶用超能力者战斗。作品以超能力战斗、正义与混乱并存的城市为舞台，围绕ESP能力者的纷争展开。凛华从普通少女觉醒为战士，与伙伴们在战斗中逐渐了解能力者的世界与阴谋，动画的打斗场面华丽，超能力的设定多样，节奏明快，是一部标准的超能力战斗作品。动作设计与演出张力俱佳，随着剧情推进，主角面对的敌人越来越强，战斗方式与自身局限的突破层层升级，配乐与画面配合出色，将热血少年向作品应有的爽快感与成长感都演绎得十分到位。
172,primary,zh-CN,ALDNOAH.ZERO,《ALDNOAH.ZERO》是原创机器人动画。火星与地球的战争因火星机兵的压倒性力量而展开，少年界冢伊奈帆以普通人的智慧与火星皇子斯雷因的命运交织。作品以宏大的战争、智斗与悲剧色彩著称，结局颇具争议。伊奈帆用冷静的头脑对抗压倒性的科技差距，斯雷因在忠诚与野心间的挣扎令人唏嘘，动画的机战场面精良、剧情充满反转与震撼，是近年来话题性极强的原创机器人作品。动画的节奏把控张弛有度，战斗场面的分镜与作画都相当扎实，主角在与强敌的较量中不断突破自我，和同伴之间建立的信任与羁绊也为剧情增添了温度，热血与感动并存，值得一看。
173,primary,zh-CN,人生,《人生》改编自同名轻小说。学生顾问部的成员们以接力的形式解决学校内的烦恼咨询。作品以轻喜剧的日常、多样的烦恼与角色互动为特色，节奏轻松。成员们各具性格，针对不同烦恼给出各种不靠谱又有趣的建议，动画的单元式剧情轻松明快，角色们的互动充满笑料，在搞笑之余也展现了学生们的青春烦恼，是一部适合放松观看的校园喜剧。画风清新、节奏舒缓，人物之间的相处自然而温暖，那些平凡琐碎的片段在动画的演绎下变得闪闪发光，传递出一种治愈人心的宁静力量，是治愈系爱好者不容错过的作品。
174,primary,zh-CN,白银的意志 ARGEVOLLEN,《白银的意志 ARGEVOLLEN》是原创机器人动画，讲述少年们的机体战斗物语。主角时宗在驾驶机甲参与战争的过程中，逐渐了解战争与和平的真相。作品以科幻战争、成长与机器人战斗为特色，时宗在战场上的成长与对战争的思考贯穿始终，动画的机体设计硬朗、战斗场面激烈，围绕佣兵部队与大国纷争展开的剧情充满张力，是一部扎实的机器人战争作品。动作设计与演出张力俱佳，随着剧情推进，主角面对的敌人越来越强，战斗方式与自身局限的突破层层升级，配乐与画面配合出色，将热血少年向作品应有的爽快感与成长感都演绎得十分到位。
175,primary,zh-CN,Free!-Eternal Summer-,《Free!-Eternal Summer-》是游泳动画《Free!》第二季。遥、真琴、凛与宗介等人在高中游泳部中继续追逐梦想，本季围绕全国大赛与毕业的选择展开。作品以细腻的情感、热血的游泳比赛与青春羁绊著称，遥对自由的追求、凛的挣扎与宗介的介入为剧情增添张力，动画的水中作画美轮美奂，角色间的友情与竞争充满魅力，是运动题材动画中兼具美型与热血的作品。动画的节奏把控张弛有度，战斗场面的分镜与作画都相当扎实，主角在与强敌的较量中不断突破自我，和同伴之间建立的信任与羁绊也为剧情增添了温度，热血与感动并存，值得一看。
176,primary,zh-CN,精灵使的剑舞,《精灵使的剑舞》改编自同名轻小说。少年风早神人在只有女性的精灵使学园中，成为唯一男性精灵使，与贵族少女们共同修行。作品以精灵召唤、剑舞战斗与后宫元素为特色，神人在精灵剑舞祭中逐渐展现实力。动画的人设精致、战斗场面华丽，神人与各位精灵使少女的互动充满福利与暧昧，学园战斗与精灵契约的设定新颖，是一部轻松愉快的奇幻后宫战斗番。作品在热血的打斗之外，也细致刻画了角色们各自的信念与选择，每一次战斗都不仅是力量的较量，更是意志的碰撞，高潮部分张力十足，让观众在肾上腺素飙升的同时也为之动容。
177,primary,zh-CN,幕末摇滚,《幕末摇滚》是音乐题材动画，设定在幕末时代，新选组与倒幕派以摇滚音乐进行对决。坂本龙马等人用摇滚乐唱出变革之心，作品将历史人物与摇滚乐结合，充满热血与夸张演出。动画将幕末的志士们塑造成摇滚乐队，用音乐表达理想与反抗，角色的造型华丽、演出充满激情，歌曲节奏强劲，在恶搞与热血之间取得平衡，是一部风格独特的音乐动画。动作设计与演出张力俱佳，随着剧情推进，主角面对的敌人越来越强，战斗方式与自身局限的突破层层升级，配乐与画面配合出色，将热血少年向作品应有的爽快感与成长感都演绎得十分到位。
178,primary,zh-CN,修业魔女璐璐萌,《修业魔女璐璐萌》改编自同名漫画，讲述见习魔女璐璐萌与少年的契约搞笑故事。璐璐萌因违规而受罚，与少年产生奇妙契约，两人在魔法与日常中闹出各种笑话。作品以魔法少女、搞笑日常与温馨氛围为特色，璐璐萌的呆萌与少年的吐槽形成反差，动画节奏明快、笑点密集，在魔法设定的外壳下展现轻松的日常，是一部治愈又有趣的作品。作品没有强烈的戏剧冲突，却以细腻的笔触捕捉日常中的微小幸福，角色的喜怒哀乐真实可感，在平实的叙述中悄然传递着生活的温度，适合在忙碌之余放松心情慢慢欣赏。
179,primary,zh-CN,桃剑,《桃剑》改编自同名轻小说。以桃太郎的故事为蓝本，少女桃子继承桃太郎之名，与伙伴们共同讨伐鬼族。作品以和风奇幻、可爱的少女战斗与喜剧元素为特色，桃子一行人在冒险中成长。动画将桃太郎的传说重新演绎，桃子与三位伙伴的冒险充满欢笑与战斗，和风的场景与妖怪设定营造出独特的氛围，角色的互动温馨有趣，是一部轻松明快的奇幻冒险作品。作品在热血的打斗之外，也细致刻画了角色们各自的信念与选择，每一次战斗都不仅是力量的较量，更是意志的碰撞，高潮部分张力十足，让观众在肾上腺素飙升的同时也为之动容。
180,primary,zh-CN,向山进发 第二季,《向山进发 第二季》是登山题材动画的续作。少女雪村葵与青梅竹马仓上日向，以及与朋友们一起挑战各种山峰的日常。本季加入新角色，登山场面更加丰富，作品以治愈的日常、美丽的山景与少女们的成长著称。葵从恐高少女逐渐爱上登山的转变、少女们在山间的欢笑与感动都充满治愈气息，动画的风景作画优美，登山知识的穿插也让作品兼具趣味与科普价值，是一部温馨的日常系作品。细节之处见用心，角色们的互动充满生活气息与小小的幽默，将平淡日常描绘得富有诗意，观感舒适惬意，能让人暂时放下烦恼，沉浸在那份简单纯粹的美好之中。
181,primary,zh-CN,青春之旅,《青春之旅》改编自同名少女漫画。中学时代的女主角吉冈双叶因初恋男生马渕洸转学而遗憾，高中重逢后两人再次走近。作品以细腻的校园恋爱、青春期的烦恼与淡淡的忧伤著称，双叶与洸的感情纠葛打动人心。双叶为了不再被排挤而伪装自己，洸则因家庭变故变得冷漠，两人在重新认识彼此的过程中逐渐卸下伪装，动画将少女心与青春的苦涩描绘得淋漓尽致，是一部充满共鸣的恋爱作品。角色间的互动刻画得细腻自然，那些欲言又止的心意、别扭又真诚的靠近都真实而动人，情感线与日常情节交织，让观众在会心一笑与怦然心动之间反复横跳，是一部让人回味无穷的恋爱物语。
182,primary,zh-CN,斩·赤红之瞳！,《斩·赤红之瞳！》改编自同名漫画。少年塔兹米来到帝都后加入杀手组织Night Raid，与同伴们以杀手身份推翻腐败的帝国。作品以黑暗残酷的世界观、悲壮的结局与激烈的战斗著称，角色命运多舛，充满震撼力。Night Raid的成员们各怀信念、身世悲惨，在与帝国的战斗中一个接一个地牺牲，塔兹米在血与泪中成长，动画的结局悲壮催泪，是一部让人铭记的暗黑热血作品。作品在热血的打斗之外，也细致刻画了角色们各自的信念与选择，每一次战斗都不仅是力量的较量，更是意志的碰撞，高潮部分张力十足，让观众在肾上腺素飙升的同时也为之动容。
183,primary,zh-CN,生存游戏社,《生存游戏社》改编自同名漫画。新生园川萌香加入生存游戏社，在学姐们的带领下参与生存游戏对战。作品以枪战、爆笑与福利元素结合，萌香在游戏中逐渐展露天赋，团队间的互动充满笑料。从战术对讲到实战演练，生存游戏社的少女们用各种出人意料的方式取胜，动画节奏明快、笑点密集，将认真的生存游戏与无厘头的日常结合，是一部轻松搞笑的校园喜剧。动作设计与演出张力俱佳，随着剧情推进，主角面对的敌人越来越强，战斗方式与自身局限的突破层层升级，配乐与画面配合出色，将热血少年向作品应有的爽快感与成长感都演绎得十分到位。
184,primary,zh-CN,三坪房间的侵略者！？,《三坪房间的侵略者！？》改编自同名轻小说。少年里见孝太郎在廉价的三坪房间中，迎来幽灵、魔法少女、地底人等各种入侵者，展开争夺房间的闹剧。作品以群像喜剧、奇幻战斗与后宫元素为特色，孝太郎的房租生活因各种入侵者变得热闹非凡。幽灵可蓝、魔法少女提亚等角色各有目的，与孝太郎的互动充满笑料，动画在搞笑日常中逐渐展开各角色的背景故事，是一部轻松有趣的群像喜剧。动画的节奏把控张弛有度，战斗场面的分镜与作画都相当扎实，主角在与强敌的较量中不断突破自我，和同伴之间建立的信任与羁绊也为剧情增添了温度，热血与感动并存，值得一看。
185,primary,zh-CN,花物语,《花物语》是物语系列的一部分，讲述阿良良木历与神原骏河、沼地蜡花之间的故事。本作聚焦神原骏河的高中时期，围绕吸血鬼与体育部的纠葛展开。作品延续系列独特的对白风格与画面表现，是物语系列的番外篇章。骏河的过去与内心的伤痕在细致的叙述中展现，与蜡花的重逢与告别充满物语系列特有的物哀气息，动画的风格化演出与精妙对白一如既往地出色。作品在展现华丽舞台的同时，也刻画了偶像们背后的努力、竞争与友情，角色在一次次演出与挑战中逐渐成长，演唱的曲目旋律优美、记忆点十足，整体氛围励志而温暖。
186,primary,zh-CN,东京喰种,《东京喰种》改编自同名漫画。以人类为食的喰种潜伏在东京，大学生金木研在一次偶遇中被改造成半喰种，在人类与喰种之间挣扎。作品以黑暗压抑的氛围、残酷的生存斗争与角色心理描写著称，金木的成长与蜕变令人印象深刻。金木从懦弱青年逐渐走向强大又痛苦的道路，喰种与人类的仇恨、悲剧循环贯穿全片，动画的视觉效果充满冲击力，是一部暗黑系作品中的代表作。单元事件与主线阴谋环环相扣，角色在追查真相的过程中不断面临抉择与牺牲，冷峻的色调与紧张的配乐将不安感渲染得恰到好处，推理与人性刻画并重，颇具深度。
187,primary,zh-CN,STRANGE+ 第二季,《STRANGE+ 第二季》延续第一季，继续讲述侦探社的无厘头日常。侦探恒与助手们处理各种奇葩委托，本季在原有笑料基础上加入更多脑洞剧情。作品以高速吐槽与恶搞为特色，侦探社的怪人们依旧用各种令人捧腹的方式处理案件，动画节奏飞快、笑点密集，在极短的篇幅内呈现密集的搞笑桥段，是适合放松心情的轻松泡面番。作品没有强烈的戏剧冲突，却以细腻的笔触捕捉日常中的微小幸福，角色的喜怒哀乐真实可感，在平实的叙述中悄然传递着生活的温度，适合在忙碌之余放松心情慢慢欣赏。
188,primary,zh-CN,月刊少女野崎君,《月刊少女野崎君》改编自同名四格漫画。少女佐仓千代向暗恋的野崎梅太郎告白，却发现他是少女漫画家，两人在漫画创作中展开爆笑日常。作品以恋爱喜剧、少女漫画创作过程与密集笑点为特色，反套路设定广受好评。野崎的迟钝与佐仓的纯情形成反差萌，漫画创作过程中的各种乌龙桥段令人捧腹，动画将少女漫画的套路玩出花样，是一部笑点与甜蜜并存的经典喜剧。作品在甜蜜之余也保留了青春特有的青涩与迷茫，主角在感情中的成长与抉择贯穿始终，配乐温润、画面明丽，将恋爱中的忐忑、欢喜与遗憾都拿捏得恰到好处，适合慢慢品味。
189,primary,zh-CN,法兰雀丝卡,《法兰雀丝卡》是福冈的地方宣传动画。少女法兰雀丝卡因某种原因失去记忆，在福冈开始新生活，与当地角色互动。作品以福冈地标与特色为背景，带有地方宣传与日常治愈色彩。法兰雀丝卡在福冈的街头巷尾与当地人们相遇，逐渐找回记忆与自我，动画展现了福冈的美食、景点与文化，氛围轻松温馨，是一部兼具宣传与治愈功能的作品。细节之处见用心，角色们的互动充满生活气息与小小的幽默，将平淡日常描绘得富有诗意，观感舒适惬意，能让人暂时放下烦恼，沉浸在那份简单纯粹的美好之中。
190,primary,zh-CN,东京残响,《东京残响》是渡边信一郎执导的原创动画。两名少年在东京制造恐怖袭击，与追查他们的刑警展开周旋。作品以紧张的氛围、冷峻的叙事与对社会问题的探讨著称，风格沉静而充满张力。两名少年的过去与动机在追查中逐渐揭晓，他们以炸弹袭击的方式向社会发出质问，刑警柴崎的追查与少年们的命运交织，动画的配乐与画面极具质感，是一部让人深思的作品。剧情层层递进、伏笔密布，随着线索的不断拼合，真相逐渐浮出水面，每一次反转都在意料之外又情理之中，细节经得起推敲，氛围营造到位，是喜欢烧脑故事的观众不可错过之作。
191,primary,zh-CN,信长协奏曲,《信长协奏曲》改编自同名漫画，讲述现代高中生三郎穿越到战国时代，被误认为织田信长并代替其成就霸业。作品以历史穿越、幽默与热血并存著称，三郎以现代知识在乱世中搅动风云。三郎用现代思维与战国群雄周旋，与归蝶、秀吉等人的关系充满趣味，动画在历史还原与轻松搞笑之间取得平衡，三郎那随性又善良的性格与战国的残酷形成对比，是一部别具一格的战国作品。作品在热血的打斗之外，也细致刻画了角色们各自的信念与选择，每一次战斗都不仅是力量的较量，更是意志的碰撞，高潮部分张力十足，让观众在肾上腺素飙升的同时也为之动容。
192,primary,zh-CN,心理测量者 新编集版,《心理测量者 新编集版》是将《心理测量者》第一季重新剪辑的版本，讲述在通过心理指数管理社会的近未来，监视官常守朱与执行官狡噛慎也追查犯罪的故事。作品以赛博朋克世界观、哲学思辨与紧张追凶著称。在心理测量值决定一切的社会中，朱的纯粹与狡噛的挣扎形成对比，与天才罪犯槙岛圣护的对决贯穿始终，动画对制度、正义与人性的探讨深刻，是科幻犯罪题材的经典之作。单元事件与主线阴谋环环相扣，角色在追查真相的过程中不断面临抉择与牺牲，冷峻的色调与紧张的配乐将不安感渲染得恰到好处，推理与人性刻画并重，颇具深度。
193,primary,zh-CN,暗芝居 第二季,《暗芝居 第二季》是恐怖短篇动画的续作。作品以昭和风情的纸芝居（纸戏剧）形式，讲述各种都市传说与怪谈，每话围绕一个令人毛骨悚然的恐怖故事展开。作品以怀旧的画风、猎奇的剧情与细思极恐的氛围著称。从怨灵、诅咒到扭曲的日常，每个故事都在短短几分钟内营造出强烈的恐怖感，纸芝居的独特形式更添诡异氛围，是恐怖动画爱好者的必看之作。作品没有强烈的戏剧冲突，却以细腻的笔触捕捉日常中的微小幸福，角色的喜怒哀乐真实可感，在平实的叙述中悄然传递着生活的温度，适合在忙碌之余放松心情慢慢欣赏。
194,primary,zh-CN,戏剧性谋杀,《戏剧性谋杀》改编自同名BL游戏，讲述在架空世界中，少年苍叶在寻找自己记忆与真相的过程中卷入血腥的煽动游戏。作品以赛博朋克世界、BL元素与悬疑战斗为特色，苍叶与伙伴们的关系层层展开。苍叶在与各角色的互动中逐渐接近真相，煽动游戏的残酷与城市的暗面交织，动画的氛围冷峻、剧情悬疑，是BL游戏改编动画中的代表作。作品在热血的打斗之外，也细致刻画了角色们各自的信念与选择，每一次战斗都不仅是力量的较量，更是意志的碰撞，高潮部分张力十足，让观众在肾上腺素飙升的同时也为之动容。
195,primary,zh-CN,REPLY 滨虎,《REPLY 滨虎》是《滨虎》动画第二季，延续奈斯与紫的超能力者侦探故事。本季围绕超能力者组织的阴谋深入展开，奈斯与紫在追查真相的过程中面对过去的阴影。作品以单元推理与主线悬疑结合，横滨的街头巷尾中，超能力者们的纠葛逐渐浮出水面，奈斯与紫的搭档关系在考验中更加牢固，动画的氛围沉静、剧情紧凑，是一部扎实的都市悬疑作品。单元事件与主线阴谋环环相扣，角色在追查真相的过程中不断面临抉择与牺牲，冷峻的色调与紧张的配乐将不安感渲染得恰到好处，推理与人性刻画并重，颇具深度。
196,primary,zh-CN,花舞少女,《花舞少女》改编自同名漫画，讲述内向的少女关谷鸣在遇见来自美国的少女哈娜后，开始学习日本舞踊并追逐梦想。作品以日本舞、少女们的友情与青春成长为题材，充满动感与治愈气息。鸣在哈娜的鼓励下加入舞踊社团，从害羞内向到在舞台上绽放光彩的成长令人动容，动画的舞蹈场面优美，少女们互相支持的友情温暖感人，是一部充满正能量的青春物语。作品没有强烈的戏剧冲突，却以细腻的笔触捕捉日常中的微小幸福，角色的喜怒哀乐真实可感，在平实的叙述中悄然传递着生活的温度，适合在忙碌之余放松心情慢慢欣赏。
197,primary,zh-CN,美少女战士Crystal,《美少女战士Crystal》是《美少女战士》的重新制作版，忠实还原原作漫画。月野兔觉醒为水手月亮，与伙伴们对抗黑暗帝国。作品以华丽变身、少女战斗与原作世界观为特色，画风更贴近原著。兔从笨拙少女成长为守护爱与正义的水手战士，与亚美、真琴等伙伴的羁绊、与地场卫的恋情交织，动画的变身场面华丽，少女战士们的战斗充满魅力，是经典魔法少女系列的新生代作品。作品在热血的打斗之外，也细致刻画了角色们各自的信念与选择，每一次战斗都不仅是力量的较量，更是意志的碰撞，高潮部分张力十足，让观众在肾上腺素飙升的同时也为之动容。
198,primary,zh-CN,火星异种,《火星异种》改编自同名漫画。为适应火星环境而投送地球的蟑螂进化成巨大凶残的异种，人类派出基因改造战士讨伐。作品以残酷的战斗、惨烈的牺牲与科幻设定著称，紧张刺激的生死对决贯穿始终。远征队员们各具基因能力，在与火星蟑螂的殊死搏斗中不断减员，动画的血腥程度与绝望氛围令人印象深刻，是硬核科幻战斗题材中的代表作。动作设计与演出张力俱佳，随着剧情推进，主角面对的敌人越来越强，战斗方式与自身局限的突破层层升级，配乐与画面配合出色，将热血少年向作品应有的爽快感与成长感都演绎得十分到位。
199,primary,zh-CN,偶像活动 第三年,《偶像活动 第三年》是偶像活动系列续作，讲述星光学园少女们的偶像生活。本季围绕星光女王杯等大赛展开，星宫莓在偶像活动中不断挑战自我。作品以华丽的舞台演出、时尚搭配与少女追梦为主题，莓与伙伴们在偶像道路上不断成长，结识新的竞争对手，动画的歌舞场面华丽、角色设定可爱，充满了偶像世界的闪耀与感动，是少女向偶像动画中的经典系列。作品没有强烈的戏剧冲突，却以细腻的笔触捕捉日常中的微小幸福，角色的喜怒哀乐真实可感，在平实的叙述中悄然传递着生活的温度，适合在忙碌之余放松心情慢慢欣赏。
200,primary,zh-CN,山贼的女儿罗妮娅,《山贼的女儿罗妮娅》改编自瑞典儿童文学，讲述山贼之女罗妮娅与宿敌家的少年比尔的友情。罗妮娅在山林中自由成长，与比尔在对抗与理解中建立深厚羁绊。作品以自然风光、童话般的氛围与成长主题著称，罗妮娅的冒险充满童真与勇气，动画的画风清新，将北欧森林的壮美展现得淋漓尽致，两个孩子跨越家族恩怨的友谊令人感动，是一部适合全家观看的童话作品。作品在幻想的外衣下探讨着真实的情感与抉择，主角的成长线扎实有力，与伙伴们的情谊在一次次考验中愈发深厚，冒险的紧张感与日常的温情交替呈现，故事层次丰富、后劲十足。
201,primary,zh-CN,寄生兽 生命的准则,《寄生兽 生命的准则》改编自同名漫画。高中生泉新一被寄生生物寄生在右手，被迫与寄生兽共存，在对抗同类与反思人类社会的过程中成长。作品以深刻的哲学思考、紧张的战斗与对生命本质的探讨著称。新一与寄生兽米奇从对峙到并肩，在与同类寄生兽的战斗中逐渐改变，动画对人类的生态位、生命的残酷与共存的主题进行了深刻探讨，是一部兼具娱乐与思想的经典作品。动作设计与演出张力俱佳，随着剧情推进，主角面对的敌人越来越强，战斗方式与自身局限的突破层层升级，配乐与画面配合出色，将热血少年向作品应有的爽快感与成长感都演绎得十分到位。
202,primary,zh-CN,笑对阴天,《笑对阴天》改编自同名漫画。明治时代的京都，阴天火与两个弟弟经营着为处刑而设的监狱，卷入围绕妖刀与攘夷派的阴谋。作品以和风冒险、兄弟羁绊与妖怪战斗为特色，阴家三兄弟在京都的动荡中守护正义。天火的爽朗、宙太郎的软弱与琥珀的妖异交织，与妖刀及幕末势力周旋，动画的和风氛围浓厚、战斗场面流畅，兄弟间的羁绊贯穿始终，是一部充满时代气息的作品。动画的节奏把控张弛有度，战斗场面的分镜与作画都相当扎实，主角在与强敌的较量中不断突破自我，和同伴之间建立的信任与羁绊也为剧情增添了温度，热血与感动并存，值得一看。
203,primary,zh-CN,甘城光辉游乐园,《甘城光辉游乐园》改编自同名轻小说。高中生可儿江西也被强邀担任濒临倒闭的游乐园甘城的经理，在限定时间内振兴游乐园。作品以经营、搞笑与奇幻元素结合，西也在与魔法世界居民的合作中展开奋斗。游乐园中的妖精居民们各具特色，西也运用经营头脑与吐槽技能逐一解决问题，动画节奏明快、笑点密集，在搞笑的日常中展现了团队的成长，是一部轻松有趣的作品。画风清新、节奏舒缓，人物之间的相处自然而温暖，那些平凡琐碎的片段在动画的演绎下变得闪闪发光，传递出一种治愈人心的宁静力量，是治愈系爱好者不容错过的作品。
204,primary,zh-CN,高达Reconguista in G,《高达Reconguista in G》是富野由悠季执导的高达系列动画，讲述在宇宙世纪之后的新时代，少年贝尔利驾驶高达与伙伴们展开冒险。作品以独特的机体设计、宏大的世界观与富野式的叙事风格著称。贝尔利与姐姐艾达、神秘少女拉莱雅等人卷入围绕能量与政治的纷争，动画的机体战斗充满富野特有的速度感，剧情跳跃而富有深意，是一部风格鲜明的时代作品。动作设计与演出张力俱佳，随着剧情推进，主角面对的敌人越来越强，战斗方式与自身局限的突破层层升级，配乐与画面配合出色，将热血少年向作品应有的爽快感与成长感都演绎得十分到位。
205,primary,zh-CN,我，要成为双马尾,《我，要成为双马尾》改编自同名轻小说。热爱双马尾的高中生观束总二，在变身成双马尾战士后与异世界入侵者战斗。作品以变身、战斗与恶搞元素结合，观束总二与同伴们守护双马尾的爱好。来自异世界的敌人试图消灭人类的双马尾，总二与伙伴们以双马尾战士的身份迎战，动画的战斗场面夸张华丽，设定脑洞大开，在热血战斗与搞笑吐槽间自由切换，是一部轻松愉快的恶搞战斗番。动画的节奏把控张弛有度，战斗场面的分镜与作画都相当扎实，主角在与强敌的较量中不断突破自我，和同伴之间建立的信任与羁绊也为剧情增添了温度，热血与感动并存，值得一看。
206,primary,zh-CN,早安恋味糕点店,《早安恋味糕点店》是短篇动画，讲述糕点学校女学生与老师们围绕甜点展开的日常。作品以甜点制作、恋爱元素与轻松氛围为特色，少女们在学习中萌生情愫。动画将精美的甜点与少女们的青春结合，每一话围绕一款甜点展开，画风可爱、氛围温馨，是一部兼具美食与恋爱的轻松短篇作品。作品在甜蜜之余也保留了青春特有的青涩与迷茫，主角在感情中的成长与抉择贯穿始终，配乐温润、画面明丽，将恋爱中的忐忑、欢喜与遗憾都拿捏得恰到好处，适合慢慢品味。
207,primary,zh-CN,结城友奈是勇者,《结城友奈是勇者》是原创动画，讲述神树世界中的勇者部少女们对抗怪物vertex的战斗。少女们在战斗中获得力量，却也付出沉重代价。作品以日常与残酷的反差、悲壮的命运与少女们的羁绊著称，催人泪下。勇者部的少女们在平凡日常与残酷战斗中切换，力量的代价与牺牲令人心痛，动画在治愈与致郁间反复横跳，结局的牺牲与救赎极具冲击力，是近年来最具话题性的原创动画之一。动作设计与演出张力俱佳，随着剧情推进，主角面对的敌人越来越强，战斗方式与自身局限的突破层层升级，配乐与画面配合出色，将热血少年向作品应有的爽快感与成长感都演绎得十分到位。
208,primary,zh-CN,白箱,《白箱》是P.A.WORKS原创动画，讲述动画制作公司武藏野动画中，新人制作进行宫森葵与同事们制作动画的职场故事。作品以写实的手法展现动画制作的台前幕后，充满对业界的敬意与热爱，角色群像生动。从脚本、分镜到作画、配音，动画将制作的各个环节细致呈现，宫森葵与同事们在赶稿、崩坏与危机中奋斗，动画的职场群像与对梦想的坚持令人感动，是动画从业者与爱好者的必看之作。作品在整体完成度上表现出色，叙事流畅、角色立体，主题的表达清晰而有深度，既有轻松愉悦的观赏性，也留有值得回味的余韵，是一部质量扎实、诚意满满的作品。
209,primary,zh-CN,我家浴缸的二三事,《我家浴缸的二三事》是短篇动画，讲述少年龙己与美少年人鱼若狭的同居生活。若狭的厚脸皮与龙己的傲娇形成反差萌，作品以轻松搞笑、日常与福利元素为特色。人鱼若狭赖在龙己家的浴缸中不走，两人的日常充满鸡飞狗跳与温馨，动画节奏明快、笑点密集，在搞笑中展现了人与异种生物的奇妙友谊，是一部轻松解压的泡面番。画风清新、节奏舒缓，人物之间的相处自然而温暖，那些平凡琐碎的片段在动画的演绎下变得闪闪发光，传递出一种治愈人心的宁静力量，是治愈系爱好者不容错过的作品。
210,primary,zh-CN,高达创战者TRY,《高达创战者TRY》是《高达创战者》续作，讲述神木世界与伙伴们以钢普拉对战的新故事。本季以三对三的团体战为核心，世界与高坂佑马、星野文奈组成队伍，在钢普拉对战锦标赛中成长。作品以热血对战与角色羁绊为特色，三人组的默契配合与各自的心结交织，动画的对战场面华丽，充满对高达系列的致敬，是高达题材中充满青春气息的作品。动作设计与演出张力俱佳，随着剧情推进，主角面对的敌人越来越强，战斗方式与自身局限的突破层层升级，配乐与画面配合出色，将热血少年向作品应有的爽快感与成长感都演绎得十分到位。
211,primary,zh-CN,天体的秩序,《天体的秩序》是原创动画，讲述在圆盘之城，少女们与神秘圆盘及其背后的力量之间的故事。久弥直树执笔的剧情围绕许愿与代价展开，少女们的友情与圆盘的真相层层揭晓，氛围温柔而带淡淡忧伤。七位少女在圆盘之城的过去与现在交织，许愿带来的代价与重逢的约定贯穿全片，动画的画面清新、情感细腻，是一部充满温情与感动的原创作品。剧情层层递进、伏笔密布，随着线索的不断拼合，真相逐渐浮出水面，每一次反转都在意料之外又情理之中，细节经得起推敲，氛围营造到位，是喜欢烧脑故事的观众不可错过之作。
212,primary,zh-CN,电器街的漫画店,《电器街的漫画店》改编自同名漫画，讲述电器街漫画店店员们的日常。少年海雄与个性迥异的店员们在漫画店的职场生活中闹出各种笑话，作品以宅文化、搞笑与职场日常为特色。从补货、结账到与宅系顾客的互动，漫画店的工作充满ACG梗与笑料，店员们各具萌点，动画节奏明快、吐槽密集，是一部充满宅文化的轻松职场喜剧。画风清新、节奏舒缓，人物之间的相处自然而温暖，那些平凡琐碎的片段在动画的演绎下变得闪闪发光，传递出一种治愈人心的宁静力量，是治愈系爱好者不容错过的作品。
213,primary,zh-CN,寻找失去的未来,《寻找失去的未来》改编自同名游戏。发生在现代校园的SF恋爱故事，主角们为阻止未来的悲剧而回到过去。作品以时间旅行、悬疑与恋爱元素交织，围绕未来的记忆与选择展开。主角们在调查学校发生的奇异事件时逐渐了解未来的真相，为了改变命运而一次次回到过去，动画的剧情层层递进，恋爱与科幻的结合充满魅力，是一部兼具悬疑与情感的作品。人物关系的推进张弛有度，误会、巧合与真诚交织出丰富的情感层次，在轻松搞笑的日常包裹下，那份真挚的心意愈发显得珍贵，收尾的温情与感动足以让人心头一暖。
214,primary,zh-CN,棺姬嘉依卡 复仇之战,《棺姬嘉依卡 复仇之战》是《棺姬嘉依卡》动画第二季，延续托鲁一行人的冒险。本季围绕嘉依卡遗产的争夺战全面展开，托鲁与嘉依卡卷入帝国、禁书与龙族的巨大阴谋。作品以奇幻冒险、热血战斗与谜团层层揭晓为特色，嘉依卡身世的真相、帝国的野心与伙伴们的羁绊交织，动画的冒险氛围浓厚、战斗场面流畅，第二季的剧情更加宏大，是一部充满谜团与热血的作品。动画的节奏把控张弛有度，战斗场面的分镜与作画都相当扎实，主角在与强敌的较量中不断突破自我，和同伴之间建立的信任与羁绊也为剧情增添了温度，热血与感动并存，值得一看。
215,primary,zh-CN,Fate/stay night [Unlimited Blade Works],《Fate/stay night [Unlimited Blade Works]》改编自同名游戏，讲述圣杯战争的故事。魔术师卫宫士郎与从者Saber、Archer等参与争夺圣杯的战斗，本作以凛线为主，聚焦士郎的理想与Archer的真相。作品以华丽的战斗、宏大的世界观与深刻的主题著称，士郎的理想主义与Archer的幻灭形成强烈对比，动画由ufotable制作，战斗场面堪称业界顶尖，是Fate系列的巅峰之作。
216,primary,zh-CN,虫师 续章 第2部分,《虫师 续章 第2部分》是《虫师》续作的第二部分，银古继续在旅途中帮助受虫困扰的人们。作品以单元剧形式展开，延续宁静致远的风格与深邃哲思，每一话都像一首关于生命与自然的短诗。银古以旁观者的身份介入一个个事件，虫的设定暗喻人性的执念与自然的法则，动画的画面沉静优美、配乐空灵，在平静的叙事中蕴含深刻的思考，是一部值得反复品味的哲思作品。作品风格鲜明、辨识度高，在同类题材中走出了自己的路子，角色与故事的结合恰到好处，整体观感流畅自然，无论是题材爱好者还是路人观众都能乐在其中。
217,primary,zh-CN,狼少女与黑王子,《狼少女与黑王子》改编自同名漫画。虚荣心强的少女筱原绘里香谎称自己有男友，被腹黑的佐田恭也以此要挟扮演假男友。两人在假恋爱的互动中逐渐萌生真情，作品以恋爱喜剧、反差萌与细腻感情为特色。绘里香的伪装与恭也的腹黑形成有趣对比，两人的关系在互相试探中逐渐加深，动画将少女心的纠结与恋爱的甜蜜描绘得细致入微，是一部充满心动的恋爱喜剧。角色间的互动刻画得细腻自然，那些欲言又止的心意、别扭又真诚的靠近都真实而动人，情感线与日常情节交织，让观众在会心一笑与怦然心动之间反复横跳，是一部让人回味无穷的恋爱物语。
218,primary,zh-CN,CROSS ANGE 天使与龙的轮舞,《CROSS ANGE 天使与龙的轮舞》是原创机器人动画。贵族公主安琪觉醒为能驾驶机体的魔女，被流放后加入囚犯部队，与龙及人类社会的偏见战斗。作品以宏大的世界观、反差强烈的剧情与热血战斗著称，角色成长动人。安琪从傲慢公主沦落到囚犯部队，又在绝境中重新崛起，与龙族的真相、人类社会的歧视交织，动画的剧情反转不断、战斗场面华丽，是一部充满冲击力的作品。作品在热血的打斗之外，也细致刻画了角色们各自的信念与选择，每一次战斗都不仅是力量的较量，更是意志的碰撞，高潮部分张力十足，让观众在肾上腺素飙升的同时也为之动容。
219,primary,zh-CN,魔弹之王与战姫,《魔弹之王与战姫》改编自同名轻小说。少年泰格勒在一次战斗中遇见战姬艾莲，被卷入大国间的战争。作品以奇幻战争、战姬的力量与浪漫冒险为特色，泰格勒在战乱中逐渐成长为英雄。泰格勒的神射之术与战姬们的超常之力结合，在战火中展现英勇与智慧，动画的战争场面宏大、角色互动浪漫，是一部充满热血与冒险气息的奇幻作品。动作设计与演出张力俱佳，随着剧情推进，主角面对的敌人越来越强，战斗方式与自身局限的突破层层升级，配乐与画面配合出色，将热血少年向作品应有的爽快感与成长感都演绎得十分到位。
220,primary,zh-CN,选择扩散者WIXOSS,《选择扩散者WIXOSS》是《选择感染者WIXOSS》的续作，讲述露子等少女继续参与WIXOSS卡片战斗。本季深入揭示selector的命运与少女们的愿望，作品以黑暗反转的剧情、心理博弈与宿命感著称。露子在战斗中对WIXOSS本质的追问、少女们愿望背后的代价交织，动画延续前作的暗黑氛围，反转不断、结局震撼，是卡牌题材中独树一帜的暗黑杰作。动画的节奏把控张弛有度，战斗场面的分镜与作画都相当扎实，主角在与强敌的较量中不断突破自我，和同伴之间建立的信任与羁绊也为剧情增添了温度，热血与感动并存，值得一看。
221,primary,zh-CN,晨曦公主,《晨曦公主》改编自同名漫画。高华国公主优娜在父王遇害后，与青梅竹马哈克逃亡，踏上寻找四龙战士、复兴王国的旅途。作品以冒险、成长与少女的觉醒著称，优娜从柔弱公主逐渐成长为坚强女性。优娜在逃亡中磨练弓术、集结伙伴，与四龙战士及各方势力的周旋充满冒险气息，动画的奇幻设定与角色的成长动人，优娜的蜕变令人敬佩，是一部充满力量与温情的作品。作品在幻想的外衣下探讨着真实的情感与抉择，主角的成长线扎实有力，与伙伴们的情谊在一次次考验中愈发深厚，冒险的紧张感与日常的温情交替呈现，故事层次丰富、后劲十足。
222,primary,zh-CN,巴哈姆特之怒 GENESIS,《巴哈姆特之怒 GENESIS》是Cygames推出的奇幻动画。在神魔大战后的世界，逃亡的女魔法师阿米拉与赏金猎人法瓦尔罗相遇，卷入巴哈姆特的复苏危机。作品以精良的画面、宏大的奇幻世界观与冒险故事著称。法瓦尔罗与阿米拉在追踪中的互动、诸神与魔族的暗流涌动交织，动画的制作水准极高，世界观设定庞大，剧情在冒险与阴谋间展开，是游戏改编动画中的豪华之作。单元事件与主线阴谋环环相扣，角色在追查真相的过程中不断面临抉择与牺牲，冷峻的色调与紧张的配乐将不安感渲染得恰到好处，推理与人性刻画并重，颇具深度。
223,primary,zh-CN,灰色的果实,《灰色的果实》改编自同名游戏。少年风见雄二转入只有五名少女的学园，逐渐了解她们各自的过去。作品以暗黑的氛围、心理描写与治愈的结局著称，围绕少女们的创伤与救赎展开。五名少女各自背负着沉重的过去，雄二在了解她们的过程中也揭开自己的秘密，动画的氛围压抑、心理刻画细腻，结局的救赎与温暖令人动容，是兼具黑暗与治愈的作品。作品没有强烈的戏剧冲突，却以细腻的笔触捕捉日常中的微小幸福，角色的喜怒哀乐真实可感，在平实的叙述中悄然传递着生活的温度，适合在忙碌之余放松心情慢慢欣赏。
224,primary,zh-CN,七大罪,《七大罪》改编自同名漫画。王国的公主伊丽莎白寻找传说中的骑士团七大罪，与团长梅利奥达斯相遇。作品以奇幻冒险、热血战斗与伙伴羁绊著称，七大罪成员各具个性，围绕王国危机与梅利奥达斯的过去展开。梅利奥达斯与伊丽莎白的缘分、七大罪成员的忠诚与王国的阴谋交织，动画的战斗场面华丽、世界观宏大，在热血战斗之余也充满笑料与温情，是奇幻冒险的经典之作。作品在热血的打斗之外，也细致刻画了角色们各自的信念与选择，每一次战斗都不仅是力量的较量，更是意志的碰撞，高潮部分张力十足，让观众在肾上腺素飙升的同时也为之动容。
225,primary,zh-CN,魔术快斗1412,《魔术快斗1412》是怪盗基德系列的动画，讲述高中生黑羽快斗继承父亲怪盗基德的身份，在世界各地展开魔术窃盗。作品以华丽的魔术、基德的帅气演出与爱情喜剧为特色，快斗在追查父亲的真相。快斗在怪盗基德与普通学生之间切换，与青子的互动、与警察的对决充满趣味，动画的魔术演出华丽流畅，将基德的绅士魅力展现得淋漓尽致，是经典角色怪盗基德的专属作品。人物关系的推进张弛有度，误会、巧合与真诚交织出丰富的情感层次，在轻松搞笑的日常包裹下，那份真挚的心意愈发显得珍贵，收尾的温情与感动足以让人心头一暖。
226,primary,zh-CN,境界触发者,《境界触发者》改编自同名漫画。来自异世界的近界民入侵地球，为应对威胁，本土组织border培育战斗员。少年空闲游真与三云修加入border，在战斗中成长。作品以战术战斗、团队配合与严谨的世界观著称，游真与三云在border的团队战中逐渐展露头角，动画的战术设计严谨、团队配合描写细致，角色众多且各具特色，是注重策略与团队协作的战斗作品。动画的节奏把控张弛有度，战斗场面的分镜与作画都相当扎实，主角在与强敌的较量中不断突破自我，和同伴之间建立的信任与羁绊也为剧情增添了温度，热血与感动并存，值得一看。
227,primary,zh-CN,牙狼 炎之刻印,《牙狼 炎之刻印》是牙狼系列动画，讲述魔戒骑士为守护人类与魔物霍拉战斗。骑士莱恩背负父亲的遗志，在阴谋与黑暗中成长。作品以精良的3DCG、华丽的战斗与黑暗奇幻氛围著称，莱恩与黄金骑士的羁绊、与霍拉的战斗充满震撼力，动画的视觉效果出色，将牙狼系列的铠甲与魔物设计展现得淋漓尽致，在黑暗的基调中探讨守护与牺牲的主题，是特摄衍生动画的杰作。作品在热血的打斗之外，也细致刻画了角色们各自的信念与选择，每一次战斗都不仅是力量的较量，更是意志的碰撞，高潮部分张力十足，让观众在肾上腺素飙升的同时也为之动容。
228,primary,zh-CN,银仙,《银仙》改编自同名漫画。自称银仙的狐狸精被电波少女市松小雏召唤，之后与她共同生活，照顾她的起居。作品以日常搞笑、吐槽与温暖氛围为特色，银仙的管家婆形象与少女的呆萌形成有趣反差。银仙在照顾小雏的过程中闹出各种笑话，动画节奏明快、笑点密集，在搞笑之余也展现了两位主角奇妙的缘分与温暖，是一部轻松治愈的日常作品。细节之处见用心，角色们的互动充满生活气息与小小的幽默，将平淡日常描绘得富有诗意，观感舒适惬意，能让人暂时放下烦恼，沉浸在那份简单纯粹的美好之中。
229,primary,zh-CN,飙速宅男 GRANDE ROAD,《飙速宅男 GRANDE ROAD》是《飙速宅男》第二季，小野田坂道与总北高中自行车部继续征战高中联赛。本季围绕与箱根学园的激烈对决展开，队伍在爬坡、冲刺与团队协作中经历考验。作品以热血比赛与角色成长著称，总北与箱根的山岳战惊心动魄，小野田的爬坡能力与队友们的配合令人热血沸腾，动画对公路自行车比赛的描写细致入微，是一部让观众屏息的运动番。动画的节奏把控张弛有度，战斗场面的分镜与作画都相当扎实，主角在与强敌的较量中不断突破自我，和同伴之间建立的信任与羁绊也为剧情增添了温度，热血与感动并存，值得一看。
230,primary,zh-CN,心理测量者2,《心理测量者2》是《心理测量者》第二季，讲述新监视官常守朱在失去同伴后继续与罪案战斗。本季引入新的执行官与理念对立的敌人，围绕集体心理与制度批判展开。作品延续赛博朋克世界观与哲学思辨，朱在制度与正义间的坚持、新敌人的诡计与集体犯罪的剖析贯穿全片，动画的氛围压抑、思考深刻，对心理测量制度的批判更加尖锐，是科幻犯罪题材的续作典范。作品在热血的打斗之外，也细致刻画了角色们各自的信念与选择，每一次战斗都不仅是力量的较量，更是意志的碰撞，高潮部分张力十足，让观众在肾上腺素飙升的同时也为之动容。
231,primary,zh-CN,记录的地平线 第二季,《记录的地平线 第二季》延续第一季，城惠与记录的地平线公会在幻境神话世界中继续探索。本季围绕生产系、战斗与公会战争展开，城惠以谋略周旋于各方势力。作品以策略、经营与MMO冒险为特色，城惠冷静的头脑战、公会经营与大规模会战充满看点，动画对MMO世界的设定还原细致，群像刻画生动，是网游题材动画中注重策略与智斗的佳作。动作设计与演出张力俱佳，随着剧情推进，主角面对的敌人越来越强，战斗方式与自身局限的突破层层升级，配乐与画面配合出色，将热血少年向作品应有的爽快感与成长感都演绎得十分到位。
232,primary,zh-CN,四月是你的谎言,《四月是你的谎言》改编自同名漫画。钢琴少年有马公生在失去演奏能力后，遇见自由奔放的小提琴少女宫园薰，两人在音乐中互相救赎。作品以音乐、青春与催泪叙事著称，薰的秘密与公生的重生打动无数观众。公生在与薰的合奏中重新找回钢琴的快乐，薰的活泼与隐藏的悲伤形成强烈对比，动画的演奏场面充满感染力、配乐优美动人，结局的告别催人泪下，是公认的催泪神作。歌舞演出的画面制作精良，每一首歌都与角色心境和剧情推进紧密呼应，少女们在聚光灯下的闪耀与幕后流下的汗水同样动人，传递出追逐梦想、不懈努力的正能量，感染力十足。
233,primary,zh-CN,临时女友,《临时女友》改编自同名游戏，讲述圣樱学园少女们的日常。作品以单元剧形式呈现多位女角色的生活片段，围绕友情、社团活动与青春展开。动画以清新风格与可爱角色为特色，众多登场少女各具个性，从日常琐事到校园活动都充满温馨气息，作品节奏舒缓、氛围治愈，展现了少女们平凡而闪光的校园生活，适合喜欢轻松日常的观众。作品在甜蜜之余也保留了青春特有的青涩与迷茫，主角在感情中的成长与抉择贯穿始终，配乐温润、画面明丽，将恋爱中的忐忑、欢喜与遗憾都拿捏得恰到好处，适合慢慢品味。
234,primary,zh-CN,七人魔法使,《七人魔法使》改编自同名轻小说。少年春日新在遇见魔法使少女后，被卷入魔王的复活阴谋，进入魔法学园成为救世主候选人。作品以魔法战斗、后宫元素与热血叙事为特色，新在学园中的成长与战斗充满看点。动画将魔法学园的设定与后宫互动结合，新的觉醒与魔王教的阴谋交织，战斗场面华丽、福利元素充足，是一部轻松愉快的奇幻战斗番。动作设计与演出张力俱佳，随着剧情推进，主角面对的敌人越来越强，战斗方式与自身局限的突破层层升级，配乐与画面配合出色，将热血少年向作品应有的爽快感与成长感都演绎得十分到位。
235,primary,zh-CN,日常系的异能战斗,《日常系的异能战斗》改编自同名轻小说。文艺部成员们突然觉醒超能力，却因没有实际危机而只能用于日常。作品以吐槽、反差与对超能力题材的解构为特色，以异能战斗为幌子展开搞笑日常。主角们的超能力强大却无用武之地，各种无厘头的日常冲突充满笑料，动画的演出夸张、吐槽密集，将严肃的超能力题材彻底搞笑化，是一部独具创意的喜剧作品。动画的节奏把控张弛有度，战斗场面的分镜与作画都相当扎实，主角在与强敌的较量中不断突破自我，和同伴之间建立的信任与羁绊也为剧情增添了温度，热血与感动并存，值得一看。
236,primary,zh-CN,怪盗Joker,《怪盗Joker》改编自同名漫画，讲述少年怪盗Joker在世界各地偷取宝物，与宿敌和警察斗智斗勇。作品以华丽的魔术、夸张的演出与单元冒险为特色，Joker与搭档小八的冒险充满乐趣。Joker的偷盗计划总是出人意料、充满奇思妙想，动画的演出色彩鲜明、节奏明快，在冒险中展现Joker的机智与魅力，是一部适合全家观看的少年冒险作品。作品在展现华丽舞台的同时，也刻画了偶像们背后的努力、竞争与友情，角色在一次次演出与挑战中逐渐成长，演唱的曲目旋律优美、记忆点十足，整体氛围励志而温暖。
237,primary,zh-CN,大图书馆的牧羊人,《大图书馆的牧羊人》改编自同名游戏。少年笕京太郎在遇见白崎鶫后加入图书部，帮助有困难的学生。作品以校园恋爱、图书馆与青春日常为特色，围绕少女们的梦想与牧羊人传说展开。图书部的成员们在帮助他人的过程中逐渐成长，京太郎与鶫的互动充满温馨，动画的氛围宁静治愈，在图书馆的背景下探讨梦想与选择，是一部治愈系的校园作品。人物关系的推进张弛有度，误会、巧合与真诚交织出丰富的情感层次，在轻松搞笑的日常包裹下，那份真挚的心意愈发显得珍贵，收尾的温情与感动足以让人心头一暖。
238,primary,zh-CN,爱·天地无用！,《爱·天地无用！》是天地无用系列的短篇，继续讲述天地与人们的日常生活。作品以Q版角色、轻松搞笑与经典后宫设定为特色，是对原作的戏仿与回顾。天地与众多角色的Q版互动充满萌点与笑料，动画在极短的篇幅内呈现轻松的日常，是天地无用系列的粉丝向轻松作品，适合轻松观看。作品没有强烈的戏剧冲突，却以细腻的笔触捕捉日常中的微小幸福，角色的喜怒哀乐真实可感，在平实的叙述中悄然传递着生活的温度，适合在忙碌之余放松心情慢慢欣赏。
239,primary,zh-CN,关于完全听不懂老公在说什么的事,《关于完全听不懂老公在说什么的事》改编自四格漫画，讲述御宅族老公与普通老婆的日常。老婆听不懂老公的宅语，两人在爆笑中互相理解，作品以短篇吐槽、温馨氛围与宅文化梗为特色。动画以老婆的视角吐槽老公的宅言行，从动漫游戏到同人，充满ACG梗与笑料，在搞笑中展现了夫妻间的理解与温情，是一部轻松治愈的日常作品。画风清新、节奏舒缓，人物之间的相处自然而温暖，那些平凡琐碎的片段在动画的演绎下变得闪闪发光，传递出一种治愈人心的宁静力量，是治愈系爱好者不容错过的作品。
240,primary,zh-CN,BUDDY COMPLEX 完结篇 -回到那片天空的未来-,《BUDDY COMPLEX 完结篇 -回到那片天空的未来-》是《BUDDY COMPLEX》的完结篇，讲述渡濑青叶与弓原雏的最终故事。青叶在时间跳跃的真相中做出选择，两人跨越时间的羁绊迎来结局。作品以机器人战斗与感人结局著称，青叶与雏的命运在时间悖论中交织，动画的结局充满温情与震撼，为这对跨越时间的搭档画上圆满句号，是机器人动画中的感人完结篇。动作设计与演出张力俱佳，随着剧情推进，主角面对的敌人越来越强，战斗方式与自身局限的突破层层升级，配乐与画面配合出色，将热血少年向作品应有的爽快感与成长感都演绎得十分到位。
241,primary,zh-CN,凭物语,《凭物语》是物语系列的一部分，讲述阿良良木历在失去影缝余弦的庇护后，面对新的怪异危机。本作聚焦余接的过去，历在无法依赖吸血鬼力量的情况下展开故事。作品延续系列独特的对白与画面风格，余接的存在与来历在细致的叙述中展开，历与怪异们的周旋充满物语系列的特色，动画的风格化演出与精妙对白一如既往地出色，是物语系列的精彩篇章。歌舞演出的画面制作精良，每一首歌都与角色心境和剧情推进紧密呼应，少女们在聚光灯下的闪耀与幕后流下的汗水同样动人，传递出追逐梦想、不懈努力的正能量，感染力十足。
242,primary,zh-CN,侦探歌剧 少女福尔摩斯 TD,《侦探歌剧 少女福尔摩斯 TD》是少女福尔摩斯系列动画，讲述侦探少女们对抗怪盗帝国的故事。四位少女在米莉霍姆学院的日常与冒险中展现搞笑与推理，作品以可爱的角色、恶搞与轻松氛围为特色。少女们的推理总是闹出各种乌龙，怪盗帝国的登场更是笑料不断，动画节奏明快、角色可爱，是一部轻松搞笑的侦探喜剧。画风清新、节奏舒缓，人物之间的相处自然而温暖，那些平凡琐碎的片段在动画的演绎下变得闪闪发光，传递出一种治愈人心的宁静力量，是治愈系爱好者不容错过的作品。
243,primary,zh-CN,绝对双刃,《绝对双刃》改编自同名轻小说。少年九重透流进入使用超能力器具的昊陵学园，以绝对双刃的能力战斗。作品以学园战斗、后宫元素与热血对决为特色，透流在战斗中逐渐揭开世界的真相。透流与朱莉、优梨爱等少女的互动充满福利与暧昧，学园内的排位战与强敌的对决热血十足，动画的人设精美、战斗场面流畅，是一部标准的轻改学园战斗番。动作设计与演出张力俱佳，随着剧情推进，主角面对的敌人越来越强，战斗方式与自身局限的突破层层升级，配乐与画面配合出色，将热血少年向作品应有的爽快感与成长感都演绎得十分到位。
244,primary,zh-CN,大家集合！Falcom学园 2期,《大家集合！Falcom学园 2期》延续第一季，Falcom游戏角色们在学园中的恶搞日常继续。轨迹、伊苏等作品的角色齐聚一堂，以反差与玩梗制造笑料，作品充满对Falcom作品的致敬与吐槽。黎恩、艾丝蒂尔等角色的Q版互动充满萌点，动画在极短的篇幅内呈现密集的搞笑桥段，是Falcom粉丝不容错过的轻松作品。作品没有强烈的戏剧冲突，却以细腻的笔触捕捉日常中的微小幸福，角色的喜怒哀乐真实可感，在平实的叙述中悄然传递着生活的温度，适合在忙碌之余放松心情慢慢欣赏。
245,primary,zh-CN,Doamaiger D,《Doamaiger D》是短篇动画，讲述巨大机械人Doamaiger D的战斗。神秘的巨大人偶与操纵者们在东京展开对决，作品以超展开的剧情、电波系演出与荒诞搞笑为特色。动画的剧情无厘头、演出风格独特，在正经的机器人设定中混入大量恶搞元素，节奏飞快、脑洞大开，是一部充满电波系的实验性搞笑作品。作品在热血的打斗之外，也细致刻画了角色们各自的信念与选择，每一次战斗都不仅是力量的较量，更是意志的碰撞，高潮部分张力十足，让观众在肾上腺素飙升的同时也为之动容。
246,primary,zh-CN,百合熊风暴,《百合熊风暴》是几原邦彦执导的原创动画。在人类与熊的对立世界中，少女红羽与熊少女银子展开跨越种族的友情。作品以几原风格的象征手法、抽象演出与童话氛围著称，探讨爱、孤独与理解。人类与熊的隔阂、红羽与银子的羁绊在几原独特的叙事中展开，动画的画面色彩鲜明、演出极具冲击力，结局的解读空间很大，是风格独树一帜的艺术作品。角色的个性塑造鲜明，舞台上的自信与生活中的可爱形成反差，团队协作与个人成长双线并进，歌舞编排赏心悦目，让观众既能享受视听盛宴，也能为少女们的梦想与坚持而感动。
247,primary,zh-CN,元气少女缘结神◎,《元气少女缘结神◎》是《元气少女缘结神》第二季。女高中生桃园奈奈生在成为土地神后，与神使巴卫共同生活，本季围绕神使的过去与奈奈生的成长展开。作品以恋爱、和风神话与温情日常为特色，巴卫过去的篇章令人动容，奈奈生在神使与少女身份间的摇摆充满甜蜜与苦涩，动画的和风氛围优美，巴卫与奈奈生的互动甜度十足，是恋爱题材中的经典作品。角色间的互动刻画得细腻自然，那些欲言又止的心意、别扭又真诚的靠近都真实而动人，情感线与日常情节交织，让观众在会心一笑与怦然心动之间反复横跳，是一部让人回味无穷的恋爱物语。
248,primary,zh-CN,美男高校地球防卫部LOVE！,《美男高校地球防卫部LOVE！》是原创搞笑动画。一所美男高中的男学生们被外星人选中，变身地球防卫部成员与邪恶势力战斗。作品以美男、变身、搞笑与恶搞为特色，用少女动画的画风包装少年变身题材。男生们变身时那夸张华丽的画面与正经的外星人设定形成强烈反差，动画的演出充满恶搞精神，笑点密集，是极具创意的搞笑作品。作品在热血的打斗之外，也细致刻画了角色们各自的信念与选择，每一次战斗都不仅是力量的较量，更是意志的碰撞，高潮部分张力十足，让观众在肾上腺素飙升的同时也为之动容。
249,primary,zh-CN,军人少女,《军人少女》改编自漫画，讲述军中少女们的日常生活。作品以军事题材与搞笑日常结合，少女们围绕军事知识展开各种无厘头互动，短小精悍，充满吐槽。从枪械知识到军事战术，少女们用搞笑的方式展现军事爱好者的日常，动画节奏明快、笑点密集，是一部轻松解压的军事题材泡面番。细节之处见用心，角色们的互动充满生活气息与小小的幽默，将平淡日常描绘得富有诗意，观感舒适惬意，能让人暂时放下烦恼，沉浸在那份简单纯粹的美好之中。
250,primary,zh-CN,舰队Collection,《舰队Collection》改编自同名游戏，讲述舰娘们与深海栖舰战斗的故事。吹雪等舰娘们在镇守府中生活与战斗，作品以拟人化舰船、战斗与治愈日常为特色，舰娘们的人设与羁绊成为看点。吹雪从新手驱逐舰成长为可靠战士的历程、镇守府舰娘们的温馨日常与深海栖舰的战斗交织，动画将舰船拟人化的设定展现得淋漓尽致，是舰娘题材的代表作。动画的节奏把控张弛有度，战斗场面的分镜与作画都相当扎实，主角在与强敌的较量中不断突破自我，和同伴之间建立的信任与羁绊也为剧情增添了温度，热血与感动并存，值得一看。
251,primary,zh-CN,新妹魔王的契约者,《新妹魔王的契约者》改编自同名轻小说。少年东城刃更在父亲突然再婚后，拥有了两个魔王之女义妹，并被迫与她们签订主从契约。刃更在照顾这对任性的义妹过程中卷入魔族争斗，体内的魔王血脉逐渐觉醒。作品以福利、热血战斗与后宫元素结合，刃更与澪、万理亚的日常互动充满笑料与暧昧，战斗场面热力十足，是典型的轻改学园战斗后宫番。作品在热血的打斗之外，也细致刻画了角色们各自的信念与选择，每一次战斗都不仅是力量的较量，更是意志的碰撞，高潮部分张力十足，让观众在肾上腺素飙升的同时也为之动容。
252,primary,zh-CN,血型君2,《血型君2》是《血型君》系列第二季，以拟人化的A、B、O、AB四种血型角色展开搞笑日常。作品通过血型君们的性格差异制造大量笑料，将不同血型的特征夸张演绎，让观众在会心一笑中了解血型知识。动画画风简单可爱、篇幅短小精悍，每话围绕一个日常话题展开吐槽，节奏明快，是一部轻松解压的泡面番。细节之处见用心，角色们的互动充满生活气息与小小的幽默，将平淡日常描绘得富有诗意，观感舒适惬意，能让人暂时放下烦恼，沉浸在那份简单纯粹的美好之中。
253,primary,zh-CN,PUNKISS！2次元,《PUNKISS！2次元》是短篇搞笑动画，讲述几位主角围绕二次元话题展开的爆笑日常。作品以声优、动画、游戏等御宅文化为切入点，角色们一本正经地讨论各种宅话题，充满玩梗与吐槽。动画节奏飞快、笑点密集，将二次元爱好者的日常状态演绎得生动有趣，是一部适合御宅族观看的轻松搞笑泡面番。作品没有强烈的戏剧冲突，却以细腻的笔触捕捉日常中的微小幸福，角色的喜怒哀乐真实可感，在平实的叙述中悄然传递着生活的温度，适合在忙碌之余放松心情慢慢欣赏。
254,primary,zh-CN,东京喰种√A,《东京喰种√A》是《东京喰种》动画第二季，讲述金木研在加入青铜树后的故事。金木在喰种与人类之间挣扎，逐步走向黑暗，与董香、四方莲示等人的关系发生变化。作品延续前作的压抑氛围，战斗场面更加残酷，金木的蜕变与喰种组织间的纷争交织，结局充满悲剧色彩，让人对金木的命运唏嘘不已。作品在热血的打斗之外，也细致刻画了角色们各自的信念与选择，每一次战斗都不仅是力量的较量，更是意志的碰撞，高潮部分张力十足，让观众在肾上腺素飙升的同时也为之动容。
255,primary,zh-CN,路人女主的养成方法,《路人女主的养成方法》改编自同名轻小说。御宅族少年安艺伦也立志制作美少女游戏，在偶遇少女加藤惠后将她作为女主角，与学姐霞之丘诗羽、青梅竹马英梨梨等展开制作游戏的奋斗。作品以御宅文化、恋爱喜剧与游戏制作为题材，伦也与各具魅力的女主角们的互动充满笑料与心动，制作过程中的群像刻画生动，是轻改恋爱喜剧的代表作。人物关系的推进张弛有度，误会、巧合与真诚交织出丰富的情感层次，在轻松搞笑的日常包裹下，那份真挚的心意愈发显得珍贵，收尾的温情与感动足以让人心头一暖。
256,primary,zh-CN,幸腹涂鸦,《幸腹涂鸦》改编自同名漫画。女高中生町子凉在奶奶去世后独自生活，因外婆的料理而心灵受创，却在与少女麒麟相遇后重拾对美食的热爱。作品以美食与少女的日常为题材，每一话都围绕美味的料理展开，凉与麒麟、椎名等朋友的餐桌时光充满温馨与治愈。动画对食物的描绘精致诱人，氛围温暖明亮，是一部让人胃口大开的治愈系作品。作品没有强烈的戏剧冲突，却以细腻的笔触捕捉日常中的微小幸福，角色的喜怒哀乐真实可感，在平实的叙述中悄然传递着生活的温度，适合在忙碌之余放松心情慢慢欣赏。
257,primary,zh-CN,铳皇无尽的法夫纳,《铳皇无尽的法夫纳》改编自同名轻小说。在被龙族威胁的世界，少女们觉醒为具有龙之力的D，在学园中接受训练。少年物部悠作为唯一的男性D进入学园，与少女们共同对抗龙族的威胁。作品以学园战斗、龙之力量与后宫元素为特色，悠在一次次战斗中展现实力，与女主角们的互动充满福利与暧昧，是一部标准的轻改战斗后宫番。作品在热血的打斗之外，也细致刻画了角色们各自的信念与选择，每一次战斗都不仅是力量的较量，更是意志的碰撞，高潮部分张力十足，让观众在肾上腺素飙升的同时也为之动容。
258,primary,zh-CN,苍穹之法芙娜 EXODUS,《苍穹之法芙娜 EXODUS》是《苍穹之法芙娜》系列续作，讲述人类在与异界生命体Festum的战争中驾驶法芙娜机甲作战。少年少女们为守护同伴与家园，在残酷的战场上不断战斗与牺牲。作品以悲壮的战争、深刻的生死探讨与人物羁绊著称，第二代驾驶员们的成长令人动容，动画的机战场面精良，氛围沉重而感人，是硬核科幻动画中的经典。动作设计与演出张力俱佳，随着剧情推进，主角面对的敌人越来越强，战斗方式与自身局限的突破层层升级，配乐与画面配合出色，将热血少年向作品应有的爽快感与成长感都演绎得十分到位。
259,primary,zh-CN,偶像大师 灰姑娘女孩,《偶像大师 灰姑娘女孩》是偶像大师系列动画，讲述346事务所推出的灰姑娘企划中，少女们成为偶像的故事。女主角岛村卯月与涩谷凛、本田未央等女孩在偶像道路上不断成长，作品以群像刻画、音乐与追梦故事为特色，灰姑娘女孩们各具个性，从选拔到登台的历程充满汗水与感动。动画的歌舞场面华丽，角色塑造细腻，是偶像动画中的佳作。歌舞演出的画面制作精良，每一首歌都与角色心境和剧情推进紧密呼应，少女们在聚光灯下的闪耀与幕后流下的汗水同样动人，传递出追逐梦想、不懈努力的正能量，感染力十足。
260,primary,zh-CN,JOJO的奇妙冒险 星尘斗士 埃及篇,《JOJO的奇妙冒险 星尘斗士 埃及篇》是系列第三部后半段，承太郎一行人在前往埃及的旅途中与DIO的部下们展开激战。本季的替身对决更加精彩，从与DIO的宿命决战到各种匪夷所思的替身能力，充满智斗与热血。承太郎、花京院、波鲁那雷夫等角色的牺牲与勇气令人动容，结局与DIO的决战更是载入史册的经典篇章。作品在热血的打斗之外，也细致刻画了角色们各自的信念与选择，每一次战斗都不仅是力量的较量，更是意志的碰撞，高潮部分张力十足，让观众在肾上腺素飙升的同时也为之动容。
261,primary,zh-CN,死亡游行,《死亡游行》是原创动画，讲述在人类死后前往的迷之酒吧奎因德基姆中，死者们被要求参与游戏，以揭示生前的本性。酒保德基姆与神秘少女知幸旁观并裁决这些亡魂，作品以人性、生死与善恶为主题，每一话都通过游戏展现死者的人生与选择。动画的氛围沉重而深刻，对生与死的探讨发人深省，是一部极具思想深度的作品。作品的氛围轻松明快，少女们的笑容与陪伴极具感染力，互动中流露的真挚情谊温暖人心，节奏舒缓、画风讨喜，是一部能让人会心一笑的治愈小品。
262,primary,zh-CN,暗杀教室,《暗杀教室》改编自同名漫画。被称为杀老师的谜之生物担任3年E班的班主任，并扬言一年后毁灭地球，学生们必须在一年的时间内暗杀他。作品以校园、搞笑与热血为主题，E班的学生们在暗杀训练中成长，杀老师与学生的羁绊令人动容。动画将爆笑与温情巧妙结合，杀老师的形象深入人心，是一部充满教育意义与感动的作品。动画的节奏把控张弛有度，战斗场面的分镜与作画都相当扎实，主角在与强敌的较量中不断突破自我，和同伴之间建立的信任与羁绊也为剧情增添了温度，热血与感动并存，值得一看。
263,primary,zh-CN,无头骑士异闻录×2 承,《无头骑士异闻录×2 承》是《无头骑士异闻录》系列续作，讲述池袋街头都市传说的新篇章。本季在原有角色基础上加入新人物，围绕头颅、妖刀与各色怪人的事件不断展开，群像叙事一如既往地精彩。动画以多线并行的叙事手法，将池袋的混乱日常与阴谋交织，节奏紧凑、反转不断，是都市群像剧的经典。画风清新、节奏舒缓，人物之间的相处自然而温暖，那些平凡琐碎的片段在动画的演绎下变得闪闪发光，传递出一种治愈人心的宁静力量，是治愈系爱好者不容错过的作品。
264,primary,zh-CN,ALDNOAH.ZERO 第二季,《ALDNOAH.ZERO 第二季》延续第一季，讲述伊奈帆与斯雷因在火星与地球战争中的命运。本季伊奈帆与公主艾瑟依拉姆的关系、斯雷因的野心进一步展开，战争的真相逐渐揭晓。作品以宏大的战争场面、智斗与悲剧色彩著称，结局的反转令人震撼，伊奈帆的冷静与斯雷因的执念贯穿始终，是一部充满冲击力的原创机器人作品。动作设计与演出张力俱佳，随着剧情推进，主角面对的敌人越来越强，战斗方式与自身局限的突破层层升级，配乐与画面配合出色，将热血少年向作品应有的爽快感与成长感都演绎得十分到位。
265,primary,zh-CN,DOG DAYS'',《DOG DAYS''》是《DOG DAYS》系列动画，讲述被召唤到异世界比斯柯提的少年真红，作为勇者参与国家间的运动竞技。作品以奇幻、竞技与轻松氛围为特色，真红在比赛中与各国勇士交锋，与公主们的互动充满温馨。动画的战斗以体育竞技的形式呈现，没有死亡与血腥，氛围明亮欢乐，是一部适合全年龄观看的轻松作品。动画的节奏把控张弛有度，战斗场面的分镜与作画都相当扎实，主角在与强敌的较量中不断突破自我，和同伴之间建立的信任与羁绊也为剧情增添了温度，热血与感动并存，值得一看。
266,primary,zh-CN,旋转少女,《旋转少女》是原创动画，讲述在架空的关东，少女们为了世界和平而展开的公路冒险。主角森友望未与伙伴们踏上旅途，作品以公路片、群像与无厘头搞笑为特色，少女们在旅途中遭遇各种奇人怪事，画风独特、演出大胆。动画在搞笑与正经之间切换，充满时代感与想象力，是一部风格鲜明的原创作品。作品在展现华丽舞台的同时，也刻画了偶像们背后的努力、竞争与友情，角色在一次次演出与挑战中逐渐成长，演唱的曲目旋律优美、记忆点十足，整体氛围励志而温暖。
267,primary,zh-CN,黑子的篮球 第三季,《黑子的篮球 第三季》是系列最终季，诚凛高中篮球队在全国大赛中迎战最强的洛山高中。本季赤司征十郎的帝王能力全面展现，黑子与火神的最终对决扣人心弦。作品以热血比赛与角色成长著称，奇迹的世代全员集结，每一场比赛都充满战术与激情，黑子与火神在决战中的爆发令人热血沸腾，为系列画上圆满句号。动作设计与演出张力俱佳，随着剧情推进，主角面对的敌人越来越强，战斗方式与自身局限的突破层层升级，配乐与画面配合出色，将热血少年向作品应有的爽快感与成长感都演绎得十分到位。
268,primary,zh-CN,夜之小双侠,《夜之小双侠》是《小双侠》系列的后续作品，以反派小双侠的子孙为主角。为了阻止以盗取世界宝物为乐的财阀，继承小双侠之名的少年们展开行动。作品以机战、搞笑与复仇为主题，画风华丽、演出夸张，在对经典的致敬中加入全新故事，充满张力与反转，是一部别具一格的机战动画。动画的节奏把控张弛有度，战斗场面的分镜与作画都相当扎实，主角在与强敌的较量中不断突破自我，和同伴之间建立的信任与羁绊也为剧情增添了温度，热血与感动并存，值得一看。
269,primary,zh-CN,纯洁的玛利亚,《纯洁的玛利亚》改编自同名漫画，讲述中世纪法国，拥有强大魔力的魔女玛利亚以自己的方式守护村庄的和平。玛利亚用魔法阻止战争，却因此被教会与天使视为眼中钉。作品以魔女、战争与信仰为主题，玛利亚在善与恶之间的抉择充满思辨，动画的画风古典优美，对中世纪历史的描绘细致，是一部兼具奇幻与思想的作品。作品在热血的打斗之外，也细致刻画了角色们各自的信念与选择，每一次战斗都不仅是力量的较量，更是意志的碰撞，高潮部分张力十足，让观众在肾上腺素飙升的同时也为之动容。
270,primary,zh-CN,圣剑使的禁咒咏唱,《圣剑使的禁咒咏唱》改编自同名轻小说。拥有前世记忆的少年灰村诸叶，在转生后进入学园，成为拥有双重前世的圣剑使。作品以学园战斗、禁咒与后宫元素为特色，诸叶在与魔导系学生的战斗中逐渐展露实力，与女主角们的互动充满福利。动画的战斗场面华丽，设定新颖，是典型的轻改学园战斗后宫番。动作设计与演出张力俱佳，随着剧情推进，主角面对的敌人越来越强，战斗方式与自身局限的突破层层升级，配乐与画面配合出色，将热血少年向作品应有的爽快感与成长感都演绎得十分到位。
271,primary,zh-CN,战国无双,《战国无双》改编自同名游戏，讲述战国武将们在天下一统之路上的战斗。真田幸村、明智光秀等武将各怀信念，在战场上挥洒热血。作品以华丽的动作场面与武将群像为特色，无双式的战斗演出充满爽快感，武将们的羁绊与宿命交织，动画在历史框架下演绎武将们的英雄物语，是游戏改编动画中的热血之作。动画的节奏把控张弛有度，战斗场面的分镜与作画都相当扎实，主角在与强敌的较量中不断突破自我，和同伴之间建立的信任与羁绊也为剧情增添了温度，热血与感动并存，值得一看。
272,primary,zh-CN,美少女战士Crystal 第二季,《美少女战士Crystal 第二季》延续第一季，月野兔与伙伴们继续对抗新的敌人。本季的黑色月亮篇中，来自未来的敌人入侵，水手战士们与小小兔的命运交织。作品忠实还原原作漫画，变身与战斗场面华丽，月野兔在守护爱与正义的战斗中不断成长，是经典魔法少女系列的忠实再现。作品在热血的打斗之外，也细致刻画了角色们各自的信念与选择，每一次战斗都不仅是力量的较量，更是意志的碰撞，高潮部分张力十足，让观众在肾上腺素飙升的同时也为之动容。
273,primary,zh-CN,伊斯卡,《伊斯卡》是短篇动画，讲述少年伊斯卡在奇妙世界中的冒险。作品以奇幻设定与独特的画风为特色，伊斯卡在旅途中遭遇各种奇妙事件，故事简短而富有想象力。动画的氛围轻松神秘，画风辨识度高，是一部充满艺术气息的短篇作品。作品没有强烈的戏剧冲突，却以细腻的笔触捕捉日常中的微小幸福，角色的喜怒哀乐真实可感，在平实的叙述中悄然传递着生活的温度，适合在忙碌之余放松心情慢慢欣赏。整体而言，该作在题材表达与情感渲染上均有可取之处，剧情张弛有度，角色令人印象深刻，是一部完成度较高、值得推荐的作品。
274,primary,zh-CN,Go! Princess 光之美少女,《Go! Princess 光之美少女》是光之美少女系列动画，讲述三位少女为实现梦想而变身光之美少女，与妄图夺取梦想的敌人战斗。作品以公主、梦想与魔法为主题，春野遥等少女们在战斗中守护大家的梦想，变装与战斗场面华丽。动画在热血战斗与温馨日常间取得平衡，传递着追梦与友情的力量，是少女向魔法少女动画的佳作。动画的节奏把控张弛有度，战斗场面的分镜与作画都相当扎实，主角在与强敌的较量中不断突破自我，和同伴之间建立的信任与羁绊也为剧情增添了温度，热血与感动并存，值得一看。
275,primary,zh-CN,动画心疗系,《动画心疗系》是短篇动画，以心理医疗为题材，用搞笑的方式科普心理健康知识。主角与护士们用夸张的演出讲解各种心理症状，作品以恶搞、科普与无厘头为特色，在欢笑中传递心理健康常识。动画篇幅短小、笑点密集，将严肃的心理学话题以轻松的方式呈现，兼具娱乐性与科普价值。画风清新、节奏舒缓，人物之间的相处自然而温暖，那些平凡琐碎的片段在动画的演绎下变得闪闪发光，传递出一种治愈人心的宁静力量，是治愈系爱好者不容错过的作品。
276,primary,zh-CN,关于完全听不懂老公在说什么的事 第二季,《关于完全听不懂老公在说什么的事 第二季》延续第一季，继续讲述御宅族老公与普通老婆的日常。老婆依旧听不懂老公的宅语，两人在爆笑中互相理解，本季加入了怀孕等新生活篇章。作品以短篇吐槽、温馨氛围与宅文化梗为特色，在搞笑中展现了夫妻间的理解与温情，是一部轻松治愈的日常作品。细节之处见用心，角色们的互动充满生活气息与小小的幽默，将平淡日常描绘得富有诗意，观感舒适惬意，能让人暂时放下烦恼，沉浸在那份简单纯粹的美好之中。
277,primary,zh-CN,我的青春恋爱物语果然有问题 续,《我的青春恋爱物语果然有问题 续》是系列第二季。比企谷八幡在侍奉部的活动中，与雪之下雪乃、由比滨结衣等人的关系发生深刻变化。本季围绕文化祭、委托与三人间的复杂情感展开，八幡的自我牺牲式解决问题方式引发更多思考。作品以细腻的心理描写、对青春的深刻探讨著称，角色的内心独白与纠葛令人回味。角色间的互动刻画得细腻自然，那些欲言又止的心意、别扭又真诚的靠近都真实而动人，情感线与日常情节交织，让观众在会心一笑与怦然心动之间反复横跳，是一部让人回味无穷的恋爱物语。
278,primary,zh-CN,灵感少女！,《灵感少女！》改编自同名漫画。女高中生天海响拥有看见幽灵的能力，却因此被当成中二病。她在与幽灵、朋友的日常相处中逐渐成长，作品以幽灵、搞笑与日常为特色，响与善良幽灵们的互动充满温馨与笑料。动画画风可爱、氛围轻松，在轻松搞笑中展现少女的成长，是一部治愈系日常作品。画风清新、节奏舒缓，人物之间的相处自然而温暖，那些平凡琐碎的片段在动画的演绎下变得闪闪发光，传递出一种治愈人心的宁静力量，是治愈系爱好者不容错过的作品。
279,primary,zh-CN,魔法少女奈叶ViVid,《魔法少女奈叶ViVid》是《魔法少女奈叶》系列动画，讲述奈叶之女维维欧的成长。维维欧为参加武术大会而努力训练，与朋友们在竞技中成长。作品以魔法少女战斗、竞技与亲情为主题，维维欧与母亲奈叶的羁绊、与伙伴们的对决充满热血与温情，战斗场面华丽，是魔法少女系列的重要篇章。动作设计与演出张力俱佳，随着剧情推进，主角面对的敌人越来越强，战斗方式与自身局限的突破层层升级，配乐与画面配合出色，将热血少年向作品应有的爽快感与成长感都演绎得十分到位。
280,primary,zh-CN,在地下城寻求邂逅是否搞错了什么,《在地下城寻求邂逅是否搞错了什么》改编自同名轻小说。少年贝尔在迷宫都市欧拉丽的冒险者公会中，为了变强而不断挑战地下城。他在迷宫深处遭遇强大的怪物与谜之少女，逐渐揭开地下城的秘密。作品以迷宫探索、冒险与热血战斗为特色，贝尔的成长与冒险充满魅力，动画的战斗场面精彩，是一部受欢迎的奇幻冒险作品。动画的节奏把控张弛有度，战斗场面的分镜与作画都相当扎实，主角在与强敌的较量中不断突破自我，和同伴之间建立的信任与羁绊也为剧情增添了温度，热血与感动并存，值得一看。
281,primary,zh-CN,长门有希酱的消失,《长门有希酱的消失》是《凉宫春日》系列的衍生作品，讲述平行世界中普通女高中生长门有希与阿虚的恋爱日常。在这个没有凉宫春日的世界中，有希不再是外星人，而是害羞的普通少女。作品以恋爱、日常与青春为特色，有希的成长与阿虚的互动充满温馨，画风清新，是一部治愈系的校园恋爱作品。作品在甜蜜之余也保留了青春特有的青涩与迷茫，主角在感情中的成长与抉择贯穿始终，配乐温润、画面明丽，将恋爱中的忐忑、欢喜与遗憾都拿捏得恰到好处，适合慢慢品味。
282,primary,zh-CN,吸血鬼福尔摩斯,《吸血鬼福尔摩斯》是短篇动画，讲述自称吸血鬼的福尔摩斯与伙伴们在伦敦的搞笑日常。福尔摩斯的推理总是充满槽点，与华生等人的互动笑料不断。作品以恶搞、推理与搞笑为特色，将经典侦探设定彻底无厘头化，动画篇幅短小、节奏明快，是一部轻松解压的搞笑泡面番。作品没有强烈的戏剧冲突，却以细腻的笔触捕捉日常中的微小幸福，角色的喜怒哀乐真实可感，在平实的叙述中悄然传递着生活的温度，适合在忙碌之余放松心情慢慢欣赏。整体而言，该作在题材表达与情感渲染上均有可取之处，剧情张弛有度，角色令人印象深刻，是一部完成度较高、值得推荐的作品。
283,primary,zh-CN,食戟之灵,《食戟之灵》改编自同名漫画，讲述在名门料理学校远月学园中，少年幸平创真以料理对决挑战各路高手。创真在残酷的料理比赛中不断成长，与各具特色的对手展开食戟对决，作品以美食、热血与竞技为特色。动画对料理的描绘令人垂涎欲滴，比赛场面紧张刺激，创真的创意料理与不服输的精神极具感染力，是美食题材动画的经典。动画的节奏把控张弛有度，战斗场面的分镜与作画都相当扎实，主角在与强敌的较量中不断突破自我，和同伴之间建立的信任与羁绊也为剧情增添了温度，热血与感动并存，值得一看。
284,primary,zh-CN,宝石宠物 Magical Change,《宝石宠物 Magical Change》是宝石宠物系列动画，讲述少女与宝石宠物们的魔法冒险。主角们在魔法世界中与宝石宠物们一起展开各种活动，收集宝石、帮助他人。作品以可爱的角色、魔法变身与少女向日常为特色，传递友情与梦想的主题，画面明亮、氛围温馨，是适合少女观众的治愈系魔法日常动画。画风清新、节奏舒缓，人物之间的相处自然而温暖，那些平凡琐碎的片段在动画的演绎下变得闪闪发光，传递出一种治愈人心的宁静力量，是治愈系爱好者不容错过的作品。
285,primary,zh-CN,美妙天堂 第二期,《美妙天堂 第二期》延续第一季，少女们继续在偶像主题公园美妙天堂中展开偶像活动。真中啦啦与伙伴们在新的舞台上面临更多挑战，结识新的偶像朋友。作品以华丽的舞台演出、可爱的角色与轻松的剧情为特色，歌舞场面充满感染力，啦啦的成长与友谊温暖人心，是少女向偶像动画的经典系列。细节之处见用心，角色们的互动充满生活气息与小小的幽默，将平淡日常描绘得富有诗意，观感舒适惬意，能让人暂时放下烦恼，沉浸在那份简单纯粹的美好之中。
286,primary,zh-CN,电波教师,《电波教师》改编自同名漫画。自称除了二次元什么都学不进的科学宅青年鉴纯一郎，以哥哥身份接管教育问题班级。他用自己独特的教育方式帮助学生们找到目标，作品以教育、搞笑与励志为特色，纯一郎的另类教学充满趣味与感动。动画在轻松搞笑的日常中传递教育理念，是一部兼具娱乐与深度的作品。作品没有强烈的戏剧冲突，却以细腻的笔触捕捉日常中的微小幸福，角色的喜怒哀乐真实可感，在平实的叙述中悄然传递着生活的温度，适合在忙碌之余放松心情慢慢欣赏。
287,primary,zh-CN,境界的轮回,《境界的轮回》改编自高桥留美子的同名漫画。少女真宫樱拥有看见幽灵的能力，与半死神少年六道轮回相遇后，两人一起帮助幽灵成佛。作品以灵异、搞笑与日常为特色，樱与轮回在解决灵异事件的过程中展开互动，高桥留美子标志性的喜剧风格贯穿全片，单元故事轻松有趣，是一部充满温情的灵异日常作品。画风清新、节奏舒缓，人物之间的相处自然而温暖，那些平凡琐碎的片段在动画的演绎下变得闪闪发光，传递出一种治愈人心的宁静力量，是治愈系爱好者不容错过的作品。
288,primary,zh-CN,终结的炽天使,《终结的炽天使》改编自同名漫画。在被病毒毁灭的世界中，吸血鬼统治着残存的人类。少年百夜优一郎为向吸血鬼复仇，进入人类抵抗组织，与挚友筱娅等人并肩作战。作品以吸血鬼、战斗与复仇为主题，优一郎的愤怒与成长贯穿始终，动画的战斗场面华丽，氛围黑暗而热血，是吸血鬼题材中的热门作品。动作设计与演出张力俱佳，随着剧情推进，主角面对的敌人越来越强，战斗方式与自身局限的突破层层升级，配乐与画面配合出色，将热血少年向作品应有的爽快感与成长感都演绎得十分到位。
289,primary,zh-CN,恶魔高校 D×D BorN,《恶魔高校 D×D BorN》是系列动画，讲述恶魔高校学生兵藤一诚的成长。一诚在成为恶魔后不断变强，本季卷入与堕天使、神器使者的战斗，与女主角们的互动福利满满。作品以战斗、后宫与搞笑为特色，一诚的热血与色气并存的风格独具魅力，动画的战斗场面华丽，是一部轻松愉快的轻改后宫战斗番。动画的节奏把控张弛有度，战斗场面的分镜与作画都相当扎实，主角在与强敌的较量中不断突破自我，和同伴之间建立的信任与羁绊也为剧情增添了温度，热血与感动并存，值得一看。
290,primary,zh-CN,枪神斯托拉塔斯,《枪神斯托拉塔斯》改编自同名游戏，讲述在近未来分裂为两大势力的世界中，少年们的战斗。主角们在反重力世界中执行任务，与敌对势力展开枪战。作品以科幻、枪战与热血为特色，动画的战斗场面流畅，角色们的成长与羁绊贯穿始终，设定新颖，是一部标准的科幻战斗动画。作品在热血的打斗之外，也细致刻画了角色们各自的信念与选择，每一次战斗都不仅是力量的较量，更是意志的碰撞，高潮部分张力十足，让观众在肾上腺素飙升的同时也为之动容。
291,primary,zh-CN,Fate/stay night [Unlimited Blade Works] 第二季,《Fate/stay night [Unlimited Blade Works] 第二季》是本作的第二季，卫宫士郎与Archer的对决、圣杯战争的真相在本季全面展开。士郎坚持的理想主义与Archer的幻灭形成强烈对比，与Saber、凛的羁绊在决战中升华。作品以华丽的战斗、宏大的世界观与深刻的主题著称，ufotable的制作水准堪称业界顶尖，是Fate系列的巅峰之作。动作设计与演出张力俱佳，随着剧情推进，主角面对的敌人越来越强，战斗方式与自身局限的突破层层升级，配乐与画面配合出色，将热血少年向作品应有的爽快感与成长感都演绎得十分到位。
292,primary,zh-CN,可塑性记忆,《可塑性记忆》是原创动画，讲述在拥有记忆的人形机器人普遍存在的未来，少年水柿司进入负责回收到期机器人的公司工作。他与搭档机器人艾拉在回收任务中逐渐加深感情，却必须面对艾拉即将失去记忆的宿命。作品以机器人与人类的情感、离别为主题，催泪的剧情与温馨的日常交织，结局令人动容，是一部感人至深的科幻作品。动画的节奏把控张弛有度，战斗场面的分镜与作画都相当扎实，主角在与强敌的较量中不断突破自我，和同伴之间建立的信任与羁绊也为剧情增添了温度，热血与感动并存，值得一看。
293,primary,zh-CN,歌之王子殿下 真爱REVOLUTIONS,《歌之王子殿下 真爱REVOLUTIONS》是系列动画，讲述进入艺术学校的女主角七海春歌与偶像们的恋爱物语。本季春歌与六位偶像在音乐与演艺的道路上继续成长，作品以音乐、恋爱与偶像为特色，华丽的舞台演出与动人的歌曲贯穿全片，春歌与偶像们的互动甜度十足，是女性向偶像动画的代表作。作品在甜蜜之余也保留了青春特有的青涩与迷茫，主角在感情中的成长与抉择贯穿始终，配乐温润、画面明丽，将恋爱中的忐忑、欢喜与遗憾都拿捏得恰到好处，适合慢慢品味。
294,primary,zh-CN,血界战线,《血界战线》改编自同名漫画。在纽约被异世界与人间连接后，少年雷欧在血界眷属与人类共存的都市中，加入秘密组织莱布拉。作品以都市奇幻、热血战斗与群像为特色，雷欧凭借强大的眼力在战斗中发挥作用，与莱布拉成员的互动充满笑料与感动。动画的战斗场面华丽，节奏紧凑，是一部充满魅力的奇幻作品。动作设计与演出张力俱佳，随着剧情推进，主角面对的敌人越来越强，战斗方式与自身局限的突破层层升级，配乐与画面配合出色，将热血少年向作品应有的爽快感与成长感都演绎得十分到位。
295,primary,zh-CN,亚尔斯兰战记,《亚尔斯兰战记》改编自田中芳树的同名小说。帕尔斯王国的王子亚尔斯兰在王国被敌国攻陷后，踏上复国之路。他在逃亡中集结贤将与伙伴，一步步走向王者之路。作品以历史、战争与英雄成长为主题，亚尔斯兰的仁德与智谋、与达尔邦等将领的羁绊贯穿始终，动画的战争场面宏大，是一部充满史诗感的作品。动画的节奏把控张弛有度，战斗场面的分镜与作画都相当扎实，主角在与强敌的较量中不断突破自我，和同伴之间建立的信任与羁绊也为剧情增添了温度，热血与感动并存，值得一看。
296,primary,zh-CN,网球优等生 第二季,《网球优等生 第二季》延续第一季，丸尾荣一郎在网球竞技中继续成长。荣一郎凭借数据分析与刻苦训练逐步登上更高舞台，与强手的对决更加激烈。作品以写实的网球技巧、科学训练与主角的成长著称，比赛描写细致专业，荣一郎的冷静与坚持令人敬佩，是一部扎实的运动题材作品。作品在展现华丽舞台的同时，也刻画了偶像们背后的努力、竞争与友情，角色在一次次演出与挑战中逐渐成长，演唱的曲目旋律优美、记忆点十足，整体氛围励志而温暖。
297,primary,zh-CN,SHOW BY ROCK!!,《SHOW BY ROCK!!》是音乐题材动画，讲述乐队少女们的冒险。以吉他手希安为首的乐队们，在音乐世界中与邪恶势力战斗，用摇滚的力量拯救世界。作品以音乐、可爱角色与搞笑为特色，乐队们的演奏场面充满感染力，角色的日常互动笑料不断，动画节奏明快，是一部轻松愉快的音乐番。动作设计与演出张力俱佳，随着剧情推进，主角面对的敌人越来越强，战斗方式与自身局限的突破层层升级，配乐与画面配合出色，将热血少年向作品应有的爽快感与成长感都演绎得十分到位。
298,primary,zh-CN,雨色可可,《雨色可可》是短篇动画，讲述咖啡店雨色咖啡馆的日常。咖啡店店员与客人们围绕咖啡展开各种互动，作品以治愈、日常与咖啡为特色，每一话围绕咖啡店的小故事展开。动画画风清新、氛围宁静，咖啡的香气与人们的日常交织，是一部适合放松观看的治愈系短篇作品。作品没有强烈的戏剧冲突，却以细腻的笔触捕捉日常中的微小幸福，角色的喜怒哀乐真实可感，在平实的叙述中悄然传递着生活的温度，适合在忙碌之余放松心情慢慢欣赏。整体而言，该作在题材表达与情感渲染上均有可取之处，剧情张弛有度，角色令人印象深刻，是一部完成度较高、值得推荐的作品。
299,primary,zh-CN,HELLO!! 黄金拼图,《HELLO!! 黄金拼图》是《黄金拼图》系列第二季，讲述少女们的校园日常。爱丽丝从英国来到日本，与好友忍、绫等人在校园中度过欢乐的时光，作品以萌系日常、友情与治愈为特色。少女们的互动充满萌点与笑料，画风明亮可爱，动画的氛围轻松温馨，是萌系日常动画的代表作。画风清新、节奏舒缓，人物之间的相处自然而温暖，那些平凡琐碎的片段在动画的演绎下变得闪闪发光，传递出一种治愈人心的宁静力量，是治愈系爱好者不容错过的作品。
300,primary,zh-CN,钻石王牌 第二季,《钻石王牌 第二季》延续第一季，青道高中棒球部继续为甲子园而战。泽村荣纯与御幸一也等队友在比赛中不断成长，本季的对手更加强大，比赛更加激烈。作品以真实的棒球战术、细致的比赛描写与人物成长著称，荣纯的投球进步与队伍的团结令人热血沸腾，是棒球题材动画的经典之作。动作设计与演出张力俱佳，随着剧情推进，主角面对的敌人越来越强，战斗方式与自身局限的突破层层升级，配乐与画面配合出色，将热血少年向作品应有的爽快感与成长感都演绎得十分到位。
301,primary,zh-CN,怪盗Joker2,《怪盗Joker2》是《怪盗Joker》第二季，少年怪盗Joker继续在世界各地偷取宝物，与宿敌和警察斗智斗勇。本季加入新的对手与搭档，Joker的魔术偷盗计划更加精彩。作品以华丽的魔术、夸张的演出与单元冒险为特色，Joker与小八的冒险充满乐趣，动画的演出色彩鲜明、节奏明快，是一部适合少年观众的作品。歌舞演出的画面制作精良，每一首歌都与角色心境和剧情推进紧密呼应，少女们在聚光灯下的闪耀与幕后流下的汗水同样动人，传递出追逐梦想、不懈努力的正能量，感染力十足。
302,primary,zh-CN,闪乱神乐,《闪乱神乐》改编自同名游戏，讲述忍者少女们在学园中的战斗与日常。半藏学园的少女忍者们与恶忍势力展开对决，作品以忍者、战斗与福利元素为特色。少女们的忍术对决华丽刺激，日常互动福利满满，动画将热血战斗与轻松日常结合，角色们个性鲜明、魅力十足，是一部兼具动作与萌点的作品。作品在热血的打斗之外，也细致刻画了角色们各自的信念与选择，每一次战斗都不仅是力量的较量，更是意志的碰撞，高潮部分张力十足，让观众在肾上腺素飙升的同时也为之动容。
303,primary,zh-CN,黏黏糊糊!!角质君 第2期,《黏黏糊糊!!角质君 第2期》延续第一季，继续以角质君的视角展开无厘头的日常。角质拟人化的生活依旧充满脑洞与笑料，作品以夸张的演出与荒诞的设定搞笑，动画篇幅短小、节奏飞快，在轻松搞笑中展现角质的奇葩日常，是一部脑洞大开的泡面番。作品没有强烈的戏剧冲突，却以细腻的笔触捕捉日常中的微小幸福，角色的喜怒哀乐真实可感，在平实的叙述中悄然传递着生活的温度，适合在忙碌之余放松心情慢慢欣赏。整体而言，该作在题材表达与情感渲染上均有可取之处，剧情张弛有度，角色令人印象深刻，是一部完成度较高、值得推荐的作品。
304,primary,zh-CN,网球并不可笑嘛 4期,《网球并不可笑嘛 4期》延续系列，网球部少女们的无厘头日常继续上演。作品以高速吐槽、夸张演出与脑洞大开的桥段为特色，将网球比赛恶搞成各种爆笑场景，每一话篇幅极短却笑点密集，是一部让人捧腹大笑的轻松泡面番，适合在碎片时间观看解压。作品没有强烈的戏剧冲突，却以细腻的笔触捕捉日常中的微小幸福，角色的喜怒哀乐真实可感，在平实的叙述中悄然传递着生活的温度，适合在忙碌之余放松心情慢慢欣赏。整体而言，该作在题材表达与情感渲染上均有可取之处，剧情张弛有度，角色令人印象深刻，是一部完成度较高、值得推荐的作品。
305,primary,zh-CN,我是高宫茄乃,《我是高宫茄乃》是《悠哉日常大王》的衍生短篇，讲述高宫茄乃的日常故事。作品以茄乃的视角展开乡村生活的悠闲片段，画风与正篇一致，氛围轻松治愈。动画篇幅短小，围绕茄乃的日常生活与趣味展开，是悠哉日常粉丝不容错过的番外作品。画风清新、节奏舒缓，人物之间的相处自然而温暖，那些平凡琐碎的片段在动画的演绎下变得闪闪发光，传递出一种治愈人心的宁静力量，是治愈系爱好者不容错过的作品。整体而言，该作在题材表达与情感渲染上均有可取之处，剧情张弛有度，角色令人印象深刻，是一部完成度较高、值得推荐的作品。
306,primary,zh-CN,御神乐学园组曲,《御神乐学园组曲》改编自同名轻小说。少年一之濑学进入聚集了各种才能的御神乐学园，被卷入由社团联合举行的学园活动。作品以学园战斗、搞笑与群像为特色，学园的怪诞设定与各色角色的互动充满趣味，动画在轻松搞笑中展开学园竞技，是一部节奏明快的校园喜剧。动作设计与演出张力俱佳，随着剧情推进，主角面对的敌人越来越强，战斗方式与自身局限的突破层层升级，配乐与画面配合出色，将热血少年向作品应有的爽快感与成长感都演绎得十分到位。
307,primary,zh-CN,吹响吧！上低音号,《吹响吧！上低音号》改编自同名小说，讲述北宇治高中吹奏乐部少女们的青春物语。女主角黄前久美子在吹奏乐部中与部员们一起为目标而奋斗，参加比赛、追逐梦想。作品以音乐、青春与成长为主题，久美子的成长与部员们的羁绊细腻动人，动画的画面与配乐俱佳，演奏场面充满感染力，是京都动画的经典之作。歌舞演出的画面制作精良，每一首歌都与角色心境和剧情推进紧密呼应，少女们在聚光灯下的闪耀与幕后流下的汗水同样动人，传递出追逐梦想、不懈努力的正能量，感染力十足。
308,primary,zh-CN,银魂°,《银魂°》是《银魂》系列动画，继续讲述万事屋银时与伙伴们在江户的搞笑日常。本季包含人气章节与严肃主线，银时在搞笑与热血之间切换，与攘夷志士、将军等人的故事充满魅力。作品以恶搞、吐槽与热血为特色，将无厘头喜剧与感人剧情结合，银魂独有的风格令人欲罢不能，是动画界公认的搞笑神作。作品在热血的打斗之外，也细致刻画了角色们各自的信念与选择，每一次战斗都不仅是力量的较量，更是意志的碰撞，高潮部分张力十足，让观众在肾上腺素飙升的同时也为之动容。
309,primary,zh-CN,绝命制裁X,《绝命制裁X》改编自同名漫画，讲述特殊部队黑色标签的少女们执行制裁任务。少女们以合法身份为掩护，对抗法律无法制裁的恶人，作品以动作、战斗与制服为特色。少女们的战斗场面华丽，执行任务的紧张感与日常的温馨交织，动画节奏明快，是一部标准的动作题材作品。动作设计与演出张力俱佳，随着剧情推进，主角面对的敌人越来越强，战斗方式与自身局限的突破层层升级，配乐与画面配合出色，将热血少年向作品应有的爽快感与成长感都演绎得十分到位。
310,primary,zh-CN,俺物语!!,《俺物语!!》改编自同名漫画，讲述外表凶悍但内心温柔的猛男刚田猛男的恋爱故事。猛男喜欢上温柔的少女大和凛子，与好友砂川诚的友情也令人动容。作品以恋爱、友情与反差萌为特色，猛男虽然外表吓人却纯情善良，与凛子的互动甜度十足，动画的氛围温暖治愈，是一部充满正能量的恋爱作品。角色间的互动刻画得细腻自然，那些欲言又止的心意、别扭又真诚的靠近都真实而动人，情感线与日常情节交织，让观众在会心一笑与怦然心动之间反复横跳，是一部让人回味无穷的恋爱物语。
311,primary,zh-CN,放学后的昴星团,《放学后的昴星团》改编自同名动画企划，讲述少女们与外星人合作收集碎片的故事。昴星团的少女们驾驶飞行器展开冒险，收集散落的星之碎片，作品以魔法少女、科幻与日常为特色。少女们的冒险充满趣味，画风清新，角色的互动温馨，动画在轻松氛围中展开科幻冒险，是一部治愈系魔法少女作品。画风清新、节奏舒缓，人物之间的相处自然而温暖，那些平凡琐碎的片段在动画的演绎下变得闪闪发光，传递出一种治愈人心的宁静力量，是治愈系爱好者不容错过的作品。
312,primary,zh-CN,干支魂,《干支魂》改编自同名企划，讲述十二生肖的干支神少女们的战斗。为了竞争干支神代表的地位，少女们展开天干地支的淘汰战，主角小喵与伙伴们的故事充满热血。作品以十二生肖拟人、战斗与搞笑为特色，角色们各具个性，战斗场面华丽，动画节奏明快，是一部轻松热血的奇幻作品。动作设计与演出张力俱佳，随着剧情推进，主角面对的敌人越来越强，战斗方式与自身局限的突破层层升级，配乐与画面配合出色，将热血少年向作品应有的爽快感与成长感都演绎得十分到位。
313,primary,zh-CN,Punch Line,《Punch Line》是原创动画，讲述拥有看到内裤就会毁灭世界的诅咒的少年伊里达游太的故事。游太为了解除诅咒而展开行动，作品以脑洞、喜剧与悬疑为特色，设定荒诞有趣。动画的剧情充满反转与恶搞，在无厘头的表面下隐藏着层层谜团，结局令人意外，是一部极具创意的作品。剧情层层递进、伏笔密布，随着线索的不断拼合，真相逐渐浮出水面，每一次反转都在意料之外又情理之中，细节经得起推敲，氛围营造到位，是喜欢烧脑故事的观众不可错过之作。
314,primary,zh-CN,浦和小调,《浦和小调》是短篇动画，以埼玉县浦和为舞台，讲述少女们的日常。作品以当地风光与角色互动为特色，带有地方宣传色彩，少女们的日常片段轻松温馨。动画篇幅短小、画风可爱，在轻松的日常中展现浦和的魅力，是一部带有地方色彩的治愈系作品。画风清新、节奏舒缓，人物之间的相处自然而温暖，那些平凡琐碎的片段在动画的演绎下变得闪闪发光，传递出一种治愈人心的宁静力量，是治愈系爱好者不容错过的作品。整体而言，该作在题材表达与情感渲染上均有可取之处，剧情张弛有度，角色令人印象深刻，是一部完成度较高、值得推荐的作品。
315,primary,zh-CN,伪恋：,《伪恋：》是《伪恋》动画第二季，继续讲述一条乐与桐崎千棘等人的恋爱喜剧。本季围绕乐与众多女性角色的互动展开，初恋之谜与感情线进一步发展，作品以欢乐的恋爱喜剧、复杂的人物关系为特色，误会与巧合接连不断，笑点密集、糖分十足，是恋爱喜剧动画中的经典之作。角色间的互动刻画得细腻自然，那些欲言又止的心意、别扭又真诚的靠近都真实而动人，情感线与日常情节交织，让观众在会心一笑与怦然心动之间反复横跳，是一部让人回味无穷的恋爱物语。
316,primary,zh-CN,希德尼娅的骑士 第九惑星战役,《希德尼娅的骑士 第九惑星战役》是《希德尼娅的骑士》第二季，谷风长道与希德尼娅的战士们继续对抗奇居子。本季的战斗更加激烈，长道与星白闲等人的羁绊进一步加深，作品以3DCG表现、硬核科幻设定与宏大的宇宙战争著称，战斗场面震撼，是硬科幻动画中的代表作。动画的节奏把控张弛有度，战斗场面的分镜与作画都相当扎实，主角在与强敌的较量中不断突破自我，和同伴之间建立的信任与羁绊也为剧情增添了温度，热血与感动并存，值得一看。
317,primary,zh-CN,圣斗士星矢 黄金魂 -soul of gold-,《圣斗士星矢 黄金魂》讲述圣斗士黄金战士们在北欧的战斗。以艾俄洛斯为首的黄金圣斗士们在死后被复活，为守护女神雅典娜而战。作品以经典的圣斗士战斗、黄金圣衣的魅力与热血为主题，黄金战士们各展所长，战斗场面华丽，是圣斗士系列粉丝不容错过的作品。动作设计与演出张力俱佳，随着剧情推进，主角面对的敌人越来越强，战斗方式与自身局限的突破层层升级，配乐与画面配合出色，将热血少年向作品应有的爽快感与成长感都演绎得十分到位。
318,primary,zh-CN,灰色的迷宫,《灰色的迷宫》是《灰色的果实》的续作，讲述风见雄二在学园中的过去与现在。本季揭示雄二与姬露等角色的过去，围绕迷宫学园的真相展开。作品以暗黑氛围、心理描写与角色羁绊为特色，雄二的成长与少女们的救赎交织，动画的叙事层层推进，是灰色系列的承上启下之作。剧情层层递进、伏笔密布，随着线索的不断拼合，真相逐渐浮出水面，每一次反转都在意料之外又情理之中，细节经得起推敲，氛围营造到位，是喜欢烧脑故事的观众不可错过之作。
319,primary,zh-CN,山田君与7个魔女,《山田君与7个魔女》改编自同名漫画。问题少年山田龙在摔倒后与优等生白石丽亲吻，意外交换了身体，发现亲吻可以引发超能力。作品以超能力、恋爱喜剧与校园为特色，山田在发现魔女的过程中与众多少女产生纠葛，动画的设定新颖有趣，山田的成长与恋爱线充满笑料，是一部轻松愉快的校园恋爱作品。角色间的互动刻画得细腻自然，那些欲言又止的心意、别扭又真诚的靠近都真实而动人，情感线与日常情节交织，让观众在会心一笑与怦然心动之间反复横跳，是一部让人回味无穷的恋爱物语。
320,primary,zh-CN,英国一家，吃在日本,《英国一家，吃在日本》是短篇动画，讲述移居日本的英国一家品尝日本美食的故事。作品以美食、日常与文化交流为特色，英国一家在日本的用餐经历充满趣味，动画将日本料理与英国人的反应结合，画风可爱、氛围轻松，是一部兼具美食与趣味的短篇作品。画风清新、节奏舒缓，人物之间的相处自然而温暖，那些平凡琐碎的片段在动画的演绎下变得闪闪发光，传递出一种治愈人心的宁静力量，是治愈系爱好者不容错过的作品。整体而言，该作在题材表达与情感渲染上均有可取之处，剧情张弛有度，角色令人印象深刻，是一部完成度较高、值得推荐的作品。
321,primary,zh-CN,灰色的乐园,《灰色的乐园》是灰色系列的最终章，风见雄二与学园少女们的故事迎来完结。本季围绕雄二的过去与少女们的未来展开，迷宫学园的真相与各角色的救赎交织。作品以暗黑氛围、心理描写与温暖的结局著称，雄二与少女们共同面对过去、走向未来，动画的叙事完整、情感动人，是灰色系列的圆满收官。单元事件与主线阴谋环环相扣，角色在追查真相的过程中不断面临抉择与牺牲，冷峻的色调与紧张的配乐将不安感渲染得恰到好处，推理与人性刻画并重，颇具深度。
322,primary,zh-CN,我老婆是学生会长,《我老婆是学生会长》是短篇动画，讲述学生会长若菜羽衣与副会长和泉隼斗的恋爱喜剧。羽衣在当选会长后与隼斗展开同居生活，作品以恋爱、搞笑与福利为特色。两人的互动充满笑料与暧昧，动画篇幅短小、节奏明快，是一部轻松解压的恋爱喜剧泡面番。角色间的互动刻画得细腻自然，那些欲言又止的心意、别扭又真诚的靠近都真实而动人，情感线与日常情节交织，让观众在会心一笑与怦然心动之间反复横跳，是一部让人回味无穷的恋爱物语。整体而言，该作在题材表达与情感渲染上均有可取之处，剧情张弛有度，角色令人印象深刻，是一部完成度较高、值得推荐的作品。
323,primary,zh-CN,黑街匪徒,《黑街匪徒》改编自同名漫画，讲述在黄昏之街埃鲁格斯特姆，义警黑街与各势力之间的斗争。赏金猎人与黑帮在城市的暗处周旋，作品以黑帮、动作与群像为特色，画风硬朗、氛围阴暗，角色们在灰色地带中的挣扎充满张力，动画的剧情紧凑，是一部充满成人气息的作品。作品风格鲜明、辨识度高，在同类题材中走出了自己的路子，角色与故事的结合恰到好处，整体观感流畅自然，无论是题材爱好者还是路人观众都能乐在其中。整体而言，该作在题材表达与情感渲染上均有可取之处，剧情张弛有度，角色令人印象深刻，是一部完成度较高、值得推荐的作品。
324,primary,zh-CN,Chaos Dragon 赤龙战役,《Chaos Dragon 赤龙战役》改编自多媒体企划，讲述在赤龙支配的异世界，少年们的冒险。主角忌布基为守护重要的人而踏上旅程，卷入围绕赤龙的战争，作品以奇幻、冒险与群像为特色，世界观的构建庞大，角色们的命运交织，动画的剧情跌宕起伏，是一部充满幻想气息的作品。动作设计与演出张力俱佳，随着剧情推进，主角面对的敌人越来越强，战斗方式与自身局限的突破层层升级，配乐与画面配合出色，将热血少年向作品应有的爽快感与成长感都演绎得十分到位。
325,primary,zh-CN,创圣的大天使LOGOS,《创圣的大天使LOGOS》是创圣系列动画，讲述少年少女们驾驶创圣机体与谜之敌人战斗。主角灰吹阳在学园中觉醒能力，与同伴们共同对抗侵蚀现实的敌人，作品以机战、热血与学园为特色，创圣机体的合体战斗华丽，角色们的成长与羁绊贯穿始终，动画的战斗场面充满震撼力。动画的节奏把控张弛有度，战斗场面的分镜与作画都相当扎实，主角在与强敌的较量中不断突破自我，和同伴之间建立的信任与羁绊也为剧情增添了温度，热血与感动并存，值得一看。
326,primary,zh-CN,乱步奇谭 拉普拉斯的游戏,《乱步奇谭 拉普拉斯的游戏》改编自江户川乱步的作品，讲述天才高中生小林参与解决奇异案件的故事。小林与明智警部在追查谜之犯罪者的过程中卷入拉普拉斯的游戏，作品以推理、悬疑与黑暗氛围为特色，将乱步的侦探世界现代化演绎，剧情充满反转与震撼，是一部风格独特的推理作品。悬疑氛围铺垫扎实，人物之间暗流涌动的博弈与隐藏的秘密交织出复杂的叙事网络，叙事节奏收放自如，高潮部分的揭示震撼有力，看完之后依然值得反复回味其中的细节。
327,primary,zh-CN,青春×机关枪,《青春×机关枪》改编自同名漫画，讲述少年少女们参与生存游戏的故事。女高中生立花萤为救友人而参加生存游戏对战，与伙伴们在赛场上一较高下。作品以枪战、热血与青春为特色，生存游戏的战术对决紧张刺激，角色们在竞技中的成长与羁绊贯穿始终，动画的战斗场面流畅，是一部充满活力的作品。动作设计与演出张力俱佳，随着剧情推进，主角面对的敌人越来越强，战斗方式与自身局限的突破层层升级，配乐与画面配合出色，将热血少年向作品应有的爽快感与成长感都演绎得十分到位。
328,primary,zh-CN,城下町的蒲公英,《城下町的蒲公英》改编自同名漫画。拥有众多子女的王室家族中，为决定下任国王，公主们的超能力竞争展开。主角樱田茜在众多兄长姐姐的竞争中，逐渐理解王室的责任。作品以王室日常、超能力与搞笑为特色，角色众多且各具魅力，动画在轻松搞笑的日常中展开王室选举，是一部温馨有趣的作品。作品没有强烈的戏剧冲突，却以细腻的笔触捕捉日常中的微小幸福，角色的喜怒哀乐真实可感，在平实的叙述中悄然传递着生活的温度，适合在忙碌之余放松心情慢慢欣赏。
329,primary,zh-CN,黑塔利亚 第6期,《黑塔利亚 第6期》是《黑塔利亚》系列动画，将国家拟人化的角色们继续展开搞笑日常。世界各国以可爱角色的形式互动，围绕历史、文化与国家关系的玩梗不断，作品以恶搞、历史与搞笑为特色，角色们个性鲜明，动画篇幅短小、笑点密集，是历史拟人题材的代表作。画风清新、节奏舒缓，人物之间的相处自然而温暖，那些平凡琐碎的片段在动画的演绎下变得闪闪发光，传递出一种治愈人心的宁静力量，是治愈系爱好者不容错过的作品。整体而言，该作在题材表达与情感渲染上均有可取之处，剧情张弛有度，角色令人印象深刻，是一部完成度较高、值得推荐的作品。
330,primary,zh-CN,潮与虎,《潮与虎》是《潮与虎》动画的整合版，讲述少年苍月潮与妖怪阿虎的冒险。潮手持兽矛与阿虎并肩战斗，对抗各种妖怪与幕后黑手，作品以热血战斗、友情与和风妖怪为特色，潮与阿虎从对立到信任的成长令人动容，动画的打斗场面震撼，是妖怪战斗题材的经典。动作设计与演出张力俱佳，随着剧情推进，主角面对的敌人越来越强，战斗方式与自身局限的突破层层升级，配乐与画面配合出色，将热血少年向作品应有的爽快感与成长感都演绎得十分到位。
331,primary,zh-CN,黑白小姐 第二季,《黑白小姐 第二季》延续第一季，虚拟偶像黑白小姐继续追逐偶像梦想。黑白小姐的日常依旧充满无厘头与爆笑，作品以夸张的演出、高速吐槽为特色，动画篇幅短小、节奏飞快，黑白小姐在追梦过程中的搞笑故事层出不穷，是一部轻松解压的搞笑泡面番。作品没有强烈的戏剧冲突，却以细腻的笔触捕捉日常中的微小幸福，角色的喜怒哀乐真实可感，在平实的叙述中悄然传递着生活的温度，适合在忙碌之余放松心情慢慢欣赏。整体而言，该作在题材表达与情感渲染上均有可取之处，剧情张弛有度，角色令人印象深刻，是一部完成度较高、值得推荐的作品。
332,primary,zh-CN,兔宝的悲惨日常 梦幻篇,《兔宝的悲惨日常 梦幻篇》是《兔宝的悲惨日常》续作，讲述被欺负的兔子兔宝的悲惨又搞笑的日常。作品以黑色幽默、恶搞与日常为特色，兔宝的倒霉经历充满笑料，动画画风简单、节奏明快，在轻松搞笑中展现兔宝的可爱与悲惨，是一部独特的搞笑泡面番。画风清新、节奏舒缓，人物之间的相处自然而温暖，那些平凡琐碎的片段在动画的演绎下变得闪闪发光，传递出一种治愈人心的宁静力量，是治愈系爱好者不容错过的作品。整体而言，该作在题材表达与情感渲染上均有可取之处，剧情张弛有度，角色令人印象深刻，是一部完成度较高、值得推荐的作品。
333,primary,zh-CN,若叶女孩,《若叶女孩》改编自同名漫画，讲述女高中生若叶的日常。若叶与好友们在校园中度过轻松愉快的时光，作品以日常、治愈与友情为特色，少女们的互动温馨可爱，画风清新，动画篇幅短小、氛围轻松，展现了少女们平凡的校园生活，是一部适合放松观看的日常作品。作品没有强烈的戏剧冲突，却以细腻的笔触捕捉日常中的微小幸福，角色的喜怒哀乐真实可感，在平实的叙述中悄然传递着生活的温度，适合在忙碌之余放松心情慢慢欣赏。整体而言，该作在题材表达与情感渲染上均有可取之处，剧情张弛有度，角色令人印象深刻，是一部完成度较高、值得推荐的作品。
334,primary,zh-CN,GATE 奇幻自卫队,《GATE 奇幻自卫队》改编自同名小说，讲述自卫队穿越到异世界的故事。日本自卫队在被开启的异世界之门中与异世界文明接触，少年伊丹在异世界中展开冒险与调查。作品以军事、奇幻与冒险为特色，自卫队与异世界的文化碰撞充满趣味，动画的军事设定与幻想元素结合，是一部题材新颖的作品。世界观设定丰富而自成体系，随着冒险推进，更多奇妙的种族、地点与力量体系逐一展开，角色们在旅途中收获成长与羁绊，画面与配乐共同营造出充满想象力的奇幻氛围，令人沉浸其中。
335,primary,zh-CN,教室☆危机,《教室☆危机》是原创动画，讲述在火星轨道上的高科技学园中，少年少女们的故事。天才少年上神卓等在学园的班级活动中卷入各种事件，作品以学园、喜剧与科幻为特色，角色们的互动充满笑料，动画在轻松搞笑的日常中展开科幻设定，节奏明快，是一部轻松愉快的学园作品。画风清新、节奏舒缓，人物之间的相处自然而温暖，那些平凡琐碎的片段在动画的演绎下变得闪闪发光，传递出一种治愈人心的宁静力量，是治愈系爱好者不容错过的作品。
336,primary,zh-CN,战姬绝唱SYMPHOGEAR GX,《战姬绝唱SYMPHOGEAR GX》是战姬绝唱系列动画，讲述使用歌声战斗的少女们的故事。装备Symphogear的战姬们以歌声为力量，与谜之敌人Noise战斗，本季新的威胁与角色登场。作品以音乐、战斗与热血为特色，演唱与战斗结合的演出充满感染力，战姬们的羁绊与牺牲令人动容，是音乐战斗题材的代表作。动作设计与演出张力俱佳，随着剧情推进，主角面对的敌人越来越强，战斗方式与自身局限的突破层层升级，配乐与画面配合出色，将热血少年向作品应有的爽快感与成长感都演绎得十分到位。
337,primary,zh-CN,无头骑士异闻录×2 转,《无头骑士异闻录×2 转》是系列动画，延续池袋都市传说的群像叙事。本季围绕新角色与新事件展开，池袋的怪人们继续上演混乱的日常，作品以多线叙事、都市悬疑与群像为特色，剧情的反转与交错令人目不暇接，动画的节奏紧凑、人物众多，是都市群像剧的经典。作品没有强烈的戏剧冲突，却以细腻的笔触捕捉日常中的微小幸福，角色的喜怒哀乐真实可感，在平实的叙述中悄然传递着生活的温度，适合在忙碌之余放松心情慢慢欣赏。整体而言，该作在题材表达与情感渲染上均有可取之处，剧情张弛有度，角色令人印象深刻，是一部完成度较高、值得推荐的作品。
338,primary,zh-CN,夏洛特,《夏洛特》是Key社×P.A.WORKS原创动画，讲述拥有特殊能力的少年乙坂有宇的故事。有宇在遇见学生会少女友利奈绪后加入星之海学园，帮助其他能力者，作品以超能力、青春与悲喜剧为特色，有宇的成长与世界的真相层层展开，动画在搞笑日常与催泪剧情间切换，结局的反转令人震撼。画风清新、节奏舒缓，人物之间的相处自然而温暖，那些平凡琐碎的片段在动画的演绎下变得闪闪发光，传递出一种治愈人心的宁静力量，是治愈系爱好者不容错过的作品。
339,primary,zh-CN,迷糊餐厅 第三季,《迷糊餐厅 第三季》延续系列，讲述家庭餐厅瓦格纳利亚的店员们的搞笑日常。小鸟游宗太与各具个性的店员们在餐厅中的互动充满笑料，作品以日常、搞笑与群像为特色，角色们的吐槽与纠葛令人捧腹，动画的氛围轻松愉快，是搞笑日常动画中的经典。作品没有强烈的戏剧冲突，却以细腻的笔触捕捉日常中的微小幸福，角色的喜怒哀乐真实可感，在平实的叙述中悄然传递着生活的温度，适合在忙碌之余放松心情慢慢欣赏。整体而言，该作在题材表达与情感渲染上均有可取之处，剧情张弛有度，角色令人印象深刻，是一部完成度较高、值得推荐的作品。
340,primary,zh-CN,没有黄段子存在的无聊世界,《没有黄段子存在的无聊世界》改编自同名轻小说。在实施严格风纪法规的未来日本，少年奥间狸吉为了追求学姐而加入纯洁的校内组织，却意外卷入发动黄段子的地下组织。作品以恶搞、吐槽与福利为特色，设定荒诞有趣，动画的演出夸张、笑点密集，是一部充满恶趣味的搞笑作品。歌舞演出的画面制作精良，每一首歌都与角色心境和剧情推进紧密呼应，少女们在聚光灯下的闪耀与幕后流下的汗水同样动人，传递出追逐梦想、不懈努力的正能量，感染力十足。
341,primary,zh-CN,科学小飞侠Crowds insight,《科学小飞侠Crowds insight》是系列动画，讲述使用NOTE的少女们守护世界的故事。一之濑初与伙伴们面对新的敌人，作品以科幻、群像与社会议题为特色，探讨集体意识与个体价值，动画的风格鲜明、演出独特，剧情充满思辨，是科学小飞侠系列中极具深度的一部。作品在展现华丽舞台的同时，也刻画了偶像们背后的努力、竞争与友情，角色在一次次演出与挑战中逐渐成长，演唱的曲目旋律优美、记忆点十足，整体氛围励志而温暖。
342,primary,zh-CN,六花的勇者,《六花的勇者》改编自同名轻小说。在魔王复活的危机中，被命运选中的六位勇者集结，而其中却混入了敌人。主角阿德雷特为证明自己的清白而战斗，作品以奇幻、悬疑与智斗为特色，勇者间的猜疑与真相的揭晓层层推进，动画的剧情紧凑、氛围紧张，是一部充满反转的奇幻作品。动作设计与演出张力俱佳，随着剧情推进，主角面对的敌人越来越强，战斗方式与自身局限的突破层层升级，配乐与画面配合出色，将热血少年向作品应有的爽快感与成长感都演绎得十分到位。
343,primary,zh-CN,龙珠超,《龙珠超》是龙珠系列新作，讲述悟空与伙伴们在力量大会等新篇章中的战斗。本作引入破坏神、全王等新角色，悟空在神之领域的战斗中不断突破，作品以热血战斗、幽默与宏大的世界观为特色，动画的战斗场面华丽，悟空的成长与伙伴们的羁绊贯穿始终，是龙珠系列的新篇章。动画的节奏把控张弛有度，战斗场面的分镜与作画都相当扎实，主角在与强敌的较量中不断突破自我，和同伴之间建立的信任与羁绊也为剧情增添了温度，热血与感动并存，值得一看。
344,primary,zh-CN,和歌子酒,《和歌子酒》是短篇动画，讲述职场女性村崎和歌子在下班后品尝美食美酒的日常。作品以美食、治愈与孤独为特色，和歌子一人独酌的场景充满氛围感，动画将美食的诱人呈现与微醺的惬意结合，画风简单、节奏舒缓，是一部适合放松观看的美食治愈作品。画风清新、节奏舒缓，人物之间的相处自然而温暖，那些平凡琐碎的片段在动画的演绎下变得闪闪发光，传递出一种治愈人心的宁静力量，是治愈系爱好者不容错过的作品。整体而言，该作在题材表达与情感渲染上均有可取之处，剧情张弛有度，角色令人印象深刻，是一部完成度较高、值得推荐的作品。
345,primary,zh-CN,噬神者,《噬神者》改编自同名游戏，讲述在荒神肆虐的世界中，使用神机战斗的噬神者的故事。少年空木连加加入噬神者部队，与同伴们对抗荒神，作品以战斗、科幻与生存为特色，动画的画风独特、战斗场面华丽，连加在战斗中逐渐成长，与荒神的对抗充满紧张感，是游戏改编动画中的佳作。动作设计与演出张力俱佳，随着剧情推进，主角面对的敌人越来越强，战斗方式与自身局限的突破层层升级，配乐与画面配合出色，将热血少年向作品应有的爽快感与成长感都演绎得十分到位。
346,primary,zh-CN,赤发白雪姬,《赤发白雪姬》改编自同名漫画。拥有天然红发的少女白雪，为逃避成为王子宠妾的命运而离开王宫，在邻国遇见年轻国王千。两人在宫廷生活中逐渐走近，展开浪漫的恋爱物语，作品以恋爱、宫廷与冒险为特色，白雪的独立坚强与千的温柔形成美好搭配，动画的画面清新唯美，是一部充满少女心的作品。角色间的互动刻画得细腻自然，那些欲言又止的心意、别扭又真诚的靠近都真实而动人，情感线与日常情节交织，让观众在会心一笑与怦然心动之间反复横跳，是一部让人回味无穷的恋爱物语。
347,primary,zh-CN,出包王女Darkness 第二季,《出包王女Darkness 第二季》是《出包王女》系列动画，继续讲述梨斗与众多女性的后宫日常。本季围绕黑暗姐妹与梦梦的计划展开，梨斗的麻烦不断升级，作品以恋爱喜剧、福利与恶搞为特色，动画的福利场景丰富、笑点密集，是后宫题材动画的代表作。作品在甜蜜之余也保留了青春特有的青涩与迷茫，主角在感情中的成长与抉择贯穿始终，配乐温润、画面明丽，将恋爱中的忐忑、欢喜与遗憾都拿捏得恰到好处，适合慢慢品味。整体而言，该作在题材表达与情感渲染上均有可取之处，剧情张弛有度，角色令人印象深刻，是一部完成度较高、值得推荐的作品。
348,primary,zh-CN,网球并不可笑嘛 5期,《网球并不可笑嘛 5期》延续系列，网球部少女们的无厘头日常继续。作品以高速吐槽、夸张演出与脑洞大开的桥段为特色，将网球恶搞成各种爆笑场景，每一话篇幅极短却笑点密集，是一部让人捧腹大笑的轻松泡面番，适合在碎片时间观看解压。作品没有强烈的戏剧冲突，却以细腻的笔触捕捉日常中的微小幸福，角色的喜怒哀乐真实可感，在平实的叙述中悄然传递着生活的温度，适合在忙碌之余放松心情慢慢欣赏。整体而言，该作在题材表达与情感渲染上均有可取之处，剧情张弛有度，角色令人印象深刻，是一部完成度较高、值得推荐的作品。
349,primary,zh-CN,其实我是,《其实我是》改编自同名漫画。少年白神叶藏暗恋的女生竟然是真身是吸血鬼的实。为了保守秘密，叶藏帮助实隐藏身份，作品以超自然、恋爱喜剧与搞笑为特色，围绕众多隐藏真实身份的少女们展开，动画的设定荒诞有趣、笑点密集，叶藏与角色们的互动充满欢乐，是一部轻松愉快的校园喜剧。角色间的互动刻画得细腻自然，那些欲言又止的心意、别扭又真诚的靠近都真实而动人，情感线与日常情节交织，让观众在会心一笑与怦然心动之间反复横跳，是一部让人回味无穷的恋爱物语。
350,primary,zh-CN,悠哉日常大王 Repeat,《悠哉日常大王 Repeat》是《悠哉日常大王》第二季，继续讲述乡村小学少女们的悠闲日常。宫内莲华与越谷姐妹在四季更迭中度过平凡而美好的时光，作品以治愈、日常与乡村风光为特色，舒缓的节奏、清新的画风与莲华的口头禅令人会心一笑，是治愈系日常动画的代表作。画风清新、节奏舒缓，人物之间的相处自然而温暖，那些平凡琐碎的片段在动画的演绎下变得闪闪发光，传递出一种治愈人心的宁静力量，是治愈系爱好者不容错过的作品。
351,primary,zh-CN,百万偶像,《百万偶像》是短篇动画，讲述立志成为偶像的少女们的奋斗故事。作品以偶像、日常与搞笑为特色，少女们在追梦过程中的互动充满趣味，动画篇幅短小、节奏明快，在轻松的氛围中展现偶像行业的日常，是一部轻松解压的偶像题材泡面番。作品没有强烈的戏剧冲突，却以细腻的笔触捕捉日常中的微小幸福，角色的喜怒哀乐真实可感，在平实的叙述中悄然传递着生活的温度，适合在忙碌之余放松心情慢慢欣赏。整体而言，该作在题材表达与情感渲染上均有可取之处，剧情张弛有度，角色令人印象深刻，是一部完成度较高、值得推荐的作品。
352,primary,zh-CN,怪兽酒场干杯！,《怪兽酒场干杯！》是短篇动画，讲述怪兽们在酒场中的日常。以怪兽为主题的酒场中，各种怪兽角色与人类客人的互动充满趣味，作品以搞笑、日常与怪兽为特色，动画画风独特、氛围轻松，在怪兽酒场的设定中展现各种无厘头的故事，是一部独特的搞笑泡面番。作品没有强烈的戏剧冲突，却以细腻的笔触捕捉日常中的微小幸福，角色的喜怒哀乐真实可感，在平实的叙述中悄然传递着生活的温度，适合在忙碌之余放松心情慢慢欣赏。整体而言，该作在题材表达与情感渲染上均有可取之处，剧情张弛有度，角色令人印象深刻，是一部完成度较高、值得推荐的作品。
353,primary,zh-CN,OVERLORD,《OVERLORD》改编自同名轻小说。人气游戏在关服时，主角铃木悟与公会一起被传送到了异世界，成为最强魔法师安兹·乌尔·恭。他以亡灵君主之姿在异世界建立势力，作品以异世界、黑暗奇幻与群像为特色，安兹的强大与谨慎充满反差魅力，动画的世界观庞大、角色众多，是异世界题材的经典之作。作品在幻想的外衣下探讨着真实的情感与抉择，主角的成长线扎实有力，与伙伴们的情谊在一次次考验中愈发深厚，冒险的紧张感与日常的温情交替呈现，故事层次丰富、后劲十足。
354,primary,zh-CN,那就是声优！,《那就是声优！》是短篇动画，讲述新人声优的奋斗故事。作品以声优行业的真实日常为题材，主角们在试音、录音与工作中成长，动画穿插大量真实声优的客串与业界梗，画风可爱、氛围轻松，在展现声优行业的艰辛与魅力的同时充满温馨，是一部治愈系的业界作品。作品没有强烈的戏剧冲突，却以细腻的笔触捕捉日常中的微小幸福，角色的喜怒哀乐真实可感，在平实的叙述中悄然传递着生活的温度，适合在忙碌之余放松心情慢慢欣赏。整体而言，该作在题材表达与情感渲染上均有可取之处，剧情张弛有度，角色令人印象深刻，是一部完成度较高、值得推荐的作品。
355,primary,zh-CN,魔物娘的同居日常,《魔物娘的同居日常》改编自同名漫画。在人类与亚人共存的现代世界，少年来留主公在政府安排下与多位魔物娘同居。作品以魔物娘、后宫与福利为特色，来留主公与各种魔物娘的同居生活充满笑料与暧昧，动画的设定新奇有趣、福利满满，是一部轻松愉快的人外后宫作品。作品没有强烈的戏剧冲突，却以细腻的笔触捕捉日常中的微小幸福，角色的喜怒哀乐真实可感，在平实的叙述中悄然传递着生活的温度，适合在忙碌之余放松心情慢慢欣赏。整体而言，该作在题材表达与情感渲染上均有可取之处，剧情张弛有度，角色令人印象深刻，是一部完成度较高、值得推荐的作品。
356,primary,zh-CN,比基尼勇士,《比基尼勇士》是短篇动画，讲述身着比基尼盔甲的少女战士们的冒险。少女们在奇幻世界中讨伐魔王，作品以战斗、福利与恶搞为特色，动画将美少女与冒险结合，画面充满福利元素，剧情轻松明快，是一部以视觉服务为主的短篇作品。动作设计与演出张力俱佳，随着剧情推进，主角面对的敌人越来越强，战斗方式与自身局限的突破层层升级，配乐与画面配合出色，将热血少年向作品应有的爽快感与成长感都演绎得十分到位。整体而言，该作在题材表达与情感渲染上均有可取之处，剧情张弛有度，角色令人印象深刻，是一部完成度较高、值得推荐的作品。
357,primary,zh-CN,洲崎西 THE ANIMATION,《洲崎西 THE ANIMATION》是短篇动画，改编自声优组合洲崎西的广播节目。动画以两位声优的日常互动为主题，作品以搞笑、声优与日常为特色，动画将广播中的梗与两人的互动具象化，篇幅短小、笑点密集，是声优组合粉丝不容错过的作品。作品没有强烈的戏剧冲突，却以细腻的笔触捕捉日常中的微小幸福，角色的喜怒哀乐真实可感，在平实的叙述中悄然传递着生活的温度，适合在忙碌之余放松心情慢慢欣赏。整体而言，该作在题材表达与情感渲染上均有可取之处，剧情张弛有度，角色令人印象深刻，是一部完成度较高、值得推荐的作品。
358,primary,zh-CN,空战魔导士候补生的教官,《空战魔导士候补生的教官》改编自同名轻小说。在被魔甲虫威胁的世界，少年奏多作为空战魔导士的教官，教导候补生们战斗。作品以空战、学园与后宫为特色，奏多与少女候补生们的互动充满福利，动画的战斗场面华丽，设定新颖，是一部标准的轻改学园战斗番。动画的节奏把控张弛有度，战斗场面的分镜与作画都相当扎实，主角在与强敌的较量中不断突破自我，和同伴之间建立的信任与羁绊也为剧情增添了温度，热血与感动并存，值得一看。整体而言，该作在题材表达与情感渲染上均有可取之处，剧情张弛有度，角色令人印象深刻，是一部完成度较高、值得推荐的作品。
359,primary,zh-CN,纯情罗曼史3,《纯情罗曼史3》是《纯情罗曼史》系列动画，讲述美咲与宇佐见等BL情侣们的恋爱故事。本季继续描绘几对情侣的感情发展，作品以BL恋爱、温馨与搞笑为特色，角色的互动甜蜜动人，动画在浪漫与幽默之间取得平衡，是BL动画中的经典之作。作品在甜蜜之余也保留了青春特有的青涩与迷茫，主角在感情中的成长与抉择贯穿始终，配乐温润、画面明丽，将恋爱中的忐忑、欢喜与遗憾都拿捏得恰到好处，适合慢慢品味。整体而言，该作在题材表达与情感渲染上均有可取之处，剧情张弛有度，角色令人印象深刻，是一部完成度较高、值得推荐的作品。
360,primary,zh-CN,干物妹！小埋,《干物妹！小埋》改编自同名漫画。在外是完美的优等生、在家却变成干物妹的土间埋，与哥哥大平的同居日常充满笑料。作品以日常、搞笑与兄妹情为特色，小埋在家中的咸鱼姿态与在外的完美形象形成反差萌，动画画风可爱、氛围轻松，是一部治愈系的搞笑日常作品。作品没有强烈的戏剧冲突，却以细腻的笔触捕捉日常中的微小幸福，角色的喜怒哀乐真实可感，在平实的叙述中悄然传递着生活的温度，适合在忙碌之余放松心情慢慢欣赏。整体而言，该作在题材表达与情感渲染上均有可取之处，剧情张弛有度，角色令人印象深刻，是一部完成度较高、值得推荐的作品。
361,primary,zh-CN,学园孤岛,《学园孤岛》改编自同名漫画。在感染爆发后的世界中，学园生活部的少女们在校园中求生，作品以末日生存、治愈与恐怖为特色。少女们在废弃校园中过着看似平静的日常，实则隐藏着残酷的真相，动画在温馨与绝望间切换，结局充满冲击力，是一部反差强烈的作品。作品没有强烈的戏剧冲突，却以细腻的笔触捕捉日常中的微小幸福，角色的喜怒哀乐真实可感，在平实的叙述中悄然传递着生活的温度，适合在忙碌之余放松心情慢慢欣赏。整体而言，该作在题材表达与情感渲染上均有可取之处，剧情张弛有度，角色令人印象深刻，是一部完成度较高、值得推荐的作品。
362,primary,zh-CN,群居姐妹,《群居姐妹》是短篇动画，讲述主人公与多位姐姐同居的日常。作品以家庭喜剧、福利与搞笑为特色，主角与个性各异的姐姐们的互动充满笑料，动画篇幅短小、节奏明快，在轻松搞笑的日常中展现家庭的温馨，是一部轻松解压的泡面番。画风清新、节奏舒缓，人物之间的相处自然而温暖，那些平凡琐碎的片段在动画的演绎下变得闪闪发光，传递出一种治愈人心的宁静力量，是治愈系爱好者不容错过的作品。整体而言，该作在题材表达与情感渲染上均有可取之处，剧情张弛有度，角色令人印象深刻，是一部完成度较高、值得推荐的作品。
363,primary,zh-CN,监狱学园,《监狱学园》改编自同名漫画。在实行严格校规的私立八光女学园中，五名男生因违反校规被关进监狱，展开荒诞的求生喜剧。作品以搞笑、恶搞与福利为特色，男生们在监狱与学生会斗智斗勇，动画的演出夸张、笑点密集，是一部充满恶趣味的校园喜剧。角色的个性塑造鲜明，舞台上的自信与生活中的可爱形成反差，团队协作与个人成长双线并进，歌舞编排赏心悦目，让观众既能享受视听盛宴，也能为少女们的梦想与坚持而感动。整体而言，该作在题材表达与情感渲染上均有可取之处，剧情张弛有度，角色令人印象深刻，是一部完成度较高、值得推荐的作品。
364,primary,zh-CN,维纳斯计划 CLIMAX,《维纳斯计划 CLIMAX》是《维纳斯计划》动画，讲述少女偶像们的奋斗故事。以维纳斯计划的选拔为主题，少女们在偶像道路上不断成长，作品以偶像、音乐与追梦为特色，动画的歌舞场面华丽，角色们的努力与羁绊令人动容，是偶像题材动画的作品之一。歌舞演出的画面制作精良，每一首歌都与角色心境和剧情推进紧密呼应，少女们在聚光灯下的闪耀与幕后流下的汗水同样动人，传递出追逐梦想、不懈努力的正能量，感染力十足。整体而言，该作在题材表达与情感渲染上均有可取之处，剧情张弛有度，角色令人印象深刻，是一部完成度较高、值得推荐的作品。
365,primary,zh-CN,枕男子,《枕男子》是短篇动画，讲述与各种美男子共度睡前时光的故事。作品以女性向、治愈与幻想为特色，每话围绕一位美男子展开，动画营造出暧昧的睡前氛围，画风精美，是一部适合女性观众放松观看的短篇作品。画风清新、节奏舒缓，人物之间的相处自然而温暖，那些平凡琐碎的片段在动画的演绎下变得闪闪发光，传递出一种治愈人心的宁静力量，是治愈系爱好者不容错过的作品。整体而言，该作在题材表达与情感渲染上均有可取之处，剧情张弛有度，角色令人印象深刻，是一部完成度较高、值得推荐的作品。
366,primary,zh-CN,偶像大师 灰姑娘女孩 第二季,《偶像大师 灰姑娘女孩 第二季》延续第一季，灰姑娘女孩们在偶像道路上继续成长。本季围绕偶像们的活动与新挑战展开，各角色的故事线更加深入，作品以群像刻画、音乐与追梦为特色，歌舞场面华丽，少女们的成长与羁绊令人动容，是偶像动画中的佳作。角色的个性塑造鲜明，舞台上的自信与生活中的可爱形成反差，团队协作与个人成长双线并进，歌舞编排赏心悦目，让观众既能享受视听盛宴，也能为少女们的梦想与坚持而感动。整体而言，该作在题材表达与情感渲染上均有可取之处，剧情张弛有度，角色令人印象深刻，是一部完成度较高、值得推荐的作品。
367,primary,zh-CN,Fate/kaleid liner 魔法少女☆伊莉雅 2wei Herz!,《Fate/kaleid liner 魔法少女☆伊莉雅 2wei Herz!》是Fate系列衍生动画，继续讲述伊莉雅与美游作为魔法少女的战斗。本季加入更多角色与战斗，伊莉雅在成为魔法少女后的日常与危机交织，作品以魔法少女变身、Fate世界观与日常喜剧为特色，动画的福利与热血并存，是Fate系列中风格独特的作品。动画的节奏把控张弛有度，战斗场面的分镜与作画都相当扎实，主角在与强敌的较量中不断突破自我，和同伴之间建立的信任与羁绊也为剧情增添了温度，热血与感动并存，值得一看。
368,primary,zh-CN,魔鬼恋人 第二季,《魔鬼恋人 第二季》延续第一季，少女小森唯与吸血鬼兄弟们的纠缠继续。唯在吸血游戏中的命运逐渐深入，作品以暗黑的吸血鬼设定、华丽的角色与暧昧的互动为特色，动画的哥特式氛围浓厚，唯与兄弟们的禁忌关系充满张力，是乙女向吸血鬼题材的作品。萌系画风与细腻的情感表达相结合，角色们的日常相处温馨又有趣，看似平淡的片段都藏着小小的闪光点，整体观感清爽治愈，让人心情随之明朗起来。整体而言，该作在题材表达与情感渲染上均有可取之处，剧情张弛有度，角色令人印象深刻，是一部完成度较高、值得推荐的作品。
369,primary,zh-CN,见习神明 秘密的心灵 第一部,《见习神明 秘密的心灵 第一部》是短篇动画，讲述见习神明少女们帮助人类烦恼的故事。少女们以神明的身份解决人们的愿望，作品以治愈、日常与神明为特色，动画画风可爱、氛围温馨，在轻松的故事中传递温暖，是一部适合放松观看的治愈系作品。作品没有强烈的戏剧冲突，却以细腻的笔触捕捉日常中的微小幸福，角色的喜怒哀乐真实可感，在平实的叙述中悄然传递着生活的温度，适合在忙碌之余放松心情慢慢欣赏。整体而言，该作在题材表达与情感渲染上均有可取之处，剧情张弛有度，角色令人印象深刻，是一部完成度较高、值得推荐的作品。
370,primary,zh-CN,鲁邦三世,《鲁邦三世》是经典怪盗动画系列，讲述怪盗鲁邦三世与伙伴们的冒险。鲁邦在世界各地偷取宝物，与宿敌钱形警部周旋，作品以怪盗、冒险与搞笑为特色，鲁邦的机智与魅力令人着迷，动画的画风与演出充满时代感，是日本动画史上的经典之作。歌舞演出的画面制作精良，每一首歌都与角色心境和剧情推进紧密呼应，少女们在聚光灯下的闪耀与幕后流下的汗水同样动人，传递出追逐梦想、不懈努力的正能量，感染力十足。整体而言，该作在题材表达与情感渲染上均有可取之处，剧情张弛有度，角色令人印象深刻，是一部完成度较高、值得推荐的作品。
371,primary,zh-CN,枪与假面舞会,《枪与假面舞会》改编自同名轻小说。在假面舞会盛行的世界，少年新被卷入了以假面进行战斗的舞会。作品以战斗、悬疑与奇幻为特色，新的成长与舞会的真相层层展开，动画的战斗场面华丽，设定新颖，是一部充满悬疑氛围的奇幻战斗作品。动作设计与演出张力俱佳，随着剧情推进，主角面对的敌人越来越强，战斗方式与自身局限的突破层层升级，配乐与画面配合出色，将热血少年向作品应有的爽快感与成长感都演绎得十分到位。整体而言，该作在题材表达与情感渲染上均有可取之处，剧情张弛有度，角色令人印象深刻，是一部完成度较高、值得推荐的作品。
372,primary,zh-CN,青年黑杰克,《青年黑杰克》改编自手冢治虫的名作，讲述年轻时的黑杰克（间黑男）的故事。青年时期的黑杰克在医学生涯中遭遇各种医疗事件，逐渐形成自己的医道，作品以医疗、人性与黑暗为主题，动画的氛围沉重、探讨深刻，是手冢治虫作品的现代演绎，充满力量与思考。恐怖氛围营造得极具压迫感，画面、音效与节奏配合出色，猎奇的设定与细思极恐的细节让寒意层层渗入，在短小精悍的篇幅内带来强烈的心理冲击，适合胆大的观众挑战。整体而言，该作在题材表达与情感渲染上均有可取之处，剧情张弛有度，角色令人印象深刻，是一部完成度较高、值得推荐的作品。
373,primary,zh-CN,影鳄,《影鳄》是短篇恐怖动画，讲述主人公在调查神秘事件时遭遇影鳄的故事。影鳄是一种吞噬人类的未知生物，作品以恐怖、悬疑与单元剧为特色，动画画风冷峻、氛围压抑，在有限的篇幅内营造出强烈的恐怖感，是一部让人细思极恐的作品。作品没有强烈的戏剧冲突，却以细腻的笔触捕捉日常中的微小幸福，角色的喜怒哀乐真实可感，在平实的叙述中悄然传递着生活的温度，适合在忙碌之余放松心情慢慢欣赏。整体而言，该作在题材表达与情感渲染上均有可取之处，剧情张弛有度，角色令人印象深刻，是一部完成度较高、值得推荐的作品。
374,primary,zh-CN,骇客娃娃,《骇客娃娃》是短篇动画，讲述三台AI骇客娃娃帮助人类的日常。少女骇客娃娃们以各种方式解决人类的问题，作品以科幻、搞笑与日常为特色，动画画风可爱、节奏明快，在轻松搞笑的单元故事中展现AI的有趣互动，是一部轻松解压的泡面番。画风清新、节奏舒缓，人物之间的相处自然而温暖，那些平凡琐碎的片段在动画的演绎下变得闪闪发光，传递出一种治愈人心的宁静力量，是治愈系爱好者不容错过的作品。整体而言，该作在题材表达与情感渲染上均有可取之处，剧情张弛有度，角色令人印象深刻，是一部完成度较高、值得推荐的作品。
375,primary,zh-CN,黑白小姐 第三季,《黑白小姐 第三季》延续系列，虚拟偶像黑白小姐继续追逐偶像梦想。黑白小姐的日常依旧充满无厘头与爆笑，作品以夸张的演出、高速吐槽为特色，动画篇幅短小、节奏飞快，黑白小姐在追梦过程中的搞笑故事层出不穷，是一部轻松解压的搞笑泡面番。作品没有强烈的戏剧冲突，却以细腻的笔触捕捉日常中的微小幸福，角色的喜怒哀乐真实可感，在平实的叙述中悄然传递着生活的温度，适合在忙碌之余放松心情慢慢欣赏。整体而言，该作在题材表达与情感渲染上均有可取之处，剧情张弛有度，角色令人印象深刻，是一部完成度较高、值得推荐的作品。
376,primary,zh-CN,重装武器,《重装武器》改编自同名轻小说。在OBJECT兵器支配的战场上，两名少年以普通士兵的身份挑战巨大的OBJECT。作品以机战、战争与热血为特色，少年们以智慧与勇气对抗压倒性的武力，动画的战斗场面华丽，角色们的成长与羁绊贯穿始终，是一部充满魄力的机战作品。动画的节奏把控张弛有度，战斗场面的分镜与作画都相当扎实，主角在与强敌的较量中不断突破自我，和同伴之间建立的信任与羁绊也为剧情增添了温度，热血与感动并存，值得一看。
377,primary,zh-CN,野良神 ARAGOTO,《野良神 ARAGOTO》是《野良神》第二季，夜斗与日和的故事继续。本季围绕惠比寿、黄泉与夜斗的过去展开，战斗与情感更加深刻，作品以现代神话、热血战斗与温情日常著称，夜斗在追寻自我价值的过程中获得新的羁绊，动画的打斗场面充满张力，是口碑极佳的奇幻作品。作品在热血的打斗之外，也细致刻画了角色们各自的信念与选择，每一次战斗都不仅是力量的较量，更是意志的碰撞，高潮部分张力十足，让观众在肾上腺素飙升的同时也为之动容。
378,primary,zh-CN,K 诸王归来,《K 诸王归来》是《K》系列动画，讲述拥有异能的王与氏族之间的战斗。本季围绕白银之王伊佐那社与众多王的纷争展开，作品以华丽的人设、超能力战斗与群像为特色，动画的配色与演出极具视觉冲击力，王的宿命与氏族成员的羁绊贯穿始终，是一部风格独特的作品。动作设计与演出张力俱佳，随着剧情推进，主角面对的敌人越来越强，战斗方式与自身局限的突破层层升级，配乐与画面配合出色，将热血少年向作品应有的爽快感与成长感都演绎得十分到位。
379,primary,zh-CN,苍穹之法芙娜 EXODUS 第2部分,《苍穹之法芙娜 EXODUS 第2部分》是《苍穹之法芙娜》的续作，少年少女们驾驶法芙娜继续与Festum战斗。本季的战争更加惨烈，第二代驾驶员们的牺牲与成长令人动容，作品以悲壮的战争、深刻的生死探讨著称，动画的机战场面精良，氛围沉重而感人，是硬核科幻动画的经典。动画的节奏把控张弛有度，战斗场面的分镜与作画都相当扎实，主角在与强敌的较量中不断突破自我，和同伴之间建立的信任与羁绊也为剧情增添了温度，热血与感动并存，值得一看。
380,primary,zh-CN,金田一少年事件簿R 2期,《金田一少年事件簿R 2期》延续系列，金田一一继续破解各种疑难案件。本季的案件依旧充满本格推理的魅力，密室、不在场证明等谜题精巧，作品以推理、悬疑与紧张剧情为特色，金田一的推理过程抽丝剥茧，真相的出人意料令人叹服，是日式推理动画的代表作。悬疑氛围铺垫扎实，人物之间暗流涌动的博弈与隐藏的秘密交织出复杂的叙事网络，叙事节奏收放自如，高潮部分的揭示震撼有力，看完之后依然值得反复回味其中的细节。整体而言，该作在题材表达与情感渲染上均有可取之处，剧情张弛有度，角色令人印象深刻，是一部完成度较高、值得推荐的作品。
381,primary,zh-CN,传颂之物 虚伪的假面,《传颂之物 虚伪的假面》改编自同名游戏。失去记忆的少年哈克在迷之少女久远帮助下，加入大国大和的政治斗争。作品以奇幻、政治与群像为特色，哈克在乱世中的成长与决策充满张力，动画的世界观宏大、角色众多，剧情在冒险与权谋间展开，是传颂之物系列的续作。世界观设定丰富而自成体系，随着冒险推进，更多奇妙的种族、地点与力量体系逐一展开，角色们在旅途中收获成长与羁绊，画面与配乐共同营造出充满想象力的奇幻氛围，令人沉浸其中。
382,primary,zh-CN,Peeping Life TV シーズン1 ??,《Peeping Life TV 第一季》是短篇动画，以独特的画风讲述日常中的各种搞笑场景。作品以观察日常、冷幽默与恶搞为特色，动画将普通生活的细节夸张演绎，画风独特、节奏明快，在短小的篇幅内呈现密集的笑点，是一部风格鲜明的搞笑泡面番。作品没有强烈的戏剧冲突，却以细腻的笔触捕捉日常中的微小幸福，角色的喜怒哀乐真实可感，在平实的叙述中悄然传递着生活的温度，适合在忙碌之余放松心情慢慢欣赏。整体而言，该作在题材表达与情感渲染上均有可取之处，剧情张弛有度，角色令人印象深刻，是一部完成度较高、值得推荐的作品。
383,primary,zh-CN,家有穆珂,《家有穆珂》改编自同名漫画，讲述金毛犬穆珂与玻璃匠主人小松的温馨日常。穆珂以犬的视角观察世界，与主人的互动充满治愈气息，作品以宠物、日常与温情为特色，动画画风可爱、氛围温暖，穆珂的可爱与主人的温柔令人会心一笑，是一部治愈系的宠物日常作品。画风清新、节奏舒缓，人物之间的相处自然而温暖，那些平凡琐碎的片段在动画的演绎下变得闪闪发光，传递出一种治愈人心的宁静力量，是治愈系爱好者不容错过的作品。整体而言，该作在题材表达与情感渲染上均有可取之处，剧情张弛有度，角色令人印象深刻，是一部完成度较高、值得推荐的作品。
384,primary,zh-CN,学战都市 六芒星,《学战都市 六芒星》是系列第一季，讲述天雾绫斗在星导馆学园的战斗。绫斗为查明姐姐失踪的真相而加入战斗，与各具实力的对手展开学园竞技，作品以学园战斗、热血与奇幻为特色，绫斗的成长与伙伴们的羁绊贯穿始终，动画的战斗场面华丽，是一部标准的轻改学园战斗番。动作设计与演出张力俱佳，随着剧情推进，主角面对的敌人越来越强，战斗方式与自身局限的突破层层升级，配乐与画面配合出色，将热血少年向作品应有的爽快感与成长感都演绎得十分到位。
385,primary,zh-CN,落第骑士英雄谭,《落第骑士英雄谭》改编自同名轻小说。在魔法骑士学园中，被称为落第骑士的少年黑铁一辉与最强的少女斯特拉相遇，两人并肩战斗。作品以学园战斗、热血与恋爱为特色，一辉凭借剑术与智慧挑战强敌，动画的战斗场面华丽，一辉与斯特拉的互动甜度十足，是一部兼具热血与恋爱的作品。动画的节奏把控张弛有度，战斗场面的分镜与作画都相当扎实，主角在与强敌的较量中不断突破自我，和同伴之间建立的信任与羁绊也为剧情增添了温度，热血与感动并存，值得一看。
386,primary,zh-CN,终物语,《终物语》是物语系列动画，讲述阿良良木历高中最后一个春天的故事。本季围绕历与神原骏河、忍野扇等人的纠葛展开，系列的谜团逐渐揭晓，作品以独特的对白风格、极致的画面表现与充满思辨的叙事著称，历在怪异事件中的抉择充满深度，是物语系列的重要篇章。角色的成长与友情线索贯穿始终，校园场景的描绘充满生活气息，那些关于梦想、竞争与陪伴的片段真实动人，在轻松愉快的基调里传递着积极向上的力量，令人会心一笑。整体而言，该作在题材表达与情感渲染上均有可取之处，剧情张弛有度，角色令人印象深刻，是一部完成度较高、值得推荐的作品。
387,primary,zh-CN,KOWABON,《KOWABON》是短篇恐怖动画，以3DCG描绘现代都市中的恐怖怪谈。作品以恐怖、悬疑与都市传说为特色，动画的画风独特、氛围阴森，在有限的篇幅内营造出强烈的恐怖感，各种细思极恐的故事让人不寒而栗，是恐怖动画爱好者值得一看的作品。作品没有强烈的戏剧冲突，却以细腻的笔触捕捉日常中的微小幸福，角色的喜怒哀乐真实可感，在平实的叙述中悄然传递着生活的温度，适合在忙碌之余放松心情慢慢欣赏。整体而言，该作在题材表达与情感渲染上均有可取之处，剧情张弛有度，角色令人印象深刻，是一部完成度较高、值得推荐的作品。
388,primary,zh-CN,进击！巨人中学校,《进击！巨人中学校》是《进击的巨人》的衍生搞笑动画，将原作角色放入中学校园的日常。艾伦、三笠等角色在校园中展开搞笑的日常，作品以恶搞、吐槽与日常为特色，将巨人的严肃设定彻底喜剧化，动画篇幅短小、笑点密集，是巨人粉丝不容错过的轻松作品。作品没有强烈的戏剧冲突，却以细腻的笔触捕捉日常中的微小幸福，角色的喜怒哀乐真实可感，在平实的叙述中悄然传递着生活的温度，适合在忙碌之余放松心情慢慢欣赏。整体而言，该作在题材表达与情感渲染上均有可取之处，剧情张弛有度，角色令人印象深刻，是一部完成度较高、值得推荐的作品。
389,primary,zh-CN,排球少年 第二季,《排球少年 第二季》延续第一季，乌野高中排球部继续征战。日向与影山在合宿与比赛中不断成长，本季的对手更加强大，作品以真实的排球描写、热血的对战与团队成长著称，乌野全员的努力与羁绊令人热血沸腾，是运动题材动画中的经典之作。动作设计与演出张力俱佳，随着剧情推进，主角面对的敌人越来越强，战斗方式与自身局限的突破层层升级，配乐与画面配合出色，将热血少年向作品应有的爽快感与成长感都演绎得十分到位。整体而言，该作在题材表达与情感渲染上均有可取之处，剧情张弛有度，角色令人印象深刻，是一部完成度较高、值得推荐的作品。
390,primary,zh-CN,机动战士高达 铁血的奥尔芬斯,《机动战士高达 铁血的奥尔芬斯》是高达系列动画，讲述火星少年们的战斗。三日月与铁华团在火星的压迫下拿起机体反抗，作品以机战、热血与群像为特色，铁华团的少年们在残酷世界中挣扎求生，动画的战斗场面惨烈，角色们的牺牲与信念令人动容，是高达系列中风格独特的作品。动作设计与演出张力俱佳，随着剧情推进，主角面对的敌人越来越强，战斗方式与自身局限的突破层层升级，配乐与画面配合出色，将热血少年向作品应有的爽快感与成长感都演绎得十分到位。
391,primary,zh-CN,温泉幼精箱根酱,《温泉幼精箱根酱》是短篇动画，讲述温泉的幼精箱根酱与少年冬哉的日常。箱根酱来到人间与冬哉相遇，作品以治愈、温泉与日常为特色，动画画风可爱、氛围轻松，在温泉背景中展开温馨的互动，是一部适合放松观看的治愈系泡面番。作品没有强烈的戏剧冲突，却以细腻的笔触捕捉日常中的微小幸福，角色的喜怒哀乐真实可感，在平实的叙述中悄然传递着生活的温度，适合在忙碌之余放松心情慢慢欣赏。整体而言，该作在题材表达与情感渲染上均有可取之处，剧情张弛有度，角色令人印象深刻，是一部完成度较高、值得推荐的作品。
392,primary,zh-CN,雨色可可 欢迎来到Rainy color！,《雨色可可 欢迎来到Rainy color！》是《雨色可可》系列，讲述咖啡店雨色咖啡馆的日常。本季延续咖啡店的温馨故事，店员与客人们的互动充满治愈气息，作品以治愈、日常与咖啡为特色，动画画风清新、氛围宁静，是一部适合放松观看的治愈系作品。画风清新、节奏舒缓，人物之间的相处自然而温暖，那些平凡琐碎的片段在动画的演绎下变得闪闪发光，传递出一种治愈人心的宁静力量，是治愈系爱好者不容错过的作品。整体而言，该作在题材表达与情感渲染上均有可取之处，剧情张弛有度，角色令人印象深刻，是一部完成度较高、值得推荐的作品。
393,primary,zh-CN,小森同学拒绝不了！,《小森同学拒绝不了！》改编自同名漫画。小森同学无法拒绝他人的请求，日常中不断被卷入各种事件。作品以搞笑、日常与吐槽为特色，小森的困扰与周围人的互动充满笑料，动画篇幅短小、节奏明快，在轻松的日常中展现小森的可爱，是一部轻松解压的泡面番。作品没有强烈的戏剧冲突，却以细腻的笔触捕捉日常中的微小幸福，角色的喜怒哀乐真实可感，在平实的叙述中悄然传递着生活的温度，适合在忙碌之余放松心情慢慢欣赏。整体而言，该作在题材表达与情感渲染上均有可取之处，剧情张弛有度，角色令人印象深刻，是一部完成度较高、值得推荐的作品。
394,primary,zh-CN,彗星路西法,《彗星路西法》是原创动画，讲述少年宗吾在矿山小镇与谜之少女相遇的故事。宗吾与少女露茜奥在冒险中逐渐了解世界的秘密，作品以奇幻、冒险与成长为主题，动画的画面精美、氛围温暖，宗吾与露茜奥的羁绊贯穿始终，是一部充满治愈气息的冒险作品。作品没有强烈的戏剧冲突，却以细腻的笔触捕捉日常中的微小幸福，角色的喜怒哀乐真实可感，在平实的叙述中悄然传递着生活的温度，适合在忙碌之余放松心情慢慢欣赏。整体而言，该作在题材表达与情感渲染上均有可取之处，剧情张弛有度，角色令人印象深刻，是一部完成度较高、值得推荐的作品。
395,primary,zh-CN,Concrete Revolutio 超人幻想,《Concrete Revolutio 超人幻想》是系列第一季，讲述在超人共存的世界中，超人课处理各种超人事物的故事。主角日野日出郎在正义与秩序间的抉择贯穿全片，作品以复杂的叙事结构、鲜明的社会批判色彩著称，探讨关于英雄、人性与时代的沉重命题，是风格独树一帜的幻想群像剧。在真实的历史底色上，作品加入了精彩的人物演绎与情节张力，时代变迁与个人选择相互映照，气势恢宏又不乏细腻情感，是一部兼具历史厚度与故事魅力的作品。
396,primary,zh-CN,一拳超人,《一拳超人》改编自同名漫画。拥有绝对力量的英雄埼玉，因过于强大而对战斗感到无聊，作品以热血战斗、搞笑与英雄为主题，埼玉一拳解决敌人的爽快感与各种英雄的群像描绘相得益彰，动画的战斗场面华丽震撼，是近年来最具影响力的热血作品之一。动作设计与演出张力俱佳，随着剧情推进，主角面对的敌人越来越强，战斗方式与自身局限的突破层层升级，配乐与画面配合出色，将热血少年向作品应有的爽快感与成长感都演绎得十分到位。整体而言，该作在题材表达与情感渲染上均有可取之处，剧情张弛有度，角色令人印象深刻，是一部完成度较高、值得推荐的作品。
397,primary,zh-CN,女高中生给你做饭了！,《女高中生给你做饭了！》是短篇动画，讲述女高中生们制作料理的故事。作品以美食、日常与治愈为特色，少女们在制作各种料理的过程充满趣味，动画将美食的诱人呈现与少女们的互动结合，画风可爱、氛围轻松，是一部兼具美食与萌点的短篇作品。作品没有强烈的戏剧冲突，却以细腻的笔触捕捉日常中的微小幸福，角色的喜怒哀乐真实可感，在平实的叙述中悄然传递着生活的温度，适合在忙碌之余放松心情慢慢欣赏。整体而言，该作在题材表达与情感渲染上均有可取之处，剧情张弛有度，角色令人印象深刻，是一部完成度较高、值得推荐的作品。
398,primary,zh-CN,网球并不可笑嘛 6期,《网球并不可笑嘛 6期》延续系列，网球部少女们的无厘头日常继续。作品以高速吐槽、夸张演出与脑洞大开的桥段为特色，将网球恶搞成各种爆笑场景，每一话篇幅极短却笑点密集，是一部让人捧腹大笑的轻松泡面番，适合在碎片时间观看解压。画风清新、节奏舒缓，人物之间的相处自然而温暖，那些平凡琐碎的片段在动画的演绎下变得闪闪发光，传递出一种治愈人心的宁静力量，是治愈系爱好者不容错过的作品。整体而言，该作在题材表达与情感渲染上均有可取之处，剧情张弛有度，角色令人印象深刻，是一部完成度较高、值得推荐的作品。
399,primary,zh-CN,阿松,《阿松》改编自赤冢不二夫的经典漫画，讲述松野家六胞胎的日常。六胞胎长相相同却性格各异，在废柴生活中闹出各种笑话，作品以恶搞、吐槽与社会讽刺为特色，动画的演出大胆奔放，在无厘头的日常中暗含对现实的调侃，是现象级的搞笑动画。作品没有强烈的戏剧冲突，却以细腻的笔触捕捉日常中的微小幸福，角色的喜怒哀乐真实可感，在平实的叙述中悄然传递着生活的温度，适合在忙碌之余放松心情慢慢欣赏。整体而言，该作在题材表达与情感渲染上均有可取之处，剧情张弛有度，角色令人印象深刻，是一部完成度较高、值得推荐的作品。
400,primary,zh-CN,摇曳百合 3☆High!,《摇曳百合 3☆High!》是《摇曳百合》系列动画，讲述七森中学娱乐部少女们的日常。灯里与好友们在活动室中度过欢乐的时光，作品以百合、日常与搞笑为特色，少女们的互动充满萌点与笑料，动画画风可爱、氛围轻松，是百合日常动画的经典之作。作品没有强烈的戏剧冲突，却以细腻的笔触捕捉日常中的微小幸福，角色的喜怒哀乐真实可感，在平实的叙述中悄然传递着生活的温度，适合在忙碌之余放松心情慢慢欣赏。整体而言，该作在题材表达与情感渲染上均有可取之处，剧情张弛有度，角色令人印象深刻，是一部完成度较高、值得推荐的作品。
401,primary,zh-CN,高校星歌剧,《高校星歌剧》是音乐题材动画，讲述星路学园音乐科学生们的成长。为登上梦想的舞台，少年们在学园中接受训练、追逐梦想，作品以音乐、青春与群像为特色，角色们各具个性，歌舞场面充满感染力，动画的氛围温馨励志，是一部充满正能量的音乐作品。画风清新、节奏舒缓，人物之间的相处自然而温暖，那些平凡琐碎的片段在动画的演绎下变得闪闪发光，传递出一种治愈人心的宁静力量，是治愈系爱好者不容错过的作品。整体而言，该作在题材表达与情感渲染上均有可取之处，剧情张弛有度，角色令人印象深刻，是一部完成度较高、值得推荐的作品。
402,primary,zh-CN,新我们这一家,《新我们这一家》是《我们这一家》的续作，讲述花妈一家的搞笑日常。花妈与老公、子女的平凡生活充满笑料，作品以家庭喜剧、日常与吐槽为特色，动画将家庭生活的琐碎演绎得生动有趣，氛围温馨，是一部充满生活气息的搞笑作品。作品没有强烈的戏剧冲突，却以细腻的笔触捕捉日常中的微小幸福，角色的喜怒哀乐真实可感，在平实的叙述中悄然传递着生活的温度，适合在忙碌之余放松心情慢慢欣赏。整体而言，该作在题材表达与情感渲染上均有可取之处，剧情张弛有度，角色令人印象深刻，是一部完成度较高、值得推荐的作品。
403,primary,zh-CN,绯弹的亚里亚AA,《绯弹的亚里亚AA》是《绯弹的亚里亚》的外传，讲述武侦高中的少女们的战斗。以明里为中心的少女武侦们在学园中执行任务，作品以动作、学园与群像为特色，少女们的战斗场面华丽，角色们的互动充满魅力，是绯弹系列的外传作品。动画的节奏把控张弛有度，战斗场面的分镜与作画都相当扎实，主角在与强敌的较量中不断突破自我，和同伴之间建立的信任与羁绊也为剧情增添了温度，热血与感动并存，值得一看。整体而言，该作在题材表达与情感渲染上均有可取之处，剧情张弛有度，角色令人印象深刻，是一部完成度较高、值得推荐的作品。
404,primary,zh-CN,DD北斗神拳2 草莓味+,《DD北斗神拳2 草莓味+》是北斗神拳的Q版搞笑动画，将经典角色Q版化并展开日常。健次郎等角色在Q版世界中闹出各种笑话，作品以恶搞、吐槽与日常为特色，动画篇幅短小、笑点密集，是北斗神拳粉丝不容错过的轻松作品。画风清新、节奏舒缓，人物之间的相处自然而温暖，那些平凡琐碎的片段在动画的演绎下变得闪闪发光，传递出一种治愈人心的宁静力量，是治愈系爱好者不容错过的作品。整体而言，该作在题材表达与情感渲染上均有可取之处，剧情张弛有度，角色令人印象深刻，是一部完成度较高、值得推荐的作品。
405,primary,zh-CN,侦探小队KZ事件簿,《侦探小队KZ事件簿》是推理短篇动画，讲述少年侦探小队解决校园事件的故事。成员们各有所长，在追查事件中展现推理能力，作品以推理、悬疑与校园为特色，动画的篇幅短小、节奏明快，在轻松的推理中展现少年们的智慧，是适合青少年观看的推理作品。作品没有强烈的戏剧冲突，却以细腻的笔触捕捉日常中的微小幸福，角色的喜怒哀乐真实可感，在平实的叙述中悄然传递着生活的温度，适合在忙碌之余放松心情慢慢欣赏。整体而言，该作在题材表达与情感渲染上均有可取之处，剧情张弛有度，角色令人印象深刻，是一部完成度较高、值得推荐的作品。
406,primary,zh-CN,我被绑架到贵族女校当「庶民样本」,《我被绑架到贵族女校当「庶民样本」》改编自同名轻小说。普通高中生神乐坂公人被绑架到只有千金小姐的贵族女校，作为了解庶民生活的样本。作品以学园、后宫与搞笑为特色，公人与千金小姐们的互动充满笑料与暧昧，动画的设定新颖有趣，是一部轻松愉快的校园后宫作品。作品没有强烈的戏剧冲突，却以细腻的笔触捕捉日常中的微小幸福，角色的喜怒哀乐真实可感，在平实的叙述中悄然传递着生活的温度，适合在忙碌之余放松心情慢慢欣赏。
407,primary,zh-CN,与魔共舞,《与魔共舞》是女性向动画，讲述少女立华律香与恶魔们的恋爱物语。律香在卷入恶魔的游戏中，与各具魅力的恶魔们互动，作品以恋爱、奇幻与音乐为特色，动画的哥特式氛围浓厚、角色华丽，律香与恶魔们的纠葛充满张力，是乙女向动画的作品。作品在甜蜜之余也保留了青春特有的青涩与迷茫，主角在感情中的成长与抉择贯穿始终，配乐温润、画面明丽，将恋爱中的忐忑、欢喜与遗憾都拿捏得恰到好处，适合慢慢品味。整体而言，该作在题材表达与情感渲染上均有可取之处，剧情张弛有度，角色令人印象深刻，是一部完成度较高、值得推荐的作品。
408,primary,zh-CN,樱子小姐的脚下埋着尸体,《樱子小姐的脚下埋着尸体》改编自同名小说。喜爱骨头的樱子小姐与少年馆胁正太郎一起，通过骨头解开各种事件。作品以推理、悬疑与日常为特色，樱子小姐的专业知识与独特的性格充满魅力，动画在推理中展现人性的温暖，是一部兼具悬疑与温情推理作品。作品没有强烈的戏剧冲突，却以细腻的笔触捕捉日常中的微小幸福，角色的喜怒哀乐真实可感，在平实的叙述中悄然传递着生活的温度，适合在忙碌之余放松心情慢慢欣赏。整体而言，该作在题材表达与情感渲染上均有可取之处，剧情张弛有度，角色令人印象深刻，是一部完成度较高、值得推荐的作品。
409,primary,zh-CN,对魔导学园35试验小队,《对魔导学园35试验小队》改编自同名轻小说。在魔法被禁止的世界，对魔导学园的35试验小队执行回收魔导遗产的任务。队长草薙哮与队员们在任务中成长，作品以学园战斗、奇幻与群像为特色，战斗场面华丽，角色们的羁绊贯穿始终，是一部标准的轻改学园战斗番。动画的节奏把控张弛有度，战斗场面的分镜与作画都相当扎实，主角在与强敌的较量中不断突破自我，和同伴之间建立的信任与羁绊也为剧情增添了温度，热血与感动并存，值得一看。
410,primary,zh-CN,不思议美眉,《不思议美眉》改编自同名四格漫画，讲述自称超能力者的少女野々村真由的日常。真由的妄想与超能力设定充满搞笑，作品以日常、恶搞与吐槽为特色，动画篇幅短小、节奏明快，在轻松搞笑的日常中展现少女的可爱，是一部轻松解压的泡面番。画风清新、节奏舒缓，人物之间的相处自然而温暖，那些平凡琐碎的片段在动画的演绎下变得闪闪发光，传递出一种治愈人心的宁静力量，是治愈系爱好者不容错过的作品。整体而言，该作在题材表达与情感渲染上均有可取之处，剧情张弛有度，角色令人印象深刻，是一部完成度较高、值得推荐的作品。
411,primary,zh-CN,全部成为F THE PERFECT INSIDER,《全部成为F THE PERFECT INSIDER》改编自森博嗣的推理小说。建筑系大学生犀川创平与研究员西之园萌绘拜访孤岛研究所，卷入密室杀人事件。作品以本格推理、悬疑与哲学为特色，案件的设计精巧，对科学与人性的探讨深刻，动画的氛围冷静理性，是一部充满知性的推理作品。单元事件与主线阴谋环环相扣，角色在追查真相的过程中不断面临抉择与牺牲，冷峻的色调与紧张的配乐将不安感渲染得恰到好处，推理与人性刻画并重，颇具深度。
412,primary,zh-CN,牙狼 红莲之月,《牙狼 红莲之月》是牙狼系列动画，以平安时代为舞台，讲述魔戒骑士与魔物霍拉的战斗。阴阳师与魔戒骑士在妖异的时代中守护人类，作品以和风奇幻、华丽的战斗为特色，动画将牙狼的铠甲与和风美学结合，战斗场面震撼，是牙狼系列风格独特的作品。动画的节奏把控张弛有度，战斗场面的分镜与作画都相当扎实，主角在与强敌的较量中不断突破自我，和同伴之间建立的信任与羁绊也为剧情增添了温度，热血与感动并存，值得一看。整体而言，该作在题材表达与情感渲染上均有可取之处，剧情张弛有度，角色令人印象深刻，是一部完成度较高、值得推荐的作品。
413,primary,zh-CN,新妹魔王的契约者 BURST,《新妹魔王的契约者 BURST》是《新妹魔王的契约者》第二季，刃更与魔王之女们的战斗继续。本季的对手更加强大，刃更体内的魔王血脉进一步觉醒，作品以福利、热血战斗与后宫元素结合，动画的战斗场面华丽，福利与热血并存，是一部标准的轻改战斗后宫番。作品在热血的打斗之外，也细致刻画了角色们各自的信念与选择，每一次战斗都不仅是力量的较量，更是意志的碰撞，高潮部分张力十足，让观众在肾上腺素飙升的同时也为之动容。
414,primary,zh-CN,请问您今天要来点兔子吗？？,《请问您今天要来点兔子吗？？》是《请问您今天要来点兔子吗？》第二季，少女们在Rabbit House的日常继续。心爱与智乃等少女们度过更多温馨的时光，作品以可爱的角色、温馨的日常与甜点为主题，画面明亮治愈，是萌系日常动画的代表作。作品没有强烈的戏剧冲突，却以细腻的笔触捕捉日常中的微小幸福，角色的喜怒哀乐真实可感，在平实的叙述中悄然传递着生活的温度，适合在忙碌之余放松心情慢慢欣赏。整体而言，该作在题材表达与情感渲染上均有可取之处，剧情张弛有度，角色令人印象深刻，是一部完成度较高、值得推荐的作品。
415,primary,zh-CN,终结的炽天使 名古屋决战篇,《终结的炽天使 名古屋决战篇》是《终结的炽天使》第二季，优一郎与筱娅等人名古屋决战。人类与吸血鬼的战争全面展开，优一郎的愤怒与成长交织，作品以吸血鬼、战斗与复仇为主题，动画的战斗场面惨烈，氛围黑暗而热血，是吸血鬼题材中的热门作品。动画的节奏把控张弛有度，战斗场面的分镜与作画都相当扎实，主角在与强敌的较量中不断突破自我，和同伴之间建立的信任与羁绊也为剧情增添了温度，热血与感动并存，值得一看。整体而言，该作在题材表达与情感渲染上均有可取之处，剧情张弛有度，角色令人印象深刻，是一部完成度较高、值得推荐的作品。
416,primary,zh-CN,女武神驱动 美人鱼,《女武神驱动 美人鱼》是《女武神驱动》系列动画，讲述少女们的战斗。拥有特殊力量的少女们在岛上觉醒，作品以战斗、百合与福利为特色，少女们的战斗场面华丽，动画将变身与战斗结合，福利元素充足，是一部面向特定受众的作品。动作设计与演出张力俱佳，随着剧情推进，主角面对的敌人越来越强，战斗方式与自身局限的突破层层升级，配乐与画面配合出色，将热血少年向作品应有的爽快感与成长感都演绎得十分到位。整体而言，该作在题材表达与情感渲染上均有可取之处，剧情张弛有度，角色令人印象深刻，是一部完成度较高、值得推荐的作品。
417,primary,zh-CN,怪物弹珠,《怪物弹珠》改编自同名游戏，讲述少年焰莲与伙伴们使用弹珠战斗的故事。焰莲在怪物弹珠的世界中与各种怪物对战，作品以冒险、战斗与友为特色，动画的战斗场面华丽，角色们的冒险充满趣味，是游戏改编动画中的作品。动作设计与演出张力俱佳，随着剧情推进，主角面对的敌人越来越强，战斗方式与自身局限的突破层层升级，配乐与画面配合出色，将热血少年向作品应有的爽快感与成长感都演绎得十分到位。整体而言，该作在题材表达与情感渲染上均有可取之处，剧情张弛有度，角色令人印象深刻，是一部完成度较高、值得推荐的作品。
418,primary,zh-CN,血型君3,《血型君3》是《血型君》系列第三季，继续以拟人化的血型角色展开搞笑日常。A、B、O、AB四种血型的角色们通过性格差异制造笑料，作品以搞笑、日常与科普为特色，动画画风简单可爱、篇幅短小，是一部轻松解压的泡面番。作品没有强烈的戏剧冲突，却以细腻的笔触捕捉日常中的微小幸福，角色的喜怒哀乐真实可感，在平实的叙述中悄然传递着生活的温度，适合在忙碌之余放松心情慢慢欣赏。整体而言，该作在题材表达与情感渲染上均有可取之处，剧情张弛有度，角色令人印象深刻，是一部完成度较高、值得推荐的作品。
419,primary,zh-CN,动画锻炼！EX,《动画锻炼！EX》是短篇动画，讲述少女们在学园中锻炼身体的故事。作品以健身、日常与福利为特色，少女们在锻炼中的互动充满趣味，动画篇幅短小、节奏明快，在轻松的日常中展现少女们的活力，是一部轻松解压的泡面番。画风清新、节奏舒缓，人物之间的相处自然而温暖，那些平凡琐碎的片段在动画的演绎下变得闪闪发光，传递出一种治愈人心的宁静力量，是治愈系爱好者不容错过的作品。整体而言，该作在题材表达与情感渲染上均有可取之处，剧情张弛有度，角色令人印象深刻，是一部完成度较高、值得推荐的作品。
420,primary,zh-CN,精灵宝可梦XY&Z,《精灵宝可梦XY&Z》是宝可梦动画系列，小智与皮卡丘在卡洛斯地区继续冒险。本季引入超级进化与新的劲敌，小智与伙伴们的对战更加精彩，作品以冒险、战斗与羁绊为特色，动画的华丽战斗场面与宝可梦之间的深厚感情令人动容，是宝可梦动画的高人气作品。动作设计与演出张力俱佳，随着剧情推进，主角面对的敌人越来越强，战斗方式与自身局限的突破层层升级，配乐与画面配合出色，将热血少年向作品应有的爽快感与成长感都演绎得十分到位。
421,primary,zh-CN,姐姐来了,《姐姐来了》是短篇动画，讲述少年与姐姐们的日常。主角在姐姐们的包围下生活，作品以家庭喜剧、福利与搞笑为特色，动画篇幅短小、节奏明快，在轻松搞笑的日常中展现姐姐们的魅力，是一部轻松解压的泡面番。作品没有强烈的戏剧冲突，却以细腻的笔触捕捉日常中的微小幸福，角色的喜怒哀乐真实可感，在平实的叙述中悄然传递着生活的温度，适合在忙碌之余放松心情慢慢欣赏。整体而言，该作在题材表达与情感渲染上均有可取之处，剧情张弛有度，角色令人印象深刻，是一部完成度较高、值得推荐的作品。
422,primary,zh-CN,疾走王子 Alternative,《疾走王子 Alternative》是运动题材动画，讲述男子竞速运动疾走的物语。少年们为参加疾走竞技而组成队伍，在赛道上挥洒汗水，作品以运动、热血与群像为特色，动画的竞速场面充满速度感，角色们的成长与羁绊贯穿始终，是一部充满活力的运动作品。作品在热血的打斗之外，也细致刻画了角色们各自的信念与选择，每一次战斗都不仅是力量的较量，更是意志的碰撞，高潮部分张力十足，让观众在肾上腺素飙升的同时也为之动容。
423,primary,zh-CN,无彩限的怪灵世界,《无彩限的怪灵世界》改编自同名轻小说。在脑机能变异引发的怪灵频发的世界中，少年一条晴彦与同伴们对抗怪灵。作品以奇幻、战斗与搞笑为特色，晴彦与怪灵们的故事充满趣味，动画的战斗场面华丽、福利元素充足，是一部轻松愉快的奇幻战斗作品。动作设计与演出张力俱佳，随着剧情推进，主角面对的敌人越来越强，战斗方式与自身局限的突破层层升级，配乐与画面配合出色，将热血少年向作品应有的爽快感与成长感都演绎得十分到位。整体而言，该作在题材表达与情感渲染上均有可取之处，剧情张弛有度，角色令人印象深刻，是一部完成度较高、值得推荐的作品。
424,primary,zh-CN,春&夏推理事件簿～春太与千夏的青春～,《春&夏推理事件簿》改编自同名小说。高中生春太与千夏在吹奏乐部中，通过音乐与推理解决校园事件。作品以推理、音乐与青春为特色，春太的音乐才能与千夏的搭档互动充满魅力，动画在推理中展现青春的烦恼与成长，是一部兼具悬疑与温情的作品。歌舞演出的画面制作精良，每一首歌都与角色心境和剧情推进紧密呼应，少女们在聚光灯下的闪耀与幕后流下的汗水同样动人，传递出追逐梦想、不懈努力的正能量，感染力十足。整体而言，该作在题材表达与情感渲染上均有可取之处，剧情张弛有度，角色令人印象深刻，是一部完成度较高、值得推荐的作品。
425,primary,zh-CN,Active Raid -机动强袭室第八课-,《Active Raid -机动强袭室第八课-》是原创动画，讲述特殊部队第八课使用强化装甲对抗罪犯的故事。第八课的队员们执行各种危险任务，作品以机战、警察与群像为特色，动画的战斗场面华丽，队员们的日常与任务交织，节奏明快，是一部轻松热血的机战作品。作品在热血的打斗之外，也细致刻画了角色们各自的信念与选择，每一次战斗都不仅是力量的较量，更是意志的碰撞，高潮部分张力十足，让观众在肾上腺素飙升的同时也为之动容。
426,primary,zh-CN,少女们向荒野进发,《少女们向荒野进发》改编自同名游戏。少年北条文太郎与少女们为了制作游戏而集结，作品以游戏制作、青春与恋爱为特色，少女们在制作游戏的过程中逐渐成长，动画的氛围温馨，角色们的互动充满魅力，是一部关于青春与梦想的作品。角色间的互动刻画得细腻自然，那些欲言又止的心意、别扭又真诚的靠近都真实而动人，情感线与日常情节交织，让观众在会心一笑与怦然心动之间反复横跳，是一部让人回味无穷的恋爱物语。整体而言，该作在题材表达与情感渲染上均有可取之处，剧情张弛有度，角色令人印象深刻，是一部完成度较高、值得推荐的作品。
427,primary,zh-CN,命运九重奏,《命运九重奏》改编自同名乙女游戏。少女结贺驱与九位少年的相遇，展开命运的交织。作品以恋爱、奇幻与群像为特色，角色们各具个性，动画的氛围华丽温馨，驱与少年们的互动充满浪漫气息，是乙女向动画的作品。角色间的互动刻画得细腻自然，那些欲言又止的心意、别扭又真诚的靠近都真实而动人，情感线与日常情节交织，让观众在会心一笑与怦然心动之间反复横跳，是一部让人回味无穷的恋爱物语。整体而言，该作在题材表达与情感渲染上均有可取之处，剧情张弛有度，角色令人印象深刻，是一部完成度较高、值得推荐的作品。
428,primary,zh-CN,只有我不存在的城市,《只有我不存在的城市》改编自同名漫画。青年藤沼悟拥有回到过去的重演能力，为拯救被绑架杀害的同学，他回到小学时代，试图改变悲剧。作品以悬疑、时间旅行与温情为主题，悟的救赎之旅充满紧张与感动，动画的剧情层层递进，结局令人动容，是近年来的悬疑佳作。悬疑氛围铺垫扎实，人物之间暗流涌动的博弈与隐藏的秘密交织出复杂的叙事网络，叙事节奏收放自如，高潮部分的揭示震撼有力，看完之后依然值得反复回味其中的细节。整体而言，该作在题材表达与情感渲染上均有可取之处，剧情张弛有度，角色令人印象深刻，是一部完成度较高、值得推荐的作品。
429,primary,zh-CN,大叔与棉花糖,《大叔与棉花糖》是短篇动画，讲述大叔日下与喜爱棉花糖的女同事若林之间的互动。若林对棉花糖的执念与大叔的吐槽充满笑料，作品以日常、搞笑与恋爱为特色，动画篇幅短小、节奏明快，在轻松的日常中展现两人的温馨互动，是一部轻松解压的泡面番。角色间的互动刻画得细腻自然，那些欲言又止的心意、别扭又真诚的靠近都真实而动人，情感线与日常情节交织，让观众在会心一笑与怦然心动之间反复横跳，是一部让人回味无穷的恋爱物语。整体而言，该作在题材表达与情感渲染上均有可取之处，剧情张弛有度，角色令人印象深刻，是一部完成度较高、值得推荐的作品。
430,primary,zh-CN,梦幻之星online2,《梦幻之星online2》改编自同名游戏，讲述在虚拟世界中少年少女们的冒险。主角们在梦幻之星的世界中战斗与探索，作品以冒险、战斗与群像为特色，动画的世界观宏大，角色们的冒险充满趣味，是游戏改编动画中的作品。动画的节奏把控张弛有度，战斗场面的分镜与作画都相当扎实，主角在与强敌的较量中不断突破自我，和同伴之间建立的信任与羁绊也为剧情增添了温度，热血与感动并存，值得一看。整体而言，该作在题材表达与情感渲染上均有可取之处，剧情张弛有度，角色令人印象深刻，是一部完成度较高、值得推荐的作品。
431,primary,zh-CN,粗点心战争,《粗点心战争》改编自同名漫画。乡下点心店少年鹿田九与都市少女枝垂萤相遇，枝垂萤对粗点心的执念展开各种比拼。作品以美食、搞笑与日常为特色，动画将粗点心的魅力与角色们的互动结合，笑点密集，在轻松的日常中展现点心的趣味，是一部充满欢乐的作品。动作设计与演出张力俱佳，随着剧情推进，主角面对的敌人越来越强，战斗方式与自身局限的突破层层升级，配乐与画面配合出色，将热血少年向作品应有的爽快感与成长感都演绎得十分到位。
432,primary,zh-CN,暗杀教室 第二季,《暗杀教室 第二季》是系列最终季，3年E班的学生们继续为暗杀杀老师而努力。本季围绕杀老师的过去与E班的毕业展开，暗杀与温情的交织令人动容，作品以校园、搞笑与热血为主题，动画将爆笑与感人巧妙结合，结局的告别令人泪目，是教育题材动画的经典。动作设计与演出张力俱佳，随着剧情推进，主角面对的敌人越来越强，战斗方式与自身局限的突破层层升级，配乐与画面配合出色，将热血少年向作品应有的爽快感与成长感都演绎得十分到位。
433,primary,zh-CN,鲁邦三世 意大利游戏,《鲁邦三世 意大利游戏》是《鲁邦三世》的剧场版，讲述鲁邦在意大利的冒险。鲁邦与伙伴们在意大利展开偷盗行动，作品以怪盗、冒险与搞笑为特色，动画的画风与演出充满时代感，鲁邦的机智与魅力令人着迷，是鲁邦系列的新篇章。歌舞演出的画面制作精良，每一首歌都与角色心境和剧情推进紧密呼应，少女们在聚光灯下的闪耀与幕后流下的汗水同样动人，传递出追逐梦想、不懈努力的正能量，感染力十足。整体而言，该作在题材表达与情感渲染上均有可取之处，剧情张弛有度，角色令人印象深刻，是一部完成度较高、值得推荐的作品。
434,primary,zh-CN,告诉我！辣妹子酱,《告诉我！辣妹子酱》是短篇动画，讲述来自美国的辣妹子酱与日本人互动。辣妹子酱以英语提问，角色们用各种方式回答，作品以搞笑、日常与文化交流为特色，动画篇幅短小、笑点密集，在轻松的互动中展现有趣的交流，是一部轻松解压的泡面番。画风清新、节奏舒缓，人物之间的相处自然而温暖，那些平凡琐碎的片段在动画的演绎下变得闪闪发光，传递出一种治愈人心的宁静力量，是治愈系爱好者不容错过的作品。整体而言，该作在题材表达与情感渲染上均有可取之处，剧情张弛有度，角色令人印象深刻，是一部完成度较高、值得推荐的作品。
435,primary,zh-CN,石膏男孩,《石膏男孩》是短篇动画，讲述石膏像拟人化的偶像们的日常。被制作成偶像的石膏像们闹出各种笑话，作品以恶搞、偶像与日常为特色，动画画风可爱、节奏明快，在无厘头的设定中展现石膏像偶像的搞笑故事，是一部独特的搞笑泡面番。作品没有强烈的戏剧冲突，却以细腻的笔触捕捉日常中的微小幸福，角色的喜怒哀乐真实可感，在平实的叙述中悄然传递着生活的温度，适合在忙碌之余放松心情慢慢欣赏。整体而言，该作在题材表达与情感渲染上均有可取之处，剧情张弛有度，角色令人印象深刻，是一部完成度较高、值得推荐的作品。
436,primary,zh-CN,神圣之门,《神圣之门》改编自同名游戏，讲述在神圣之门开启的世界中，少年们的冒险。主角们在追寻神圣之门的过程中与各种敌人战斗，作品以奇幻、冒险与战斗为特色，动画的世界观宏大，角色们的冒险充满趣味，是游戏改编动画中的作品。动画的节奏把控张弛有度，战斗场面的分镜与作画都相当扎实，主角在与强敌的较量中不断突破自我，和同伴之间建立的信任与羁绊也为剧情增添了温度，热血与感动并存，值得一看。整体而言，该作在题材表达与情感渲染上均有可取之处，剧情张弛有度，角色令人印象深刻，是一部完成度较高、值得推荐的作品。
437,primary,zh-CN,红壳的潘多拉,《红壳的潘多拉》改编自士郎正宗与六道神士的漫画。拥有机械身体改造的少女七转福音与伙伴们在近未来城市中展开冒险，作品以科幻、动作与日常为特色，动画将可爱的人设与科幻设定结合，福音的冒险充满趣味，是一部兼具萌点与动作的作品。画风清新、节奏舒缓，人物之间的相处自然而温暖，那些平凡琐碎的片段在动画的演绎下变得闪闪发光，传递出一种治愈人心的宁静力量，是治愈系爱好者不容错过的作品。整体而言，该作在题材表达与情感渲染上均有可取之处，剧情张弛有度，角色令人印象深刻，是一部完成度较高、值得推荐的作品。
438,primary,zh-CN,从前有座灵剑山,《从前有座灵剑山》改编自同名小说，讲述修仙少年王陆的成长。王陆在灵剑派中修行，与师父王舞等角色的互动充满笑料，作品以修仙、搞笑与热血为特色，动画的设定新颖、节奏明快，在轻松的日常中展开修仙冒险，是国产修仙动画的佳作。动作设计与演出张力俱佳，随着剧情推进，主角面对的敌人越来越强，战斗方式与自身局限的突破层层升级，配乐与画面配合出色，将热血少年向作品应有的爽快感与成长感都演绎得十分到位。整体而言，该作在题材表达与情感渲染上均有可取之处，剧情张弛有度，角色令人印象深刻，是一部完成度较高、值得推荐的作品。
439,primary,zh-CN,昭和元禄落语心中,《昭和元禄落语心中》改编自同名漫画。讲述落语家与太郎与师父菊比古的落语世界。作品以落语、艺术与人生为主题，菊比古的落语人生与师徒情谊贯穿始终，动画的氛围沉静优雅，对落语艺术的描绘细致，是一部充满昭和时代气息的艺术作品。作品对历史背景的还原细致入微，时代的风貌与人物命运交织，角色在历史的洪流中做出抉择、书写传奇，史诗感与人物塑造并重，让观众在感受厚重历史的同时也被其中的情怀打动。整体而言，该作在题材表达与情感渲染上均有可取之处，剧情张弛有度，角色令人印象深刻，是一部完成度较高、值得推荐的作品。
440,primary,zh-CN,舞兵器舞乱伎,《舞兵器舞乱伎》是原创动画，讲述少年与舞兵器少女们的冒险。失去记忆的少年在东重拾舞兵器之力，与少女们共同对抗敌人，作品以奇幻、战斗与热血为特色，动画的3DCG战斗场面华丽，角色们的羁绊贯穿始终，是一部充满魄力的动作作品。动作设计与演出张力俱佳，随着剧情推进，主角面对的敌人越来越强，战斗方式与自身局限的突破层层升级，配乐与画面配合出色，将热血少年向作品应有的爽快感与成长感都演绎得十分到位。整体而言，该作在题材表达与情感渲染上均有可取之处，剧情张弛有度，角色令人印象深刻，是一部完成度较高、值得推荐的作品。
441,primary,zh-CN,幸运逻辑,《幸运逻辑》是原创动画，讲述在幻想与现实的夹缝中，拥有逻辑的力量的少年们战斗的故事。主角一华在遇见谜之少女后觉醒，与伙伴们共同对抗威胁，作品以奇幻、战斗与热血为特色，动画的战斗场面华丽，角色们的成长与羁绊贯穿始终，是一部标准的奇幻战斗作品。动作设计与演出张力俱佳，随着剧情推进，主角面对的敌人越来越强，战斗方式与自身局限的突破层层升级，配乐与画面配合出色，将热血少年向作品应有的爽快感与成长感都演绎得十分到位。
442,primary,zh-CN,无头骑士异闻录×2 结,《无头骑士异闻录×2 结》是系列动画的完结篇，池袋都市传说的群像叙事迎来高潮。本季众多角色的命运交织，围绕头颅与阴谋的事件走向终结，作品以多线叙事、都市悬疑与群像为特色，动画的节奏紧凑、反转不断，为池袋的怪人们的故事画上句号，是都市群像剧的经典。剧情层层递进、伏笔密布，随着线索的不断拼合，真相逐渐浮出水面，每一次反转都在意料之外又情理之中，细节经得起推敲，氛围营造到位，是喜欢烧脑故事的观众不可错过之作。
443,primary,zh-CN,魔法护士小麦R,《魔法护士小麦R》是短篇动画，讲述魔法少女小麦的日常与战斗。小麦作为魔法护士，在保卫城市与日常生活之间切换，作品以魔法少女、搞笑与日常为特色，动画篇幅短小、节奏明快，在轻松的日常中展开魔法少女的冒险，是一部轻松解压的泡面番。动作设计与演出张力俱佳，随着剧情推进，主角面对的敌人越来越强，战斗方式与自身局限的突破层层升级，配乐与画面配合出色，将热血少年向作品应有的爽快感与成长感都演绎得十分到位。整体而言，该作在题材表达与情感渲染上均有可取之处，剧情张弛有度，角色令人印象深刻，是一部完成度较高、值得推荐的作品。
444,primary,zh-CN,历物语,《历物语》是物语系列动画，讲述阿良良木历高中时期与各种怪异的遭遇。本季以短篇形式回顾历与怪异们的经历，作品以独特的对白风格、极致的画面表现著称，历的内心独白与怪异的纠葛充满思辨，动画的风格化演出一如既往地出色，是物语系列的补充篇章。作品没有强烈的戏剧冲突，却以细腻的笔触捕捉日常中的微小幸福，角色的喜怒哀乐真实可感，在平实的叙述中悄然传递着生活的温度，适合在忙碌之余放松心情慢慢欣赏。整体而言，该作在题材表达与情感渲染上均有可取之处，剧情张弛有度，角色令人印象深刻，是一部完成度较高、值得推荐的作品。
445,primary,zh-CN,虹色时光,《虹色时光》改编自同名漫画，讲述四位少年与女高中生们的青春恋爱物语。夏树与杏奈等人的恋爱纠葛充满青春气息，作品以恋爱、日常与群像为特色，角色们的互动真实有趣，动画的氛围轻松温馨，展现了青春期的青涩与心动，是一部充满阳光的恋爱作品。角色间的互动刻画得细腻自然，那些欲言又止的心意、别扭又真诚的靠近都真实而动人，情感线与日常情节交织，让观众在会心一笑与怦然心动之间反复横跳，是一部让人回味无穷的恋爱物语。
446,primary,zh-CN,房东妹子青春期,《房东妹子青春期》是短篇动画，讲述青年男子与女高中生房东的日常。少年租住在女高中生房东的家中，两人的同居生活充满趣味，作品以日常、搞笑与恋爱为特色，动画篇幅短小、节奏明快，在轻松的日常中展现两人的互动，是一部轻松解压的泡面番。作品在甜蜜之余也保留了青春特有的青涩与迷茫，主角在感情中的成长与抉择贯穿始终，配乐温润、画面明丽，将恋爱中的忐忑、欢喜与遗憾都拿捏得恰到好处，适合慢慢品味。整体而言，该作在题材表达与情感渲染上均有可取之处，剧情张弛有度，角色令人印象深刻，是一部完成度较高、值得推荐的作品。
447,primary,zh-CN,维度战记,《维度战记》改编自同名漫画。在发现次元能量的近未来，回收次元者一之濑新在都市中生活。他与谜之少女相遇，卷入次元能量的阴谋，作品以科幻、动作与悬疑为特色，动画的画风独特、战斗场面华丽，新的冒险与次元能量的真相层层展开，是一部充满魅力的科幻作品。动作设计与演出张力俱佳，随着剧情推进，主角面对的敌人越来越强，战斗方式与自身局限的突破层层升级，配乐与画面配合出色，将热血少年向作品应有的爽快感与成长感都演绎得十分到位。
448,primary,zh-CN,灰与幻想的格林姆迦尔,《灰与幻想的格林姆迦尔》改编自同名轻小说。失去记忆的少年们在异世界格林姆迦尔中挣扎求生，作品以异世界、生存与群像为特色，动画的现实主义描绘与沉重的氛围令人印象深刻，主角们在残酷世界中缓慢成长的历程真实而动人，是异世界题材中的独特作品。世界观设定丰富而自成体系，随着冒险推进，更多奇妙的种族、地点与力量体系逐一展开，角色们在旅途中收获成长与羁绊，画面与配乐共同营造出充满想象力的奇幻氛围，令人沉浸其中。
449,primary,zh-CN,暗芝居 第三季,《暗芝居 第三季》是恐怖短篇动画系列，继续以纸芝居的形式讲述各种怪谈。作品以怀旧的画风、猎奇的剧情与细思极恐的氛围著称，每一话都在短短几分钟内营造出强烈的恐怖感，各种扭曲的都市传说让人不寒而栗，是恐怖动画爱好者的必看之作。画风清新、节奏舒缓，人物之间的相处自然而温暖，那些平凡琐碎的片段在动画的演绎下变得闪闪发光，传递出一种治愈人心的宁静力量，是治愈系爱好者不容错过的作品。整体而言，该作在题材表达与情感渲染上均有可取之处，剧情张弛有度，角色令人印象深刻，是一部完成度较高、值得推荐的作品。
450,primary,zh-CN,最弱无败神装机龙,《最弱无败神装机龙》改编自同名轻小说。在被称为机龙铠甲的装甲普及的世界，少年路克斯在学园中作为最弱的机龙使成长。作品以学园战斗、后宫与热血为特色，路克斯与少女们的互动充满福利，动画的战斗场面华丽，设定新颖，是一部标准的轻改学园战斗后宫番。动作设计与演出张力俱佳，随着剧情推进，主角面对的敌人越来越强，战斗方式与自身局限的突破层层升级，配乐与画面配合出色，将热血少年向作品应有的爽快感与成长感都演绎得十分到位。
451,primary,zh-CN,黑之宣告,《黑之宣告》改编自同名轻小说，讲述在平行世界的东德，少年们驾驶机甲战斗的故事。在东西德对峙的紧张背景下，少年们卷入残酷的战争，作品以机战、战争与群像为特色，动画的氛围沉重，角色们在战争中的挣扎与牺牲令人动容，是硬核科幻作品。动画的节奏把控张弛有度，战斗场面的分镜与作画都相当扎实，主角在与强敌的较量中不断突破自我，和同伴之间建立的信任与羁绊也为剧情增添了温度，热血与感动并存，值得一看。整体而言，该作在题材表达与情感渲染上均有可取之处，剧情张弛有度，角色令人印象深刻，是一部完成度较高、值得推荐的作品。
452,primary,zh-CN,赤发白雪姬 第2部分,《赤发白雪姬 第2部分》是《赤发白雪姬》第二季，白雪与千的恋爱故事继续。白雪在宫廷中展现药学才能，与千的羁绊进一步加深，作品以恋爱、宫廷与冒险为特色，动画的画面清新唯美，白雪的独立坚强与千的温柔形成美好搭配，是一部充满少女心的作品。作品在甜蜜之余也保留了青春特有的青涩与迷茫，主角在感情中的成长与抉择贯穿始终，配乐温润、画面明丽，将恋爱中的忐忑、欢喜与遗憾都拿捏得恰到好处，适合慢慢品味。整体而言，该作在题材表达与情感渲染上均有可取之处，剧情张弛有度，角色令人印象深刻，是一部完成度较高、值得推荐的作品。
453,primary,zh-CN,网球并不可笑嘛 7期,《网球并不可笑嘛 7期》延续系列，网球部少女们的无厘头日常继续。作品以高速吐槽、夸张演出与脑洞大开的桥段为特色，将网球恶搞成各种爆笑场景，每一话篇幅极短却笑点密集，是一部让人捧腹大笑的轻松泡面番，适合在碎片时间观看解压。作品没有强烈的戏剧冲突，却以细腻的笔触捕捉日常中的微小幸福，角色的喜怒哀乐真实可感，在平实的叙述中悄然传递着生活的温度，适合在忙碌之余放松心情慢慢欣赏。整体而言，该作在题材表达与情感渲染上均有可取之处，剧情张弛有度，角色令人印象深刻，是一部完成度较高、值得推荐的作品。
454,primary,zh-CN,血型君4,《血型君4》是《血型君》系列第四季，继续以拟人化的血型角色展开搞笑日常。A、B、O、AB四种血型的角色们通过性格差异制造笑料，作品以搞笑、日常与科普为特色，动画画风简单可爱、篇幅短小，是一部轻松解压的泡面番。作品没有强烈的戏剧冲突，却以细腻的笔触捕捉日常中的微小幸福，角色的喜怒哀乐真实可感，在平实的叙述中悄然传递着生活的温度，适合在忙碌之余放松心情慢慢欣赏。整体而言，该作在题材表达与情感渲染上均有可取之处，剧情张弛有度，角色令人印象深刻，是一部完成度较高、值得推荐的作品。
455,primary,zh-CN,魔法少女什么的已经够了啦。,《魔法少女什么的已经够了啦。》是短篇动画，讲述魔法少女优木结的日常。结在成为魔法少女后，与吉祥物米咚及伙伴们展开日常，作品以魔法少女、搞笑与日常为特色，动画将魔法少女设定解构，节奏明快、笑点密集，在轻松的日常中展现少女们的互动，是一部轻松解压的泡面番。画风清新、节奏舒缓，人物之间的相处自然而温暖，那些平凡琐碎的片段在动画的演绎下变得闪闪发光，传递出一种治愈人心的宁静力量，是治愈系爱好者不容错过的作品。
456,primary,zh-CN,苍之彼方的四重奏,《苍之彼方的四重奏》改编自同名游戏。在反重力飞行运动Flying Circus盛行的世界，少年日向晶也与天才少女仓科明日香相遇，展开空中竞技的青春物语。作品以运动、恋爱与热血为特色，动画的空中竞技场面充满速度感，角色们的成长与羁绊贯穿始终，是一部充满魅力的运动恋爱作品。动作设计与演出张力俱佳，随着剧情推进，主角面对的敌人越来越强，战斗方式与自身局限的突破层层升级，配乐与画面配合出色，将热血少年向作品应有的爽快感与成长感都演绎得十分到位。
457,primary,zh-CN,为美好的世界献上祝福！,《为美好的世界献上祝福！》改编自同名轻小说。家里蹲少年佐藤和真在死后转生到异世界，与废柴女神阿克娅、爆裂魔法少女惠惠、抖M骑士达克妮斯组成队伍，在异世界展开爆笑冒险。作品以异世界、搞笑与吐槽为特色，和真与队友们的奇葩组合充满笑料，动画的演出夸张、笑点密集，是异世界喜剧的经典之作。歌舞演出的画面制作精良，每一首歌都与角色心境和剧情推进紧密呼应，少女们在聚光灯下的闪耀与幕后流下的汗水同样动人，传递出追逐梦想、不懈努力的正能量，感染力十足。
458,primary,zh-CN,亚人,《亚人》改编自同名漫画。拥有不死之身的亚人永井圭，在被人类追捕的过程中展开逃亡与斗争。作品以科幻、悬疑与动作为特色，亚人的设定与战斗场面充满震撼力，圭在绝境中的挣扎与抉择令人印象深刻，动画的3DCG表现独特，是科幻动画中的佳作。动作设计与演出张力俱佳，随着剧情推进，主角面对的敌人越来越强，战斗方式与自身局限的突破层层升级，配乐与画面配合出色，将热血少年向作品应有的爽快感与成长感都演绎得十分到位。整体而言，该作在题材表达与情感渲染上均有可取之处，剧情张弛有度，角色令人印象深刻，是一部完成度较高、值得推荐的作品。
459,primary,zh-CN,这个男人、工作是魔法,《这个男人、工作是魔法》是短篇动画，讲述在魔法事务所工作的少年与委托人的互动。作品以魔法、日常与温馨为特色，动画画风清新、氛围温暖，在轻松的单元故事中展现魔法与人心，是一部治愈系的短篇作品。作品没有强烈的戏剧冲突，却以细腻的笔触捕捉日常中的微小幸福，角色的喜怒哀乐真实可感，在平实的叙述中悄然传递着生活的温度，适合在忙碌之余放松心情慢慢欣赏。整体而言，该作在题材表达与情感渲染上均有可取之处，剧情张弛有度，角色令人印象深刻，是一部完成度较高、值得推荐的作品。
460,primary,zh-CN,莉露莉露妖精莉露～妖精之门～,《莉露莉露妖精莉露～妖精之门～》是少女向动画，讲述妖精少女们的冒险。妖精们通过妖精之门展开各种活动，帮助人类实现愿望，作品以魔法、日常与治愈为特色，动画画风可爱、氛围温馨，少女们的冒险充满童趣，是适合少女观众的魔法日常动画。作品没有强烈的戏剧冲突，却以细腻的笔触捕捉日常中的微小幸福，角色的喜怒哀乐真实可感，在平实的叙述中悄然传递着生活的温度，适合在忙碌之余放松心情慢慢欣赏。整体而言，该作在题材表达与情感渲染上均有可取之处，剧情张弛有度，角色令人印象深刻，是一部完成度较高、值得推荐的作品。
461,primary,zh-CN,GATE 奇幻自卫队 炎龙篇,《GATE 奇幻自卫队 炎龙篇》是《GATE 奇幻自卫队》第二季，自卫队与异世界的冒险继续。本季围绕炎龙与异世界的纷争展开，伊丹与异世界居民的互动更加深入，作品以军事、奇幻与冒险为特色，动画的军事设定与幻想元素结合，是一部题材新颖的作品。作品在幻想的外衣下探讨着真实的情感与抉择，主角的成长线扎实有力，与伙伴们的情谊在一次次考验中愈发深厚，冒险的紧张感与日常的温情交替呈现，故事层次丰富、后劲十足。整体而言，该作在题材表达与情感渲染上均有可取之处，剧情张弛有度，角色令人印象深刻，是一部完成度较高、值得推荐的作品。
462,primary,zh-CN,偶像活动 第四年,《偶像活动 第四年》是偶像活动系列动画，星光学园少女们的偶像生活继续。本季星宫莓与伙伴们迎接新的挑战与赛事，作品以华丽的舞台演出、时尚搭配与少女追梦为主题，动画的歌舞场面华丽、角色设定可爱，充满了偶像世界的闪耀与感动，是少女向偶像动画的经典系列。作品没有强烈的戏剧冲突，却以细腻的笔触捕捉日常中的微小幸福，角色的喜怒哀乐真实可感，在平实的叙述中悄然传递着生活的温度，适合在忙碌之余放松心情慢慢欣赏。整体而言，该作在题材表达与情感渲染上均有可取之处，剧情张弛有度，角色令人印象深刻，是一部完成度较高、值得推荐的作品。
463,primary,zh-CN,魔法使光之美少女！,《魔法使光之美少女！》是光之美少女系列动画，讲述使用魔法变身的少女们的故事。春日野未来说与少女们在魔法界与人类世界之间穿梭，对抗黑暗势力，作品以魔法、少女战斗与日常为特色，变装与战斗场面华丽，角色们的羁绊温暖感人，是少女向魔法少女动画的作品。动画的节奏把控张弛有度，战斗场面的分镜与作画都相当扎实，主角在与强敌的较量中不断突破自我，和同伴之间建立的信任与羁绊也为剧情增添了温度，热血与感动并存，值得一看。
464,primary,zh-CN,新章 妖精的尾巴 ZERØ,《新章 妖精的尾巴 ZERØ》是《妖精的尾巴》的前传，讲述妖精的尾巴公会创始的故事。本作以梅比斯为主角，描绘公会的起源与最初的冒险，作品以热血战斗、伙伴羁绊与宏大的魔法世界著称，动画的氛围温暖，为妖精的尾巴系列补充了动人的历史，是一部充满情怀的作品。作品在热血的打斗之外，也细致刻画了角色们各自的信念与选择，每一次战斗都不仅是力量的较量，更是意志的碰撞，高潮部分张力十足，让观众在肾上腺素飙升的同时也为之动容。
465,primary,zh-CN,熊巫女,《熊巫女》改编自同名漫画。神社巫女少女雨宿町与熊同伴熊井在村庄中的日常，町为了克服胆小而不断努力。作品以日常、治愈与搞笑为特色，町与熊井的互动充满温馨与笑料，动画画风可爱、氛围轻松，是一部治愈系的日常作品。作品没有强烈的戏剧冲突，却以细腻的笔触捕捉日常中的微小幸福，角色的喜怒哀乐真实可感，在平实的叙述中悄然传递着生活的温度，适合在忙碌之余放松心情慢慢欣赏。整体而言，该作在题材表达与情感渲染上均有可取之处，剧情张弛有度，角色令人印象深刻，是一部完成度较高、值得推荐的作品。
466,primary,zh-CN,Re：从零开始的异世界生活,《Re：从零开始的异世界生活》改编自同名轻小说。普通少年菜月昴在便利店回家的路上被召唤到异世界，并获得死后重来的能力。他在异世界中不断死亡与轮回，为守护重要的人而战斗，作品以异世界、悬疑与催泪为主题，昴的绝望与坚持令人动容，动画的制作精良，是异世界题材的代表作。动画的节奏把控张弛有度，战斗场面的分镜与作画都相当扎实，主角在与强敌的较量中不断突破自我，和同伴之间建立的信任与羁绊也为剧情增添了温度，热血与感动并存，值得一看。
467,primary,zh-CN,霸旋陀螺 爆刃对决,《霸旋陀螺 爆刃对决》是陀螺对战动画，讲述少年们使用战斗陀螺对战的故事。主角们在陀螺竞技中不断成长，与各具实力的对手展开对决，作品以竞技、热血与玩具为特色，动画的战斗场面华丽，角色们的成长与羁绊贯穿始终，是适合少年观众的作品。动作设计与演出张力俱佳，随着剧情推进，主角面对的敌人越来越强，战斗方式与自身局限的突破层层升级，配乐与画面配合出色，将热血少年向作品应有的爽快感与成长感都演绎得十分到位。整体而言，该作在题材表达与情感渲染上均有可取之处，剧情张弛有度，角色令人印象深刻，是一部完成度较高、值得推荐的作品。
468,primary,zh-CN,怪盗Joker3,《怪盗Joker3》是《怪盗Joker》第三季，少年怪盗Joker继续展开华丽的偷盗冒险。本季加入新的对手与事件，Joker的魔术偷盗计划更加精彩，作品以华丽的魔术、夸张的演出与单元冒险为特色，动画的演出色彩鲜明、节奏明快，是一部适合少年观众的作品。角色的个性塑造鲜明，舞台上的自信与生活中的可爱形成反差，团队协作与个人成长双线并进，歌舞编排赏心悦目，让观众既能享受视听盛宴，也能为少女们的梦想与坚持而感动。
469,primary,zh-CN,12岁。小小的胸口心跳加速,《12岁。小小的胸口心跳加速》改编自同名漫画，讲述小学六年级少女们的恋爱与成长。绫濑花日与高尾的初恋故事充满少女心，作品以恋爱、日常与成长为主题，动画画风可爱、氛围温馨，在细腻的描写中展现少女们的青涩情感，是一部适合少女观众的作品。角色间的互动刻画得细腻自然，那些欲言又止的心意、别扭又真诚的靠近都真实而动人，情感线与日常情节交织，让观众在会心一笑与怦然心动之间反复横跳，是一部让人回味无穷的恋爱物语。
470,primary,zh-CN,美少女战士Crystal 第三季,《美少女战士Crystal 第三季》延续系列，月野兔与伙伴们继续对抗新的敌人。本季的死亡变种篇中，水手战士们与新的敌人展开战斗，作品忠实还原原作漫画，变身与战斗场面华丽，月野兔在守护爱与正义的战斗中不断成长，是经典魔法少女系列的忠实再现。动作设计与演出张力俱佳，随着剧情推进，主角面对的敌人越来越强，战斗方式与自身局限的突破层层升级，配乐与画面配合出色，将热血少年向作品应有的爽快感与成长感都演绎得十分到位。
471,primary,zh-CN,爆音少女!!,《爆音少女!!》是短篇动画，讲述少女们与摩托车的日常。对摩托车一无所知的少女们在同伴的带领下接触机车文化，作品以机车、日常与搞笑为特色，动画将机车的魅力与少女们的互动结合，画风可爱、氛围轻松，是一部轻松解压的泡面番。作品没有强烈的戏剧冲突，却以细腻的笔触捕捉日常中的微小幸福，角色的喜怒哀乐真实可感，在平实的叙述中悄然传递着生活的温度，适合在忙碌之余放松心情慢慢欣赏。整体而言，该作在题材表达与情感渲染上均有可取之处，剧情张弛有度，角色令人印象深刻，是一部完成度较高、值得推荐的作品。
472,primary,zh-CN,龙心战纪,《龙心战纪》是原创动画，讲述少年们与龙之力量战斗的故事。主角们在龙的威胁下展开冒险，作品以奇幻、冒险与热血为特色，动画的战斗场面华丽，角色们的成长与羁绊贯穿始终，是一部标准的奇幻冒险作品。动画的节奏把控张弛有度，战斗场面的分镜与作画都相当扎实，主角在与强敌的较量中不断突破自我，和同伴之间建立的信任与羁绊也为剧情增添了温度，热血与感动并存，值得一看。整体而言，该作在题材表达与情感渲染上均有可取之处，剧情张弛有度，角色令人印象深刻，是一部完成度较高、值得推荐的作品。
473,primary,zh-CN,百武装战记,《百武装战记》改编自同名轻小说。在未知生命体袭来的世界，少年如月皆人作为能与百武装产生共鸣的百武装使，与少女们共同战斗。作品以学园战斗、后宫与热血为特色，皆人与少女们的互动充满福利，动画的战斗场面华丽，是一部标准的轻改学园战斗后宫番。动作设计与演出张力俱佳，随着剧情推进，主角面对的敌人越来越强，战斗方式与自身局限的突破层层升级，配乐与画面配合出色，将热血少年向作品应有的爽快感与成长感都演绎得十分到位。
474,primary,zh-CN,美妙天堂 第三期,《美妙天堂 第三期》延续系列，少女们在美妙天堂中的偶像活动继续。本季新的角色与舞台登场，啦啦与伙伴们的偶像生活更加精彩，作品以华丽的舞台演出、可爱的角色与轻松的剧情为特色，歌舞场面充满感染力，是少女向偶像动画的经典系列。作品没有强烈的戏剧冲突，却以细腻的笔触捕捉日常中的微小幸福，角色的喜怒哀乐真实可感，在平实的叙述中悄然传递着生活的温度，适合在忙碌之余放松心情慢慢欣赏。整体而言，该作在题材表达与情感渲染上均有可取之处，剧情张弛有度，角色令人印象深刻，是一部完成度较高、值得推荐的作品。
475,primary,zh-CN,薄樱鬼～御伽草子～,《薄樱鬼～御伽草子～》是《薄樱鬼》系列的Q版动画，将新选组的角色Q版化并展开日常。千鹤与新选组的成员们在Q版世界中闹出各种笑话，作品以恶搞、日常与吐槽为特色，动画篇幅短小、笑点密集，是薄樱鬼粉丝不容错过的轻松作品。作品没有强烈的戏剧冲突，却以细腻的笔触捕捉日常中的微小幸福，角色的喜怒哀乐真实可感，在平实的叙述中悄然传递着生活的温度，适合在忙碌之余放松心情慢慢欣赏。整体而言，该作在题材表达与情感渲染上均有可取之处，剧情张弛有度，角色令人印象深刻，是一部完成度较高、值得推荐的作品。
476,primary,zh-CN,鬼牌游戏,《鬼牌游戏》改编自同名小说。讲述间谍组织D机关的成员们在二战前执行各种谍报任务。机关成员们各怀绝技，在险恶的环境中完成任务，作品以间谍、悬疑与群像为特色，动画的氛围冷峻、剧情精巧，角色们的智谋与牺牲令人印象深刻，是间谍题材动画的佳作。悬疑氛围铺垫扎实，人物之间暗流涌动的博弈与隐藏的秘密交织出复杂的叙事网络，叙事节奏收放自如，高潮部分的揭示震撼有力，看完之后依然值得反复回味其中的细节。整体而言，该作在题材表达与情感渲染上均有可取之处，剧情张弛有度，角色令人印象深刻，是一部完成度较高、值得推荐的作品。
477,primary,zh-CN,战斗之魂 双重驱动,《战斗之魂 双重驱动》是战斗之魂系列动画，讲述少年们使用卡片对战的故事。主角们在卡牌战斗中不断成长，与各具实力的对手展开对决，作品以卡牌、热血与冒险为特色，动画的战斗场面华丽，角色们的成长与羁绊贯穿始终，是适合少年观众的作品。动作设计与演出张力俱佳，随着剧情推进，主角面对的敌人越来越强，战斗方式与自身局限的突破层层升级，配乐与画面配合出色，将热血少年向作品应有的爽快感与成长感都演绎得十分到位。整体而言，该作在题材表达与情感渲染上均有可取之处，剧情张弛有度，角色令人印象深刻，是一部完成度较高、值得推荐的作品。
478,primary,zh-CN,双星之阴阳师,《双星之阴阳师》改编自同名漫画。拥有强大力量的少年焰魔堂辘轳与少女化野红绪，作为双星之阴阳师共同战斗，对抗恶灵祸野。作品以阴阳师、战斗与热血为特色，辘轳与红绪的搭档关系充满张力，动画的战斗场面华丽，角色们的成长令人动容，是阴阳师题材动画的作品。动画的节奏把控张弛有度，战斗场面的分镜与作画都相当扎实，主角在与强敌的较量中不断突破自我，和同伴之间建立的信任与羁绊也为剧情增添了温度，热血与感动并存，值得一看。
479,primary,zh-CN,Crane Game Girls,《Crane Game Girls》是短篇动画，讲述少女们通过夹娃娃机展开的物语。外星人少女们为了拯救地球而挑战夹娃娃机，作品以搞笑、日常与无厘头为特色，动画的设定荒诞有趣、节奏明快，在轻松的日常中展现少女们的互动，是一部轻松解压的泡面番。画风清新、节奏舒缓，人物之间的相处自然而温暖，那些平凡琐碎的片段在动画的演绎下变得闪闪发光，传递出一种治愈人心的宁静力量，是治愈系爱好者不容错过的作品。整体而言，该作在题材表达与情感渲染上均有可取之处，剧情张弛有度，角色令人印象深刻，是一部完成度较高、值得推荐的作品。
480,primary,zh-CN,超级恋人,《超级恋人》是BL恋爱动画，讲述海棠晴与弟弟零之间的恋爱故事。零因过去的创伤而封闭内心，晴用温柔逐渐融化他，作品以BL恋爱、温馨与治愈为特色，动画的氛围温暖，两人的感情发展细腻动人，是BL动画中的佳作。角色间的互动刻画得细腻自然，那些欲言又止的心意、别扭又真诚的靠近都真实而动人，情感线与日常情节交织，让观众在会心一笑与怦然心动之间反复横跳，是一部让人回味无穷的恋爱物语。整体而言，该作在题材表达与情感渲染上均有可取之处，剧情张弛有度，角色令人印象深刻，是一部完成度较高、值得推荐的作品。
481,primary,zh-CN,鬼斩,《鬼斩》改编自同名游戏，讲述和风少女们的战斗物语。拥有力量的少女们在鬼的威胁下展开战斗，作品以战斗、和风与群像为特色，动画的战斗场面华丽，角色们的互动充满魅力，是一部风格独特的战斗作品。动画的节奏把控张弛有度，战斗场面的分镜与作画都相当扎实，主角在与强敌的较量中不断突破自我，和同伴之间建立的信任与羁绊也为剧情增添了温度，热血与感动并存，值得一看。整体而言，该作在题材表达与情感渲染上均有可取之处，剧情张弛有度，角色令人印象深刻，是一部完成度较高、值得推荐的作品。
482,primary,zh-CN,文豪野犬,《文豪野犬》改编自同名漫画。在拥有异能力的世界中，文豪们以能力战斗。孤儿中岛敦加入武装侦探社，与太宰治等角色共同解决事件，作品以异能力战斗、文豪拟人与群像为特色，动画的战斗场面华丽、角色塑造立体，是近年来极具人气的作品。动作设计与演出张力俱佳，随着剧情推进，主角面对的敌人越来越强，战斗方式与自身局限的突破层层升级，配乐与画面配合出色，将热血少年向作品应有的爽快感与成长感都演绎得十分到位。整体而言，该作在题材表达与情感渲染上均有可取之处，剧情张弛有度，角色令人印象深刻，是一部完成度较高、值得推荐的作品。
483,primary,zh-CN,偶像活动Stars,《偶像活动Stars》是偶像活动系列动画，讲述星光学园少女们的偶像生活。本作以四星学院为舞台，少女们以顶级偶像为目标努力，作品以华丽的舞台演出、时尚搭配与少女追梦为主题，歌舞场面充满感染力，是少女向偶像动画的经典系列。作品没有强烈的戏剧冲突，却以细腻的笔触捕捉日常中的微小幸福，角色的喜怒哀乐真实可感，在平实的叙述中悄然传递着生活的温度，适合在忙碌之余放松心情慢慢欣赏。整体而言，该作在题材表达与情感渲染上均有可取之处，剧情张弛有度，角色令人印象深刻，是一部完成度较高、值得推荐的作品。
484,primary,zh-CN,Anne Happy♪,《Anne Happy♪》改编自同名漫画。在倡导幸福的学园中，被不幸眷顾的少女们组成幸福班级，作品以日常、治愈与搞笑为特色，少女们为了追求幸福而努力，动画画风可爱、氛围轻松，在温馨的日常中展现少女们的友谊，是一部治愈系日常作品。作品没有强烈的戏剧冲突，却以细腻的笔触捕捉日常中的微小幸福，角色的喜怒哀乐真实可感，在平实的叙述中悄然传递着生活的温度，适合在忙碌之余放松心情慢慢欣赏。整体而言，该作在题材表达与情感渲染上均有可取之处，剧情张弛有度，角色令人印象深刻，是一部完成度较高、值得推荐的作品。
485,primary,zh-CN,黑色残骸,《黑色残骸》是原创动画，讲述古代文明遗留的巨大兵器与少年们的故事。少年们在库云市的战斗中驾驶机体，卷入围绕黑色残骸的阴谋，作品以机战、热血与群像为特色，动画的战斗场面华丽，角色们的成长与羁绊贯穿始终，是一部扎实的机战作品。动作设计与演出张力俱佳，随着剧情推进，主角面对的敌人越来越强，战斗方式与自身局限的突破层层升级，配乐与画面配合出色，将热血少年向作品应有的爽快感与成长感都演绎得十分到位。整体而言，该作在题材表达与情感渲染上均有可取之处，剧情张弛有度，角色令人印象深刻，是一部完成度较高、值得推荐的作品。
486,primary,zh-CN,线上游戏的老婆不可能是女生？,《线上游戏的老婆不可能是女生？》改编自同名轻小说。在网游中向女玩家告白却遭拒的少年西村英骑，发现对方竟是同班同学。作品以网游、恋爱喜剧与日常为特色，英骑与线上老婆的现实互动充满笑料与甜蜜，动画的氛围轻松，是一部欢乐的校园恋爱喜剧。角色间的互动刻画得细腻自然，那些欲言又止的心意、别扭又真诚的靠近都真实而动人，情感线与日常情节交织，让观众在会心一笑与怦然心动之间反复横跳，是一部让人回味无穷的恋爱物语。
487,primary,zh-CN,甲铁城的卡巴内利,《甲铁城的卡巴内利》是原创动画。在卡巴内肆虐的世界，少年生驹在装甲列车甲铁城上与少女无名等一同战斗，作品以蒸汽朋克、丧尸与热血为特色，动画的设定独特、战斗场面华丽，生驹与无名的羁绊贯穿始终，是WIT STUDIO的原创力作。动画的节奏把控张弛有度，战斗场面的分镜与作画都相当扎实，主角在与强敌的较量中不断突破自我，和同伴之间建立的信任与羁绊也为剧情增添了温度，热血与感动并存，值得一看。整体而言，该作在题材表达与情感渲染上均有可取之处，剧情张弛有度，角色令人印象深刻，是一部完成度较高、值得推荐的作品。
488,primary,zh-CN,在下坂本，有何贵干？,《在下坂本，有何贵干？》改编自同名漫画。全能的高中生坂本以其帅气而完美的行动征服全校，作品以搞笑、日常与吐槽为特色，坂本那华丽的动作与冷静的应对充满笑料，动画的演出夸张、节奏明快，是一部让人捧腹的校园喜剧。画风清新、节奏舒缓，人物之间的相处自然而温暖，那些平凡琐碎的片段在动画的演绎下变得闪闪发光，传递出一种治愈人心的宁静力量，是治愈系爱好者不容错过的作品。整体而言，该作在题材表达与情感渲染上均有可取之处，剧情张弛有度，角色令人印象深刻，是一部完成度较高、值得推荐的作品。
489,primary,zh-CN,少年女仆,《少年女仆》改编自同名漫画。失去母亲的少年千寻在叔叔家开始女仆生活，作品以日常、治愈与搞笑为特色，千寻与叔叔家的互动充满温馨与笑料，动画画风可爱、氛围轻松，在搞笑日常中展现少年成长，是一部治愈系作品。作品没有强烈的戏剧冲突，却以细腻的笔触捕捉日常中的微小幸福，角色的喜怒哀乐真实可感，在平实的叙述中悄然传递着生活的温度，适合在忙碌之余放松心情慢慢欣赏。整体而言，该作在题材表达与情感渲染上均有可取之处，剧情张弛有度，角色令人印象深刻，是一部完成度较高、值得推荐的作品。
490,primary,zh-CN,境界的轮回 第二季,《境界的轮回 第二季》延续第一季，真宫樱与半死神六道轮回继续帮助幽灵成佛。本季新的灵异事件与角色登场，作品以灵异、搞笑与日常为特色，高桥留美子标志性的喜剧风格贯穿全片，单元故事轻松有趣，是一部充满温情的灵异日常作品。作品没有强烈的戏剧冲突，却以细腻的笔触捕捉日常中的微小幸福，角色的喜怒哀乐真实可感，在平实的叙述中悄然传递着生活的温度，适合在忙碌之余放松心情慢慢欣赏。整体而言，该作在题材表达与情感渲染上均有可取之处，剧情张弛有度，角色令人印象深刻，是一部完成度较高、值得推荐的作品。
491,primary,zh-CN,田中君总是如此慵懒,《田中君总是如此慵懒》改编自同名漫画。极度慵懒的少年田中，与照顾他的好友太田的日常充满趣味。作品以日常、搞笑与治愈为特色，田中的慵懒与太田的可靠形成反差萌，动画画风柔和、节奏舒缓，在轻松的日常中展现两人的友谊，是一部治愈系作品。画风清新、节奏舒缓，人物之间的相处自然而温暖，那些平凡琐碎的片段在动画的演绎下变得闪闪发光，传递出一种治愈人心的宁静力量，是治愈系爱好者不容错过的作品。整体而言，该作在题材表达与情感渲染上均有可取之处，剧情张弛有度，角色令人印象深刻，是一部完成度较高、值得推荐的作品。
492,primary,zh-CN,羁绊者,《羁绊者》是原创动画，讲述少年少女们共享痛觉的物语。被选为羁绊者的少年少女们，通过分享痛觉互相理解，作品以科幻、青春与群像为特色，动画探讨人与人之间的联系与孤独，角色们的成长与羁绊贯穿始终，是一部充满思辨的作品。科幻设定考究而自洽，科技与人文的碰撞贯穿全片，在宏大的未来图景之下，角色的信念与抉择更显分量，叙事层层推进、世界观逐步展开，是一部兼具视觉冲击与思想深度的作品。整体而言，该作在题材表达与情感渲染上均有可取之处，剧情张弛有度，角色令人印象深刻，是一部完成度较高、值得推荐的作品。
493,primary,zh-CN,高校舰队,《高校舰队》是原创动画，讲述驾驶舰船的少女们的物语。在横须贺女子海洋学校，少女们驾驶舰船展开训练与冒险，作品以舰船、学园与群像为特色，动画的战斗场面华丽，少女们的成长与羁绊充满魅力，是一部独特的军事校园作品。动画的节奏把控张弛有度，战斗场面的分镜与作画都相当扎实，主角在与强敌的较量中不断突破自我，和同伴之间建立的信任与羁绊也为剧情增添了温度，热血与感动并存，值得一看。整体而言，该作在题材表达与情感渲染上均有可取之处，剧情张弛有度，角色令人印象深刻，是一部完成度较高、值得推荐的作品。
494,primary,zh-CN,飞翔的魔女,《飞翔的魔女》改编自同名漫画。见习魔女木幡真琴来到青森县的亲戚家修行，与表兄妹们共同生活。作品以魔法、日常与治愈为特色，真琴在乡村的悠闲生活充满温馨与趣味，动画画风清新、氛围宁静，是一部治愈系的日常魔法作品。画风清新、节奏舒缓，人物之间的相处自然而温暖，那些平凡琐碎的片段在动画的演绎下变得闪闪发光，传递出一种治愈人心的宁静力量，是治愈系爱好者不容错过的作品。整体而言，该作在题材表达与情感渲染上均有可取之处，剧情张弛有度，角色令人印象深刻，是一部完成度较高、值得推荐的作品。
495,primary,zh-CN,炸猪排DJ扬太郎,《炸猪排DJ扬太郎》是短篇动画，讲述炸猪排店少年扬太郎对DJ产生兴趣的故事。扬太郎在炸猪排与DJ之间找到共通之处，作品以美食、音乐与搞笑为特色，动画将炸猪排与DJ巧妙结合，画风独特、氛围轻松，是一部别具一格的作品。作品没有强烈的戏剧冲突，却以细腻的笔触捕捉日常中的微小幸福，角色的喜怒哀乐真实可感，在平实的叙述中悄然传递着生活的温度，适合在忙碌之余放松心情慢慢欣赏。整体而言，该作在题材表达与情感渲染上均有可取之处，剧情张弛有度，角色令人印象深刻，是一部完成度较高、值得推荐的作品。
496,primary,zh-CN,三者三叶,《三者三叶》改编自同名漫画，讲述三位名字中带叶的少女的日常。作品以日常、治愈与搞笑为特色，少女们的互动充满萌点与笑料，动画画风可爱、氛围轻松，在温馨的日常中展现少女们的友谊，是一部治愈系日常作品。作品没有强烈的戏剧冲突，却以细腻的笔触捕捉日常中的微小幸福，角色的喜怒哀乐真实可感，在平实的叙述中悄然传递着生活的温度，适合在忙碌之余放松心情慢慢欣赏。整体而言，该作在题材表达与情感渲染上均有可取之处，剧情张弛有度，角色令人印象深刻，是一部完成度较高、值得推荐的作品。
497,primary,zh-CN,兔龟,《兔龟》是短篇动画，讲述女高中生与兔子的日常。少女们在兔子主题的活动中展开互动，作品以日常、治愈与搞笑为特色，动画画风可爱、节奏明快，在轻松的日常中展现少女们的互动，是一部轻松解压的泡面番。画风清新、节奏舒缓，人物之间的相处自然而温暖，那些平凡琐碎的片段在动画的演绎下变得闪闪发光，传递出一种治愈人心的宁静力量，是治愈系爱好者不容错过的作品。整体而言，该作在题材表达与情感渲染上均有可取之处，剧情张弛有度，角色令人印象深刻，是一部完成度较高、值得推荐的作品。
498,primary,zh-CN,任性HighSpec,《任性HighSpec》改编自同名游戏。天才少年鸣海幸树在学园中与担任会长的少女们的日常，作品以学园、恋爱与日常为特色，幸树与少女们的互动充满笑料，动画的氛围轻松，是一部轻松的校园恋爱作品。角色间的互动刻画得细腻自然，那些欲言又止的心意、别扭又真诚的靠近都真实而动人，情感线与日常情节交织，让观众在会心一笑与怦然心动之间反复横跳，是一部让人回味无穷的恋爱物语。整体而言，该作在题材表达与情感渲染上均有可取之处，剧情张弛有度，角色令人印象深刻，是一部完成度较高、值得推荐的作品。
499,primary,zh-CN,至高指令,《至高指令》改编自同名漫画。拥有支配能力的少年星宫映司，在获得力量后与各种能力者战斗，作品以超能力、战斗与热血为特色，映司的力量与世界的真相层层展开，动画的战斗场面华丽，角色们的成长与羁绊贯穿始终，是一部超能力战斗作品。动画的节奏把控张弛有度，战斗场面的分镜与作画都相当扎实，主角在与强敌的较量中不断突破自我，和同伴之间建立的信任与羁绊也为剧情增添了温度，热血与感动并存，值得一看。整体而言，该作在题材表达与情感渲染上均有可取之处，剧情张弛有度，角色令人印象深刻，是一部完成度较高、值得推荐的作品。
500,primary,zh-CN,天方魔谭MAGI 辛巴达的冒险,《天方魔谭MAGI 辛巴达的冒险》是《天方魔谭》的前传，讲述七海霸主辛巴达的成长故事。年轻的辛巴达在冒险中觉醒力量，逐渐成为传奇霸主，作品以奇幻、冒险与热血为特色，辛巴达的成长与世界的展开充满魅力，动画的战斗场面华丽，是MAGI系列的精彩前传。作品在热血的打斗之外，也细致刻画了角色们各自的信念与选择，每一次战斗都不仅是力量的较量，更是意志的碰撞，高潮部分张力十足，让观众在肾上腺素飙升的同时也为之动容。
501,primary,zh-CN,ENDRIDE,《ENDRIDE》是原创动画，讲述少年从现实世界穿越到异世界安多莱德的冒险。少年在偶然的机会下来到水晶环绕的异世界，与遭遇政变的少年皇子埃米利奥相遇，两人为夺回王位而并肩战斗。作品以奇幻冒险、热血战斗与双主角的羁绊为特色，动画的战斗场面华丽，两个少年的成长与友情贯穿始终，是一部充满冒险气息的作品。动作设计与演出张力俱佳，随着剧情推进，主角面对的敌人越来越强，战斗方式与自身局限的突破层层升级，配乐与画面配合出色，将热血少年向作品应有的爽快感与成长感都演绎得十分到位。
502,primary,zh-CN,最终幻想15 兄弟情,《最终幻想15 兄弟情》是游戏《最终幻想15》的衍生动画，讲述主角诺克提斯与伙伴们之间如兄弟般的情谊。动画以短篇形式展现四人组在旅途中的互动与羁绊，为游戏补充了背景故事。作品以友情、冒险与最终幻想系列的世界观为特色，画面精良，角色们的互动温馨感人，是FF15粉丝不容错过的作品。作品没有强烈的戏剧冲突，却以细腻的笔触捕捉日常中的微小幸福，角色的喜怒哀乐真实可感，在平实的叙述中悄然传递着生活的温度，适合在忙碌之余放松心情慢慢欣赏。
503,primary,zh-CN,Ragnastrike Angels,《Ragnastrike Angels》是短篇动画，讲述巨大化的少女战士们与谜之敌人战斗的故事。少女们在特殊装置下巨大化，展开激烈的战斗，作品以战斗、福利与恶搞为特色，动画篇幅极短、节奏明快，在夸张的设定中展现少女战士们的对决，是一部以视觉冲击为主的短篇作品。作品在热血的打斗之外，也细致刻画了角色们各自的信念与选择，每一次战斗都不仅是力量的较量，更是意志的碰撞，高潮部分张力十足，让观众在肾上腺素飙升的同时也为之动容。
504,primary,zh-CN,猫猫日本史,《猫猫日本史》是短篇动画，以猫拟人的方式讲述日本历史。历史人物以可爱的猫形象登场，作品以历史、搞笑与教育为特色，在轻松的日常中科普日本史，动画画风可爱、篇幅短小，兼具趣味与知识性，是适合全年龄观看的历史科普作品。作品没有强烈的戏剧冲突，却以细腻的笔触捕捉日常中的微小幸福，角色的喜怒哀乐真实可感，在平实的叙述中悄然传递着生活的温度，适合在忙碌之余放松心情慢慢欣赏。整体而言，该作在题材表达与情感渲染上均有可取之处，剧情张弛有度，角色令人印象深刻，是一部完成度较高、值得推荐的作品。
505,primary,zh-CN,小飞翔魔女,《小飞翔魔女》是《飞翔的魔女》的衍生短篇，继续讲述见习魔女真琴的日常。真琴在乡村的悠闲生活与魔法冒险充满温馨，作品以魔法、日常与治愈为特色，画风清新、氛围宁静，在轻松的故事中展现魔女的生活，是飞翔的魔女粉丝的番外作品。作品没有强烈的戏剧冲突，却以细腻的笔触捕捉日常中的微小幸福，角色的喜怒哀乐真实可感，在平实的叙述中悄然传递着生活的温度，适合在忙碌之余放松心情慢慢欣赏。整体而言，该作在题材表达与情感渲染上均有可取之处，剧情张弛有度，角色令人印象深刻，是一部完成度较高、值得推荐的作品。
506,primary,zh-CN,ReLIFE,《ReLIFE》改编自同名漫画。27岁的失业青年海崎新太在神秘组织的帮助下重返高中生活，以17岁的身份重新体验青春。作品以青春、成长与治愈为主题，海崎在与高中生们的相处中重新审视人生，动画的氛围温馨，对青春的思考与感动的结局令人动容，是一部治愈系作品。画风清新、节奏舒缓，人物之间的相处自然而温暖，那些平凡琐碎的片段在动画的演绎下变得闪闪发光，传递出一种治愈人心的宁静力量，是治愈系爱好者不容错过的作品。
507,primary,zh-CN,RS计划 -Rebirth Storage-,《RS计划 -Rebirth Storage-》是原创短篇动画，讲述少年与少女在末世世界中驾驶机体战斗的故事。少女为了复仇而觉醒，与少年并肩战斗，作品以机战、科幻与热血为特色，动画的篇幅短小、氛围沉重，在有限的篇幅中展现战斗与羁绊，是一部风格冷峻的作品。动作设计与演出张力俱佳，随着剧情推进，主角面对的敌人越来越强，战斗方式与自身局限的突破层层升级，配乐与画面配合出色，将热血少年向作品应有的爽快感与成长感都演绎得十分到位。
508,primary,zh-CN,忧郁的物怪庵,《忧郁的物怪庵》改编自同名漫画。能看见妖怪的少年芦屋花绘，在偶然的机会下成为物怪庵的奉公人，与庵主安倍晴斋一起解决妖怪的事件。作品以妖怪、日常与治愈为特色，花绘与晴斋的搭档互动充满趣味，单元故事温馨有趣，动画画风清新、氛围温暖，是一部治愈系的妖怪物语。作品没有强烈的戏剧冲突，却以细腻的笔触捕捉日常中的微小幸福，角色的喜怒哀乐真实可感，在平实的叙述中悄然传递着生活的温度，适合在忙碌之余放松心情慢慢欣赏。
509,primary,zh-CN,剑风传奇,《剑风传奇》改编自三浦建太郎的同名漫画，讲述佣兵团鹰之团的格斯与格里菲斯的故事。格斯在残酷的中世纪世界中生存，与格里菲斯及鹰之团的羁绊走向悲剧，作品以黑暗奇幻、残酷的战斗与深刻的主题著称，动画的作画精良、氛围沉重，是漫画史上的杰作动画化。动作设计与演出张力俱佳，随着剧情推进，主角面对的敌人越来越强，战斗方式与自身局限的突破层层升级，配乐与画面配合出色，将热血少年向作品应有的爽快感与成长感都演绎得十分到位。
510,primary,zh-CN,小桃小栗 Love Love物语,《小桃小栗 Love Love物语》改编自同名漫画，讲述高中女生小栗旬与年下男友小桃的甜蜜恋爱。小栗对恋人小桃的痴迷与脑内妄想充满趣味，作品以恋爱、日常与搞笑为特色，画风可爱、氛围轻松，两人互动甜度十足，是一部轻松治愈的恋爱日常作品。角色间的互动刻画得细腻自然，那些欲言又止的心意、别扭又真诚的靠近都真实而动人，情感线与日常情节交织，让观众在会心一笑与怦然心动之间反复横跳，是一部让人回味无穷的恋爱物语。
511,primary,zh-CN,食戟之灵 贰之皿,《食戟之灵 贰之皿》是《食戟之灵》第二季，幸平创真在远月学园继续参加料理对决。本季的秋季选拔赛与食戟之战更加激烈，创真与各具特色的对手展开料理比拼，作品以美食、热血与竞技为特色，动画对料理的描绘令人垂涎欲滴，比赛场面紧张刺激，是美食题材动画的经典。动画的节奏把控张弛有度，战斗场面的分镜与作画都相当扎实，主角在与强敌的较量中不断突破自我，和同伴之间建立的信任与羁绊也为剧情增添了温度，热血与感动并存，值得一看。
512,primary,zh-CN,LoveLive! Sunshine!!,《LoveLive! Sunshine!!》是Love Live系列动画，讲述浦之星女学院的九位少女为拯救废校危机而成为校园偶像的故事。千歌与伙伴们在偶像活动中成长，作品以音乐、追梦与群像为特色，歌曲动人、舞台演出华丽，少女们的友情与梦想令人动容，是偶像动画的经典系列。作品在展现华丽舞台的同时，也刻画了偶像们背后的努力、竞争与友情，角色在一次次演出与挑战中逐渐成长，演唱的曲目旋律优美、记忆点十足，整体氛围励志而温暖。
513,primary,zh-CN,初恋怪兽,《初恋怪兽》改编自同名漫画。小学女生二阶堂夏步与自称大学生的高桥奏相遇，却揭穿其真实身份竟是小学五年级学生。作品以恋爱喜剧、反差与搞笑为特色，奏的成年外表与幼稚内心的反差充满笑料，动画的设定荒诞有趣，是一部让人捧腹的搞笑恋爱作品。角色间的互动刻画得细腻自然，那些欲言又止的心意、别扭又真诚的靠近都真实而动人，情感线与日常情节交织，让观众在会心一笑与怦然心动之间反复横跳，是一部让人回味无穷的恋爱物语。
514,primary,zh-CN,B-PROJECT～鼓动＊Ambitious～,《B-PROJECT～鼓动＊Ambitious～》是女性向偶像动画，讲述事务所B-PROJECT的偶像们的成长。少年们在偶像舞台上追逐梦想，作品以音乐、偶像与群像为特色，歌曲与舞台演出华丽，角色们各具魅力，动画的氛围励志温暖，是女性向偶像动画的作品。歌舞演出的画面制作精良，每一首歌都与角色心境和剧情推进紧密呼应，少女们在聚光灯下的闪耀与幕后流下的汗水同样动人，传递出追逐梦想、不懈努力的正能量，感染力十足。
515,primary,zh-CN,DAYS,《DAYS》改编自同名漫画，讲述足球少年柄本尽司的成长。尽司在足球天才风间阵的引领下加入足球部，在球场上不断成长，作品以足球、热血与青春为特色，动画的比赛场面充满激情，尽司的努力与团队的羁绊令人动容，是一部热血的运动番。动作设计与演出张力俱佳，随着剧情推进，主角面对的敌人越来越强，战斗方式与自身局限的突破层层升级，配乐与画面配合出色，将热血少年向作品应有的爽快感与成长感都演绎得十分到位。整体而言，该作在题材表达与情感渲染上均有可取之处，剧情张弛有度，角色令人印象深刻，是一部完成度较高、值得推荐的作品。
516,primary,zh-CN,Rewrite,《Rewrite》改编自同名游戏。在绿意盎然的校园中，少年天王寺瑚太朗与少女们相遇，展开充满谜团的冒险。作品以奇幻、悬疑与群像为特色，瑚太朗在探索真相的过程中逐渐了解世界的秘密，动画的氛围独特，剧情层层递进，是Key社作品动画化的作品。剧情层层递进、伏笔密布，随着线索的不断拼合，真相逐渐浮出水面，每一次反转都在意料之外又情理之中，细节经得起推敲，氛围营造到位，是喜欢烧脑故事的观众不可错过之作。整体而言，该作在题材表达与情感渲染上均有可取之处，剧情张弛有度，角色令人印象深刻，是一部完成度较高、值得推荐的作品。
517,primary,zh-CN,屁吾郎,《屁吾郎》是短篇搞笑动画，以屁为题材展开各种无厘头的故事。作品以恶搞、日常与幽默为特色，动画的设定荒诞有趣，在极短的篇幅内呈现各种搞笑桥段，画风简单、节奏明快，是一部以无厘头取胜的轻松泡面番。作品没有强烈的戏剧冲突，却以细腻的笔触捕捉日常中的微小幸福，角色的喜怒哀乐真实可感，在平实的叙述中悄然传递着生活的温度，适合在忙碌之余放松心情慢慢欣赏。整体而言，该作在题材表达与情感渲染上均有可取之处，剧情张弛有度，角色令人印象深刻，是一部完成度较高、值得推荐的作品。
518,primary,zh-CN,亚尔斯兰战记 风尘乱舞,《亚尔斯兰战记 风尘乱舞》是《亚尔斯兰战记》第二季，亚尔斯兰王子在复国之路上继续成长。本季面对新的敌人与挑战，亚尔斯兰的仁德与智谋进一步展现，作品以历史、战争与英雄成长为主题，动画的战争场面宏大，角色们的羁绊与抉择充满张力，是一部充满史诗感的作品。作品在热血的打斗之外，也细致刻画了角色们各自的信念与选择，每一次战斗都不仅是力量的较量，更是意志的碰撞，高潮部分张力十足，让观众在肾上腺素飙升的同时也为之动容。
519,primary,zh-CN,情热传说 the X,《情热传说 the X》改编自同名游戏，讲述天族与人类共存的世界中，导师史雷的冒险。史雷为净化污秽而踏上旅途，与伙伴们共同战斗，作品以奇幻、冒险与热血为特色，动画的制作精良、战斗场面华丽，史雷的成长与世界的真相层层展开，是游戏改编动画中的佳作。动作设计与演出张力俱佳，随着剧情推进，主角面对的敌人越来越强，战斗方式与自身局限的突破层层升级，配乐与画面配合出色，将热血少年向作品应有的爽快感与成长感都演绎得十分到位。
520,primary,zh-CN,橘色奇迹,《橘色奇迹》改编自同名漫画。高中女生高宫菜穗收到来自十年后自己的信，为改变未来而行动。信中提到转学生翔将死去，菜穗与伙伴们努力改变他的命运，作品以科幻、恋爱与青春为主题，菜穗的成长与翔的救赎交织，动画的氛围温暖感人，是一部催泪的作品。角色间的互动刻画得细腻自然，那些欲言又止的心意、别扭又真诚的靠近都真实而动人，情感线与日常情节交织，让观众在会心一笑与怦然心动之间反复横跳，是一部让人回味无穷的恋爱物语。
521,primary,zh-CN,齐木楠雄的灾难,《齐木楠雄的灾难》改编自同名漫画。拥有超能力的高中生齐木楠雄只想平静生活，却被各种麻烦缠绕。作品以搞笑、吐槽与超能力为特色，齐木那生无可恋的内心独白与身边人的奇葩行为形成反差，动画的节奏极快、笑点密集，是搞笑动画中的经典之作。画风清新、节奏舒缓，人物之间的相处自然而温暖，那些平凡琐碎的片段在动画的演绎下变得闪闪发光，传递出一种治愈人心的宁静力量，是治愈系爱好者不容错过的作品。整体而言，该作在题材表达与情感渲染上均有可取之处，剧情张弛有度，角色令人印象深刻，是一部完成度较高、值得推荐的作品。
522,primary,zh-CN,智龙迷城X,《智龙迷城X》改编自同名游戏，讲述少年与龙族伙伴们使用转珠战斗的故事。主角们在智龙迷城的世界中冒险，与各种龙族并肩作战，作品以冒险、战斗与热血为特色，动画的战斗场面华丽，角色们的成长与羁绊贯穿始终，是适合少年观众的作品。动作设计与演出张力俱佳，随着剧情推进，主角面对的敌人越来越强，战斗方式与自身局限的突破层层升级，配乐与画面配合出色，将热血少年向作品应有的爽快感与成长感都演绎得十分到位。整体而言，该作在题材表达与情感渲染上均有可取之处，剧情张弛有度，角色令人印象深刻，是一部完成度较高、值得推荐的作品。
523,primary,zh-CN,香蕉喵,《香蕉喵》是短篇动画，讲述藏在香蕉皮里的猫咪们的日常。香蕉喵们天真可爱的行为充满治愈气息，作品以萌宠、日常与治愈为特色，动画画风软萌、氛围轻松，在极短的篇幅内展现猫咪们的可爱，是一部让人心情愉悦的治愈泡面番。作品没有强烈的戏剧冲突，却以细腻的笔触捕捉日常中的微小幸福，角色的喜怒哀乐真实可感，在平实的叙述中悄然传递着生活的温度，适合在忙碌之余放松心情慢慢欣赏。整体而言，该作在题材表达与情感渲染上均有可取之处，剧情张弛有度，角色令人印象深刻，是一部完成度较高、值得推荐的作品。
524,primary,zh-CN,NEW GAME!,《NEW GAME!》改编自同名漫画，讲述新人游戏制作者凉风青叶进入游戏公司的职场生活。青叶在制作游戏的日常中与前辈们互动，作品以职场、日常与治愈为特色，动画画风可爱、氛围温馨，将游戏制作行业的日常描绘得生动有趣，是一部轻松治愈的职场作品。画风清新、节奏舒缓，人物之间的相处自然而温暖，那些平凡琐碎的片段在动画的演绎下变得闪闪发光，传递出一种治愈人心的宁静力量，是治愈系爱好者不容错过的作品。整体而言，该作在题材表达与情感渲染上均有可取之处，剧情张弛有度，角色令人印象深刻，是一部完成度较高、值得推荐的作品。
525,primary,zh-CN,SHOW BY ROCK!! SHORT!!,《SHOW BY ROCK!! SHORT!!》是《SHOW BY ROCK!!》的短篇动画，乐队少女们的日常继续。作品以音乐、搞笑与日常为特色，动画篇幅短小、节奏明快，在轻松的日常中展现乐队成员们的互动，是SHOW BY ROCK粉丝的番外作品。作品没有强烈的戏剧冲突，却以细腻的笔触捕捉日常中的微小幸福，角色的喜怒哀乐真实可感，在平实的叙述中悄然传递着生活的温度，适合在忙碌之余放松心情慢慢欣赏。
526,primary,zh-CN,天真与闪电,《天真与闪电》改编自同名漫画。单亲爸爸犬冢公平与女儿在与少女饭田小鸟的相遇中，开始学习料理。作品以料理、亲情与治愈为主题，公平为女儿做饭的温馨日常充满感动，动画对料理的描绘细致，父女情谊温暖人心，是一部治愈系的家庭作品。作品没有强烈的戏剧冲突，却以细腻的笔触捕捉日常中的微小幸福，角色的喜怒哀乐真实可感，在平实的叙述中悄然传递着生活的温度，适合在忙碌之余放松心情慢慢欣赏。整体而言，该作在题材表达与情感渲染上均有可取之处，剧情张弛有度，角色令人印象深刻，是一部完成度较高、值得推荐的作品。
527,primary,zh-CN,驱魔少年 HALLOW,《驱魔少年 HALLOW》是《驱魔少年》动画，讲述驱魔师们与千年伯爵的战斗。亚连与同伴们在对抗恶魔的过程中揭开组织的秘密，作品以战斗、奇幻与群像为特色，动画的氛围阴暗，角色们的羁绊与牺牲充满张力，是驱魔少年系列的续作。动作设计与演出张力俱佳，随着剧情推进，主角面对的敌人越来越强，战斗方式与自身局限的突破层层升级，配乐与画面配合出色，将热血少年向作品应有的爽快感与成长感都演绎得十分到位。整体而言，该作在题材表达与情感渲染上均有可取之处，剧情张弛有度，角色令人印象深刻，是一部完成度较高、值得推荐的作品。
528,primary,zh-CN,禁忌咒纹,《禁忌咒纹》改编自同名漫画。少年赤冢正义在保护少女时被植入禁忌咒纹，获得特殊力量。作品以战斗、奇幻与热血为特色，正义在与各种敌人的战斗中逐渐了解咒纹的真相，动画的战斗场面华丽，设定新颖，是一部标准的奇幻战斗作品。动作设计与演出张力俱佳，随着剧情推进，主角面对的敌人越来越强，战斗方式与自身局限的突破层层升级，配乐与画面配合出色，将热血少年向作品应有的爽快感与成长感都演绎得十分到位。整体而言，该作在题材表达与情感渲染上均有可取之处，剧情张弛有度，角色令人印象深刻，是一部完成度较高、值得推荐的作品。
529,primary,zh-CN,吸血鬼仆人,《吸血鬼仆人》改编自同名漫画。高中生城田真昼偶然捡到自称吸血鬼的仆人小黑，展开共同生活。作品以吸血鬼、战斗与日常为特色，真昼与小黑的互动充满笑料，动画将日常与战斗结合，角色们的羁绊贯穿始终，是一部轻松与热血并存的作品。动画的节奏把控张弛有度，战斗场面的分镜与作画都相当扎实，主角在与强敌的较量中不断突破自我，和同伴之间建立的信任与羁绊也为剧情增添了温度，热血与感动并存，值得一看。整体而言，该作在题材表达与情感渲染上均有可取之处，剧情张弛有度，角色令人印象深刻，是一部完成度较高、值得推荐的作品。
530,primary,zh-CN,腐男子高校生活,《腐男子高校生活》是短篇动画，讲述对BL感兴趣的腐男子高中生们的日常。作品以搞笑、日常与腐文化为特色，腐男子们围绕BL话题展开互动，动画篇幅短小、节奏明快，在轻松的日常中展现角色们的趣味，是一部轻松解压的泡面番。画风清新、节奏舒缓，人物之间的相处自然而温暖，那些平凡琐碎的片段在动画的演绎下变得闪闪发光，传递出一种治愈人心的宁静力量，是治愈系爱好者不容错过的作品。整体而言，该作在题材表达与情感渲染上均有可取之处，剧情张弛有度，角色令人印象深刻，是一部完成度较高、值得推荐的作品。
531,primary,zh-CN,男子啦啦队!!,《男子啦啦队!!》改编自同名小说，讲述男子高中啦啦队的物语。少年们为了在啦啦队比赛中夺冠而努力，作品以运动、青春与热血为特色，男子啦啦队的新颖设定充满看点，角色们的训练与比赛场面动人，是一部充满活力的运动作品。动作设计与演出张力俱佳，随着剧情推进，主角面对的敌人越来越强，战斗方式与自身局限的突破层层升级，配乐与画面配合出色，将热血少年向作品应有的爽快感与成长感都演绎得十分到位。整体而言，该作在题材表达与情感渲染上均有可取之处，剧情张弛有度，角色令人印象深刻，是一部完成度较高、值得推荐的作品。
532,primary,zh-CN,魔装学园H×H,《魔装学园H×H》改编自同名轻小说。拥有魔装能力的少年飞弹伤无，与女性朋友们在学园中共同战斗。作品以学园战斗、后宫与福利为特色，伤无的魔装强化能力充满看点，动画的福利与战斗并存，是一部标准的轻改学园战斗后宫番。动画的节奏把控张弛有度，战斗场面的分镜与作画都相当扎实，主角在与强敌的较量中不断突破自我，和同伴之间建立的信任与羁绊也为剧情增添了温度，热血与感动并存，值得一看。整体而言，该作在题材表达与情感渲染上均有可取之处，剧情张弛有度，角色令人印象深刻，是一部完成度较高、值得推荐的作品。
533,primary,zh-CN,红伤骑士X,《红伤骑士X》改编自同名游戏。少女在红伤的世界中，与骑士们共同对抗红伤带来的威胁。作品以奇幻、战斗与群像为特色，动画的画风华丽、角色众多，少女与骑士们的羁绊贯穿始终，是一部充满幻想的战斗作品。动作设计与演出张力俱佳，随着剧情推进，主角面对的敌人越来越强，战斗方式与自身局限的突破层层升级，配乐与画面配合出色，将热血少年向作品应有的爽快感与成长感都演绎得十分到位。整体而言，该作在题材表达与情感渲染上均有可取之处，剧情张弛有度，角色令人印象深刻，是一部完成度较高、值得推荐的作品。
534,primary,zh-CN,月歌,《月歌》改编自同名企划，讲述偶像团体Six Gravity与Procellarum的物语。少年们在偶像舞台上追逐梦想，作品以音乐、偶像与群像为特色，歌曲与舞台演出华丽，角色们各具魅力，动画的氛围励志，是女性向偶像动画的作品。角色的个性塑造鲜明，舞台上的自信与生活中的可爱形成反差，团队协作与个人成长双线并进，歌舞编排赏心悦目，让观众既能享受视听盛宴，也能为少女们的梦想与坚持而感动。整体而言，该作在题材表达与情感渲染上均有可取之处，剧情张弛有度，角色令人印象深刻，是一部完成度较高、值得推荐的作品。
535,primary,zh-CN,Fate/kaleid liner 魔法少女☆伊莉雅 3rei!!,《Fate/kaleid liner 魔法少女☆伊莉雅 3rei!!》是Fate系列衍生动画，伊莉雅与美游的魔法少女战斗迎来新篇章。本季围绕美游的过去与世界的危机展开，作品以魔法少女变身、Fate世界观与战斗为特色，动画的战斗场面华丽，伊莉雅的成长令人动容，是Fate系列风格独特的作品。动画的节奏把控张弛有度，战斗场面的分镜与作画都相当扎实，主角在与强敌的较量中不断突破自我，和同伴之间建立的信任与羁绊也为剧情增添了温度，热血与感动并存，值得一看。
536,primary,zh-CN,OZMAFIA!!,《OZMAFIA!!》改编自同名乙女游戏。失去记忆的少女芙卡与黑手党家族的青年们相遇，作品以恋爱、黑手党与群像为特色，动画的画风华丽，芙卡与各角色的互动充满魅力，剧情围绕记忆与阴谋展开，是乙女向动画的作品。作品在甜蜜之余也保留了青春特有的青涩与迷茫，主角在感情中的成长与抉择贯穿始终，配乐温润、画面明丽，将恋爱中的忐忑、欢喜与遗憾都拿捏得恰到好处，适合慢慢品味。整体而言，该作在题材表达与情感渲染上均有可取之处，剧情张弛有度，角色令人印象深刻，是一部完成度较高、值得推荐的作品。
537,primary,zh-CN,魔法少女？Naria☆Girls,《魔法少女？Naria☆Girls》是短篇动画，讲述三位憧憬魔法少女的少女们的故事。少女们在成为魔法少女的幻想中展开日常，作品以搞笑、日常与吐槽为特色，动画篇幅短小、节奏明快，在轻松的日常中展现少女们的互动，是一部轻松解压的泡面番。作品没有强烈的戏剧冲突，却以细腻的笔触捕捉日常中的微小幸福，角色的喜怒哀乐真实可感，在平实的叙述中悄然传递着生活的温度，适合在忙碌之余放松心情慢慢欣赏。整体而言，该作在题材表达与情感渲染上均有可取之处，剧情张弛有度，角色令人印象深刻，是一部完成度较高、值得推荐的作品。
538,primary,zh-CN,雷加利亚三圣星,《雷加利亚三圣星》是原创动画，讲述少女们驾驶机体的战斗物语。三姐妹在大型机体的战斗中揭开世界的真相，作品以机战、少女与热血为特色，动画的战斗场面华丽，少女们的成长与羁绊贯穿始终，是一部扎实的机战作品。动画的节奏把控张弛有度，战斗场面的分镜与作画都相当扎实，主角在与强敌的较量中不断突破自我，和同伴之间建立的信任与羁绊也为剧情增添了温度，热血与感动并存，值得一看。整体而言，该作在题材表达与情感渲染上均有可取之处，剧情张弛有度，角色令人印象深刻，是一部完成度较高、值得推荐的作品。
539,primary,zh-CN,半田君,《半田君》是《元气囝仔》的衍生动画，讲述青年书法家半田清舟的高中时期。半田因总是被误会而烦恼，作品以搞笑、日常与吐槽为特色，半田的误解喜剧充满笑料，动画画风清新、氛围轻松，是元气囝仔粉丝的番外作品。画风清新、节奏舒缓，人物之间的相处自然而温暖，那些平凡琐碎的片段在动画的演绎下变得闪闪发光，传递出一种治愈人心的宁静力量，是治愈系爱好者不容错过的作品。整体而言，该作在题材表达与情感渲染上均有可取之处，剧情张弛有度，角色令人印象深刻，是一部完成度较高、值得推荐的作品。
540,primary,zh-CN,这个美术社大有问题！,《这个美术社大有问题！》改编自同名漫画。美术社的少女宇佐美瑞希暗恋着社长内卷昴，但内卷只对三次元以外的二次元感兴趣。作品以恋爱喜剧、日常与搞笑为特色，瑞希的暗恋与美术社的日常充满笑料，动画氛围轻松，是一部让人会心一笑的校园喜剧。角色间的互动刻画得细腻自然，那些欲言又止的心意、别扭又真诚的靠近都真实而动人，情感线与日常情节交织，让观众在会心一笑与怦然心动之间反复横跳，是一部让人回味无穷的恋爱物语。整体而言，该作在题材表达与情感渲染上均有可取之处，剧情张弛有度，角色令人印象深刻，是一部完成度较高、值得推荐的作品。
541,primary,zh-CN,美男高校地球防卫部LOVE！LOVE！,《美男高校地球防卫部LOVE！LOVE！》是系列第二季，美男高中的地球防卫部继续与邪恶势力战斗。本季新的敌人与角色登场，男生们的变身战斗依旧充满恶搞，作品以美男、变身、搞笑与恶搞为特色，动画的演出夸张，笑点密集，是一部极具创意的搞笑作品。动画的节奏把控张弛有度，战斗场面的分镜与作画都相当扎实，主角在与强敌的较量中不断突破自我，和同伴之间建立的信任与羁绊也为剧情增添了温度，热血与感动并存，值得一看。
542,primary,zh-CN,星之梦,《星之梦》改编自Key社的游戏。在战争废墟中，巡回修复屋的青年遇到自称星象馆解说员的机器人少女星野梦美。两人在废弃的天象馆中度过短暂的时光，作品以科幻、催泪与温暖为主题，梦美的纯真与青年的人性光辉令人动容，是一部感人至深的短篇作品。动作设计与演出张力俱佳，随着剧情推进，主角面对的敌人越来越强，战斗方式与自身局限的突破层层升级，配乐与画面配合出色，将热血少年向作品应有的爽快感与成长感都演绎得十分到位。
543,primary,zh-CN,蓝海少女,《蓝海少女》改编自天野梢的同名漫画。少女大木双叶在转入海边的学校后，与潜水少女小日向光相遇，开始学习潜水。作品以潜水、日常与治愈为特色，动画的画风清新唯美，海底世界与少女们的青春交相辉映，是一部充满治愈气息的作品。作品没有强烈的戏剧冲突，却以细腻的笔触捕捉日常中的微小幸福，角色的喜怒哀乐真实可感，在平实的叙述中悄然传递着生活的温度，适合在忙碌之余放松心情慢慢欣赏。整体而言，该作在题材表达与情感渲染上均有可取之处，剧情张弛有度，角色令人印象深刻，是一部完成度较高、值得推荐的作品。
544,primary,zh-CN,Thunderbolt Fantasy 东离剑游纪,《Thunderbolt Fantasy 东离剑游纪》是虚渊玄与台湾霹雳布袋戏合作的偶动漫，讲述被诅咒的魔剑与剑士们的物语。丹衡与凛雪鸦等角色在奇幻世界中展开武侠冒险，作品以武侠、偶剧与热血为特色，动画的偶戏演出充满魄力，剧情跌宕起伏，是一部风格独特的作品。动画的节奏把控张弛有度，战斗场面的分镜与作画都相当扎实，主角在与强敌的较量中不断突破自我，和同伴之间建立的信任与羁绊也为剧情增添了温度，热血与感动并存，值得一看。
545,primary,zh-CN,发条精灵战记 天镜的极北之星,《发条精灵战记 天镜的极北之星》改编自同名轻小说。在发条精灵驱动机械的世界，少年伊库塔作为最差的军人卷入战争。作品以战争、智谋与群像为特色，伊库塔的懒散外表与过人智慧形成反差，动画的战争场面宏大，剧情充满战略与反转，是一部硬核的战争作品。动作设计与演出张力俱佳，随着剧情推进，主角面对的敌人越来越强，战斗方式与自身局限的突破层层升级，配乐与画面配合出色，将热血少年向作品应有的爽快感与成长感都演绎得十分到位。
546,primary,zh-CN,91天,《91天》是原创动画。在为家人复仇的少年阿维里奥，潜入黑手党家族内部，展开为期91天的复仇。作品以黑手党、复仇与悬疑为主题，阿维里奥的复仇计划充满紧张与反转，动画的氛围沉重、配乐经典，是一部充满悲剧色彩的作品。剧情层层递进、伏笔密布，随着线索的不断拼合，真相逐渐浮出水面，每一次反转都在意料之外又情理之中，细节经得起推敲，氛围营造到位，是喜欢烧脑故事的观众不可错过之作。整体而言，该作在题材表达与情感渲染上均有可取之处，剧情张弛有度，角色令人印象深刻，是一部完成度较高、值得推荐的作品。
547,primary,zh-CN,时间旅行少女～真理、和花与8名科学家～,《时间旅行少女～真理、和花与8名科学家～》是原创动画，讲述少女们通过时间旅行与历史科学家相遇的故事。少女真理在调查父亲的研究中展开时间旅行，作品以科幻、教育与少女的成长为主题，动画将科学知识与冒险结合，氛围温馨，是一部寓教于乐的作品。作品没有强烈的戏剧冲突，却以细腻的笔触捕捉日常中的微小幸福，角色的喜怒哀乐真实可感，在平实的叙述中悄然传递着生活的温度，适合在忙碌之余放松心情慢慢欣赏。整体而言，该作在题材表达与情感渲染上均有可取之处，剧情张弛有度，角色令人印象深刻，是一部完成度较高、值得推荐的作品。
548,primary,zh-CN,一人之下,《一人之下》改编自同名漫画。普通青年张楚岚在爷爷去世后，卷入异人世界的纷争。他在神秘少女冯宝宝的帮助下，逐渐了解自己的身世，作品以中国功夫、奇幻与热血为特色，动画的打斗场面华丽，楚岚的成长与异人世界的设定充满魅力，是国漫的代表作。动作设计与演出张力俱佳，随着剧情推进，主角面对的敌人越来越强，战斗方式与自身局限的突破层层升级，配乐与画面配合出色，将热血少年向作品应有的爽快感与成长感都演绎得十分到位。
549,primary,zh-CN,心灵代码,《心灵代码》是原创动画。在无法弹奏音乐的世界，少年阳炎与少女们通过音乐战斗。作品以音乐、科幻与热血为特色，动画的战斗场面华丽，音乐的力量设定新颖，阳炎与伙伴们的羁绊贯穿始终，是一部充满创意的作品。动作设计与演出张力俱佳，随着剧情推进，主角面对的敌人越来越强，战斗方式与自身局限的突破层层升级，配乐与画面配合出色，将热血少年向作品应有的爽快感与成长感都演绎得十分到位。整体而言，该作在题材表达与情感渲染上均有可取之处，剧情张弛有度，角色令人印象深刻，是一部完成度较高、值得推荐的作品。
550,primary,zh-CN,圣洁天使,《圣洁天使》改编自同名游戏。在面临崩坏的未来，少女们觉醒为守护世界而战。作品以战斗、奇幻与群像为特色，动画的画风华丽，少女们的成长与羁绊贯穿始终，剧情围绕世界的真相展开，是一部标准的奇幻战斗作品。动画的节奏把控张弛有度，战斗场面的分镜与作画都相当扎实，主角在与强敌的较量中不断突破自我，和同伴之间建立的信任与羁绊也为剧情增添了温度，热血与感动并存，值得一看。整体而言，该作在题材表达与情感渲染上均有可取之处，剧情张弛有度，角色令人印象深刻，是一部完成度较高、值得推荐的作品。
551,primary,zh-CN,Active Raid -机动强袭室第八课- 2nd,《Active Raid -机动强袭室第八课- 2nd》是系列第二季，特殊部队第八课继续执行任务。本季第八课的队员们面对更加强大的敌人，作品以机战、警察与群像为特色，动画的战斗场面华丽，队员们的日常与任务交织，节奏明快，是一部轻松热血的机战作品。作品在热血的打斗之外，也细致刻画了角色们各自的信念与选择，每一次战斗都不仅是力量的较量，更是意志的碰撞，高潮部分张力十足，让观众在肾上腺素飙升的同时也为之动容。
552,primary,zh-CN,弹丸论破3 -The End of 希望之峰学园- 未来篇,《弹丸论破3 -The End of 希望之峰学园- 未来篇》是弹丸论破系列动画，讲述未来机关成员卷入的绝望游戏。苗木诚与伙伴们在未来篇中面对绝望的袭击，作品以悬疑、绝望与逆转为主题，动画的氛围紧张，剧情充满反转与冲击，是弹丸论破系列的完结篇。剧情层层递进、伏笔密布，随着线索的不断拼合，真相逐渐浮出水面，每一次反转都在意料之外又情理之中，细节经得起推敲，氛围营造到位，是喜欢烧脑故事的观众不可错过之作。
553,primary,zh-CN,灵能百分百,《灵能百分百》改编自ONE的同名漫画。拥有强大灵能力的少年影山茂夫（路人），在师父灵幻新隆的指导下处理灵异事件。作品以超能力、战斗与成长为主题，路人在压抑力量与自我成长之间的挣扎充满共鸣，动画的战斗场面华丽，结局感人，是极具深度的热血作品。动画的节奏把控张弛有度，战斗场面的分镜与作画都相当扎实，主角在与强敌的较量中不断突破自我，和同伴之间建立的信任与羁绊也为剧情增添了温度，热血与感动并存，值得一看。
554,primary,zh-CN,弹丸论破3 -The End of 希望之峰学园- 绝望篇,《弹丸论破3 -The End of 希望之峰学园- 绝望篇》是弹丸论破系列的绝望篇，讲述希望之峰学园的过去。本作描绘学院内绝望的蔓延与角色们的悲剧，与未来篇相互呼应，作品以悬疑、绝望与群像为特色，动画的氛围沉重，角色们的命运充满冲击力，是弹丸论破系列的完结篇。悬疑氛围铺垫扎实，人物之间暗流涌动的博弈与隐藏的秘密交织出复杂的叙事网络，叙事节奏收放自如，高潮部分的揭示震撼有力，看完之后依然值得反复回味其中的细节。
555,primary,zh-CN,野球少年,《野球少年》改编自同名小说。少年原田巧以棒球投手为目标，在转学后与捕手永仓豪相遇。作品以棒球、青春与友情为主题，巧的成长与投球技术充满看点，动画对棒球的描写细致，少年们的羁绊与挫折真实动人，是一部扎实的运动作品。竞技之外的成长与人物塑造同样出色，角色们在胜负之外的坚持与热爱令人敬佩，节奏紧凑、情感饱满，将运动番应有的激情与感动都发挥得淋漓尽致，极具感染力。整体而言，该作在题材表达与情感渲染上均有可取之处，剧情张弛有度，角色令人印象深刻，是一部完成度较高、值得推荐的作品。
556,primary,zh-CN,航海王：黄金之心,《航海王：黄金之心》是《航海王》的特别篇，讲述路飞一行人与黄金之心相关的冒险。草帽一伙在寻找黄金之心的过程中遭遇新的敌人，作品以冒险、热血与伙伴羁绊为主题，动画的战斗场面华丽，路飞的冒险充满欢乐，是航海王粉丝的特别篇作品。动画的节奏把控张弛有度，战斗场面的分镜与作画都相当扎实，主角在与强敌的较量中不断突破自我，和同伴之间建立的信任与羁绊也为剧情增添了温度，热血与感动并存，值得一看。整体而言，该作在题材表达与情感渲染上均有可取之处，剧情张弛有度，角色令人印象深刻，是一部完成度较高、值得推荐的作品。
557,primary,zh-CN,七大罪 圣战的预兆,《七大罪 圣战的预兆》是《七大罪》的特别篇，讲述圣战前夕的日常。本作聚焦角色们的互动与圣战前的准备，作品以奇幻冒险、热血战斗与伙伴羁绊为特色，动画的氛围相对轻松，为七大罪系列补充了角色间的故事，是一部过渡性的特别篇。动作设计与演出张力俱佳，随着剧情推进，主角面对的敌人越来越强，战斗方式与自身局限的突破层层升级，配乐与画面配合出色，将热血少年向作品应有的爽快感与成长感都演绎得十分到位。整体而言，该作在题材表达与情感渲染上均有可取之处，剧情张弛有度，角色令人印象深刻，是一部完成度较高、值得推荐的作品。
558,primary,zh-CN,银河机攻队 庄严王子,《银河机攻队 庄严王子》是原创机器人动画，讲述地球防卫队与未知敌人战斗的故事。少年们驾驶机体展开战斗，在战争中成长，作品以机战、热血与群像为特色，动画的战斗场面华丽，角色们的成长与羁绊贯穿始终，是一部扎实的机战作品。动作设计与演出张力俱佳，随着剧情推进，主角面对的敌人越来越强，战斗方式与自身局限的突破层层升级，配乐与画面配合出色，将热血少年向作品应有的爽快感与成长感都演绎得十分到位。整体而言，该作在题材表达与情感渲染上均有可取之处，剧情张弛有度，角色令人印象深刻，是一部完成度较高、值得推荐的作品。
559,primary,zh-CN,Under The Dog,《Under The Dog》是科幻动画，讲述近未来世界中，拥有特殊能力的学生们被用作武器的故事。少女们在被操纵的命运中挣扎，作品以科幻、战斗与黑暗氛围为特色，动画的画风精致，剧情围绕能力者的悲剧展开，是一部风格冷峻的作品。动画的节奏把控张弛有度，战斗场面的分镜与作画都相当扎实，主角在与强敌的较量中不断突破自我，和同伴之间建立的信任与羁绊也为剧情增添了温度，热血与感动并存，值得一看。整体而言，该作在题材表达与情感渲染上均有可取之处，剧情张弛有度，角色令人印象深刻，是一部完成度较高、值得推荐的作品。
560,primary,zh-CN,伤物语Ⅰ铁血篇,《伤物语Ⅰ铁血篇》是《物语》系列的前传剧场版，讲述阿良良木历与吸血鬼姬丝秀忒相遇的故事。历在帮助濒死的吸血鬼后变为眷属，卷入与三名吸血鬼猎人的战斗，作品以独特的对白风格、极致的画面表现与深刻的主题著称，动画的制作精良，是物语系列的起源篇章。作品在热血的打斗之外，也细致刻画了角色们各自的信念与选择，每一次战斗都不仅是力量的较量，更是意志的碰撞，高潮部分张力十足，让观众在肾上腺素飙升的同时也为之动容。
561,primary,zh-CN,加速世界 Infinite Burst,《加速世界 Infinite Burst》是《加速世界》的剧场版，讲述少年有田春雪在加速世界中的战斗。本作围绕新的篇章展开，春雪与伙伴们在加速世界中挑战强敌，作品以科幻、战斗与热血为特色，动画的战斗场面华丽，春雪的成长令人动容，是加速世界系列的剧场版。动作设计与演出张力俱佳，随着剧情推进，主角面对的敌人越来越强，战斗方式与自身局限的突破层层升级，配乐与画面配合出色，将热血少年向作品应有的爽快感与成长感都演绎得十分到位。
562,primary,zh-CN,苍蓝钢铁的琶音 Cadenza,《苍蓝钢铁的琶音 Cadenza》是《苍蓝钢铁的琶音》剧场版，群像与伊欧娜的故事迎来新篇章。本作围绕雾舰队与人类的命运展开，作品以SF海战、科幻与情感为特色，动画的舰艇作画精良，群像的成长与伊欧娜的情感令人动容，是系列的重要作品。科幻设定考究而自洽，科技与人文的碰撞贯穿全片，在宏大的未来图景之下，角色的信念与抉择更显分量，叙事层层推进、世界观逐步展开，是一部兼具视觉冲击与思想深度的作品。整体而言，该作在题材表达与情感渲染上均有可取之处，剧情张弛有度，角色令人印象深刻，是一部完成度较高、值得推荐的作品。
563,primary,zh-CN,选择破坏者WIXOSS剧场版,《选择破坏者WIXOSS剧场版》是WIXOSS系列剧场版，少女们继续参与WIXOSS卡片战斗。本作围绕新的篇章展开，作品以卡牌、悬疑与心理博弈为特色，动画延续系列的暗黑氛围，少女们的命运与愿望交织，剧情充满反转，是WIXOSS系列的重要作品。作品在热血的打斗之外，也细致刻画了角色们各自的信念与选择，每一次战斗都不仅是力量的较量，更是意志的碰撞，高潮部分张力十足，让观众在肾上腺素飙升的同时也为之动容。
564,primary,zh-CN,电影 High☆Speed! -Free! Starting Days-,《电影 High☆Speed! -Free! Starting Days-》是《Free!》的前传剧场版，讲述岩鸢中学游泳部的少年们的故事。遥与真琴在中学时期相遇，为游泳部的成立而努力，作品以游泳、青春与羁绊为主题，动画的水中作画优美，少年们的友谊与梦想令人动容，是Free!系列的前传。作品风格鲜明、辨识度高，在同类题材中走出了自己的路子，角色与故事的结合恰到好处，整体观感流畅自然，无论是题材爱好者还是路人观众都能乐在其中。
565,primary,zh-CN,少女与战车 剧场版,《少女与战车 剧场版》是《少女与战车》的剧场版，讲述少女们驾驶战车战斗的故事。大洗女子学园在剧场版中面对新的危机，少女们展开激烈的大规模战车战，作品以战车、热血与群像为特色，动画的战斗场面华丽震撼，少女们的团队协作充满魅力，是战车题材的经典。动画的节奏把控张弛有度，战斗场面的分镜与作画都相当扎实，主角在与强敌的较量中不断突破自我，和同伴之间建立的信任与羁绊也为剧情增添了温度，热血与感动并存，值得一看。
566,primary,zh-CN,心灵想要大声呼喊。,《心灵想要大声呼喊。》是原创动画，讲述无法言语的少女成濑顺的故事。顺因过去的创伤失去说话能力，在音乐剧活动中逐渐找到表达自我的勇气，作品以青春、治愈与成长为主题，顺的内心世界与音乐剧的展开令人动容，动画的制作精良，是一部感人至深的作品。画风清新、节奏舒缓，人物之间的相处自然而温暖，那些平凡琐碎的片段在动画的演绎下变得闪闪发光，传递出一种治愈人心的宁静力量，是治愈系爱好者不容错过的作品。整体而言，该作在题材表达与情感渲染上均有可取之处，剧情张弛有度，角色令人印象深刻，是一部完成度较高、值得推荐的作品。
567,primary,zh-CN,女神异闻录5 -THE DAY BREAKERS-,《女神异闻录5 -THE DAY BREAKERS-》是《女神异闻录5》的短篇动画，讲述怪盗团的行动。本作以单元剧形式展现怪盗团的冒险，作品以Persona战斗、青春与群像为特色，动画的风格独特，角色们的互动充满魅力，是P5系列的衍生作品。动作设计与演出张力俱佳，随着剧情推进，主角面对的敌人越来越强，战斗方式与自身局限的突破层层升级，配乐与画面配合出色，将热血少年向作品应有的爽快感与成长感都演绎得十分到位。
568,primary,zh-CN,乌龙派出所 THE FINAL 两津勘吉最后的一天,《乌龙派出所 THE FINAL 两津勘吉最后的一天》是《乌龙派出所》的完结篇，讲述警员两津勘吉的最终故事。本作回顾两津的传奇人生，作品以搞笑、日常与温情为特色，动画的喜剧风格贯穿全片，结局的告别充满感动，是乌龙派出所系列的圆满收官。作品没有强烈的戏剧冲突，却以细腻的笔触捕捉日常中的微小幸福，角色的喜怒哀乐真实可感，在平实的叙述中悄然传递着生活的温度，适合在忙碌之余放松心情慢慢欣赏。整体而言，该作在题材表达与情感渲染上均有可取之处，剧情张弛有度，角色令人印象深刻，是一部完成度较高、值得推荐的作品。
569,primary,zh-CN,喵楞！,《喵楞！》是短篇动画，讲述猫咪们的日常。作品以萌宠、日常与治愈为特色，动画画风软萌、氛围轻松，在极短的篇幅内展现猫咪们的可爱行为，让人心情愉悦，是一部治愈系的泡面番。画风清新、节奏舒缓，人物之间的相处自然而温暖，那些平凡琐碎的片段在动画的演绎下变得闪闪发光，传递出一种治愈人心的宁静力量，是治愈系爱好者不容错过的作品。整体而言，该作在题材表达与情感渲染上均有可取之处，剧情张弛有度，角色令人印象深刻，是一部完成度较高、值得推荐的作品。
570,primary,zh-CN,怪兽娘～奥特怪兽拟人化计划～,《怪兽娘～奥特怪兽拟人化计划～》是短篇动画，将奥特曼系列的怪兽拟人化为少女，讲述她们的日常。作品以怪兽拟人、日常与搞笑为特色，动画画风可爱、氛围轻松，在轻松的日常中展现怪兽娘们的互动，是奥特曼系列的衍生作品。作品没有强烈的戏剧冲突，却以细腻的笔触捕捉日常中的微小幸福，角色的喜怒哀乐真实可感，在平实的叙述中悄然传递着生活的温度，适合在忙碌之余放松心情慢慢欣赏。整体而言，该作在题材表达与情感渲染上均有可取之处，剧情张弛有度，角色令人印象深刻，是一部完成度较高、值得推荐的作品。
571,primary,zh-CN,数码宝贝宇宙 应用怪兽,《数码宝贝宇宙 应用怪兽》是数码宝贝系列动画，讲述少年们与应用程序怪兽的战斗。新海春与搭档应用怪兽展开冒险，作品以冒险、战斗与数码宝贝的世界观为特色，动画的战斗场面华丽，角色们的成长与羁绊贯穿始终，是数码宝贝系列的新作。动画的节奏把控张弛有度，战斗场面的分镜与作画都相当扎实，主角在与强敌的较量中不断突破自我，和同伴之间建立的信任与羁绊也为剧情增添了温度，热血与感动并存，值得一看。整体而言，该作在题材表达与情感渲染上均有可取之处，剧情张弛有度，角色令人印象深刻，是一部完成度较高、值得推荐的作品。
572,primary,zh-CN,时间飞船24,《时间飞船24》是时间飞船系列动画，讲述少年们驾驶飞船展开时空冒险。主角们与反派时间飞船的追逐战充满趣味，作品以冒险、搞笑与机械为特色，动画的设定新颖，角色们的冒险充满欢乐，是一部适合全年龄观看的作品。作品在幻想的外衣下探讨着真实的情感与抉择，主角的成长线扎实有力，与伙伴们的情谊在一次次考验中愈发深厚，冒险的紧张感与日常的温情交替呈现，故事层次丰富、后劲十足。整体而言，该作在题材表达与情感渲染上均有可取之处，剧情张弛有度，角色令人印象深刻，是一部完成度较高、值得推荐的作品。
573,primary,zh-CN,时空囚徒,《时空囚徒》是短篇动画，讲述在时空监狱中的囚徒们的故事。囚徒们在诡异的环境中求生，作品以悬疑、科幻与恐怖为特色，动画的氛围压抑，剧情充满谜团，在有限的篇幅内营造出紧张感，是一部风格独特的作品。作品没有强烈的戏剧冲突，却以细腻的笔触捕捉日常中的微小幸福，角色的喜怒哀乐真实可感，在平实的叙述中悄然传递着生活的温度，适合在忙碌之余放松心情慢慢欣赏。整体而言，该作在题材表达与情感渲染上均有可取之处，剧情张弛有度，角色令人印象深刻，是一部完成度较高、值得推荐的作品。
574,primary,zh-CN,舞兵器舞乱伎 星之巨人,《舞兵器舞乱伎 星之巨人》是《舞兵器舞乱伎》第二季，东与舞兵器少女们的冒险继续。本季围绕星之巨人的真相展开，战斗更加激烈，作品以奇幻、战斗与热血为特色，动画的3DCG战斗场面华丽，角色们的羁绊贯穿始终，是一部充满魄力的动作作品。动画的节奏把控张弛有度，战斗场面的分镜与作画都相当扎实，主角在与强敌的较量中不断突破自我，和同伴之间建立的信任与羁绊也为剧情增添了温度，热血与感动并存，值得一看。整体而言，该作在题材表达与情感渲染上均有可取之处，剧情张弛有度，角色令人印象深刻，是一部完成度较高、值得推荐的作品。
575,primary,zh-CN,终末的伊泽塔,《终末的伊泽塔》是原创动画，讲述魔女伊泽塔与公主的战争物语。在战火纷飞的世界，魔女伊泽塔为守护公主而战，作品以奇幻、战争与悲壮为主题，伊泽塔的力量与公主的羁绊贯穿始终，动画的氛围沉重，剧情充满牺牲与感动，是一部动人的作品。动作设计与演出张力俱佳，随着剧情推进，主角面对的敌人越来越强，战斗方式与自身局限的突破层层升级，配乐与画面配合出色，将热血少年向作品应有的爽快感与成长感都演绎得十分到位。整体而言，该作在题材表达与情感渲染上均有可取之处，剧情张弛有度，角色令人印象深刻，是一部完成度较高、值得推荐的作品。
576,primary,zh-CN,WWW.迷糊餐厅,《WWW.迷糊餐厅》改编自同名漫画，讲述家庭餐厅瓦格纳利亚的店员们的日常。本作与前作设定不同，店员们的互动依旧充满笑料，作品以日常、搞笑与群像为特色，动画的氛围轻松愉快，角色们的吐槽与纠葛令人捧腹，是迷糊餐厅系列的作品。作品没有强烈的戏剧冲突，却以细腻的笔触捕捉日常中的微小幸福，角色的喜怒哀乐真实可感，在平实的叙述中悄然传递着生活的温度，适合在忙碌之余放松心情慢慢欣赏。整体而言，该作在题材表达与情感渲染上均有可取之处，剧情张弛有度，角色令人印象深刻，是一部完成度较高、值得推荐的作品。
577,primary,zh-CN,魔法少女育成计划,《魔法少女育成计划》改编自同名小说。在一款魔法少女养成游戏的召集下，少女们获得魔法少女的力量，却陷入残酷的淘汰战。作品以魔法少女、悬疑与黑暗为主题，少女们在自相残杀中挣扎，动画的氛围压抑，结局充满冲击力，是反套路的魔法少女作品。剧情层层递进、伏笔密布，随着线索的不断拼合，真相逐渐浮出水面，每一次反转都在意料之外又情理之中，细节经得起推敲，氛围营造到位，是喜欢烧脑故事的观众不可错过之作。整体而言，该作在题材表达与情感渲染上均有可取之处，剧情张弛有度，角色令人印象深刻，是一部完成度较高、值得推荐的作品。
578,primary,zh-CN,ViVid Strike!,《ViVid Strike!》是魔法少女奈叶系列动画，讲述少女芙卡与莉奥的格斗竞技。芙卡在格斗大赛中不断成长，与对手展开激烈的对决，作品以战斗、热血与成长为主题，动画的格斗场面华丽，芙卡的成长令人动容，是奈叶系列的衍生作品。动作设计与演出张力俱佳，随着剧情推进，主角面对的敌人越来越强，战斗方式与自身局限的突破层层升级，配乐与画面配合出色，将热血少年向作品应有的爽快感与成长感都演绎得十分到位。整体而言，该作在题材表达与情感渲染上均有可取之处，剧情张弛有度，角色令人印象深刻，是一部完成度较高、值得推荐的作品。
579,primary,zh-CN,歌之王子殿下 真爱LEGEND STAR,《歌之王子殿下 真爱LEGEND STAR》是系列动画，七海春歌与偶像们的物语继续。本季春歌与六位偶像在音乐道路上迎接新的挑战，作品以音乐、恋爱与偶像为特色，华丽的舞台演出与动人的歌曲贯穿全片，角色们的互动甜度十足，是女性向偶像动画的代表作。角色间的互动刻画得细腻自然，那些欲言又止的心意、别扭又真诚的靠近都真实而动人，情感线与日常情节交织，让观众在会心一笑与怦然心动之间反复横跳，是一部让人回味无穷的恋爱物语。
580,primary,zh-CN,虎面人W,《虎面人W》是《虎面人》系列动画，讲述摔角手们与谜之组织的战斗。少年们为复仇而踏上摔角之路，作品以摔角、热血与复仇为主题，动画的摔角场面充满魄力，主角们的成长与对决令人热血沸腾，是摔角题材动画的作品。动画的节奏把控张弛有度，战斗场面的分镜与作画都相当扎实，主角在与强敌的较量中不断突破自我，和同伴之间建立的信任与羁绊也为剧情增添了温度，热血与感动并存，值得一看。整体而言，该作在题材表达与情感渲染上均有可取之处，剧情张弛有度，角色令人印象深刻，是一部完成度较高、值得推荐的作品。
581,primary,zh-CN,甜甜私房猫 吃饱啦大冒险,《甜甜私房猫 吃饱啦大冒险》是《甜甜私房猫》系列动画，讲述小猫小起的日常冒险。小起与主人一家的生活充满温馨，作品以萌宠、日常与治愈为特色，动画画风软萌，小起的可爱行为令人会心一笑，是一部治愈系的宠物动画。画风清新、节奏舒缓，人物之间的相处自然而温暖，那些平凡琐碎的片段在动画的演绎下变得闪闪发光，传递出一种治愈人心的宁静力量，是治愈系爱好者不容错过的作品。整体而言，该作在题材表达与情感渲染上均有可取之处，剧情张弛有度，角色令人印象深刻，是一部完成度较高、值得推荐的作品。
582,primary,zh-CN,怪物猎人物语 RIDE ON,《怪物猎人物语 RIDE ON》改编自同名游戏，讲述少年与怪物们的冒险。骑士与怪物缔结羁绊，展开冒险之旅，作品以冒险、热血与怪物为特色，动画的战斗场面华丽，骑士与怪物的羁绊贯穿始终，是怪物猎人系列的衍生作品。动作设计与演出张力俱佳，随着剧情推进，主角面对的敌人越来越强，战斗方式与自身局限的突破层层升级，配乐与画面配合出色，将热血少年向作品应有的爽快感与成长感都演绎得十分到位。整体而言，该作在题材表达与情感渲染上均有可取之处，剧情张弛有度，角色令人印象深刻，是一部完成度较高、值得推荐的作品。
583,primary,zh-CN,机动战士高达 铁血的奥尔芬斯 第二季,《机动战士高达 铁血的奥尔芬斯 第二季》延续第一季，铁华团在火星的生存斗争继续。本季的战争规模扩大，三日月与铁华团的命运更加沉重，作品以机战、热血与群像为特色，动画的战斗场面惨烈，角色们的牺牲与信念令人动容，是高达系列风格独特的作品。动画的节奏把控张弛有度，战斗场面的分镜与作画都相当扎实，主角在与强敌的较量中不断突破自我，和同伴之间建立的信任与羁绊也为剧情增添了温度，热血与感动并存，值得一看。整体而言，该作在题材表达与情感渲染上均有可取之处，剧情张弛有度，角色令人印象深刻，是一部完成度较高、值得推荐的作品。
584,primary,zh-CN,SHOW BY ROCK!! 第二季,《SHOW BY ROCK!! 第二季》延续第一季，乐队少女们的冒险继续。本季的舞台更加宏大，乐队们在音乐世界中的战斗与成长充满看点，作品以音乐、可爱角色与搞笑为特色，动画的演奏场面充满感染力，角色的日常互动笑料不断，是一部轻松愉快的音乐番。作品在热血的打斗之外，也细致刻画了角色们各自的信念与选择，每一次战斗都不仅是力量的较量，更是意志的碰撞，高潮部分张力十足，让观众在肾上腺素飙升的同时也为之动容。
585,primary,zh-CN,超心动！艺术之星,《超心动！艺术之星》是短篇动画，讲述艺术学校的少年们与艺术精灵的互动。主角们在艺术的世界中成长，作品以艺术、日常与搞笑为特色，动画画风可爱、氛围轻松，在轻松的日常中展现艺术的魅力，是一部轻松解压的泡面番。角色间的互动刻画得细腻自然，那些欲言又止的心意、别扭又真诚的靠近都真实而动人，情感线与日常情节交织，让观众在会心一笑与怦然心动之间反复横跳，是一部让人回味无穷的恋爱物语。整体而言，该作在题材表达与情感渲染上均有可取之处，剧情张弛有度，角色令人印象深刻，是一部完成度较高、值得推荐的作品。
586,primary,zh-CN,我老婆是学生会长!+!,《我老婆是学生会长!+!》是系列第二季，学生会长若菜羽衣与和泉隼斗的恋爱喜剧继续。两人的同居生活充满笑料与福利，作品以恋爱、搞笑与福利为特色，动画篇幅短小、节奏明快，是一部轻松解压的恋爱喜剧泡面番。角色间的互动刻画得细腻自然，那些欲言又止的心意、别扭又真诚的靠近都真实而动人，情感线与日常情节交织，让观众在会心一笑与怦然心动之间反复横跳，是一部让人回味无穷的恋爱物语。整体而言，该作在题材表达与情感渲染上均有可取之处，剧情张弛有度，角色令人印象深刻，是一部完成度较高、值得推荐的作品。
587,primary,zh-CN,刀剑乱舞-花丸-,《刀剑乱舞-花丸-》是刀剑拟人动画，讲述刀剑男士们在本丸中的日常。刀剑们作为审神者的伙伴共同生活，作品以日常、治愈与刀剑拟人为特色，动画画风可爱、氛围温馨，刀剑们各具个性，是一部轻松治愈的日常作品。画风清新、节奏舒缓，人物之间的相处自然而温暖，那些平凡琐碎的片段在动画的演绎下变得闪闪发光，传递出一种治愈人心的宁静力量，是治愈系爱好者不容错过的作品。整体而言，该作在题材表达与情感渲染上均有可取之处，剧情张弛有度，角色令人印象深刻，是一部完成度较高、值得推荐的作品。
588,primary,zh-CN,星梦手记,《星梦手记》是偶像题材动画，讲述少女偶像们的奋斗故事。少女们在偶像活动中追逐梦想，作品以偶像、音乐与追梦为特色，动画的歌舞场面华丽，角色们的成长与羁绊令人动容，是一部励志的偶像动画。角色的个性塑造鲜明，舞台上的自信与生活中的可爱形成反差，团队协作与个人成长双线并进，歌舞编排赏心悦目，让观众既能享受视听盛宴，也能为少女们的梦想与坚持而感动。整体而言，该作在题材表达与情感渲染上均有可取之处，剧情张弛有度，角色令人印象深刻，是一部完成度较高、值得推荐的作品。
589,primary,zh-CN,青鬼,《青鬼》改编自同名游戏，讲述少年少女们在怪谈学校中的恐怖冒险。主角们在与青鬼的对峙中求生，作品以恐怖、悬疑与解谜为特色，动画的氛围压抑，剧情充满紧张感，是一部让观众毛骨悚然的恐怖作品。剧情层层递进、伏笔密布，随着线索的不断拼合，真相逐渐浮出水面，每一次反转都在意料之外又情理之中，细节经得起推敲，氛围营造到位，是喜欢烧脑故事的观众不可错过之作。整体而言，该作在题材表达与情感渲染上均有可取之处，剧情张弛有度，角色令人印象深刻，是一部完成度较高、值得推荐的作品。
590,primary,zh-CN,怪盗Joker4,《怪盗Joker4》是《怪盗Joker》第四季，少年怪盗Joker继续展开华丽的偷盗冒险。本季加入新的对手与事件，Joker的魔术偷盗计划更加精彩，作品以华丽的魔术、夸张的演出与单元冒险为特色，动画的演出色彩鲜明、节奏明快，是一部适合少年观众的作品。作品在展现华丽舞台的同时，也刻画了偶像们背后的努力、竞争与友情，角色在一次次演出与挑战中逐渐成长，演唱的曲目旋律优美、记忆点十足，整体氛围励志而温暖。
591,primary,zh-CN,12岁。小小的胸口心跳加速 第二季,《12岁。小小的胸口心跳加速 第二季》延续第一季，小学六年级少女们的恋爱与成长继续。花日与高尾的初恋故事进一步发展，作品以恋爱、日常与成长为主题，动画画风可爱、氛围温馨，在细腻的描写中展现少女们的青涩情感，是适合少女观众的作品。角色间的互动刻画得细腻自然，那些欲言又止的心意、别扭又真诚的靠近都真实而动人，情感线与日常情节交织，让观众在会心一笑与怦然心动之间反复横跳，是一部让人回味无穷的恋爱物语。整体而言，该作在题材表达与情感渲染上均有可取之处，剧情张弛有度，角色令人印象深刻，是一部完成度较高、值得推荐的作品。
592,primary,zh-CN,斯特拉的魔法,《斯特拉的魔法》改编自同名漫画。少女藤川歌夜在高中加入同人游戏制作社团，与部员们一起制作游戏。作品以日常、治愈与游戏制作为特色，歌夜与部员们的互动充满温馨，动画画风可爱、氛围轻松，是一部治愈系的日常作品。作品没有强烈的戏剧冲突，却以细腻的笔触捕捉日常中的微小幸福，角色的喜怒哀乐真实可感，在平实的叙述中悄然传递着生活的温度，适合在忙碌之余放松心情慢慢欣赏。整体而言，该作在题材表达与情感渲染上均有可取之处，剧情张弛有度，角色令人印象深刻，是一部完成度较高、值得推荐的作品。
593,primary,zh-CN,学园帅哥,《学园帅哥》改编自同名游戏，讲述美男学园中男主角与美少年们的互动。作品以BL、搞笑与日常为特色，动画的画风独特、演出夸张，在恶搞中展现美少年们的日常，是一部充满笑料的轻松作品。画风清新、节奏舒缓，人物之间的相处自然而温暖，那些平凡琐碎的片段在动画的演绎下变得闪闪发光，传递出一种治愈人心的宁静力量，是治愈系爱好者不容错过的作品。整体而言，该作在题材表达与情感渲染上均有可取之处，剧情张弛有度，角色令人印象深刻，是一部完成度较高、值得推荐的作品。
594,primary,zh-CN,TRICKSTER -来自江户川乱步「少年侦探团」-,《TRICKSTER -来自江户川乱步「少年侦探团」-》改编自江户川乱步的作品。少年侦探团的成员们在未来世界中解决案件，作品以推理、悬疑与黑暗氛围为特色，动画的剧情充满反转，少年们的冒险与成长贯穿始终，是一部风格独特的推理作品。剧情层层递进、伏笔密布，随着线索的不断拼合，真相逐渐浮出水面，每一次反转都在意料之外又情理之中，细节经得起推敲，氛围营造到位，是喜欢烧脑故事的观众不可错过之作。整体而言，该作在题材表达与情感渲染上均有可取之处，剧情张弛有度，角色令人印象深刻，是一部完成度较高、值得推荐的作品。
595,primary,zh-CN,灼热乒乓妹,《灼热乒乓妹》是短篇动画，讲述乒乓球少女们的日常。少女们在乒乓球部的互动充满趣味，作品以乒乓、日常与搞笑为特色，动画篇幅短小、节奏明快，在轻松的日常中展现少女们的活力，是一部轻松解压的泡面番。作品没有强烈的戏剧冲突，却以细腻的笔触捕捉日常中的微小幸福，角色的喜怒哀乐真实可感，在平实的叙述中悄然传递着生活的温度，适合在忙碌之余放松心情慢慢欣赏。整体而言，该作在题材表达与情感渲染上均有可取之处，剧情张弛有度，角色令人印象深刻，是一部完成度较高、值得推荐的作品。
596,primary,zh-CN,侍灵演武：将星乱,《侍灵演武：将星乱》是中日合作的动画，讲述三国武将的英灵在现代战斗的故事。少年在卷入英灵战斗后，与武将们并肩作战，作品以三国、战斗与热血为特色，动画的战斗场面华丽，武将们的英灵设定新颖，是一部充满魄力的作品。动作设计与演出张力俱佳，随着剧情推进，主角面对的敌人越来越强，战斗方式与自身局限的突破层层升级，配乐与画面配合出色，将热血少年向作品应有的爽快感与成长感都演绎得十分到位。整体而言，该作在题材表达与情感渲染上均有可取之处，剧情张弛有度，角色令人印象深刻，是一部完成度较高、值得推荐的作品。
597,primary,zh-CN,信长的忍者,《信长的忍者》是短篇动画，讲述战国时代忍者千鸟与织田信长之间的故事。千鸟在战国乱世中与信长相遇，作品以战国、搞笑与日常为特色，动画篇幅短小、节奏明快，在轻松的日常中展现忍者的生活，是一部轻松解压的泡面番。动作设计与演出张力俱佳，随着剧情推进，主角面对的敌人越来越强，战斗方式与自身局限的突破层层升级，配乐与画面配合出色，将热血少年向作品应有的爽快感与成长感都演绎得十分到位。整体而言，该作在题材表达与情感渲染上均有可取之处，剧情张弛有度，角色令人印象深刻，是一部完成度较高、值得推荐的作品。
598,primary,zh-CN,装神少女小缠,《装神少女小缠》是原创动画，讲述少女小缠通过装神获得力量的故事。小缠在神社的仪式中觉醒，与恶灵展开战斗，作品以魔法少女、战斗与日常为特色，动画的战斗场面华丽，小缠的成长与家庭的羁绊贯穿始终，是一部温馨与热血并存的作品。动画的节奏把控张弛有度，战斗场面的分镜与作画都相当扎实，主角在与强敌的较量中不断突破自我，和同伴之间建立的信任与羁绊也为剧情增添了温度，热血与感动并存，值得一看。整体而言，该作在题材表达与情感渲染上均有可取之处，剧情张弛有度，角色令人印象深刻，是一部完成度较高、值得推荐的作品。
599,primary,zh-CN,夏目友人帐 伍,《夏目友人帐 伍》是《夏目友人帐》第五季，少年夏目贵志与妖怪们的相遇继续。本季夏目与猫咪老师一起，将友人帐上的名字归还给妖怪，作品以妖怪、治愈与日常为特色，动画的氛围温柔，单元故事温暖人心，是治愈系动画的经典之作。画风清新、节奏舒缓，人物之间的相处自然而温暖，那些平凡琐碎的片段在动画的演绎下变得闪闪发光，传递出一种治愈人心的宁静力量，是治愈系爱好者不容错过的作品。整体而言，该作在题材表达与情感渲染上均有可取之处，剧情张弛有度，角色令人印象深刻，是一部完成度较高、值得推荐的作品。
600,primary,zh-CN,黑白来看守所,《黑白来看守所》是原创动画，讲述越狱犯聚集的南波看守所中囚犯们的日常。囚犯们在看守的监视下展开各种搞笑的越狱与生活，作品以搞笑、日常与吐槽为特色，动画的演出夸张、笑点密集，角色们个性鲜明，是一部充满欢乐的群像喜剧。作品没有强烈的戏剧冲突，却以细腻的笔触捕捉日常中的微小幸福，角色的喜怒哀乐真实可感，在平实的叙述中悄然传递着生活的温度，适合在忙碌之余放松心情慢慢欣赏。整体而言，该作在题材表达与情感渲染上均有可取之处，剧情张弛有度，角色令人印象深刻，是一部完成度较高、值得推荐的作品。
601,primary,zh-CN,一课一练,《一课一练》是中日合作的动画，讲述高中生诸葛梦明在学园中的战斗。梦明转学后卷入学园间的对抗，作品以校园、战斗与热血为特色，动画的战斗场面华丽，梦明的成长与羁绊贯穿始终，是一部标准的学园战斗作品。动画的节奏把控张弛有度，战斗场面的分镜与作画都相当扎实，主角在与强敌的较量中不断突破自我，和同伴之间建立的信任与羁绊也为剧情增添了温度，热血与感动并存，值得一看。整体而言，该作在题材表达与情感渲染上均有可取之处，剧情张弛有度，角色令人印象深刻，是一部完成度较高、值得推荐的作品。
602,primary,zh-CN,凸变英雄,《凸变英雄》是原创动画，讲述垃圾侠拯救世界的搞笑故事。男主角在成为英雄后与外星人战斗，作品以搞笑、热血与家庭为特色，动画的画风独特、笑点密集，在无厘头的日常中展现英雄的成长，结局充满感动，是一部口碑极佳的作品。动作设计与演出张力俱佳，随着剧情推进，主角面对的敌人越来越强，战斗方式与自身局限的突破层层升级，配乐与画面配合出色，将热血少年向作品应有的爽快感与成长感都演绎得十分到位。整体而言，该作在题材表达与情感渲染上均有可取之处，剧情张弛有度，角色令人印象深刻，是一部完成度较高、值得推荐的作品。
603,primary,zh-CN,Crane Game Girls 第二季,《Crane Game Girls 第二季》延续第一季，外星人少女们继续挑战夹娃娃机。本季的夹娃娃机任务更加荒诞，作品以搞笑、日常与无厘头为特色，动画的设定荒诞有趣、节奏明快，在轻松的日常中展现少女们的互动，是一部轻松解压的泡面番。作品没有强烈的戏剧冲突，却以细腻的笔触捕捉日常中的微小幸福，角色的喜怒哀乐真实可感，在平实的叙述中悄然传递着生活的温度，适合在忙碌之余放松心情慢慢欣赏。整体而言，该作在题材表达与情感渲染上均有可取之处，剧情张弛有度，角色令人印象深刻，是一部完成度较高、值得推荐的作品。
604,primary,zh-CN,解谜之音,《解谜之音》是短篇动画，讲述AI少女解谜的日常。少女们在解谜中展开互动，作品以解谜、日常与科幻为特色，动画篇幅短小、氛围独特，在谜题与日常的交织中展现角色的魅力，是一部风格新颖的泡面番。作品没有强烈的戏剧冲突，却以细腻的笔触捕捉日常中的微小幸福，角色的喜怒哀乐真实可感，在平实的叙述中悄然传递着生活的温度，适合在忙碌之余放松心情慢慢欣赏。整体而言，该作在题材表达与情感渲染上均有可取之处，剧情张弛有度，角色令人印象深刻，是一部完成度较高、值得推荐的作品。
605,primary,zh-CN,网球并不可笑嘛 8期,《网球并不可笑嘛 8期》延续系列，网球部少女们的无厘头日常继续。作品以高速吐槽、夸张演出与脑洞大开的桥段为特色，将网球恶搞成各种爆笑场景，每一话篇幅极短却笑点密集，是一部让人捧腹大笑的轻松泡面番，适合在碎片时间观看解压。画风清新、节奏舒缓，人物之间的相处自然而温暖，那些平凡琐碎的片段在动画的演绎下变得闪闪发光，传递出一种治愈人心的宁静力量，是治愈系爱好者不容错过的作品。整体而言，该作在题材表达与情感渲染上均有可取之处，剧情张弛有度，角色令人印象深刻，是一部完成度较高、值得推荐的作品。
606,primary,zh-CN,奇异太郎少年的妖怪绘日记,《奇异太郎少年的妖怪绘日记》是短篇动画，讲述少年奇异太郎与妖怪们的日常。奇异太郎在神社的生活中与各种妖怪相遇，作品以妖怪、日常与治愈为特色，动画画风柔和、氛围温馨，在轻松的日常中展现人与妖怪的互动，是一部治愈系作品。作品没有强烈的戏剧冲突，却以细腻的笔触捕捉日常中的微小幸福，角色的喜怒哀乐真实可感，在平实的叙述中悄然传递着生活的温度，适合在忙碌之余放松心情慢慢欣赏。整体而言，该作在题材表达与情感渲染上均有可取之处，剧情张弛有度，角色令人印象深刻，是一部完成度较高、值得推荐的作品。
607,primary,zh-CN,魔法少女什么的已经够了啦。第二季,《魔法少女什么的已经够了啦。第二季》延续第一季，魔法少女优木结的日常继续。本季结与吉祥物米咚及伙伴们的互动更加丰富，作品以魔法少女、搞笑与日常为特色，动画将魔法少女设定解构，节奏明快、笑点密集，是一部轻松解压的泡面番。作品没有强烈的戏剧冲突，却以细腻的笔触捕捉日常中的微小幸福，角色的喜怒哀乐真实可感，在平实的叙述中悄然传递着生活的温度，适合在忙碌之余放松心情慢慢欣赏。整体而言，该作在题材表达与情感渲染上均有可取之处，剧情张弛有度，角色令人印象深刻，是一部完成度较高、值得推荐的作品。
608,primary,zh-CN,动画锻炼！XX,《动画锻炼！XX》延续系列，少女们在学园中锻炼身体的故事继续。作品以健身、日常与福利为特色，少女们在锻炼中的互动充满趣味，动画篇幅短小、节奏明快，在轻松的日常中展现少女们的活力，是一部轻松解压的泡面番。画风清新、节奏舒缓，人物之间的相处自然而温暖，那些平凡琐碎的片段在动画的演绎下变得闪闪发光，传递出一种治愈人心的宁静力量，是治愈系爱好者不容错过的作品。整体而言，该作在题材表达与情感渲染上均有可取之处，剧情张弛有度，角色令人印象深刻，是一部完成度较高、值得推荐的作品。
609,primary,zh-CN,吹响吧！上低音号 第二季,《吹响吧！上低音号 第二季》延续第一季，北宇治高中吹奏乐部继续前进。本季的合奏比赛与部员们的烦恼交织，久美子与部员们共同成长，作品以音乐、青春与群像为特色，动画的演奏场面充满感染力，角色的细腻情感令人动容，是京都动画的经典作品。角色的个性塑造鲜明，舞台上的自信与生活中的可爱形成反差，团队协作与个人成长双线并进，歌舞编排赏心悦目，让观众既能享受视听盛宴，也能为少女们的梦想与坚持而感动。整体而言，该作在题材表达与情感渲染上均有可取之处，剧情张弛有度，角色令人印象深刻，是一部完成度较高、值得推荐的作品。
610,primary,zh-CN,文豪野犬 第二季,《文豪野犬 第二季》延续第一季，武装侦探社的异能力战斗继续。本季围绕太宰的过去与港黑的对峙展开，中岛敦的成长更加深入，作品以异能力战斗、文豪拟人与群像为特色，动画的战斗场面华丽、角色塑造立体，是近年来极具人气的作品。动画的节奏把控张弛有度，战斗场面的分镜与作画都相当扎实，主角在与强敌的较量中不断突破自我，和同伴之间建立的信任与羁绊也为剧情增添了温度，热血与感动并存，值得一看。整体而言，该作在题材表达与情感渲染上均有可取之处，剧情张弛有度，角色令人印象深刻，是一部完成度较高、值得推荐的作品。
611,primary,zh-CN,无畏魔女,《无畏魔女》是强袭魔女系列动画，讲述第502部队的魔女们的战斗。少女们为对抗涅洛伊而战，作品以战斗、百合与日常为特色，动画的空战场面华丽，少女们的羁绊贯穿始终，是强袭魔女系列的作品。动作设计与演出张力俱佳，随着剧情推进，主角面对的敌人越来越强，战斗方式与自身局限的突破层层升级，配乐与画面配合出色，将热血少年向作品应有的爽快感与成长感都演绎得十分到位。整体而言，该作在题材表达与情感渲染上均有可取之处，剧情张弛有度，角色令人印象深刻，是一部完成度较高、值得推荐的作品。
612,primary,zh-CN,冰上的尤里,《冰上的尤里》是原创动画，讲述花样滑冰运动员的物语。日本选手胜生勇利在教练维克托的指导下，向世界舞台发起挑战，作品以花样滑冰、运动与情感为特色，动画的滑冰场面优美，勇利的成长与维克托的羁绊令人动容，是现象级的运动动画。角色的个性塑造鲜明，舞台上的自信与生活中的可爱形成反差，团队协作与个人成长双线并进，歌舞编排赏心悦目，让观众既能享受视听盛宴，也能为少女们的梦想与坚持而感动。整体而言，该作在题材表达与情感渲染上均有可取之处，剧情张弛有度，角色令人印象深刻，是一部完成度较高、值得推荐的作品。
613,primary,zh-CN,轻拍翻转小魔女,《轻拍翻转小魔女》是原创动画，讲述少女们通过变身魔女展开的物语。可可在偶然的机会下成为魔女，与伙伴帕皮卡展开冒险，作品以魔法、冒险与奇幻为特色，动画的画风独特、色彩鲜明，少女们的成长与友谊充满魅力，是一部风格独特的作品。世界观设定丰富而自成体系，随着冒险推进，更多奇妙的种族、地点与力量体系逐一展开，角色们在旅途中收获成长与羁绊，画面与配乐共同营造出充满想象力的奇幻氛围，令人沉浸其中。整体而言，该作在题材表达与情感渲染上均有可取之处，剧情张弛有度，角色令人印象深刻，是一部完成度较高、值得推荐的作品。
614,primary,zh-CN,竞女,《竞女》改编自同名漫画，讲述以女子竞女为题材的竞技故事。少女们通过胸与臀的碰撞展开激烈的竞技，作品以搞笑、热血与竞技为特色，动画的设定荒诞有趣，比赛场面夸张热血，是一部充满欢乐的作品。动作设计与演出张力俱佳，随着剧情推进，主角面对的敌人越来越强，战斗方式与自身局限的突破层层升级，配乐与画面配合出色，将热血少年向作品应有的爽快感与成长感都演绎得十分到位。整体而言，该作在题材表达与情感渲染上均有可取之处，剧情张弛有度，角色令人印象深刻，是一部完成度较高、值得推荐的作品。
615,primary,zh-CN,ALL OUT!!,《ALL OUT!!》改编自同名漫画，讲述男子橄榄球部的热血物语。祇园健次在高中加入橄榄球部，在球场上不断成长，作品以橄榄球、热血与青春为特色，动画的比赛场面充满激情，角色的成长与羁绊令人动容，是一部热血的运动番。动作设计与演出张力俱佳，随着剧情推进，主角面对的敌人越来越强，战斗方式与自身局限的突破层层升级，配乐与画面配合出色，将热血少年向作品应有的爽快感与成长感都演绎得十分到位。整体而言，该作在题材表达与情感渲染上均有可取之处，剧情张弛有度，角色令人印象深刻，是一部完成度较高、值得推荐的作品。
616,primary,zh-CN,伯纳德小姐说。,《伯纳德小姐说。》是短篇动画，讲述自称读书家却从不读书的少女町田佐和子的日常。佐和子与图书部成员的互动充满趣味，作品以读书、日常与吐槽为特色，动画篇幅短小、节奏明快，在轻松的日常中展现角色的趣味，是一部轻松解压的泡面番。作品没有强烈的戏剧冲突，却以细腻的笔触捕捉日常中的微小幸福，角色的喜怒哀乐真实可感，在平实的叙述中悄然传递着生活的温度，适合在忙碌之余放松心情慢慢欣赏。整体而言，该作在题材表达与情感渲染上均有可取之处，剧情张弛有度，角色令人印象深刻，是一部完成度较高、值得推荐的作品。
617,primary,zh-CN,我太受欢迎了该怎么办,《我太受欢迎了该怎么办》改编自同名漫画。阴沉少女芹沼花依在减肥后变成美少女，却引发男生们的追求。作品以恋爱、搞笑与日常为特色，花依与男生们的互动充满笑料，动画的氛围轻松，是一部让人捧腹的恋爱喜剧。作品在甜蜜之余也保留了青春特有的青涩与迷茫，主角在感情中的成长与抉择贯穿始终，配乐温润、画面明丽，将恋爱中的忐忑、欢喜与遗憾都拿捏得恰到好处，适合慢慢品味。整体而言，该作在题材表达与情感渲染上均有可取之处，剧情张弛有度，角色令人印象深刻，是一部完成度较高、值得推荐的作品。
618,primary,zh-CN,少女编号,《少女编号》是原创动画，讲述新人声优乌丸千岁的业界故事。千岁在声优行业的打拼充满现实与搞笑，作品以声优、业界与吐槽为特色，动画真实描绘声优行业的辛酸，千岁那毒舌又自恋的性格充满魅力，是一部独特的业界作品。角色设计可爱讨喜，性格各异的少女们互动起来萌点十足，画风明快、色彩柔和，在轻松愉快的氛围中传递着友情与温情，治愈力满满，是闲暇时光里的最佳陪伴。整体而言，该作在题材表达与情感渲染上均有可取之处，剧情张弛有度，角色令人印象深刻，是一部完成度较高、值得推荐的作品。
619,primary,zh-CN,漂流武士,《漂流武士》改编自平野耕太的同名漫画。战国武将岛津丰久在死后被召唤到异世界，与历史上的英雄们并肩战斗。作品以穿越、战斗与群像为特色，动画的战斗场面暴力血腥，角色们的设定大胆，是一部充满魄力的作品。动画的节奏把控张弛有度，战斗场面的分镜与作画都相当扎实，主角在与强敌的较量中不断突破自我，和同伴之间建立的信任与羁绊也为剧情增添了温度，热血与感动并存，值得一看。整体而言，该作在题材表达与情感渲染上均有可取之处，剧情张弛有度，角色令人印象深刻，是一部完成度较高、值得推荐的作品。
620,primary,zh-CN,失忆煽动WIXOSS,《失忆煽动WIXOSS》是WIXOSS系列动画，讲述新主人公们的卡片战斗。少女们在WIXOSS的游戏中面对残酷的规则，作品以卡牌、悬疑与心理博弈为特色，动画延续系列的暗黑氛围，少女们的命运与愿望交织，是一部风格独特的作品。动作设计与演出张力俱佳，随着剧情推进，主角面对的敌人越来越强，战斗方式与自身局限的突破层层升级，配乐与画面配合出色，将热血少年向作品应有的爽快感与成长感都演绎得十分到位。整体而言，该作在题材表达与情感渲染上均有可取之处，剧情张弛有度，角色令人印象深刻，是一部完成度较高、值得推荐的作品。
621,primary,zh-CN,排球少年 乌野高校 VS 白鸟泽学园高校,《排球少年 乌野高校 VS 白鸟泽学园高校》是《排球少年》第三季，乌野高中与白鸟泽学园的全国大赛对决。日向与影山对阵全国顶级王牌牛岛，展开激烈的攻防战，作品以排球、热血与团队成长为主题，动画的比赛场面令人窒息，乌野全员的拼搏令人动容，是运动题材动画的巅峰之作。动作设计与演出张力俱佳，随着剧情推进，主角面对的敌人越来越强，战斗方式与自身局限的突破层层升级，配乐与画面配合出色，将热血少年向作品应有的爽快感与成长感都演绎得十分到位。
622,primary,zh-CN,亚人 第2部分,《亚人 第2部分》延续第一季，永井圭与亚人的战斗继续。本季佐藤的威胁升级，圭在与佐藤的对决中成长，作品以科幻、悬疑与动作为特色，亚人的设定与战斗场面充满震撼力，动画的3DCG表现独特，是科幻动画中的佳作。动画的节奏把控张弛有度，战斗场面的分镜与作画都相当扎实，主角在与强敌的较量中不断突破自我，和同伴之间建立的信任与羁绊也为剧情增添了温度，热血与感动并存，值得一看。整体而言，该作在题材表达与情感渲染上均有可取之处，剧情张弛有度，角色令人印象深刻，是一部完成度较高、值得推荐的作品。
623,primary,zh-CN,临时女友♪,《临时女友♪》改编自同名游戏，讲述少女们在校园中的日常。以她们的生活为题材，作品以日常、治愈与群像为特色，动画画风可爱、氛围轻松，少女们的互动充满萌点，是一部适合放松观看的日常作品。画风清新、节奏舒缓，人物之间的相处自然而温暖，那些平凡琐碎的片段在动画的演绎下变得闪闪发光，传递出一种治愈人心的宁静力量，是治愈系爱好者不容错过的作品。整体而言，该作在题材表达与情感渲染上均有可取之处，剧情张弛有度，角色令人印象深刻，是一部完成度较高、值得推荐的作品。
624,primary,zh-CN,克拉斯卡劳埃德,《克拉斯卡劳埃德》是短篇动画，讲述名画中的名人们在现代苏醒的搞笑故事。名画人物们在现代社会闹出各种笑话，作品以搞笑、恶搞与艺术为特色，动画篇幅短小、笑点密集，在荒诞的设定中展现艺术的趣味，是一部轻松解压的泡面番。作品没有强烈的戏剧冲突，却以细腻的笔触捕捉日常中的微小幸福，角色的喜怒哀乐真实可感，在平实的叙述中悄然传递着生活的温度，适合在忙碌之余放松心情慢慢欣赏。整体而言，该作在题材表达与情感渲染上均有可取之处，剧情张弛有度，角色令人印象深刻，是一部完成度较高、值得推荐的作品。
625,primary,zh-CN,长骑美眉,《长骑美眉》是短篇动画，讲述少女们骑自行车的日常。少女们在自行车部的活动中成长，作品以自行车、日常与治愈为特色，动画画风可爱、氛围轻松，在轻松的日常中展现骑行乐趣，是一部轻松解压的泡面番。作品没有强烈的戏剧冲突，却以细腻的笔触捕捉日常中的微小幸福，角色的喜怒哀乐真实可感，在平实的叙述中悄然传递着生活的温度，适合在忙碌之余放松心情慢慢欣赏。整体而言，该作在题材表达与情感渲染上均有可取之处，剧情张弛有度，角色令人印象深刻，是一部完成度较高、值得推荐的作品。
626,primary,zh-CN,3月的狮子,《3月的狮子》改编自羽海野千花的同名漫画。天才棋士桐山零在失去家人后，在将棋与周围人的温暖中成长。作品以将棋、治愈与人生为主题，零的孤独与内心的挣扎刻画深刻，动画的氛围沉静优美，是一部充满人文关怀的杰作。画风清新、节奏舒缓，人物之间的相处自然而温暖，那些平凡琐碎的片段在动画的演绎下变得闪闪发光，传递出一种治愈人心的宁静力量，是治愈系爱好者不容错过的作品。整体而言，该作在题材表达与情感渲染上均有可取之处，剧情张弛有度，角色令人印象深刻，是一部完成度较高、值得推荐的作品。
627,primary,zh-CN,超自然9人组,《超自然9人组》改编自同名小说。围绕神秘事件，九位各有怪癖的人物卷入超自然阴谋。作品以悬疑、都市传说与多线叙事为特色，动画的节奏紧凑、反转不断，各角色的命运交织，是一部充满脑洞的悬疑作品。剧情层层递进、伏笔密布，随着线索的不断拼合，真相逐渐浮出水面，每一次反转都在意料之外又情理之中，细节经得起推敲，氛围营造到位，是喜欢烧脑故事的观众不可错过之作。整体而言，该作在题材表达与情感渲染上均有可取之处，剧情张弛有度，角色令人印象深刻，是一部完成度较高、值得推荐的作品。
628,primary,zh-CN,战国鸟兽戏画～甲～,《战国鸟兽戏画～甲～》是短篇动画，将战国武将拟人化为动物，展开搞笑的日常。作品以历史、搞笑与拟人为特色，动画画风独特、节奏明快，在轻松的日常中展现武将们的互动，是一部兼具趣味与历史感的泡面番。作品没有强烈的戏剧冲突，却以细腻的笔触捕捉日常中的微小幸福，角色的喜怒哀乐真实可感，在平实的叙述中悄然传递着生活的温度，适合在忙碌之余放松心情慢慢欣赏。整体而言，该作在题材表达与情感渲染上均有可取之处，剧情张弛有度，角色令人印象深刻，是一部完成度较高、值得推荐的作品。
629,primary,zh-CN,乌冬面之国的金色毛毬,《乌冬面之国的金色毛毬》改编自同名漫画。回到故乡的网页设计师中岛与变成小孩的狸猫妖怪波可相遇，展开温馨的日常。作品以日常、治愈与妖怪为特色，动画的氛围温暖，中岛与波可的互动充满治愈气息，是一部温馨的家庭作品。画风清新、节奏舒缓，人物之间的相处自然而温暖，那些平凡琐碎的片段在动画的演绎下变得闪闪发光，传递出一种治愈人心的宁静力量，是治愈系爱好者不容错过的作品。整体而言，该作在题材表达与情感渲染上均有可取之处，剧情张弛有度，角色令人印象深刻，是一部完成度较高、值得推荐的作品。
630,primary,zh-CN,钢之管弦乐,《钢之管弦乐》是原创短篇动画，讲述机器人与少女的物语。在机械的世界中，少女与机器人相遇，作品以科幻、治愈与日常为特色，动画画风清新、氛围宁静，在轻松的故事中展现人与机器的羁绊，是一部治愈系作品。动作设计与演出张力俱佳，随着剧情推进，主角面对的敌人越来越强，战斗方式与自身局限的突破层层升级，配乐与画面配合出色，将热血少年向作品应有的爽快感与成长感都演绎得十分到位。整体而言，该作在题材表达与情感渲染上均有可取之处，剧情张弛有度，角色令人印象深刻，是一部完成度较高、值得推荐的作品。
631,primary,zh-CN,编舟记,《编舟记》改编自三浦紫苑的同名小说。青年马缔光也在辞书编辑部参与辞典《大渡海》的编纂，作品以职场、人文与执着为主题，光也对辞书的热情与团队的努力令人动容，动画的氛围沉静，是一部充满匠人精神的佳作。作品在整体完成度上表现出色，叙事流畅、角色立体，主题的表达清晰而有深度，既有轻松愉悦的观赏性，也留有值得回味的余韵，是一部质量扎实、诚意满满的作品。整体而言，该作在题材表达与情感渲染上均有可取之处，剧情张弛有度，角色令人印象深刻，是一部完成度较高、值得推荐的作品。
632,primary,zh-CN,人狼暗号1951,《人狼暗号1951》是短篇动画，讲述二战后的军事机密。少年们在人狼暗号的战争中执行任务，作品以军事、悬疑与科幻为特色，动画的氛围沉重，剧情围绕暗号与战争的真相展开，是一部风格冷峻的作品。动作设计与演出张力俱佳，随着剧情推进，主角面对的敌人越来越强，战斗方式与自身局限的突破层层升级，配乐与画面配合出色，将热血少年向作品应有的爽快感与成长感都演绎得十分到位。整体而言，该作在题材表达与情感渲染上均有可取之处，剧情张弛有度，角色令人印象深刻，是一部完成度较高、值得推荐的作品。
633,primary,zh-CN,雨色可可 in Hawaii,《雨色可可 in Hawaii》是《雨色可可》系列，咖啡店的故事来到夏威夷。本作讲述咖啡店成员们在夏威夷的日常，作品以治愈、日常与咖啡为特色，动画画风清新、氛围宁静，是一部适合放松观看的治愈系作品。作品没有强烈的戏剧冲突，却以细腻的笔触捕捉日常中的微小幸福，角色的喜怒哀乐真实可感，在平实的叙述中悄然传递着生活的温度，适合在忙碌之余放松心情慢慢欣赏。整体而言，该作在题材表达与情感渲染上均有可取之处，剧情张弛有度，角色令人印象深刻，是一部完成度较高、值得推荐的作品。
634,primary,zh-CN,星期一的丰满,《星期一的丰满》是短篇动画，讲述周一上班族与丰满少女们的互动。作品以福利、日常与搞笑为特色，动画画风精美、篇幅短小，在轻松的日常中展现少女们的魅力，是一部以视觉服务为主的泡面番。作品没有强烈的戏剧冲突，却以细腻的笔触捕捉日常中的微小幸福，角色的喜怒哀乐真实可感，在平实的叙述中悄然传递着生活的温度，适合在忙碌之余放松心情慢慢欣赏。整体而言，该作在题材表达与情感渲染上均有可取之处，剧情张弛有度，角色令人印象深刻，是一部完成度较高、值得推荐的作品。
635,primary,zh-CN,精灵宝可梦 太阳&月亮,《精灵宝可梦 太阳&月亮》是宝可梦动画系列，小智与皮卡丘在阿罗拉地区展开新冒险。本作小智在宝可梦学校学习，与新的伙伴们相遇，作品以冒险、战斗与羁绊为特色，动画的风格焕然一新，宝可梦之间的深厚感情令人动容，是宝可梦动画的新篇章。动作设计与演出张力俱佳，随着剧情推进，主角面对的敌人越来越强，战斗方式与自身局限的突破层层升级，配乐与画面配合出色，将热血少年向作品应有的爽快感与成长感都演绎得十分到位。整体而言，该作在题材表达与情感渲染上均有可取之处，剧情张弛有度，角色令人印象深刻，是一部完成度较高、值得推荐的作品。
636,primary,zh-CN,伤物语Ⅱ热血篇,《伤物语Ⅱ热血篇》是《伤物语》系列剧场版第二部，阿良良木历与吸血鬼猎人的战斗继续。历在与猎人的战斗中逐渐理解姬丝秀忒，作品以独特的对白风格、极致的画面表现著称，战斗场面华丽，历的抉择充满深度，是物语系列的经典篇章。动作设计与演出张力俱佳，随着剧情推进，主角面对的敌人越来越强，战斗方式与自身局限的突破层层升级，配乐与画面配合出色，将热血少年向作品应有的爽快感与成长感都演绎得十分到位。整体而言，该作在题材表达与情感渲染上均有可取之处，剧情张弛有度，角色令人印象深刻，是一部完成度较高、值得推荐的作品。
637,primary,zh-CN,魔法使的新娘 等待繁星之人,《魔法使的新娘 等待繁星之人》是《魔法使的新娘》的剧场版，讲述少女羽鸟智世与魔法使艾利亚斯的物语。智世在艾利亚斯的指导下接触魔法世界，作品以奇幻、治愈与魔法为特色，动画的画面精美、氛围梦幻，智世的成长令人动容，是一部充满诗意的作品。作品没有强烈的戏剧冲突，却以细腻的笔触捕捉日常中的微小幸福，角色的喜怒哀乐真实可感，在平实的叙述中悄然传递着生活的温度，适合在忙碌之余放松心情慢慢欣赏。整体而言，该作在题材表达与情感渲染上均有可取之处，剧情张弛有度，角色令人印象深刻，是一部完成度较高、值得推荐的作品。
638,primary,zh-CN,机动战士高达 THE ORIGIN,《机动战士高达 THE ORIGIN》是高达系列的动画，讲述夏亚·阿兹纳布尔的过去。本作描绘夏亚与妹妹在战乱中的遭遇，以及吉翁的诞生，作品以机战、战争与史诗为特色，动画的制作精良、作画细腻，夏亚的成长与悲剧充满感染力，是高达系列的经典前传。作品在热血的打斗之外，也细致刻画了角色们各自的信念与选择，每一次战斗都不仅是力量的较量，更是意志的碰撞，高潮部分张力十足，让观众在肾上腺素飙升的同时也为之动容。
639,primary,zh-CN,剧场版 吹响吧！上低音号～欢迎来到北宇治高中吹奏乐部～,《剧场版 吹响吧！上低音号～欢迎来到北宇治高中吹奏乐部～》是《吹响吧！上低音号》的总集篇剧场版，久美子加入吹奏乐部的故事重新编排。作品以音乐、青春与群像为特色，动画的演奏场面充满感染力，角色们的细腻情感令人动容，是京都动画的经典作品。角色的个性塑造鲜明，舞台上的自信与生活中的可爱形成反差，团队协作与个人成长双线并进，歌舞编排赏心悦目，让观众既能享受视听盛宴，也能为少女们的梦想与坚持而感动。整体而言，该作在题材表达与情感渲染上均有可取之处，剧情张弛有度，角色令人印象深刻，是一部完成度较高、值得推荐的作品。
640,primary,zh-CN,数码宝贝大冒险 tri. 第三章「告白」,《数码宝贝大冒险 tri. 第三章「告白」》是数码宝贝tri系列的第三章，被选召的孩子们与数码宝贝的冒险继续。本作围绕告白与新的危机展开，少年们的成长与数码宝贝的羁绊充满看点，作品以冒险、友情与成长为主题，是数码宝贝系列的剧场版。世界观设定丰富而自成体系，随着冒险推进，更多奇妙的种族、地点与力量体系逐一展开，角色们在旅途中收获成长与羁绊，画面与配乐共同营造出充满想象力的奇幻氛围，令人沉浸其中。整体而言，该作在题材表达与情感渲染上均有可取之处，剧情张弛有度，角色令人印象深刻，是一部完成度较高、值得推荐的作品。
641,primary,zh-CN,黑子的篮球 Winter Cup总集篇 ～影与光～,《黑子的篮球 Winter Cup总集篇 ～影与光～》是《黑子的篮球》的总集篇剧场版，回顾冬季杯的经典对决。本作聚焦诚凛与奇迹的世代的战斗，作品以篮球、热血与竞技为特色，动画的比赛场面华丽，黑子与火神的搭档关系充满看点，是黑子的篮球系列的剧场版。作品在热血的打斗之外，也细致刻画了角色们各自的信念与选择，每一次战斗都不仅是力量的较量，更是意志的碰撞，高潮部分张力十足，让观众在肾上腺素飙升的同时也为之动容。
642,primary,zh-CN,美妙天堂剧场版 大～家的憧憬♪出发吧☆美妙巴黎,《美妙天堂剧场版 大～家的憧憬♪出发吧☆美妙巴黎》是《美妙天堂》的剧场版，少女们的偶像冒险来到巴黎。本作啦啦与伙伴们在巴黎展开新的演出，作品以华丽的舞台演出、可爱的角色与音乐为特色，歌舞场面充满感染力，是少女向偶像动画的经典系列。角色的个性塑造鲜明，舞台上的自信与生活中的可爱形成反差，团队协作与个人成长双线并进，歌舞编排赏心悦目，让观众既能享受视听盛宴，也能为少女们的梦想与坚持而感动。整体而言，该作在题材表达与情感渲染上均有可取之处，剧情张弛有度，角色令人印象深刻，是一部完成度较高、值得推荐的作品。
643,primary,zh-CN,名侦探柯南 纯黑的恶梦,《名侦探柯南 纯黑的恶梦》是《名侦探柯南》剧场版，柯南与黑衣组织展开激烈对决。本作围绕间谍与组织的阴谋展开，动作场面华丽，柯南与赤井、安室等角色的互动充满看点，作品以推理、动作与悬疑为特色，是柯南系列的高人气剧场版。剧情层层递进、伏笔密布，随着线索的不断拼合，真相逐渐浮出水面，每一次反转都在意料之外又情理之中，细节经得起推敲，氛围营造到位，是喜欢烧脑故事的观众不可错过之作。整体而言，该作在题材表达与情感渲染上均有可取之处，剧情张弛有度，角色令人印象深刻，是一部完成度较高、值得推荐的作品。
644,primary,zh-CN,从很久以前就喜欢你了。～告白实行委员会～,《从很久以前就喜欢你了。～告白实行委员会～》是告白实行委员会系列剧场版，讲述高中生们的恋爱物语。本作围绕榎本夏树与濑户口优的恋爱展开，作品以恋爱、青春与音乐为特色，动画的画面精美，角色们的青涩情感令人动容，是一部充满少女心的作品。作品在甜蜜之余也保留了青春特有的青涩与迷茫，主角在感情中的成长与抉择贯穿始终，配乐温润、画面明丽，将恋爱中的忐忑、欢喜与遗憾都拿捏得恰到好处，适合慢慢品味。整体而言，该作在题材表达与情感渲染上均有可取之处，剧情张弛有度，角色令人印象深刻，是一部完成度较高、值得推荐的作品。
645,primary,zh-CN,蜡笔小新：梦境世界大突击,《蜡笔小新：梦境世界大突击》是《蜡笔小新》剧场版，小新一行人在梦境世界中的冒险。本作围绕梦境的异变展开，小新与伙伴们在梦境中与神秘敌人战斗，作品以搞笑、冒险与家庭为特色，动画的氛围欢乐，结局充满温情，是蜡笔小新系列的剧场版。动作设计与演出张力俱佳，随着剧情推进，主角面对的敌人越来越强，战斗方式与自身局限的突破层层升级，配乐与画面配合出色，将热血少年向作品应有的爽快感与成长感都演绎得十分到位。整体而言，该作在题材表达与情感渲染上均有可取之处，剧情张弛有度，角色令人印象深刻，是一部完成度较高、值得推荐的作品。
646,primary,zh-CN,ZEGAPAIN ADP,《ZEGAPAIN ADP》是《ZEGAPAIN》的剧场版，讲述少年在虚拟世界中的战斗。京在与谜之少女的相遇中逐渐了解世界的真相，作品以科幻、战斗与悬疑为特色，动画的战斗场面华丽，剧情的反转令人印象深刻，是ZEGAPAIN系列的剧场版。动画的节奏把控张弛有度，战斗场面的分镜与作画都相当扎实，主角在与强敌的较量中不断突破自我，和同伴之间建立的信任与羁绊也为剧情增添了温度，热血与感动并存，值得一看。整体而言，该作在题材表达与情感渲染上均有可取之处，剧情张弛有度，角色令人印象深刻，是一部完成度较高、值得推荐的作品。
647,primary,zh-CN,牙狼〈GARO〉-DIVINE FLAME-,《牙狼〈GARO〉-DIVINE FLAME-》是牙狼系列的剧场版，讲述魔戒骑士与魔物霍拉的战斗。本作围绕新的魔戒骑士的成长展开，作品以和风奇幻、华丽的战斗为特色，动画将牙狼的铠甲与暗黑美学结合，战斗场面震撼，是牙狼系列的重要作品。动作设计与演出张力俱佳，随着剧情推进，主角面对的敌人越来越强，战斗方式与自身局限的突破层层升级，配乐与画面配合出色，将热血少年向作品应有的爽快感与成长感都演绎得十分到位。
648,primary,zh-CN,剧场版 精灵宝可梦XY&Z 波尔凯尼恩与机巧的玛机雅娜,《剧场版 精灵宝可梦XY&Z 波尔凯尼恩与机巧的玛机雅娜》是宝可梦动画剧场版，小智与皮卡丘与幻之宝可梦波尔凯尼恩相遇。本作围绕机巧的玛机雅娜的谜团展开，作品以冒险、战斗与羁绊为特色，动画的战斗场面华丽，宝可梦之间的深厚感情令人动容，是宝可梦系列的剧场版。动作设计与演出张力俱佳，随着剧情推进，主角面对的敌人越来越强，战斗方式与自身局限的突破层层升级，配乐与画面配合出色，将热血少年向作品应有的爽快感与成长感都演绎得十分到位。
649,primary,zh-CN,黑子的篮球 Winter Cup总集篇 ～大门的另一边～,《黑子的篮球 Winter Cup总集篇 ～大门的另一边～》是《黑子的篮球》的总集篇剧场版，回顾冬季杯的决赛。本作聚焦诚凛与洛山的对决，作品以篮球、热血与竞技为特色，动画的比赛场面华丽，角色们的巅峰对决充满看点，是黑子的篮球系列的剧场版。动画的节奏把控张弛有度，战斗场面的分镜与作画都相当扎实，主角在与强敌的较量中不断突破自我，和同伴之间建立的信任与羁绊也为剧情增添了温度，热血与感动并存，值得一看。
650,primary,zh-CN,伤物语Ⅲ冷血篇,《伤物语Ⅲ冷血篇》是《伤物语》系列剧场版最终部，阿良良木历与吸血鬼姬丝秀忒的故事迎来结局。历在与猎人、吸血鬼的纠葛中做出最终抉择，作品以独特的对白风格、极致的画面表现与深刻的主题著称，动画的制作精良，是物语系列的经典篇章。作品风格鲜明、辨识度高，在同类题材中走出了自己的路子，角色与故事的结合恰到好处，整体观感流畅自然，无论是题材爱好者还是路人观众都能乐在其中。整体而言，该作在题材表达与情感渲染上均有可取之处，剧情张弛有度，角色令人印象深刻，是一部完成度较高、值得推荐的作品。
651,primary,zh-CN,亚人 -冲动-,《亚人 -冲动-》是《亚人》系列的剧场版第一部，讲述亚人永井圭的起源。圭在发现自己是不死之身的亚人后，展开逃亡与斗争，作品以科幻、悬疑与动作为特色，亚人的设定与战斗场面充满震撼力，动画的3DCG表现独特，是亚人系列的剧场版。动作设计与演出张力俱佳，随着剧情推进，主角面对的敌人越来越强，战斗方式与自身局限的突破层层升级，配乐与画面配合出色，将热血少年向作品应有的爽快感与成长感都演绎得十分到位。整体而言，该作在题材表达与情感渲染上均有可取之处，剧情张弛有度，角色令人印象深刻，是一部完成度较高、值得推荐的作品。
652,primary,zh-CN,亚人 -冲突-,《亚人 -冲突-》是《亚人》系列的剧场版第二部，永井圭与佐藤的冲突升级。本作圭在逃亡中与佐藤的势力展开对抗，作品以科幻、悬疑与动作为特色，亚人的设定与战斗场面充满震撼力，动画的3DCG表现独特，是亚人系列的剧场版。动画的节奏把控张弛有度，战斗场面的分镜与作画都相当扎实，主角在与强敌的较量中不断突破自我，和同伴之间建立的信任与羁绊也为剧情增添了温度，热血与感动并存，值得一看。整体而言，该作在题材表达与情感渲染上均有可取之处，剧情张弛有度，角色令人印象深刻，是一部完成度较高、值得推荐的作品。
653,primary,zh-CN,航海王之黄金城,《航海王之黄金城》是《航海王》剧场版，路飞一行人在黄金城中的冒险。本作围绕黄金城的秘密与新的敌人展开，草帽一伙展开华丽的战斗，作品以冒险、热血与伙伴羁绊为主题，动画的战斗场面华丽，路飞的冒险充满欢乐，是航海王系列的高人气剧场版。动作设计与演出张力俱佳，随着剧情推进，主角面对的敌人越来越强，战斗方式与自身局限的突破层层升级，配乐与画面配合出色，将热血少年向作品应有的爽快感与成长感都演绎得十分到位。整体而言，该作在题材表达与情感渲染上均有可取之处，剧情张弛有度，角色令人印象深刻，是一部完成度较高、值得推荐的作品。
654,primary,zh-CN,政宗君的复仇,《政宗君的复仇》改编自同名漫画。被称作猪脚的少年真壁政宗为了向曾经拒绝自己的爱姬复仇，改名换姓展开行动。作品以恋爱喜剧、复仇与日常为特色，政宗的复仇计划充满笑料，动画的氛围轻松，男女主角的互动甜度十足，是一部欢乐的恋爱喜剧。角色间的互动刻画得细腻自然，那些欲言又止的心意、别扭又真诚的靠近都真实而动人，情感线与日常情节交织，让观众在会心一笑与怦然心动之间反复横跳，是一部让人回味无穷的恋爱物语。整体而言，该作在题材表达与情感渲染上均有可取之处，剧情张弛有度，角色令人印象深刻，是一部完成度较高、值得推荐的作品。
655,primary,zh-CN,珈百璃的堕落,《珈百璃的堕落》改编自同名漫画。天使珈百璃在来到人间后沉迷游戏，堕落为废柴天使。作品以搞笑、日常与吐槽为特色，珈百璃的堕落与天使恶魔们的互动充满笑料，动画画风可爱、节奏明快，是一部轻松解压的喜剧作品。作品没有强烈的戏剧冲突，却以细腻的笔触捕捉日常中的微小幸福，角色的喜怒哀乐真实可感，在平实的叙述中悄然传递着生活的温度，适合在忙碌之余放松心情慢慢欣赏。整体而言，该作在题材表达与情感渲染上均有可取之处，剧情张弛有度，角色令人印象深刻，是一部完成度较高、值得推荐的作品。
656,primary,zh-CN,秋叶原之旅,《秋叶原之旅》改编自同名游戏，讲述秋叶原的吸血鬼猎人少年的战斗。主角们在秋叶原与吸血鬼展开战斗，作品以动作、搞笑与恶搞为特色，动画将秋叶原文化融入战斗，画风独特、节奏明快，是一部充满创意的作品。动作设计与演出张力俱佳，随着剧情推进，主角面对的敌人越来越强，战斗方式与自身局限的突破层层升级，配乐与画面配合出色，将热血少年向作品应有的爽快感与成长感都演绎得十分到位。整体而言，该作在题材表达与情感渲染上均有可取之处，剧情张弛有度，角色令人印象深刻，是一部完成度较高、值得推荐的作品。
657,primary,zh-CN,亚人酱有话要说,《亚人酱有话要说》改编自同名漫画，讲述亚人教师与学生们的故事。吸血鬼、雪女等亚人们在学校中生活，作品以日常、治愈与科普为特色，动画的氛围温暖，亚人教师们的烦恼与成长充满趣味，是一部轻松治愈的作品。作品没有强烈的戏剧冲突，却以细腻的笔触捕捉日常中的微小幸福，角色的喜怒哀乐真实可感，在平实的叙述中悄然传递着生活的温度，适合在忙碌之余放松心情慢慢欣赏。整体而言，该作在题材表达与情感渲染上均有可取之处，剧情张弛有度，角色令人印象深刻，是一部完成度较高、值得推荐的作品。
658,primary,zh-CN,Schoolgirl Strikers,《Schoolgirl Strikers》改编自同名游戏，讲述少女们在学园中的战斗。五位少女被选中为特别部队，与谜之敌人战斗，作品以学园、战斗与群像为特色，动画的战斗场面华丽，少女们的成长与羁绊贯穿始终，是一部学园战斗作品。动画的节奏把控张弛有度，战斗场面的分镜与作画都相当扎实，主角在与强敌的较量中不断突破自我，和同伴之间建立的信任与羁绊也为剧情增添了温度，热血与感动并存，值得一看。整体而言，该作在题材表达与情感渲染上均有可取之处，剧情张弛有度，角色令人印象深刻，是一部完成度较高、值得推荐的作品。
659,primary,zh-CN,飙速宅男 新世代,《飙速宅男 新世代》延续系列，小野田坂道与总北高中自行车部的故事继续。本季迎来新的对手与比赛，坂道的爬坡能力令人惊叹，作品以自行车、热血与竞技为特色，动画的比赛场面充满激情，角色的成长与羁绊令人动容，是运动题材动画的佳作。动作设计与演出张力俱佳，随着剧情推进，主角面对的敌人越来越强，战斗方式与自身局限的突破层层升级，配乐与画面配合出色，将热血少年向作品应有的爽快感与成长感都演绎得十分到位。整体而言，该作在题材表达与情感渲染上均有可取之处，剧情张弛有度，角色令人印象深刻，是一部完成度较高、值得推荐的作品。
660,primary,zh-CN,为美好的世界献上祝福！ 第二季,《为美好的世界献上祝福！ 第二季》延续第一季，和真与废柴队友们的异世界冒险继续。本季和真一行人在新的任务中闹出更多笑话，作品以异世界、搞笑与吐槽为特色，和真与队友们的奇葩组合充满笑料，动画的演出夸张、笑点密集，是异世界喜剧的经典之作。角色的个性塑造鲜明，舞台上的自信与生活中的可爱形成反差，团队协作与个人成长双线并进，歌舞编排赏心悦目，让观众既能享受视听盛宴，也能为少女们的梦想与坚持而感动。整体而言，该作在题材表达与情感渲染上均有可取之处，剧情张弛有度，角色令人印象深刻，是一部完成度较高、值得推荐的作品。
661,primary,zh-CN,鬼平,《鬼平》改编自池波正太郎的时代剧小说。火付盗贼改方长官长谷川平藏，在江户守护治安。作品以时代剧、人情与推理为特色，平藏的正义与机智充满魅力，动画的氛围沉静，单元故事扣人心弦，是一部充满时代气息的作品。剧情层层递进、伏笔密布，随着线索的不断拼合，真相逐渐浮出水面，每一次反转都在意料之外又情理之中，细节经得起推敲，氛围营造到位，是喜欢烧脑故事的观众不可错过之作。整体而言，该作在题材表达与情感渲染上均有可取之处，剧情张弛有度，角色令人印象深刻，是一部完成度较高、值得推荐的作品。
662,primary,zh-CN,BanG Dream!,《BanG Dream!》是乐队企划的动画，讲述少女们组建乐队的故事。少女们在音乐中寻找自我，为登上梦想的舞台而努力，作品以音乐、青春与群像为特色，动画的歌曲动人、演奏场面充满感染力，角色们的成长令人动容，是BanG Dream企划的起点。角色的个性塑造鲜明，舞台上的自信与生活中的可爱形成反差，团队协作与个人成长双线并进，歌舞编排赏心悦目，让观众既能享受视听盛宴，也能为少女们的梦想与坚持而感动。整体而言，该作在题材表达与情感渲染上均有可取之处，剧情张弛有度，角色令人印象深刻，是一部完成度较高、值得推荐的作品。
663,primary,zh-CN,漫研部～Surgical Friends～,《漫研部～Surgical Friends～》是《漫研部》系列动画，讲述漫画研究部少女们的日常。部员们在制作漫画的日常中展开各种恶搞，作品以搞笑、日常与吐槽为特色，动画画风独特、节奏明快，在轻松的日常中展现少女们的互动，是一部轻松解压的泡面番。作品没有强烈的戏剧冲突，却以细腻的笔触捕捉日常中的微小幸福，角色的喜怒哀乐真实可感，在平实的叙述中悄然传递着生活的温度，适合在忙碌之余放松心情慢慢欣赏。整体而言，该作在题材表达与情感渲染上均有可取之处，剧情张弛有度，角色令人印象深刻，是一部完成度较高、值得推荐的作品。
664,primary,zh-CN,小林家的龙女仆,《小林家的龙女仆》改编自同名漫画。程序员小林与龙托尔的同居日常充满趣味。托尔为了报恩成为小林的女仆，与其他的龙们一起生活，作品以日常、治愈与搞笑为特色，动画的龙与人类互动充满笑料，氛围温馨，是一部现象级的治愈系作品。作品没有强烈的戏剧冲突，却以细腻的笔触捕捉日常中的微小幸福，角色的喜怒哀乐真实可感，在平实的叙述中悄然传递着生活的温度，适合在忙碌之余放松心情慢慢欣赏。整体而言，该作在题材表达与情感渲染上均有可取之处，剧情张弛有度，角色令人印象深刻，是一部完成度较高、值得推荐的作品。
665,primary,zh-CN,Urara迷路帖,《Urara迷路帖》改编自同名漫画。占卜少女千矢为了寻找母亲来到迷路町，开始学习占卜。作品以占卜、日常与治愈为特色，千矢与占卜师少女们的互动充满温馨，动画画风可爱、氛围轻松，在可爱的日常中展现占卜的趣味，是一部治愈系作品。画风清新、节奏舒缓，人物之间的相处自然而温暖，那些平凡琐碎的片段在动画的演绎下变得闪闪发光，传递出一种治愈人心的宁静力量，是治愈系爱好者不容错过的作品。整体而言，该作在题材表达与情感渲染上均有可取之处，剧情张弛有度，角色令人印象深刻，是一部完成度较高、值得推荐的作品。
666,primary,zh-CN,超·少年侦探团NEO,《超·少年侦探团NEO》改编自江户川乱步的作品，少年侦探团在近未来世界中解决案件。本作以高科技为背景，少年侦探们在未来都市中冒险，作品以推理、冒险与科幻为特色，动画的剧情充满谜团，少年们的冒险充满趣味，是一部风格新颖的作品。剧情层层递进、伏笔密布，随着线索的不断拼合，真相逐渐浮出水面，每一次反转都在意料之外又情理之中，细节经得起推敲，氛围营造到位，是喜欢烧脑故事的观众不可错过之作。整体而言，该作在题材表达与情感渲染上均有可取之处，剧情张弛有度，角色令人印象深刻，是一部完成度较高、值得推荐的作品。
667,primary,zh-CN,小魔女学园,《小魔女学园》是TRIGGER的原创动画，讲述少女亚可进入魔女学园学习魔法的故事。亚可在新月学园中追逐偶像夏莉欧的梦想，展开充满魔法的冒险，作品以魔法、青春与热血为特色，动画的画面充满活力，亚可的成长令人动容，是TRIGGER的代表作。动画的节奏把控张弛有度，战斗场面的分镜与作画都相当扎实，主角在与强敌的较量中不断突破自我，和同伴之间建立的信任与羁绊也为剧情增添了温度，热血与感动并存，值得一看。整体而言，该作在题材表达与情感渲染上均有可取之处，剧情张弛有度，角色令人印象深刻，是一部完成度较高、值得推荐的作品。
668,primary,zh-CN,清恋,《清恋》是系列动画，讲述少年与少女们的恋爱物语。本作以多个女主角的视角展开恋爱故事，作品以恋爱、日常与青春为特色，动画的氛围温馨，角色们的青涩情感充满魅力，是一部轻松治愈的恋爱作品。作品在甜蜜之余也保留了青春特有的青涩与迷茫，主角在感情中的成长与抉择贯穿始终，配乐温润、画面明丽，将恋爱中的忐忑、欢喜与遗憾都拿捏得恰到好处，适合慢慢品味。整体而言，该作在题材表达与情感渲染上均有可取之处，剧情张弛有度，角色令人印象深刻，是一部完成度较高、值得推荐的作品。
669,primary,zh-CN,幼女战记,《幼女战记》改编自同名轻小说。精英公务员在死后转生为幼女谭雅，在战争世界中生存。谭雅以残酷的军事才能卷入世界大战，作品以战争、转生与黑色幽默为特色，动画的战争场面华丽，谭雅那冷静而疯狂的战斗方式充满魅力，是一部独特的战争作品。动作设计与演出张力俱佳，随着剧情推进，主角面对的敌人越来越强，战斗方式与自身局限的突破层层升级，配乐与画面配合出色，将热血少年向作品应有的爽快感与成长感都演绎得十分到位。整体而言，该作在题材表达与情感渲染上均有可取之处，剧情张弛有度，角色令人印象深刻，是一部完成度较高、值得推荐的作品。
670,primary,zh-CN,风夏,《风夏》改编自濑尾公治的同名漫画。少年秋月优在搬家后与少女风夏相遇，展开乐队与恋爱的青春物语。作品以恋爱、音乐与青春为特色，优在乐队活动中的成长与感情的纠葛充满看点，动画的氛围青春，是一部充满音乐气息的作品。角色间的互动刻画得细腻自然，那些欲言又止的心意、别扭又真诚的靠近都真实而动人，情感线与日常情节交织，让观众在会心一笑与怦然心动之间反复横跳，是一部让人回味无穷的恋爱物语。整体而言，该作在题材表达与情感渲染上均有可取之处，剧情张弛有度，角色令人印象深刻，是一部完成度较高、值得推荐的作品。
671,primary,zh-CN,南镰仓高校女子自行车社,《南镰仓高校女子自行车社》改编自同名漫画。少女舞春祐美在转入南镰仓高中后，开始接触自行车。作品以自行车、日常与治愈为特色，祐美在骑行中的成长充满活力，动画画风清新、氛围轻松，在轻松的日常中展现骑行的乐趣，是一部治愈系作品。画风清新、节奏舒缓，人物之间的相处自然而温暖，那些平凡琐碎的片段在动画的演绎下变得闪闪发光，传递出一种治愈人心的宁静力量，是治愈系爱好者不容错过的作品。整体而言，该作在题材表达与情感渲染上均有可取之处，剧情张弛有度，角色令人印象深刻，是一部完成度较高、值得推荐的作品。
672,primary,zh-CN,青之驱魔师 京都不净王篇,《青之驱魔师 京都不净王篇》是《青之驱魔师》第二季，奥村燐与不净王的战斗展开。本作围绕京都的危机与燐的过去展开，作品以驱魔、战斗与热血为特色，动画的战斗场面华丽，燐的成长与伙伴们的羁绊贯穿始终，是青之驱魔师系列的重要篇章。动作设计与演出张力俱佳，随着剧情推进，主角面对的敌人越来越强，战斗方式与自身局限的突破层层升级，配乐与画面配合出色，将热血少年向作品应有的爽快感与成长感都演绎得十分到位。整体而言，该作在题材表达与情感渲染上均有可取之处，剧情张弛有度，角色令人印象深刻，是一部完成度较高、值得推荐的作品。
673,primary,zh-CN,昭和元禄落语心中 -助六再临篇-,《昭和元禄落语心中 -助六再临篇-》是系列第二季，落语家菊比古的故事继续。本作围绕助六的过去与落语的传承展开，作品以落语、艺术与人生为主题，动画的氛围沉静优雅，对落语艺术的描绘细致，是一部充满时代气息的艺术作品。作品对历史背景的还原细致入微，时代的风貌与人物命运交织，角色在历史的洪流中做出抉择、书写传奇，史诗感与人物塑造并重，让观众在感受厚重历史的同时也被其中的情怀打动。整体而言，该作在题材表达与情感渲染上均有可取之处，剧情张弛有度，角色令人印象深刻，是一部完成度较高、值得推荐的作品。
674,primary,zh-CN,从前有座灵剑山 第二季,《从前有座灵剑山 第二季》延续第一季，修仙少年王陆的修行继续。本季王陆在灵剑派面对新的挑战，作品以修仙、搞笑与热血为特色，动画的设定新颖、节奏明快，在轻松的日常中展开修仙冒险，是国产修仙动画的佳作。动作设计与演出张力俱佳，随着剧情推进，主角面对的敌人越来越强，战斗方式与自身局限的突破层层升级，配乐与画面配合出色，将热血少年向作品应有的爽快感与成长感都演绎得十分到位。整体而言，该作在题材表达与情感渲染上均有可取之处，剧情张弛有度，角色令人印象深刻，是一部完成度较高、值得推荐的作品。
675,primary,zh-CN,锁链战记～赫克瑟塔斯之光～,《锁链战记～赫克瑟塔斯之光～》改编自同名游戏，讲述义勇军与黑之王的战斗。少年尤里与伙伴们在奇幻世界中展开冒险，作品以冒险、战斗与群像为特色，动画的战斗场面华丽，角色们的成长与羁绊贯穿始终，是游戏改编动画的作品。动作设计与演出张力俱佳，随着剧情推进，主角面对的敌人越来越强，战斗方式与自身局限的突破层层升级，配乐与画面配合出色，将热血少年向作品应有的爽快感与成长感都演绎得十分到位。整体而言，该作在题材表达与情感渲染上均有可取之处，剧情张弛有度，角色令人印象深刻，是一部完成度较高、值得推荐的作品。
676,primary,zh-CN,宇宙警探elDLIVE,《宇宙警探elDLIVE》改编自天野明的漫画，讲述少年九之濑宙太成为宇宙警探的故事。宙太在宇宙警探局展开冒险，作品以科幻、冒险与热血为特色，动画的画风清新，宙太的成长与伙伴们的羁绊贯穿始终，是一部适合少年观众的作品。动画的节奏把控张弛有度，战斗场面的分镜与作画都相当扎实，主角在与强敌的较量中不断突破自我，和同伴之间建立的信任与羁绊也为剧情增添了温度，热血与感动并存，值得一看。整体而言，该作在题材表达与情感渲染上均有可取之处，剧情张弛有度，角色令人印象深刻，是一部完成度较高、值得推荐的作品。
677,primary,zh-CN,猫咪日常,《猫咪日常》是短篇动画，讲述少女与三只猫咪的日常。小长与猫咪们的互动充满治愈气息，作品以萌宠、日常与治愈为特色，动画画风软萌、氛围轻松，在极短的篇幅内展现猫咪们的可爱，是一部让人心情愉悦的治愈泡面番。画风清新、节奏舒缓，人物之间的相处自然而温暖，那些平凡琐碎的片段在动画的演绎下变得闪闪发光，传递出一种治愈人心的宁静力量，是治愈系爱好者不容错过的作品。整体而言，该作在题材表达与情感渲染上均有可取之处，剧情张弛有度，角色令人印象深刻，是一部完成度较高、值得推荐的作品。
678,primary,zh-CN,情热传说 the X 第二季,《情热传说 the X 第二季》延续第一季，导师史雷的冒险继续。本季围绕天族与人类的纷争展开，史雷的信念面临考验，作品以奇幻、冒险与热血为特色，动画的制作精良、战斗场面华丽，史雷的成长与世界的真相层层展开，是游戏改编动画中的佳作。动作设计与演出张力俱佳，随着剧情推进，主角面对的敌人越来越强，战斗方式与自身局限的突破层层升级，配乐与画面配合出色，将热血少年向作品应有的爽快感与成长感都演绎得十分到位。
679,primary,zh-CN,偶像事变,《偶像事变》改编自同名游戏，讲述政治家偶像们的物语。少女们以偶像身份参与政治选举，作品以偶像、政治与群像为特色，动画的设定新颖，少女们的竞选活动充满看点，角色们的成长与羁绊贯穿始终，是一部独特的作品。歌舞演出的画面制作精良，每一首歌都与角色心境和剧情推进紧密呼应，少女们在聚光灯下的闪耀与幕后流下的汗水同样动人，传递出追逐梦想、不懈努力的正能量，感染力十足。整体而言，该作在题材表达与情感渲染上均有可取之处，剧情张弛有度，角色令人印象深刻，是一部完成度较高、值得推荐的作品。
680,primary,zh-CN,银魂.,《银魂.》是《银魂》系列动画，万事屋的日常与战斗继续。本季银时一行人在新的篇章中面对考验，作品以搞笑、吐槽与热血为特色，动画的恶搞与严肃并存，银时的毒舌与伙伴们的羁绊令人动容，是银魂系列的延续。动作设计与演出张力俱佳，随着剧情推进，主角面对的敌人越来越强，战斗方式与自身局限的突破层层升级，配乐与画面配合出色，将热血少年向作品应有的爽快感与成长感都演绎得十分到位。整体而言，该作在题材表达与情感渲染上均有可取之处，剧情张弛有度，角色令人印象深刻，是一部完成度较高、值得推荐的作品。
681,primary,zh-CN,新撰组镇魂歌 二分之一,《新撰组镇魂歌 二分之一》是短篇动画，讲述新撰组角色们的搞笑日常。作品以历史、恶搞与日常为特色，新撰组成员们在轻松的日常中闹出各种笑话，动画篇幅短小、节奏明快，是一部轻松解压的泡面番。作品没有强烈的戏剧冲突，却以细腻的笔触捕捉日常中的微小幸福，角色的喜怒哀乐真实可感，在平实的叙述中悄然传递着生活的温度，适合在忙碌之余放松心情慢慢欣赏。整体而言，该作在题材表达与情感渲染上均有可取之处，剧情张弛有度，角色令人印象深刻，是一部完成度较高、值得推荐的作品。
682,primary,zh-CN,ACCA13区监察课,《ACCA13区监察课》改编自同名漫画。监察课职员吉恩负责巡查13个自治区的监察工作，在巡查中卷入政治阴谋。作品以政治、日常与美食为特色，动画的氛围沉静优雅，吉恩的温和性格与阿国的权谋形成对比，是一部充满格调的作品。作品没有强烈的戏剧冲突，却以细腻的笔触捕捉日常中的微小幸福，角色的喜怒哀乐真实可感，在平实的叙述中悄然传递着生活的温度，适合在忙碌之余放松心情慢慢欣赏。整体而言，该作在题材表达与情感渲染上均有可取之处，剧情张弛有度，角色令人印象深刻，是一部完成度较高、值得推荐的作品。
683,primary,zh-CN,Hand Shakers,《Hand Shakers》是原创动画，讲述以手相连的能力者们的战斗。少年高槻手纲与谜之少女展开能力者之战，作品以战斗、科幻与热血为特色，动画的画面华丽、战斗场面充满张力，手纲与少女的羁绊贯穿始终，是一部视觉风格独特的作品。动作设计与演出张力俱佳，随着剧情推进，主角面对的敌人越来越强，战斗方式与自身局限的突破层层升级，配乐与画面配合出色，将热血少年向作品应有的爽快感与成长感都演绎得十分到位。整体而言，该作在题材表达与情感渲染上均有可取之处，剧情张弛有度，角色令人印象深刻，是一部完成度较高、值得推荐的作品。
684,primary,zh-CN,兽娘动物园,《兽娘动物园》是原创动画，讲述少女与兽娘们在动物园中的冒险。失去记忆的少女小鞄在杰帕力公园中与兽娘们相遇，作品以萌系、冒险与治愈为特色，动画的画风独特、氛围温馨，小鞄与兽娘们的羁绊令人动容，是一部现象级的作品。作品没有强烈的戏剧冲突，却以细腻的笔触捕捉日常中的微小幸福，角色的喜怒哀乐真实可感，在平实的叙述中悄然传递着生活的温度，适合在忙碌之余放松心情慢慢欣赏。整体而言，该作在题材表达与情感渲染上均有可取之处，剧情张弛有度，角色令人印象深刻，是一部完成度较高、值得推荐的作品。
685,primary,zh-CN,Piacevole～我的意大利料理～,《Piacevole～我的意大利料理～》是短篇动画，讲述餐厅打工少女与意大利料理的日常。少女在意大利餐厅的工作中接触美食，作品以美食、日常与搞笑为特色，动画篇幅短小、节奏明快，在轻松的日常中展现美食的魅力，是一部轻松解压的泡面番。作品没有强烈的戏剧冲突，却以细腻的笔触捕捉日常中的微小幸福，角色的喜怒哀乐真实可感，在平实的叙述中悄然传递着生活的温度，适合在忙碌之余放松心情慢慢欣赏。整体而言，该作在题材表达与情感渲染上均有可取之处，剧情张弛有度，角色令人印象深刻，是一部完成度较高、值得推荐的作品。
686,primary,zh-CN,One Room,《One Room》是短篇动画，以第一人称视角讲述少女们的日常。观众以主角的视角与少女们互动，作品以日常、恋爱与治愈为特色，动画画风精美、氛围温馨，在短短的篇幅内展现少女们的生活，是一部沉浸感强的作品。作品在甜蜜之余也保留了青春特有的青涩与迷茫，主角在感情中的成长与抉择贯穿始终，配乐温润、画面明丽，将恋爱中的忐忑、欢喜与遗憾都拿捏得恰到好处，适合慢慢品味。整体而言，该作在题材表达与情感渲染上均有可取之处，剧情张弛有度，角色令人印象深刻，是一部完成度较高、值得推荐的作品。
687,primary,zh-CN,混沌子,《混沌子》改编自同名游戏。在经历了地震后的涩谷，少年宫代拓留与少女们卷入超自然事件。作品以悬疑、科幻与黑暗为主题，动画的氛围压抑，剧情的反转与设定充满冲击力，是一部风格冷峻的悬疑作品。剧情层层递进、伏笔密布，随着线索的不断拼合，真相逐渐浮出水面，每一次反转都在意料之外又情理之中，细节经得起推敲，氛围营造到位，是喜欢烧脑故事的观众不可错过之作。整体而言，该作在题材表达与情感渲染上均有可取之处，剧情张弛有度，角色令人印象深刻，是一部完成度较高、值得推荐的作品。
688,primary,zh-CN,MARGINAL#4 从KISS开始创造Big Bang,《MARGINAL#4 从KISS开始创造Big Bang》是女性向偶像动画，讲述偶像组合MARGINAL#4的物语。少年们在偶像舞台上追逐梦想，作品以音乐、偶像与群像为特色，歌曲与舞台演出华丽，角色们各具魅力，动画的氛围励志温暖，是女性向偶像动画的作品。歌舞演出的画面制作精良，每一首歌都与角色心境和剧情推进紧密呼应，少女们在聚光灯下的闪耀与幕后流下的汗水同样动人，传递出追逐梦想、不懈努力的正能量，感染力十足。
689,primary,zh-CN,超级恋人 第二季,《超级恋人 第二季》延续第一季，海棠晴与零的恋爱故事继续。本季两人的感情进一步发展，零的过去逐渐揭晓，作品以BL恋爱、温馨与治愈为特色，动画的氛围温暖，两人的感情发展细腻动人，是BL动画中的佳作。作品在甜蜜之余也保留了青春特有的青涩与迷茫，主角在感情中的成长与抉择贯穿始终，配乐温润、画面明丽，将恋爱中的忐忑、欢喜与遗憾都拿捏得恰到好处，适合慢慢品味。整体而言，该作在题材表达与情感渲染上均有可取之处，剧情张弛有度，角色令人印象深刻，是一部完成度较高、值得推荐的作品。
690,primary,zh-CN,人渣的本愿,《人渣的本愿》改编自同名漫画，讲述表面相爱内心却各怀所爱的少年少女们的恋爱。花火与麦各自暗恋着他人，却以恋人的身份互相安慰，作品以恋爱、现实与黑暗为主题，动画的氛围沉重，角色们扭曲的情感刻画深刻，是一部充满争议的恋爱作品。角色间的互动刻画得细腻自然，那些欲言又止的心意、别扭又真诚的靠近都真实而动人，情感线与日常情节交织，让观众在会心一笑与怦然心动之间反复横跳，是一部让人回味无穷的恋爱物语。整体而言，该作在题材表达与情感渲染上均有可取之处，剧情张弛有度，角色令人印象深刻，是一部完成度较高、值得推荐的作品。
691,primary,zh-CN,Rewrite 第二季,《Rewrite 第二季》延续第一季，天王寺瑚太朗的冒险迎来新篇章。本季围绕世界线的真相展开，瑚太朗的抉择充满震撼，作品以奇幻、悬疑与群像为特色，动画的氛围独特，剧情层层递进，是Key社作品动画化的作品。剧情层层递进、伏笔密布，随着线索的不断拼合，真相逐渐浮出水面，每一次反转都在意料之外又情理之中，细节经得起推敲，氛围营造到位，是喜欢烧脑故事的观众不可错过之作。整体而言，该作在题材表达与情感渲染上均有可取之处，剧情张弛有度，角色令人印象深刻，是一部完成度较高、值得推荐的作品。
692,primary,zh-CN,剧场版 银河机攻队 庄严王子 觉醒的基因,《剧场版 银河机攻队 庄严王子 觉醒的基因》是《银河机攻队》的剧场版，少年们的战斗迎来新篇章。本作围绕觉醒的基因展开，作品以机战、热血与群像为特色，动画的战斗场面华丽，角色们的成长与羁绊贯穿始终，是一部扎实的机战剧场版。动作设计与演出张力俱佳，随着剧情推进，主角面对的敌人越来越强，战斗方式与自身局限的突破层层升级，配乐与画面配合出色，将热血少年向作品应有的爽快感与成长感都演绎得十分到位。整体而言，该作在题材表达与情感渲染上均有可取之处，剧情张弛有度，角色令人印象深刻，是一部完成度较高、值得推荐的作品。
693,primary,zh-CN,剧场版 偶像活动Stars,《剧场版 偶像活动Stars》是《偶像活动Stars》的剧场版，星光学园少女们的偶像生活。本作少女们在新的舞台上展开演出，作品以华丽的舞台演出、时尚搭配与少女追梦为主题，歌舞场面充满感染力，是少女向偶像动画的经典系列。作品没有强烈的戏剧冲突，却以细腻的笔触捕捉日常中的微小幸福，角色的喜怒哀乐真实可感，在平实的叙述中悄然传递着生活的温度，适合在忙碌之余放松心情慢慢欣赏。整体而言，该作在题材表达与情感渲染上均有可取之处，剧情张弛有度，角色令人印象深刻，是一部完成度较高、值得推荐的作品。
694,primary,zh-CN,杀戮都市：O,《杀戮都市：O》是《杀戮都市》的CG剧场版，讲述被强制参加死亡游戏的男子们的战斗。本作围绕大阪篇的百鬼夜行展开，作品以科幻、战斗与黑暗为特色，动画的CG画面华丽震撼，战斗场面血腥暴力，是一部充满视觉冲击的作品。动画的节奏把控张弛有度，战斗场面的分镜与作画都相当扎实，主角在与强敌的较量中不断突破自我，和同伴之间建立的信任与羁绊也为剧情增添了温度，热血与感动并存，值得一看。整体而言，该作在题材表达与情感渲染上均有可取之处，剧情张弛有度，角色令人印象深刻，是一部完成度较高、值得推荐的作品。
695,primary,zh-CN,橘色奇迹 -未来-,《橘色奇迹 -未来-》是《橘色奇迹》的剧场版，讲述十年后的未来世界。本作围绕翔与菜穗等人的未来展开，作品以科幻、恋爱与青春为主题，动画的氛围温暖感人，角色们的情感与命运交织，是一部催泪的剧场版。作品在甜蜜之余也保留了青春特有的青涩与迷茫，主角在感情中的成长与抉择贯穿始终，配乐温润、画面明丽，将恋爱中的忐忑、欢喜与遗憾都拿捏得恰到好处，适合慢慢品味。整体而言，该作在题材表达与情感渲染上均有可取之处，剧情张弛有度，角色令人印象深刻，是一部完成度较高、值得推荐的作品。
696,primary,zh-CN,星之梦～星之人～,《星之梦～星之人～》是《星之梦》的剧场版，讲述星野梦美与青年的故事。本作展现废土世界中星象馆的温暖，作品以科幻、催泪与温暖为主题，梦美的纯真与人性光辉令人动容，动画的氛围感人，是星之梦系列的剧场版。科幻设定考究而自洽，科技与人文的碰撞贯穿全片，在宏大的未来图景之下，角色的信念与抉择更显分量，叙事层层推进、世界观逐步展开，是一部兼具视觉冲击与思想深度的作品。整体而言，该作在题材表达与情感渲染上均有可取之处，剧情张弛有度，角色令人印象深刻，是一部完成度较高、值得推荐的作品。
697,primary,zh-CN,数码宝贝大冒险 tri. 第四章「丧失」,《数码宝贝大冒险 tri. 第四章「丧失」》是数码宝贝tri系列的第四章，被选召的孩子们与数码宝贝的冒险继续。本作围绕丧失与新的危机展开，少年们的成长与数码宝贝的羁绊充满看点，作品以冒险、友情与成长为主题，是数码宝贝系列的剧场版。世界观设定丰富而自成体系，随着冒险推进，更多奇妙的种族、地点与力量体系逐一展开，角色们在旅途中收获成长与羁绊，画面与配乐共同营造出充满想象力的奇幻氛围，令人沉浸其中。整体而言，该作在题材表达与情感渲染上均有可取之处，剧情张弛有度，角色令人印象深刻，是一部完成度较高、值得推荐的作品。
698,primary,zh-CN,黄金拼图 Pretty Days,《黄金拼图 Pretty Days》是《黄金拼图》的OVA，少女们的日常继续。本作围绕少女们在文化祭的展开，作品以日常、治愈与群像为特色，动画画风可爱、氛围温馨，少女们的互动充满萌点，是一部治愈系作品。画风清新、节奏舒缓，人物之间的相处自然而温暖，那些平凡琐碎的片段在动画的演绎下变得闪闪发光，传递出一种治愈人心的宁静力量，是治愈系爱好者不容错过的作品。整体而言，该作在题材表达与情感渲染上均有可取之处，剧情张弛有度，角色令人印象深刻，是一部完成度较高、值得推荐的作品。
699,primary,zh-CN,游戏王 次元之暗面,《游戏王 次元之暗面》是《游戏王》剧场版，讲述武藤游戏与海马濑人在次元中的对决。本作围绕新的卡牌与次元的力量展开，作品以卡牌、热血与决斗为特色，动画的决斗场面华丽，游戏与海马的对决充满张力，是游戏王系列的剧场版。动作设计与演出张力俱佳，随着剧情推进，主角面对的敌人越来越强，战斗方式与自身局限的突破层层升级，配乐与画面配合出色，将热血少年向作品应有的爽快感与成长感都演绎得十分到位。整体而言，该作在题材表达与情感渲染上均有可取之处，剧情张弛有度，角色令人印象深刻，是一部完成度较高、值得推荐的作品。
700,primary,zh-CN,Fate/Grand Order -First Order-,《Fate/Grand Order -First Order-》是《Fate/Grand Order》的动画，讲述人理保障机关迦勒底的故事。藤丸立香与玛修在特异点F的冒险中，与从者们并肩战斗，作品以Fate世界观、战斗与群像为特色，动画的战斗场面华丽，是FGO系列的动画化作品。动画的节奏把控张弛有度，战斗场面的分镜与作画都相当扎实，主角在与强敌的较量中不断突破自我，和同伴之间建立的信任与羁绊也为剧情增添了温度，热血与感动并存，值得一看。
701,primary,zh-CN,亚人 OAD,《亚人 OAD》是《亚人》系列的OVA，讲述亚人永井圭的额外故事。本作补充主线的支线剧情，作品以科幻、悬疑与动作为特色，亚人的设定与战斗场面充满震撼力，动画的3DCG表现独特，是亚人系列的衍生作品。动作设计与演出张力俱佳，随着剧情推进，主角面对的敌人越来越强，战斗方式与自身局限的突破层层升级，配乐与画面配合出色，将热血少年向作品应有的爽快感与成长感都演绎得十分到位。整体而言，该作在题材表达与情感渲染上均有可取之处，剧情张弛有度，角色令人印象深刻，是一部完成度较高、值得推荐的作品。
702,primary,zh-CN,重力眩晕 序章,《重力眩晕 序章》改编自同名游戏，讲述少女在重力操控中的冒险。本作作为游戏的前传，展现重力世界的设定，作品以科幻、动作与奇幻为特色，动画的画风独特，少女的冒险充满趣味，是游戏粉丝的衍生作品。世界观设定丰富而自成体系，随着冒险推进，更多奇妙的种族、地点与力量体系逐一展开，角色们在旅途中收获成长与羁绊，画面与配乐共同营造出充满想象力的奇幻氛围，令人沉浸其中。整体而言，该作在题材表达与情感渲染上均有可取之处，剧情张弛有度，角色令人印象深刻，是一部完成度较高、值得推荐的作品。
703,primary,zh-CN,噬血狂袭 II,《噬血狂袭 II》是《噬血狂袭》系列动画，晓古城的吸血鬼战斗继续。本作围绕新的篇章展开，古城与姬柊雪菜的羁绊进一步加深，作品以吸血鬼、战斗与后宫为特色，动画的战斗场面华丽，福利与热血并存，是噬血狂袭系列的衍生作品。动画的节奏把控张弛有度，战斗场面的分镜与作画都相当扎实，主角在与强敌的较量中不断突破自我，和同伴之间建立的信任与羁绊也为剧情增添了温度，热血与感动并存，值得一看。整体而言，该作在题材表达与情感渲染上均有可取之处，剧情张弛有度，角色令人印象深刻，是一部完成度较高、值得推荐的作品。
704,primary,zh-CN,斩首循环 蓝色学者与戏言跟班,《斩首循环 蓝色学者与戏言跟班》改编自西尾维新的小说，讲述侦探戏言与蓝色学者的推理。本作围绕孤岛上的斩首事件展开，作品以推理、悬疑与西尾维新独特的文风为特色，动画的氛围冷峻，推理过程精巧，是一部充满格调的作品。悬疑氛围铺垫扎实，人物之间暗流涌动的博弈与隐藏的秘密交织出复杂的叙事网络，叙事节奏收放自如，高潮部分的揭示震撼有力，看完之后依然值得反复回味其中的细节。整体而言，该作在题材表达与情感渲染上均有可取之处，剧情张弛有度，角色令人印象深刻，是一部完成度较高、值得推荐的作品。
705,primary,zh-CN,妖精的尾巴 OAD,《妖精的尾巴 OAD》是《妖精的尾巴》的OVA，纳兹与伙伴们的日常与冒险。本作以轻松的番外故事为主，作品以热血战斗、伙伴羁绊与魔法世界为特色，动画的氛围欢乐，为妖精的尾巴系列补充了轻松的内容，是粉丝的番外作品。动作设计与演出张力俱佳，随着剧情推进，主角面对的敌人越来越强，战斗方式与自身局限的突破层层升级，配乐与画面配合出色，将热血少年向作品应有的爽快感与成长感都演绎得十分到位。整体而言，该作在题材表达与情感渲染上均有可取之处，剧情张弛有度，角色令人印象深刻，是一部完成度较高、值得推荐的作品。
706,primary,zh-CN,妄想学生会＊ OAD,《妄想学生会＊ OAD》是《妄想学生会》的OVA，樱才学园学生会的搞笑日常继续。本作以轻松的番外故事为主，作品以搞笑、吐槽与黄段子为特色，动画的演出夸张、笑点密集，角色们的互动充满趣味，是学生会系列的番外作品。作品没有强烈的戏剧冲突，却以细腻的笔触捕捉日常中的微小幸福，角色的喜怒哀乐真实可感，在平实的叙述中悄然传递着生活的温度，适合在忙碌之余放松心情慢慢欣赏。整体而言，该作在题材表达与情感渲染上均有可取之处，剧情张弛有度，角色令人印象深刻，是一部完成度较高、值得推荐的作品。
707,primary,zh-CN,在地下城寻求邂逅是否搞错了什么 OVA,《在地下城寻求邂逅是否搞错了什么 OVA》是《在地下城寻求邂逅是否搞错了什么》的OVA，贝尔的冒险番外故事。本作以轻松的日常为主，作品以奇幻、冒险与后宫为特色，动画的氛围欢乐，贝尔与女神们的互动充满趣味，是地错系列的番外作品。画风清新、节奏舒缓，人物之间的相处自然而温暖，那些平凡琐碎的片段在动画的演绎下变得闪闪发光，传递出一种治愈人心的宁静力量，是治愈系爱好者不容错过的作品。整体而言，该作在题材表达与情感渲染上均有可取之处，剧情张弛有度，角色令人印象深刻，是一部完成度较高、值得推荐的作品。
708,primary,zh-CN,我的青春恋爱物语果然有问题 续 OVA,《我的青春恋爱物语果然有问题 续 OVA》是《我的青春恋爱物语》的OVA，比企谷八幡的青春日常番外。本作以轻松的日常为主，作品以校园、恋爱与吐槽为特色，动画的氛围轻松，八幡的内心独白依旧犀利，是春物系列的番外作品。角色间的互动刻画得细腻自然，那些欲言又止的心意、别扭又真诚的靠近都真实而动人，情感线与日常情节交织，让观众在会心一笑与怦然心动之间反复横跳，是一部让人回味无穷的恋爱物语。整体而言，该作在题材表达与情感渲染上均有可取之处，剧情张弛有度，角色令人印象深刻，是一部完成度较高、值得推荐的作品。
709,primary,zh-CN,六心公主,《六心公主》是短篇动画，讲述六位公主的物语。公主们在王国的日常与冒险充满童话色彩，作品以童话、日常与治愈为特色，动画画风精美、氛围温馨，在轻松的故事中展现公主们的魅力，是一部治愈系作品。作品没有强烈的戏剧冲突，却以细腻的笔触捕捉日常中的微小幸福，角色的喜怒哀乐真实可感，在平实的叙述中悄然传递着生活的温度，适合在忙碌之余放松心情慢慢欣赏。整体而言，该作在题材表达与情感渲染上均有可取之处，剧情张弛有度，角色令人印象深刻，是一部完成度较高、值得推荐的作品。
710,primary,zh-CN,暗杀教室 第二季 课外授课篇,《暗杀教室 第二季 课外授课篇》是《暗杀教室》的OVA，3年E班的课外授课番外故事。本作以轻松的日常为主，作品以校园、搞笑与热血为主题，动画的氛围欢乐，E班学生们的互动充满趣味，是暗杀教室系列的番外作品。动作设计与演出张力俱佳，随着剧情推进，主角面对的敌人越来越强，战斗方式与自身局限的突破层层升级，配乐与画面配合出色，将热血少年向作品应有的爽快感与成长感都演绎得十分到位。整体而言，该作在题材表达与情感渲染上均有可取之处，剧情张弛有度，角色令人印象深刻，是一部完成度较高、值得推荐的作品。
711,primary,zh-CN,黑白来看守所 第二季,《黑白来看守所 第二季》延续第一季，南波看守所囚犯们的搞笑日常继续。本季新的角色与故事登场，作品以搞笑、日常与吐槽为特色，动画的演出夸张、笑点密集，角色们个性鲜明，是一部充满欢乐的群像喜剧。作品没有强烈的戏剧冲突，却以细腻的笔触捕捉日常中的微小幸福，角色的喜怒哀乐真实可感，在平实的叙述中悄然传递着生活的温度，适合在忙碌之余放松心情慢慢欣赏。整体而言，该作在题材表达与情感渲染上均有可取之处，剧情张弛有度，角色令人印象深刻，是一部完成度较高、值得推荐的作品。
712,primary,zh-CN,暗芝居 第四季,《暗芝居 第四季》是恐怖短篇动画系列，继续以纸芝居的形式讲述各种怪谈。作品以怀旧的画风、猎奇的剧情与细思极恐的氛围著称，每一话都在短短几分钟内营造出强烈的恐怖感，各种扭曲的都市传说让人不寒而栗，是恐怖动画爱好者的必看之作。作品没有强烈的戏剧冲突，却以细腻的笔触捕捉日常中的微小幸福，角色的喜怒哀乐真实可感，在平实的叙述中悄然传递着生活的温度，适合在忙碌之余放松心情慢慢欣赏。整体而言，该作在题材表达与情感渲染上均有可取之处，剧情张弛有度，角色令人印象深刻，是一部完成度较高、值得推荐的作品。
713,primary,zh-CN,剧场版 暗杀教室 365天的时间,《剧场版 暗杀教室 365天的时间》是《暗杀教室》剧场版，3年E班与杀老师的故事迎来结局。本作围绕E班毕业前的最后时光展开，作品以校园、搞笑与感人为主题，动画将爆笑与催泪结合，结局的告别令人动容，是暗杀教室系列的完结篇。动作设计与演出张力俱佳，随着剧情推进，主角面对的敌人越来越强，战斗方式与自身局限的突破层层升级，配乐与画面配合出色，将热血少年向作品应有的爽快感与成长感都演绎得十分到位。整体而言，该作在题材表达与情感渲染上均有可取之处，剧情张弛有度，角色令人印象深刻，是一部完成度较高、值得推荐的作品。
714,primary,zh-CN,元气少女缘结神 新婚篇,《元气少女缘结神 新婚篇》是《元气少女缘结神》的OVA，奈奈生与巴卫的新婚生活。本作以甜蜜的新婚日常为主，作品以恋爱、神怪与治愈为特色，动画的氛围温馨，奈奈生与巴卫的互动甜度十足，是元气少女系列的番外作品。角色间的互动刻画得细腻自然，那些欲言又止的心意、别扭又真诚的靠近都真实而动人，情感线与日常情节交织，让观众在会心一笑与怦然心动之间反复横跳，是一部让人回味无穷的恋爱物语。整体而言，该作在题材表达与情感渲染上均有可取之处，剧情张弛有度，角色令人印象深刻，是一部完成度较高、值得推荐的作品。
715,primary,zh-CN,碧蓝幻想,《碧蓝幻想》改编自同名游戏，讲述少年格兰与少女露莉亚的冒险。格兰为了寻找父亲而踏上旅途，与露莉亚一起展开空之冒险，作品以冒险、奇幻与热血为特色，动画的画风精美，格兰的成长与伙伴们的羁绊贯穿始终，是游戏改编动画的佳作。动画的节奏把控张弛有度，战斗场面的分镜与作画都相当扎实，主角在与强敌的较量中不断突破自我，和同伴之间建立的信任与羁绊也为剧情增添了温度，热血与感动并存，值得一看。整体而言，该作在题材表达与情感渲染上均有可取之处，剧情张弛有度，角色令人印象深刻，是一部完成度较高、值得推荐的作品。
716,primary,zh-CN,超级弹丸论破2.5 狛枝凪斗与世界的破坏者,《超级弹丸论破2.5 狛枝凪斗与世界的破坏者》是弹丸论破系列的OVA，围绕狛枝凪斗展开。本作以绝望篇与希望篇之间的故事为背景，作品以悬疑、绝望与心理博弈为特色，动画的氛围沉重，狛枝那扭曲的信念充满冲击力，是弹丸论破系列的衍生作品。悬疑氛围铺垫扎实，人物之间暗流涌动的博弈与隐藏的秘密交织出复杂的叙事网络，叙事节奏收放自如，高潮部分的揭示震撼有力，看完之后依然值得反复回味其中的细节。整体而言，该作在题材表达与情感渲染上均有可取之处，剧情张弛有度，角色令人印象深刻，是一部完成度较高、值得推荐的作品。
717,primary,zh-CN,光之美少女 食尚甜心,《光之美少女 食尚甜心》是光之美少女系列动画，讲述使用甜点力量变身的少女们的故事。少女们以甜点为力量对抗敌人，作品以魔法少女、美食与日常为特色，变装与战斗场面华丽，角色们的羁绊温暖感人，是少女向魔法少女动画的作品。动作设计与演出张力俱佳，随着剧情推进，主角面对的敌人越来越强，战斗方式与自身局限的突破层层升级，配乐与画面配合出色，将热血少年向作品应有的爽快感与成长感都演绎得十分到位。整体而言，该作在题材表达与情感渲染上均有可取之处，剧情张弛有度，角色令人印象深刻，是一部完成度较高、值得推荐的作品。
718,primary,zh-CN,偶像活动 ~被盯上的魔法偶活卡~,《偶像活动 ~被盯上的魔法偶活卡~》是《偶像活动》的OVA，少女偶像们的魔法偶活卡冒险。本作以轻松的番外故事为主，作品以偶像、魔法与日常为特色，动画的氛围欢乐，少女们的互动充满萌点，是偶像活动系列的番外作品。作品没有强烈的戏剧冲突，却以细腻的笔触捕捉日常中的微小幸福，角色的喜怒哀乐真实可感，在平实的叙述中悄然传递着生活的温度，适合在忙碌之余放松心情慢慢欣赏。整体而言，该作在题材表达与情感渲染上均有可取之处，剧情张弛有度，角色令人印象深刻，是一部完成度较高、值得推荐的作品。
719,primary,zh-CN,超级恋人 OAD,《超级恋人 OAD》是《超级恋人》的OVA，海棠晴与零的恋爱番外故事。本作以甜蜜的日常为主，作品以BL恋爱、温馨与治愈为特色，动画的氛围温暖，两人的互动甜度十足，是超级恋人系列的番外作品。作品在甜蜜之余也保留了青春特有的青涩与迷茫，主角在感情中的成长与抉择贯穿始终，配乐温润、画面明丽，将恋爱中的忐忑、欢喜与遗憾都拿捏得恰到好处，适合慢慢品味。整体而言，该作在题材表达与情感渲染上均有可取之处，剧情张弛有度，角色令人印象深刻，是一部完成度较高、值得推荐的作品。
720,primary,zh-CN,龙的牙医,《龙的牙医》是原创动画，讲述守护龙的牙医少女们的物语。在龙的国度，牙医们负责守护龙之牙，少女野野子在龙牙中的冒险展开，作品以奇幻、战争与群像为特色，动画的画面精美，野野子的成长与战争的残酷交织，是一部充满诗意的作品。动作设计与演出张力俱佳，随着剧情推进，主角面对的敌人越来越强，战斗方式与自身局限的突破层层升级，配乐与画面配合出色，将热血少年向作品应有的爽快感与成长感都演绎得十分到位。整体而言，该作在题材表达与情感渲染上均有可取之处，剧情张弛有度，角色令人印象深刻，是一部完成度较高、值得推荐的作品。
721,primary,zh-CN,避难所,《避难所》是短篇动画，讲述少女在避难所中的独白。在灾难后的世界中，少女通过音乐寻找希望，作品以科幻、治愈与情感为特色，动画的画面精美、氛围宁静，少女的歌声与独白令人动容，是一部短小却深刻的治愈作品。作品没有强烈的戏剧冲突，却以细腻的笔触捕捉日常中的微小幸福，角色的喜怒哀乐真实可感，在平实的叙述中悄然传递着生活的温度，适合在忙碌之余放松心情慢慢欣赏。整体而言，该作在题材表达与情感渲染上均有可取之处，剧情张弛有度，角色令人印象深刻，是一部完成度较高、值得推荐的作品。
722,primary,zh-CN,告诉我！辣妹子酱 OAD,《告诉我！辣妹子酱 OAD》是《告诉我！辣妹子酱》的OVA，辣妹子酱的搞笑日常继续。本作以轻松的番外故事为主，作品以搞笑、日常与文化交流为特色，动画篇幅短小、笑点密集，是一部轻松解压的泡面番。画风清新、节奏舒缓，人物之间的相处自然而温暖，那些平凡琐碎的片段在动画的演绎下变得闪闪发光，传递出一种治愈人心的宁静力量，是治愈系爱好者不容错过的作品。整体而言，该作在题材表达与情感渲染上均有可取之处，剧情张弛有度，角色令人印象深刻，是一部完成度较高、值得推荐的作品。
723,primary,zh-CN,剧场版 七人魔法使 悠久图书馆与炼金术少女,《剧场版 七人魔法使 悠久图书馆与炼金术少女》是《七人魔法使》的剧场版，春菜与魔法使们的战斗。本作围绕悠久图书馆与新的敌人展开，作品以魔法、战斗与后宫为特色，动画的战斗场面华丽，角色们的互动充满魅力，是七人魔法使系列的剧场版。动作设计与演出张力俱佳，随着剧情推进，主角面对的敌人越来越强，战斗方式与自身局限的突破层层升级，配乐与画面配合出色，将热血少年向作品应有的爽快感与成长感都演绎得十分到位。整体而言，该作在题材表达与情感渲染上均有可取之处，剧情张弛有度，角色令人印象深刻，是一部完成度较高、值得推荐的作品。
724,primary,zh-CN,电影 魔法使光之美少女！奇迹的变身！摩芙伦天使！,《电影 魔法使光之美少女！奇迹的变身！摩芙伦天使！》是光之美少女系列的剧场版，魔法使光之美少女们的战斗。本作围绕摩芙伦的变身展开，作品以魔法少女、战斗与日常为特色，动画的变装与战斗场面华丽，角色们的羁绊温暖感人，是少女向魔法少女动画的剧场版。动画的节奏把控张弛有度，战斗场面的分镜与作画都相当扎实，主角在与强敌的较量中不断突破自我，和同伴之间建立的信任与羁绊也为剧情增添了温度，热血与感动并存，值得一看。
725,primary,zh-CN,爆音少女!! OAD,《爆音少女!! OAD》是《爆音少女!!》的OVA，少女们的摩托车日常番外。本作以轻松的番外故事为主，作品以机车、日常与搞笑为特色，动画画风可爱、氛围轻松，少女们的互动充满趣味，是一部轻松解压的泡面番。画风清新、节奏舒缓，人物之间的相处自然而温暖，那些平凡琐碎的片段在动画的演绎下变得闪闪发光，传递出一种治愈人心的宁静力量，是治愈系爱好者不容错过的作品。整体而言，该作在题材表达与情感渲染上均有可取之处，剧情张弛有度，角色令人印象深刻，是一部完成度较高、值得推荐的作品。
726,primary,zh-CN,结城友奈是勇者 -鹫尾须美之章- 第1章 朋友,《结城友奈是勇者 -鹫尾须美之章- 第1章 朋友》是《结城友奈是勇者》的前传剧场版，讲述鹫尾须美与伙伴们的物语。本作描绘勇者们的过去与牺牲，作品以战斗、悲剧与治愈为特色，动画的氛围沉重，少女们的命运令人动容，是结城友奈系列的剧场版。动作设计与演出张力俱佳，随着剧情推进，主角面对的敌人越来越强，战斗方式与自身局限的突破层层升级，配乐与画面配合出色，将热血少年向作品应有的爽快感与成长感都演绎得十分到位。
727,primary,zh-CN,雏子的笔记,《雏子的笔记》改编自同名漫画。少女雏子为成为戏剧演员而来到东京，在古书店开始新的生活。作品以日常、治愈与群像为特色，雏子与伙伴们的互动充满温馨，动画画风可爱、氛围轻松，是一部治愈系的日常作品。作品没有强烈的戏剧冲突，却以细腻的笔触捕捉日常中的微小幸福，角色的喜怒哀乐真实可感，在平实的叙述中悄然传递着生活的温度，适合在忙碌之余放松心情慢慢欣赏。整体而言，该作在题材表达与情感渲染上均有可取之处，剧情张弛有度，角色令人印象深刻，是一部完成度较高、值得推荐的作品。
728,primary,zh-CN,鲁邦三世 血烟的石川五右卫门,《鲁邦三世 血烟的石川五右卫门》是《鲁邦三世》的衍生动画，讲述剑士石川五右卫门的物语。五右卫门在与敌人的对决中展现剑士的尊严，作品以剑客、冒险与热血为特色，动画的画风充满时代感，五右卫门的剑术令人震撼，是鲁邦系列的衍生作品。动作设计与演出张力俱佳，随着剧情推进，主角面对的敌人越来越强，战斗方式与自身局限的突破层层升级，配乐与画面配合出色，将热血少年向作品应有的爽快感与成长感都演绎得十分到位。整体而言，该作在题材表达与情感渲染上均有可取之处，剧情张弛有度，角色令人印象深刻，是一部完成度较高、值得推荐的作品。
729,primary,zh-CN,蜡笔小新,《蜡笔小新》是经典搞笑动画，讲述幼儿园小朋友野原新之助的日常。小新与父母、朋友们的搞笑生活充满笑料，作品以搞笑、家庭与日常为特色，小新的无厘头行为令人捧腹，动画的氛围轻松欢乐，是日本国民级的搞笑动画。作品没有强烈的戏剧冲突，却以细腻的笔触捕捉日常中的微小幸福，角色的喜怒哀乐真实可感，在平实的叙述中悄然传递着生活的温度，适合在忙碌之余放松心情慢慢欣赏。整体而言，该作在题材表达与情感渲染上均有可取之处，剧情张弛有度，角色令人印象深刻，是一部完成度较高、值得推荐的作品。
730,primary,zh-CN,樱桃小丸子,《樱桃小丸子》是经典动画，讲述小学三年级学生樱桃子的日常。小丸子与家人、同学的生活充满温馨与笑料，作品以日常、家庭与治愈为特色，动画的氛围温暖，小丸子的童年回忆令人怀念，是日本国民级的治愈动画。作品没有强烈的戏剧冲突，却以细腻的笔触捕捉日常中的微小幸福，角色的喜怒哀乐真实可感，在平实的叙述中悄然传递着生活的温度，适合在忙碌之余放松心情慢慢欣赏。整体而言，该作在题材表达与情感渲染上均有可取之处，剧情张弛有度，角色令人印象深刻，是一部完成度较高、值得推荐的作品。
731,primary,zh-CN,东方梦想夏乡,《东方梦想夏乡》是东方Project的同人动画，讲述幻想乡少女们的日常。作品以幻想乡的角色与弹幕为特色，动画画风可爱、氛围轻松，在轻松的日常中展现东方角色的魅力，是东方Project粉丝的同人作品。画风清新、节奏舒缓，人物之间的相处自然而温暖，那些平凡琐碎的片段在动画的演绎下变得闪闪发光，传递出一种治愈人心的宁静力量，是治愈系爱好者不容错过的作品。整体而言，该作在题材表达与情感渲染上均有可取之处，剧情张弛有度，角色令人印象深刻，是一部完成度较高、值得推荐的作品。
732,primary,zh-CN,哆啦A梦：大雄的南极冰冰凉大冒险,《哆啦A梦：大雄的南极冰冰凉大冒险》是《哆啦A梦》剧场版，大雄一行人在南极的冒险。本作围绕南极的金环展开，大雄与哆啦A梦在冰天雪地中展开大冒险，作品以冒险、科幻与友情为主题，动画的氛围欢乐，结局充满感动，是哆啦A梦系列的剧场版。世界观设定丰富而自成体系，随着冒险推进，更多奇妙的种族、地点与力量体系逐一展开，角色们在旅途中收获成长与羁绊，画面与配乐共同营造出充满想象力的奇幻氛围，令人沉浸其中。整体而言，该作在题材表达与情感渲染上均有可取之处，剧情张弛有度，角色令人印象深刻，是一部完成度较高、值得推荐的作品。
733,primary,zh-CN,声之形,《声之形》改编自大今良时的同名漫画，讲述听障少女西宫硝子与少年石田将也的故事。将也因儿时欺凌硝子而背负罪责，在高中与硝子重逢后寻求救赎，作品以校园、成长与治愈为主题，动画的画面精美，将也与硝子的情感细腻动人，是现象级的作品。作品没有强烈的戏剧冲突，却以细腻的笔触捕捉日常中的微小幸福，角色的喜怒哀乐真实可感，在平实的叙述中悄然传递着生活的温度，适合在忙碌之余放松心情慢慢欣赏。整体而言，该作在题材表达与情感渲染上均有可取之处，剧情张弛有度，角色令人印象深刻，是一部完成度较高、值得推荐的作品。
734,primary,zh-CN,POP IN Q,《POP IN Q》是原创剧场版动画，讲述五位少女通过舞蹈拯救世界的故事。少女们在异世界中通过舞蹈的力量展开冒险，作品以音乐、舞蹈与青春为特色，动画的画面华丽、歌曲动人，少女们的成长与羁绊令人动容，是一部充满青春气息的作品。角色的个性塑造鲜明，舞台上的自信与生活中的可爱形成反差，团队协作与个人成长双线并进，歌舞编排赏心悦目，让观众既能享受视听盛宴，也能为少女们的梦想与坚持而感动。整体而言，该作在题材表达与情感渲染上均有可取之处，剧情张弛有度，角色令人印象深刻，是一部完成度较高、值得推荐的作品。
735,primary,zh-CN,喜欢上你的那个瞬间。～告白实行委员会～,《喜欢上你的那个瞬间。～告白实行委员会～》是告白实行委员会系列剧场版，讲述高中生们的恋爱物语。本作围绕瀬户口优与成海圣奈的恋爱展开，作品以恋爱、青春与音乐为特色，动画的画面精美，角色们的青涩情感令人动容，是一部充满少女心的作品。角色间的互动刻画得细腻自然，那些欲言又止的心意、别扭又真诚的靠近都真实而动人，情感线与日常情节交织，让观众在会心一笑与怦然心动之间反复横跳，是一部让人回味无穷的恋爱物语。整体而言，该作在题材表达与情感渲染上均有可取之处，剧情张弛有度，角色令人印象深刻，是一部完成度较高、值得推荐的作品。
736,primary,zh-CN,机动战士高达 雷霆宙域 第二季,《机动战士高达 雷霆宙域 第二季》是《机动战士高达 雷霆宙域》的续作，联邦与吉翁的宇宙战继续。本作围绕雷霆宙域的战斗展开，作品以机战、战争与群像为特色，动画的战斗场面惨烈，角色们的信念与牺牲令人动容，是高达系列的硬核作品。动画的节奏把控张弛有度，战斗场面的分镜与作画都相当扎实，主角在与强敌的较量中不断突破自我，和同伴之间建立的信任与羁绊也为剧情增添了温度，热血与感动并存，值得一看。整体而言，该作在题材表达与情感渲染上均有可取之处，剧情张弛有度，角色令人印象深刻，是一部完成度较高、值得推荐的作品。
737,primary,zh-CN,我的英雄学院 第二季,《我的英雄学院 第二季》延续第一季，绿谷出久在雄英高中的英雄之路继续。本季的体育祭与英雄杀手篇展开，出久与同伴们的成长充满看点，作品以英雄、热血与成长为主题，动画的战斗场面华丽，出久的信念令人动容，是近年来极具人气的作品。动作设计与演出张力俱佳，随着剧情推进，主角面对的敌人越来越强，战斗方式与自身局限的突破层层升级，配乐与画面配合出色，将热血少年向作品应有的爽快感与成长感都演绎得十分到位。整体而言，该作在题材表达与情感渲染上均有可取之处，剧情张弛有度，角色令人印象深刻，是一部完成度较高、值得推荐的作品。
738,primary,zh-CN,进击的巨人 第二季,《进击的巨人 第二季》延续第一季，艾伦与调查兵团的战斗继续。本季围绕巨人化的真相与莱纳的背叛展开，作品以战斗、悬疑与绝望为主题，动画的制作精良，巨人的威胁与人类的挣扎充满张力，是进击的巨人系列的重要篇章。动作设计与演出张力俱佳，随着剧情推进，主角面对的敌人越来越强，战斗方式与自身局限的突破层层升级，配乐与画面配合出色，将热血少年向作品应有的爽快感与成长感都演绎得十分到位。整体而言，该作在题材表达与情感渲染上均有可取之处，剧情张弛有度，角色令人印象深刻，是一部完成度较高、值得推荐的作品。
739,primary,zh-CN,高校舰队 OVA,《高校舰队 OVA》是《高校舰队》的OVA，少女们的舰船日常番外。本作以轻松的番外故事为主，作品以舰船、学园与群像为特色，动画的氛围欢乐，少女们的互动充满萌点，是高校舰队系列的番外作品。作品没有强烈的戏剧冲突，却以细腻的笔触捕捉日常中的微小幸福，角色的喜怒哀乐真实可感，在平实的叙述中悄然传递着生活的温度，适合在忙碌之余放松心情慢慢欣赏。整体而言，该作在题材表达与情感渲染上均有可取之处，剧情张弛有度，角色令人印象深刻，是一部完成度较高、值得推荐的作品。
740,primary,zh-CN,路人女主的养成方法 ♭,《路人女主的养成方法 ♭》是《路人女主的养成方法》第二季，安艺伦也的galgame制作日常继续。本季英梨梨与霞之丘诗羽的纠葛加深，伦也的感情线迎来转折，作品以恋爱、吐槽与业界为特色，动画的演出细腻，角色们的情感刻画深刻，是恋爱喜剧的佳作。作品在甜蜜之余也保留了青春特有的青涩与迷茫，主角在感情中的成长与抉择贯穿始终，配乐温润、画面明丽，将恋爱中的忐忑、欢喜与遗憾都拿捏得恰到好处，适合慢慢品味。整体而言，该作在题材表达与情感渲染上均有可取之处，剧情张弛有度，角色令人印象深刻，是一部完成度较高、值得推荐的作品。
741,primary,zh-CN,在地下城寻求邂逅是否搞错了什么 外传 剑姬神圣谭,《在地下城寻求邂逅是否搞错了什么 外传 剑姬神圣谭》是《在地下城寻求邂逅》的外传，讲述剑姬艾丝的物语。本作以艾丝的视角展开，描绘她的过去与在眷族中的战斗，作品以奇幻、冒险与战斗为特色，动画的战斗场面华丽，艾丝的成长令人动容，是地错系列的衍生作品。动作设计与演出张力俱佳，随着剧情推进，主角面对的敌人越来越强，战斗方式与自身局限的突破层层升级，配乐与画面配合出色，将热血少年向作品应有的爽快感与成长感都演绎得十分到位。
742,primary,zh-CN,重启咲良田,《重启咲良田》改编自同名小说。在能实现愿望的城镇咲良田，拥有记忆保持能力的浅井惠与重置能力的春崎美空合作解决事件。作品以超能力、悬疑与推理为特色，动画的氛围冷静理性，惠与美空的合作充满智谋，是一部充满思辨的作品。剧情层层递进、伏笔密布，随着线索的不断拼合，真相逐渐浮出水面，每一次反转都在意料之外又情理之中，细节经得起推敲，氛围营造到位，是喜欢烧脑故事的观众不可错过之作。整体而言，该作在题材表达与情感渲染上均有可取之处，剧情张弛有度，角色令人印象深刻，是一部完成度较高、值得推荐的作品。
743,primary,zh-CN,偶像大师 灰姑娘女孩剧场,《偶像大师 灰姑娘女孩剧场》是《偶像大师 灰姑娘女孩》的短篇动画，偶像们的Q版日常。作品以偶像、搞笑与日常为特色，动画画风可爱、篇幅短小，在轻松的日常中展现偶像们的互动，是灰姑娘女孩系列的番外作品。画风清新、节奏舒缓，人物之间的相处自然而温暖，那些平凡琐碎的片段在动画的演绎下变得闪闪发光，传递出一种治愈人心的宁静力量，是治愈系爱好者不容错过的作品。整体而言，该作在题材表达与情感渲染上均有可取之处，剧情张弛有度，角色令人印象深刻，是一部完成度较高、值得推荐的作品。
744,primary,zh-CN,时钟机关之星,《时钟机关之星》改编自同名轻小说。在行星被齿轮支配的世界，少年见浦直人遇到齿轮少女琉特。作品以科幻、机械与冒险为特色，直人与琉特的冒险充满趣味，动画的画风精美，齿轮世界的设定新颖，是一部充满想象力的作品。世界观设定丰富而自成体系，随着冒险推进，更多奇妙的种族、地点与力量体系逐一展开，角色们在旅途中收获成长与羁绊，画面与配乐共同营造出充满想象力的奇幻氛围，令人沉浸其中。整体而言，该作在题材表达与情感渲染上均有可取之处，剧情张弛有度，角色令人印象深刻，是一部完成度较高、值得推荐的作品。
745,primary,zh-CN,不正经的魔术讲师与禁忌教典,《不正经的魔术讲师与禁忌教典》改编自同名轻小说。魔术讲师格伦自称不正经，却隐藏着强大的实力。作品以学园、魔术与热血为特色，格伦的懒散外表与关键时刻的强大形成反差，动画的战斗场面华丽，格伦与学生们的关系充满魅力，是一部标准的轻改作品。动画的节奏把控张弛有度，战斗场面的分镜与作画都相当扎实，主角在与强敌的较量中不断突破自我，和同伴之间建立的信任与羁绊也为剧情增添了温度，热血与感动并存，值得一看。整体而言，该作在题材表达与情感渲染上均有可取之处，剧情张弛有度，角色令人印象深刻，是一部完成度较高、值得推荐的作品。
746,primary,zh-CN,机甲少女 FRAME ARMS GIRL,《机甲少女 FRAME ARMS GIRL》改编自同名模型系列。少女轰雷被变为机甲少女，与伙伴们展开战斗与日常。作品以机甲、战斗与日常为特色，动画将模型拟人化，轰雷与机甲少女们的互动充满趣味，动画的战斗场面华丽，是一部风格独特的作品。动作设计与演出张力俱佳，随着剧情推进，主角面对的敌人越来越强，战斗方式与自身局限的突破层层升级，配乐与画面配合出色，将热血少年向作品应有的爽快感与成长感都演绎得十分到位。
747,primary,zh-CN,爱丽丝与藏六,《爱丽丝与藏六》改编自同名漫画。拥有不可思议力量的少女纱名，逃离研究所后与老爷爷藏六相遇。作品以奇幻、治愈与日常为特色，纱名与藏六的互动充满温馨，动画的氛围温暖，纱名的成长令人动容，是一部治愈系作品。作品没有强烈的戏剧冲突，却以细腻的笔触捕捉日常中的微小幸福，角色的喜怒哀乐真实可感，在平实的叙述中悄然传递着生活的温度，适合在忙碌之余放松心情慢慢欣赏。整体而言，该作在题材表达与情感渲染上均有可取之处，剧情张弛有度，角色令人印象深刻，是一部完成度较高、值得推荐的作品。
748,primary,zh-CN,恋爱暴君,《恋爱暴君》改编自同名漫画。高中生蓝野青司被自称天使的少女强迫亲吻，从此被迫与死神少女陷入纠缠。作品以搞笑、恋爱与奇幻为特色，青司与天使死神们的互动充满笑料，动画的节奏明快、笑点密集，是一部轻松愉快的恋爱喜剧。角色间的互动刻画得细腻自然，那些欲言又止的心意、别扭又真诚的靠近都真实而动人，情感线与日常情节交织，让观众在会心一笑与怦然心动之间反复横跳，是一部让人回味无穷的恋爱物语。整体而言，该作在题材表达与情感渲染上均有可取之处，剧情张弛有度，角色令人印象深刻，是一部完成度较高、值得推荐的作品。
749,primary,zh-CN,埃罗芒阿老师,《埃罗芒阿老师》改编自同名轻小说。轻小说作家和泉正宗与家里蹲的妹妹纱雾，共同创作小说。纱雾作为插画家埃罗芒阿老师，却不愿与人接触，作品以轻小说业界、搞笑与兄妹情为特色，动画的氛围轻松，兄妹的互动甜度十足，是轻改动画的佳作。画风清新、节奏舒缓，人物之间的相处自然而温暖，那些平凡琐碎的片段在动画的演绎下变得闪闪发光，传递出一种治愈人心的宁静力量，是治愈系爱好者不容错过的作品。整体而言，该作在题材表达与情感渲染上均有可取之处，剧情张弛有度，角色令人印象深刻，是一部完成度较高、值得推荐的作品。
750,primary,zh-CN,末日时在做什么？有没有空？可以来拯救吗？,《末日时在做什么？有没有空？可以来拯救吗？》改编自同名轻小说。在人类灭亡的末世，最后的人类威廉与兵器少女们相遇。威廉在照顾少女们的日常中重拾温暖，作品以奇幻、悲壮与催泪为主题，威廉与少女们的羁绊贯穿始终，动画的氛围沉重而感人，结局催人泪下，是近年来口碑极佳的轻改作品。细节之处见用心，角色们的互动充满生活气息与小小的幽默，将平淡日常描绘得富有诗意，观感舒适惬意，能让人暂时放下烦恼，沉浸在那份简单纯粹的美好之中。
751,primary,zh-CN,月色真美,《月色真美》是原创动画，讲述初中生安昙小太郎与水野茜的初恋故事。两人在升学中相识，青涩的情感在平淡的日常中逐渐萌芽，作品以恋爱、青春与日常为特色，动画的氛围宁静温馨，将青春期的心动刻画得细腻动人，是近年来口碑极佳的恋爱动画。角色间的互动刻画得细腻自然，那些欲言又止的心意、别扭又真诚的靠近都真实而动人，情感线与日常情节交织，让观众在会心一笑与怦然心动之间反复横跳，是一部让人回味无穷的恋爱物语。整体而言，该作在题材表达与情感渲染上均有可取之处，剧情张弛有度，角色令人印象深刻，是一部完成度较高、值得推荐的作品。
752,primary,zh-CN,怪怪守护神,《怪怪守护神》改编自同名漫画。普通少年加贺见一也与父亲的遗物和服付丧神桐叶相遇，开始学习成为主人的责任。作品以战斗、奇幻与后宫为特色，一也与桐叶的互动充满趣味，动画的战斗场面华丽，人设精美，是一部轻松与热血并存的作品。动作设计与演出张力俱佳，随着剧情推进，主角面对的敌人越来越强，战斗方式与自身局限的突破层层升级，配乐与画面配合出色，将热血少年向作品应有的爽快感与成长感都演绎得十分到位。整体而言，该作在题材表达与情感渲染上均有可取之处，剧情张弛有度，角色令人印象深刻，是一部完成度较高、值得推荐的作品。
753,primary,zh-CN,从零开始的魔法书,《从零开始的魔法书》改编自同名轻小说。兽人佣兵与魔法师少女零相遇，为寻找魔法书而展开旅途。零是个实力强大却古怪的魔女，佣兵与她的搭档充满笑料，作品以奇幻、冒险与搞笑为特色，动画的世界观宏大，零与佣兵的互动令人捧腹，是一部轻松愉快的奇幻作品。作品没有强烈的戏剧冲突，却以细腻的笔触捕捉日常中的微小幸福，角色的喜怒哀乐真实可感，在平实的叙述中悄然传递着生活的温度，适合在忙碌之余放松心情慢慢欣赏。整体而言，该作在题材表达与情感渲染上均有可取之处，剧情张弛有度，角色令人印象深刻，是一部完成度较高、值得推荐的作品。
754,primary,zh-CN,樱花任务,《樱花任务》是原创动画，讲述少女木春由乃在乡村担任国王的故事。由乃在名为间野山的乡村成为观光大使，在振兴村庄的过程中成长，作品以日常、职场与群像为特色，动画的氛围温暖，由乃与村民们的互动充满治愈，是一部充满人情味的作品。作品没有强烈的戏剧冲突，却以细腻的笔触捕捉日常中的微小幸福，角色的喜怒哀乐真实可感，在平实的叙述中悄然传递着生活的温度，适合在忙碌之余放松心情慢慢欣赏。整体而言，该作在题材表达与情感渲染上均有可取之处，剧情张弛有度，角色令人印象深刻，是一部完成度较高、值得推荐的作品。
755,primary,zh-CN,信长的忍者 伊势·金崎篇,《信长的忍者 伊势·金崎篇》延续系列，忍者千鸟与织田信长的故事继续。本作围绕伊势与金崎的战役展开，作品以战国、搞笑与日常为特色，动画篇幅短小、节奏明快，在轻松的日常中展现战国的故事，是一部轻松解压的泡面番。动作设计与演出张力俱佳，随着剧情推进，主角面对的敌人越来越强，战斗方式与自身局限的突破层层升级，配乐与画面配合出色，将热血少年向作品应有的爽快感与成长感都演绎得十分到位。整体而言，该作在题材表达与情感渲染上均有可取之处，剧情张弛有度，角色令人印象深刻，是一部完成度较高、值得推荐的作品。
756,primary,zh-CN,境界的轮回 第三季,《境界的轮回 第三季》延续系列，真宫樱与半死神六道轮回继续帮助幽灵成佛。本季新的灵异事件与角色登场，作品以灵异、搞笑与日常为特色，高桥留美子标志性的喜剧风格贯穿全片，单元故事轻松有趣，是一部充满温情的灵异日常作品。作品没有强烈的戏剧冲突，却以细腻的笔触捕捉日常中的微小幸福，角色的喜怒哀乐真实可感，在平实的叙述中悄然传递着生活的温度，适合在忙碌之余放松心情慢慢欣赏。整体而言，该作在题材表达与情感渲染上均有可取之处，剧情张弛有度，角色令人印象深刻，是一部完成度较高、值得推荐的作品。
757,primary,zh-CN,夏目友人帐 陆,《夏目友人帐 陆》是《夏目友人帐》第六季，少年夏目贵志与妖怪们的相遇继续。本季夏目与猫咪老师一起，将友人帐上的名字归还给妖怪，作品以妖怪、治愈与日常为特色，动画的氛围温柔，单元故事温暖人心，是治愈系动画的经典之作。作品没有强烈的戏剧冲突，却以细腻的笔触捕捉日常中的微小幸福，角色的喜怒哀乐真实可感，在平实的叙述中悄然传递着生活的温度，适合在忙碌之余放松心情慢慢欣赏。整体而言，该作在题材表达与情感渲染上均有可取之处，剧情张弛有度，角色令人印象深刻，是一部完成度较高、值得推荐的作品。
758,primary,zh-CN,快盗天使BREAK,《快盗天使BREAK》是系列动画，讲述怪盗天使们的战斗。少女们在怪盗活动中揭开阴谋，作品以魔法少女、战斗与搞笑为特色，动画的氛围轻松，少女们的互动充满萌点，是一部轻松愉快的魔法少女作品。动作设计与演出张力俱佳，随着剧情推进，主角面对的敌人越来越强，战斗方式与自身局限的突破层层升级，配乐与画面配合出色，将热血少年向作品应有的爽快感与成长感都演绎得十分到位。整体而言，该作在题材表达与情感渲染上均有可取之处，剧情张弛有度，角色令人印象深刻，是一部完成度较高、值得推荐的作品。
759,primary,zh-CN,正确的KADO,《正确的KADO》是原创动画。在谜之立方体降临后，政府官员真道幸路朗与来自异次元的来访者展开对话。作品以科幻、政治与哲学为特色，动画探讨交流与文明的命题，剧情的展开充满思辨，是一部风格独特的科幻作品。科幻设定考究而自洽，科技与人文的碰撞贯穿全片，在宏大的未来图景之下，角色的信念与抉择更显分量，叙事层层推进、世界观逐步展开，是一部兼具视觉冲击与思想深度的作品。整体而言，该作在题材表达与情感渲染上均有可取之处，剧情张弛有度，角色令人印象深刻，是一部完成度较高、值得推荐的作品。
760,primary,zh-CN,武装少女,《武装少女》改编自同名漫画。转学生纳村不动在爱地共生学园中，面对武装少女们的袭击。作品以学园、战斗与后宫为特色，纳村与武装少女们的对决充满趣味，动画的战斗场面华丽，福利元素充足，是一部标准的轻改学园战斗后宫番。动画的节奏把控张弛有度，战斗场面的分镜与作画都相当扎实，主角在与强敌的较量中不断突破自我，和同伴之间建立的信任与羁绊也为剧情增添了温度，热血与感动并存，值得一看。整体而言，该作在题材表达与情感渲染上均有可取之处，剧情张弛有度，角色令人印象深刻，是一部完成度较高、值得推荐的作品。
761,primary,zh-CN,有顶天家族 第二季,《有顶天家族 第二季》延续第一季，狸猫家族的故事继续。本季围绕狸猫与天狗的纷争展开，作品以奇幻、群像与温暖为主题，动画的氛围独特，对京都的描绘充满风情，角色们的羁绊令人动容，是森见登美彦作品动画化的佳作。作品在幻想的外衣下探讨着真实的情感与抉择，主角的成长线扎实有力，与伙伴们的情谊在一次次考验中愈发深厚，冒险的紧张感与日常的温情交替呈现，故事层次丰富、后劲十足。整体而言，该作在题材表达与情感渲染上均有可取之处，剧情张弛有度，角色令人印象深刻，是一部完成度较高、值得推荐的作品。
762,primary,zh-CN,莉露莉露妖精莉露～魔法之镜～,《莉露莉露妖精莉露～魔法之镜～》是少女向动画，妖精少女们的冒险继续。本作妖精们通过魔法之镜展开新的活动，作品以魔法、日常与治愈为特色，动画画风可爱、氛围温馨，少女们的冒险充满童趣，是适合少女观众的魔法日常动画。作品没有强烈的戏剧冲突，却以细腻的笔触捕捉日常中的微小幸福，角色的喜怒哀乐真实可感，在平实的叙述中悄然传递着生活的温度，适合在忙碌之余放松心情慢慢欣赏。整体而言，该作在题材表达与情感渲染上均有可取之处，剧情张弛有度，角色令人印象深刻，是一部完成度较高、值得推荐的作品。
763,primary,zh-CN,Re：创世主们,《Re：创世主们》是原创动画，讲述创作物与现实世界交错的故事。被创造的角色们来到现实世界，与创作者们展开对话，作品以科幻、群像与哲学为特色，动画探讨创作的意义，角色们的设定充满想象力，是一部风格独特的作品。科幻设定考究而自洽，科技与人文的碰撞贯穿全片，在宏大的未来图景之下，角色的信念与抉择更显分量，叙事层层推进、世界观逐步展开，是一部兼具视觉冲击与思想深度的作品。整体而言，该作在题材表达与情感渲染上均有可取之处，剧情张弛有度，角色令人印象深刻，是一部完成度较高、值得推荐的作品。
764,primary,zh-CN,黑色推销员NEW,《黑色推销员NEW》是短篇动画，讲述推销员丧黑福造向人类推销欲望的故事。福造以各种方式引诱人们堕入欲望的陷阱，作品以讽刺、猎奇与都市传说为特色，动画的复古画风与黑暗氛围充满魅力，是黑色推销员的现代演绎。画风清新、节奏舒缓，人物之间的相处自然而温暖，那些平凡琐碎的片段在动画的演绎下变得闪闪发光，传递出一种治愈人心的宁静力量，是治愈系爱好者不容错过的作品。整体而言，该作在题材表达与情感渲染上均有可取之处，剧情张弛有度，角色令人印象深刻，是一部完成度较高、值得推荐的作品。
765,primary,zh-CN,高校星歌剧 第二季,《高校星歌剧 第二季》延续第一季，星路学园音乐科学生们的成长继续。本季少年们在音乐之路上迎接新的挑战，作品以音乐、青春与群像为特色，歌舞场面充满感染力，角色们的努力与羁绊令人动容，是一部充满正能量的音乐作品。角色的个性塑造鲜明，舞台上的自信与生活中的可爱形成反差，团队协作与个人成长双线并进，歌舞编排赏心悦目，让观众既能享受视听盛宴，也能为少女们的梦想与坚持而感动。整体而言，该作在题材表达与情感渲染上均有可取之处，剧情张弛有度，角色令人印象深刻，是一部完成度较高、值得推荐的作品。
766,primary,zh-CN,ID-0,《ID-0》是原创动画，讲述在太空矿脉中驾驶机甲的少年们的故事。主角在宇宙中的冒险与身份之谜交织，作品以科幻、机战与群像为特色，动画的3DCG画面精美，角色的羁绊贯穿始终，是一部硬核的科幻机战作品。动画的节奏把控张弛有度，战斗场面的分镜与作画都相当扎实，主角在与强敌的较量中不断突破自我，和同伴之间建立的信任与羁绊也为剧情增添了温度，热血与感动并存，值得一看。整体而言，该作在题材表达与情感渲染上均有可取之处，剧情张弛有度，角色令人印象深刻，是一部完成度较高、值得推荐的作品。
767,primary,zh-CN,假面Noise,《假面Noise》改编自同名漫画。喜欢唱歌的少女仁乃，为了寻找青梅竹马而展开音乐之旅。作品以音乐、恋爱与青春为特色，仁乃的歌声充满感染力，动画的氛围青春，角色们的情感纠葛细腻动人，是一部充满音乐气息的作品。作品在甜蜜之余也保留了青春特有的青涩与迷茫，主角在感情中的成长与抉择贯穿始终，配乐温润、画面明丽，将恋爱中的忐忑、欢喜与遗憾都拿捏得恰到好处，适合慢慢品味。整体而言，该作在题材表达与情感渲染上均有可取之处，剧情张弛有度，角色令人印象深刻，是一部完成度较高、值得推荐的作品。
768,primary,zh-CN,青春歌舞伎,《青春歌舞伎》改编自同名小说。少年来栖黑悟为成立歌舞伎部而努力，与部员们共同学习歌舞伎。作品以歌舞伎、青春与群像为特色，动画将传统艺术与青春结合，歌舞伎的表演场面充满魄力，角色们的成长令人动容，是一部独特的作品。作品在整体完成度上表现出色，叙事流畅、角色立体，主题的表达清晰而有深度，既有轻松愉悦的观赏性，也留有值得回味的余韵，是一部质量扎实、诚意满满的作品。整体而言，该作在题材表达与情感渲染上均有可取之处，剧情张弛有度，角色令人印象深刻，是一部完成度较高、值得推荐的作品。
769,primary,zh-CN,偶像时间美妙天堂,《偶像时间美妙天堂》是美妙天堂系列动画，少女们的偶像活动继续。本作新的主角与舞台登场，少女们在偶像时间中追逐梦想，作品以华丽的舞台演出、可爱的角色与音乐为特色，歌舞场面充满感染力，是少女向偶像动画的经典系列。歌舞演出的画面制作精良，每一首歌都与角色心境和剧情推进紧密呼应，少女们在聚光灯下的闪耀与幕后流下的汗水同样动人，传递出追逐梦想、不懈努力的正能量，感染力十足。整体而言，该作在题材表达与情感渲染上均有可取之处，剧情张弛有度，角色令人印象深刻，是一部完成度较高、值得推荐的作品。
770,primary,zh-CN,世界之暗图鉴,《世界之暗图鉴》是短篇恐怖动画，讲述少年围绕世界之暗的谜团。主角在调查中接触各种诡异的事件，作品以恐怖、悬疑与猎奇为特色，动画的氛围阴森，剧情细思极恐，是一部让观众毛骨悚然的恐怖作品。画风清新、节奏舒缓，人物之间的相处自然而温暖，那些平凡琐碎的片段在动画的演绎下变得闪闪发光，传递出一种治愈人心的宁静力量，是治愈系爱好者不容错过的作品。整体而言，该作在题材表达与情感渲染上均有可取之处，剧情张弛有度，角色令人印象深刻，是一部完成度较高、值得推荐的作品。
771,primary,zh-CN,与僧侣交合的色欲之夜,《与僧侣交合的色欲之夜》改编自同名漫画，讲述少女与青梅竹马僧侣的恋爱。作品以恋爱、成年向与日常为特色，动画的氛围暧昧，两人的互动充满张力，是一部面向成人的恋爱作品。角色间的互动刻画得细腻自然，那些欲言又止的心意、别扭又真诚的靠近都真实而动人，情感线与日常情节交织，让观众在会心一笑与怦然心动之间反复横跳，是一部让人回味无穷的恋爱物语。整体而言，该作在题材表达与情感渲染上均有可取之处，剧情张弛有度，角色令人印象深刻，是一部完成度较高、值得推荐的作品。
772,primary,zh-CN,王室教师海涅,《王室教师海涅》改编自同名漫画。王室教师海涅负责教育四位王子，以独特的方式引导他们成长。作品以教育、搞笑与日常为特色，海涅的智慧与王子们的成长充满看点，动画的氛围轻松温暖，是一部治愈系的作品。作品没有强烈的戏剧冲突，却以细腻的笔触捕捉日常中的微小幸福，角色的喜怒哀乐真实可感，在平实的叙述中悄然传递着生活的温度，适合在忙碌之余放松心情慢慢欣赏。整体而言，该作在题材表达与情感渲染上均有可取之处，剧情张弛有度，角色令人印象深刻，是一部完成度较高、值得推荐的作品。
773,primary,zh-CN,博人传-火影次世代-,《博人传-火影次世代-》是《火影忍者》的续作，讲述鸣人之子漩涡博人的成长。博人在忍者学校中学习，与伙伴们展开新的冒险，作品以忍术、热血与群像为特色，动画的战斗场面华丽，博人的成长与羁绊贯穿始终，是火影忍者系列的新篇章。动作设计与演出张力俱佳，随着剧情推进，主角面对的敌人越来越强，战斗方式与自身局限的突破层层升级，配乐与画面配合出色，将热血少年向作品应有的爽快感与成长感都演绎得十分到位。整体而言，该作在题材表达与情感渲染上均有可取之处，剧情张弛有度，角色令人印象深刻，是一部完成度较高、值得推荐的作品。
774,primary,zh-CN,不要输！！恶之军团！,《不要输！！恶之军团！》是短篇动画，讲述邪恶军团与少女的日常。恶之军团在与少女的互动中闹出各种笑话，作品以搞笑、日常与吐槽为特色，动画篇幅短小、节奏明快，是一部轻松解压的泡面番。作品没有强烈的戏剧冲突，却以细腻的笔触捕捉日常中的微小幸福，角色的喜怒哀乐真实可感，在平实的叙述中悄然传递着生活的温度，适合在忙碌之余放松心情慢慢欣赏。整体而言，该作在题材表达与情感渲染上均有可取之处，剧情张弛有度，角色令人印象深刻，是一部完成度较高、值得推荐的作品。
775,primary,zh-CN,爱米 -WE LOVE RICE-,《爱米 -WE LOVE RICE-》是短篇动画，将大米拟人化，讲述米们的偶像物语。米们在成为偶像的过程中展开搞笑日常，作品以拟人、偶像与搞笑为特色，动画画风可爱、篇幅短小，在轻松的日常中展现米们的魅力，是一部独特的泡面番。作品没有强烈的戏剧冲突，却以细腻的笔触捕捉日常中的微小幸福，角色的喜怒哀乐真实可感，在平实的叙述中悄然传递着生活的温度，适合在忙碌之余放松心情慢慢欣赏。整体而言，该作在题材表达与情感渲染上均有可取之处，剧情张弛有度，角色令人印象深刻，是一部完成度较高、值得推荐的作品。
776,primary,zh-CN,剑风传奇 次篇,《剑风传奇 次篇》延续系列，格斯与格里菲斯的悲剧继续。本作围绕鹰之团的过去与神之手展开，作品以黑暗奇幻、残酷的战斗与深刻的主题著称，动画的作画精良、氛围沉重，是漫画史上的杰作动画化。动作设计与演出张力俱佳，随着剧情推进，主角面对的敌人越来越强，战斗方式与自身局限的突破层层升级，配乐与画面配合出色，将热血少年向作品应有的爽快感与成长感都演绎得十分到位。整体而言，该作在题材表达与情感渲染上均有可取之处，剧情张弛有度，角色令人印象深刻，是一部完成度较高、值得推荐的作品。
777,primary,zh-CN,巴哈姆特之怒 VIRGIN SOUL,《巴哈姆特之怒 VIRGIN SOUL》延续第一季，人神魔三界的战争继续。本作围绕新的主角与巴哈姆特的力量展开，作品以奇幻、战争与群像为特色，动画的制作精良、画面华丽，角色们的命运交织，是一部充满魄力的奇幻作品。动作设计与演出张力俱佳，随着剧情推进，主角面对的敌人越来越强，战斗方式与自身局限的突破层层升级，配乐与画面配合出色，将热血少年向作品应有的爽快感与成长感都演绎得十分到位。整体而言，该作在题材表达与情感渲染上均有可取之处，剧情张弛有度，角色令人印象深刻，是一部完成度较高、值得推荐的作品。
778,primary,zh-CN,喧哗番长 乙女 Girl Beats Boys,《喧哗番长 乙女 Girl Beats Boys》改编自同名游戏。少女以男装进入男校，在拳打脚踢中度过校园生活。作品以搞笑、战斗与女装为特色，动画的氛围轻松，主角在男校中的冒险充满趣味，是一部轻松愉快的作品。动画的节奏把控张弛有度，战斗场面的分镜与作画都相当扎实，主角在与强敌的较量中不断突破自我，和同伴之间建立的信任与羁绊也为剧情增添了温度，热血与感动并存，值得一看。整体而言，该作在题材表达与情感渲染上均有可取之处，剧情张弛有度，角色令人印象深刻，是一部完成度较高、值得推荐的作品。
779,primary,zh-CN,Room Mate ～One Room side M～,《Room Mate ～One Room side M～》是《One Room》的男性向版本，以第一人称视角讲述与美男们的日常。观众以主角的视角与男性角色互动，作品以日常、恋爱与治愈为特色，动画画风精美、氛围温馨，是一部沉浸感强的作品。作品在甜蜜之余也保留了青春特有的青涩与迷茫，主角在感情中的成长与抉择贯穿始终，配乐温润、画面明丽，将恋爱中的忐忑、欢喜与遗憾都拿捏得恰到好处，适合慢慢品味。整体而言，该作在题材表达与情感渲染上均有可取之处，剧情张弛有度，角色令人印象深刻，是一部完成度较高、值得推荐的作品。
780,primary,zh-CN,sin 七大罪,《sin 七大罪》改编自同名企划，讲述七大罪的魔王们与女神的战斗。堕落的天使们以魔王身份登场，作品以战斗、福利与恶搞为特色，动画的画风华丽，福利元素充足，是一部面向特定受众的作品。动作设计与演出张力俱佳，随着剧情推进，主角面对的敌人越来越强，战斗方式与自身局限的突破层层升级，配乐与画面配合出色，将热血少年向作品应有的爽快感与成长感都演绎得十分到位。整体而言，该作在题材表达与情感渲染上均有可取之处，剧情张弛有度，角色令人印象深刻，是一部完成度较高、值得推荐的作品。
781,primary,zh-CN,阿童木起源,《阿童木起源》改编自同名漫画，讲述阿童木诞生前的故事。本作以天才科学家天马与御茶水为主角，描绘机器人黎明期的物语，作品以科幻、热血与友情为特色，动画的氛围兼具热血与温情，是阿童木系列的起源故事。动画的节奏把控张弛有度，战斗场面的分镜与作画都相当扎实，主角在与强敌的较量中不断突破自我，和同伴之间建立的信任与羁绊也为剧情增添了温度，热血与感动并存，值得一看。整体而言，该作在题材表达与情感渲染上均有可取之处，剧情张弛有度，角色令人印象深刻，是一部完成度较高、值得推荐的作品。
782,primary,zh-CN,猫猫日本史 第二季,《猫猫日本史 第二季》延续第一季，以猫拟人的方式讲述日本历史。历史人物以可爱的猫形象登场，作品以历史、搞笑与教育为特色，在轻松的日常中科普日本史，动画画风可爱、篇幅短小，兼具趣味与知识性，是适合全年龄观看的历史科普作品。画风清新、节奏舒缓，人物之间的相处自然而温暖，那些平凡琐碎的片段在动画的演绎下变得闪闪发光，传递出一种治愈人心的宁静力量，是治愈系爱好者不容错过的作品。整体而言，该作在题材表达与情感渲染上均有可取之处，剧情张弛有度，角色令人印象深刻，是一部完成度较高、值得推荐的作品。
783,primary,zh-CN,银之守墓人,《银之守墓人》是中日合作的动画，讲述守墓人少年陆水银的故事。水银在游戏世界中展开冒险，作品以游戏、战斗与热血为特色，动画的战斗场面华丽，水银的成长与羁绊贯穿始终，是国漫合作的作品。动作设计与演出张力俱佳，随着剧情推进，主角面对的敌人越来越强，战斗方式与自身局限的突破层层升级，配乐与画面配合出色，将热血少年向作品应有的爽快感与成长感都演绎得十分到位。整体而言，该作在题材表达与情感渲染上均有可取之处，剧情张弛有度，角色令人印象深刻，是一部完成度较高、值得推荐的作品。
784,primary,zh-CN,悠悠式 OVA,《悠悠式 OVA》是《悠悠式》的OVA，信息处理部少女们的日常番外。本作以轻松的日常为主，作品以日常、治愈与搞笑为特色，动画画风可爱、氛围轻松，少女们的互动充满萌点，是悠悠式系列的番外作品。作品没有强烈的戏剧冲突，却以细腻的笔触捕捉日常中的微小幸福，角色的喜怒哀乐真实可感，在平实的叙述中悄然传递着生活的温度，适合在忙碌之余放松心情慢慢欣赏。整体而言，该作在题材表达与情感渲染上均有可取之处，剧情张弛有度，角色令人印象深刻，是一部完成度较高、值得推荐的作品。
785,primary,zh-CN,商人之星的小比索,《商人之星的小比索》是短篇动画，讲述商人少年小比索的冒险。小比索在买卖中展开有趣的旅程，作品以商人、冒险与搞笑为特色，动画画风可爱、篇幅短小，在轻松的日常中展现经商的趣味，是一部轻松解压的泡面番。画风清新、节奏舒缓，人物之间的相处自然而温暖，那些平凡琐碎的片段在动画的演绎下变得闪闪发光，传递出一种治愈人心的宁静力量，是治愈系爱好者不容错过的作品。整体而言，该作在题材表达与情感渲染上均有可取之处，剧情张弛有度，角色令人印象深刻，是一部完成度较高、值得推荐的作品。
786,primary,zh-CN,扩张少女系Trinary,《扩张少女系Trinary》是短篇动画，讲述少女们与谜之存在的战斗。少女们在扩张的世界中展开战斗，作品以战斗、科幻与群像为特色，动画篇幅短小、氛围独特，在有限的篇幅中展现少女们的羁绊，是一部风格新颖的作品。动作设计与演出张力俱佳，随着剧情推进，主角面对的敌人越来越强，战斗方式与自身局限的突破层层升级，配乐与画面配合出色，将热血少年向作品应有的爽快感与成长感都演绎得十分到位。整体而言，该作在题材表达与情感渲染上均有可取之处，剧情张弛有度，角色令人印象深刻，是一部完成度较高、值得推荐的作品。
787,primary,zh-CN,魔物娘的同居日常 OAD,《魔物娘的同居日常 OAD》是《魔物娘的同居日常》的OVA，来留主公与魔物娘们的同居番外。本作以轻松的日常为主，作品以魔物娘、后宫与福利为特色，动画的设定新奇有趣、福利满满，是一部轻松愉快的后宫作品。作品没有强烈的戏剧冲突，却以细腻的笔触捕捉日常中的微小幸福，角色的喜怒哀乐真实可感，在平实的叙述中悄然传递着生活的温度，适合在忙碌之余放松心情慢慢欣赏。整体而言，该作在题材表达与情感渲染上均有可取之处，剧情张弛有度，角色令人印象深刻，是一部完成度较高、值得推荐的作品。
788,primary,zh-CN,结城友奈是勇者 -鹫尾须美之章- 第2章 魂,《结城友奈是勇者 -鹫尾须美之章- 第2章 魂》是《结城友奈是勇者》的前传剧场版，鹫尾须美与伙伴们的物语继续。本作描绘勇者们的战斗与牺牲，作品以战斗、悲剧与治愈为特色，动画的氛围沉重，少女们的命运令人动容，是结城友奈系列的剧场版。动作设计与演出张力俱佳，随着剧情推进，主角面对的敌人越来越强，战斗方式与自身局限的突破层层升级，配乐与画面配合出色，将热血少年向作品应有的爽快感与成长感都演绎得十分到位。
789,primary,zh-CN,青之驱魔师 OAD,《青之驱魔师 OAD》是《青之驱魔师》的OVA，奥村燐的日常番外故事。本作以轻松的日常为主，作品以驱魔、战斗与日常为特色，动画的氛围欢乐，燐与伙伴们的互动充满趣味，是青之驱魔师系列的番外作品。动作设计与演出张力俱佳，随着剧情推进，主角面对的敌人越来越强，战斗方式与自身局限的突破层层升级，配乐与画面配合出色，将热血少年向作品应有的爽快感与成长感都演绎得十分到位。整体而言，该作在题材表达与情感渲染上均有可取之处，剧情张弛有度，角色令人印象深刻，是一部完成度较高、值得推荐的作品。
790,primary,zh-CN,干物妹！小埋 OAD,《干物妹！小埋 OAD》是《干物妹！小埋》的OVA，小埋的干物妹日常番外。本作以轻松的日常为主，作品以日常、搞笑与兄妹情为特色，动画画风可爱、氛围轻松，小埋的咸鱼姿态充满笑料，是小埋系列的番外作品。作品没有强烈的戏剧冲突，却以细腻的笔触捕捉日常中的微小幸福，角色的喜怒哀乐真实可感，在平实的叙述中悄然传递着生活的温度，适合在忙碌之余放松心情慢慢欣赏。整体而言，该作在题材表达与情感渲染上均有可取之处，剧情张弛有度，角色令人印象深刻，是一部完成度较高、值得推荐的作品。
791,primary,zh-CN,游戏王VRAINS,《游戏王VRAINS》是游戏王系列动画，讲述网络世界的决斗者们的战斗。少年藤木游作在网络都市中展开决斗，作品以卡牌、热血与决斗为特色，动画的决斗场面华丽，游作的成长与网络的秘密贯穿始终，是游戏王系列的新篇章。动作设计与演出张力俱佳，随着剧情推进，主角面对的敌人越来越强，战斗方式与自身局限的突破层层升级，配乐与画面配合出色，将热血少年向作品应有的爽快感与成长感都演绎得十分到位。整体而言，该作在题材表达与情感渲染上均有可取之处，剧情张弛有度，角色令人印象深刻，是一部完成度较高、值得推荐的作品。
792,primary,zh-CN,浪漫冒险,《浪漫冒险》是短篇动画，讲述少年与少女的浪漫冒险。作品以恋爱、冒险与日常为特色，动画画风精美、氛围温馨，在短小的篇幅中展现恋爱的甜蜜，是一部轻松治愈的泡面番。角色间的互动刻画得细腻自然，那些欲言又止的心意、别扭又真诚的靠近都真实而动人，情感线与日常情节交织，让观众在会心一笑与怦然心动之间反复横跳，是一部让人回味无穷的恋爱物语。整体而言，该作在题材表达与情感渲染上均有可取之处，剧情张弛有度，角色令人印象深刻，是一部完成度较高、值得推荐的作品。
793,primary,zh-CN,在这世界的角落,《在这世界的角落》是剧场版动画，讲述二战时期少女铃在广岛的日常生活。铃在战乱中与家人相依为命，以温柔的视角描绘战争的残酷与生活的温暖，作品以历史、战争与人性为主题，动画的画面精美，铃的坚韧与温情令人动容，是一部震撼人心的作品。动画的节奏把控张弛有度，战斗场面的分镜与作画都相当扎实，主角在与强敌的较量中不断突破自我，和同伴之间建立的信任与羁绊也为剧情增添了温度，热血与感动并存，值得一看。整体而言，该作在题材表达与情感渲染上均有可取之处，剧情张弛有度，角色令人印象深刻，是一部完成度较高、值得推荐的作品。
794,primary,zh-CN,黑色五叶草 OAD,《黑色五叶草 OAD》是《黑色五叶草》的OVA，阿斯塔与魔法骑士团的番外故事。本作以轻松的日常为主，作品以魔法、热血与群像为特色，动画的氛围欢乐，阿斯塔与伙伴们的互动充满趣味，是黑色五叶草系列的番外作品。动作设计与演出张力俱佳，随着剧情推进，主角面对的敌人越来越强，战斗方式与自身局限的突破层层升级，配乐与画面配合出色，将热血少年向作品应有的爽快感与成长感都演绎得十分到位。整体而言，该作在题材表达与情感渲染上均有可取之处，剧情张弛有度，角色令人印象深刻，是一部完成度较高、值得推荐的作品。
795,primary,zh-CN,相对世界,《相对世界》是原创动画，讲述现实世界与相对世界的战斗。少年们在两个世界的交错中展开冒险，作品以科幻、战斗与群像为特色，动画的画风独特、战斗场面华丽，少年们的成长与羁绊贯穿始终，是一部风格新颖的作品。动作设计与演出张力俱佳，随着剧情推进，主角面对的敌人越来越强，战斗方式与自身局限的突破层层升级，配乐与画面配合出色，将热血少年向作品应有的爽快感与成长感都演绎得十分到位。整体而言，该作在题材表达与情感渲染上均有可取之处，剧情张弛有度，角色令人印象深刻，是一部完成度较高、值得推荐的作品。
796,primary,zh-CN,特工次世代,《特工次世代》改编自弐瓶勉的同名漫画。在由阶层构成的巨大都市中，工作人雾亥为寻找网络终端遗传因子而展开冒险。作品以科幻、废土与悬疑为特色，动画的氛围冷峻，雾亥在黑暗都市中的旅程充满神秘感，是一部风格独特的科幻作品。剧情层层递进、伏笔密布，随着线索的不断拼合，真相逐渐浮出水面，每一次反转都在意料之外又情理之中，细节经得起推敲，氛围营造到位，是喜欢烧脑故事的观众不可错过之作。整体而言，该作在题材表达与情感渲染上均有可取之处，剧情张弛有度，角色令人印象深刻，是一部完成度较高、值得推荐的作品。
797,primary,zh-CN,亚人 -冲戟-,《亚人 -冲戟-》是《亚人》系列的剧场版第三部，永井圭与佐藤的对决迎来高潮。本作圭与佐藤的最终冲突展开，作品以科幻、悬疑与动作为特色，亚人的设定与战斗场面充满震撼力，动画的3DCG表现独特，是亚人系列的剧场版。动作设计与演出张力俱佳，随着剧情推进，主角面对的敌人越来越强，战斗方式与自身局限的突破层层升级，配乐与画面配合出色，将热血少年向作品应有的爽快感与成长感都演绎得十分到位。整体而言，该作在题材表达与情感渲染上均有可取之处，剧情张弛有度，角色令人印象深刻，是一部完成度较高、值得推荐的作品。
798,primary,zh-CN,雏逻辑 〜from Luck ＆ Logic〜,《雏逻辑 〜from Luck ＆ Logic〜》是短篇动画，讲述少女们的日常生活。少女们在学园中的互动充满温馨，作品以日常、治愈与搞笑为特色，动画画风可爱、氛围轻松，在轻松的日常中展现少女们的友谊，是一部轻松解压的泡面番。作品没有强烈的戏剧冲突，却以细腻的笔触捕捉日常中的微小幸福，角色的喜怒哀乐真实可感，在平实的叙述中悄然传递着生活的温度，适合在忙碌之余放松心情慢慢欣赏。整体而言，该作在题材表达与情感渲染上均有可取之处，剧情张弛有度，角色令人印象深刻，是一部完成度较高、值得推荐的作品。
799,primary,zh-CN,机动战士高达 暮光的阿克西斯,《机动战士高达 暮光的阿克西斯》是高达系列动画，讲述围绕阿克西斯的秘密作战。本作围绕新吉翁的残骸展开，作品以机战、悬疑与群像为特色，动画的战斗场面华丽，剧情的展开充满张力，是高达系列的衍生作品。动画的节奏把控张弛有度，战斗场面的分镜与作画都相当扎实，主角在与强敌的较量中不断突破自我，和同伴之间建立的信任与羁绊也为剧情增添了温度，热血与感动并存，值得一看。整体而言，该作在题材表达与情感渲染上均有可取之处，剧情张弛有度，角色令人印象深刻，是一部完成度较高、值得推荐的作品。
800,primary,zh-CN,海螺小姐,《海螺小姐》是经典长寿动画，讲述矶野家的日常生活。海螺小姐与家人、邻居的温馨日常充满人情味，作品以日常、家庭与治愈为特色，动画的氛围温暖，是日本国民级的家庭动画，陪伴了无数观众的成长。画风清新、节奏舒缓，人物之间的相处自然而温暖，那些平凡琐碎的片段在动画的演绎下变得闪闪发光，传递出一种治愈人心的宁静力量，是治愈系爱好者不容错过的作品。整体而言，该作在题材表达与情感渲染上均有可取之处，剧情张弛有度，角色令人印象深刻，是一部完成度较高、值得推荐的作品。
801,primary,zh-CN,食戟之灵 OAD,《食戟之灵 OAD》是《食戟之灵》的OVA，幸平创真的料理番外故事。本作以轻松的日常为主，作品以美食、热血与竞技为特色，动画对料理的描绘令人垂涎欲滴，创真与伙伴们的互动充满趣味，是食戟之灵系列的番外作品。动作设计与演出张力俱佳，随着剧情推进，主角面对的敌人越来越强，战斗方式与自身局限的突破层层升级，配乐与画面配合出色，将热血少年向作品应有的爽快感与成长感都演绎得十分到位。整体而言，该作在题材表达与情感渲染上均有可取之处，剧情张弛有度，角色令人印象深刻，是一部完成度较高、值得推荐的作品。
802,primary,zh-CN,偶像活动Stars 第二年,《偶像活动Stars 第二年》延续系列，星光学园少女们的偶像生活继续。本作少女们在新的挑战中成长，作品以华丽的舞台演出、时尚搭配与少女追梦为主题，歌舞场面充满感染力，是少女向偶像动画的经典系列。作品没有强烈的戏剧冲突，却以细腻的笔触捕捉日常中的微小幸福，角色的喜怒哀乐真实可感，在平实的叙述中悄然传递着生活的温度，适合在忙碌之余放松心情慢慢欣赏。整体而言，该作在题材表达与情感渲染上均有可取之处，剧情张弛有度，角色令人印象深刻，是一部完成度较高、值得推荐的作品。
803,primary,zh-CN,NEW GAME!!,《NEW GAME!!》是《NEW GAME!》第二季，新人游戏制作者凉风青叶的职场生活继续。本季青叶与前辈们在游戏开发中迎接新的挑战，作品以职场、日常与治愈为特色，动画画风可爱、氛围温馨，将游戏制作行业的日常描绘得生动有趣，是一部轻松治愈的职场作品。画风清新、节奏舒缓，人物之间的相处自然而温暖，那些平凡琐碎的片段在动画的演绎下变得闪闪发光，传递出一种治愈人心的宁静力量，是治愈系爱好者不容错过的作品。
804,primary,zh-CN,战斗女子高校,《战斗女子高校》改编自同名游戏，讲述战斗女高中生的战斗。少女们在学园中接受训练，与谜之敌人展开战斗，作品以学园、战斗与群像为特色，动画的战斗场面华丽，少女们的成长与羁绊贯穿始终，是游戏改编动画的作品。动作设计与演出张力俱佳，随着剧情推进，主角面对的敌人越来越强，战斗方式与自身局限的突破层层升级，配乐与画面配合出色，将热血少年向作品应有的爽快感与成长感都演绎得十分到位。整体而言，该作在题材表达与情感渲染上均有可取之处，剧情张弛有度，角色令人印象深刻，是一部完成度较高、值得推荐的作品。
805,primary,zh-CN,将国之天鹰星,《将国之天鹰星》改编自同名漫画。年轻的将军玛法姆特在战乱的世界中追求和平，作品以战争、政治与群像为特色，玛法姆特的智谋与仁德充满魅力，动画的战争场面宏大，角色的抉择充满张力，是一部硬核的战争作品。动画的节奏把控张弛有度，战斗场面的分镜与作画都相当扎实，主角在与强敌的较量中不断突破自我，和同伴之间建立的信任与羁绊也为剧情增添了温度，热血与感动并存，值得一看。整体而言，该作在题材表达与情感渲染上均有可取之处，剧情张弛有度，角色令人印象深刻，是一部完成度较高、值得推荐的作品。
806,primary,zh-CN,骑士&魔法,《骑士&魔法》改编自同名轻小说。热爱机甲的转生者艾尔涅斯帝，在异世界驾驶魔导机具战斗。作品以机战、奇幻与热血为特色，艾尔对机甲的狂热充满看点，动画的战斗场面华丽，是一部充满魄力的机战作品。动作设计与演出张力俱佳，随着剧情推进，主角面对的敌人越来越强，战斗方式与自身局限的突破层层升级，配乐与画面配合出色，将热血少年向作品应有的爽快感与成长感都演绎得十分到位。整体而言，该作在题材表达与情感渲染上均有可取之处，剧情张弛有度，角色令人印象深刻，是一部完成度较高、值得推荐的作品。
807,primary,zh-CN,舞动青春,《舞动青春》改编自同名漫画。少年富士田多多良在偶然的机会下接触社交舞，从此踏上舞蹈之路。作品以舞蹈、青春与热血为特色，动画的舞蹈场面充满张力，多多良在舞池中的成长令人动容，是近年来的运动佳作。动作设计与演出张力俱佳，随着剧情推进，主角面对的敌人越来越强，战斗方式与自身局限的突破层层升级，配乐与画面配合出色，将热血少年向作品应有的爽快感与成长感都演绎得十分到位。整体而言，该作在题材表达与情感渲染上均有可取之处，剧情张弛有度，角色令人印象深刻，是一部完成度较高、值得推荐的作品。
808,primary,zh-CN,洁癖男子！青山君,《洁癖男子！青山君》改编自同名漫画。天才足球少年青山君是个严重的洁癖，讨厌与人接触。作品以足球、搞笑与日常为特色，青山君与队员们的互动充满笑料，动画的氛围轻松，是一部让人捧腹的运动喜剧。作品没有强烈的戏剧冲突，却以细腻的笔触捕捉日常中的微小幸福，角色的喜怒哀乐真实可感，在平实的叙述中悄然传递着生活的温度，适合在忙碌之余放松心情慢慢欣赏。整体而言，该作在题材表达与情感渲染上均有可取之处，剧情张弛有度，角色令人印象深刻，是一部完成度较高、值得推荐的作品。
809,primary,zh-CN,笨女孩,《笨女孩》改编自同名漫画。超级笨蛋少女花畑佳子只对香蕉和学习委员产生兴趣。作品以搞笑、日常与吐槽为特色，佳子的笨蛋行为令人捧腹，动画的节奏明快、笑点密集，是一部以无厘头取胜的搞笑作品。画风清新、节奏舒缓，人物之间的相处自然而温暖，那些平凡琐碎的片段在动画的演绎下变得闪闪发光，传递出一种治愈人心的宁静力量，是治愈系爱好者不容错过的作品。整体而言，该作在题材表达与情感渲染上均有可取之处，剧情张弛有度，角色令人印象深刻，是一部完成度较高、值得推荐的作品。
810,primary,zh-CN,徒然喜欢你,《徒然喜欢你》改编自同名漫画。以多对情侣的视角，讲述高中生们的恋爱物语。作品以恋爱、群像与搞笑为特色，各对情侣的互动甜度十足，动画的节奏明快，在轻松的日常中展现恋爱的甜蜜，是一部让人心动的恋爱喜剧。角色间的互动刻画得细腻自然，那些欲言又止的心意、别扭又真诚的靠近都真实而动人，情感线与日常情节交织，让观众在会心一笑与怦然心动之间反复横跳，是一部让人回味无穷的恋爱物语。整体而言，该作在题材表达与情感渲染上均有可取之处，剧情张弛有度，角色令人印象深刻，是一部完成度较高、值得推荐的作品。
811,primary,zh-CN,RWBY Volume 1-3: The Beginning,《RWBY Volume 1-3: The Beginning》是《RWBY》系列的总集篇，讲述少女们对抗戮兽的物语。本作回顾前几季的剧情，作品以战斗、群像与奇幻为特色，动画的动作场面华丽，角色们的成长与羁绊贯穿始终，是RWBY系列的剧场版。动画的节奏把控张弛有度，战斗场面的分镜与作画都相当扎实，主角在与强敌的较量中不断突破自我，和同伴之间建立的信任与羁绊也为剧情增添了温度，热血与感动并存，值得一看。
812,primary,zh-CN,异世界食堂,《异世界食堂》改编自同名轻小说。在异世界存在的餐厅猫屋，每周六都会向异世界的客人开放。作品以美食、异世界与单元剧为特色，动画将各种异世界种族的美食故事描绘得温馨有趣，每道料理都令人垂涎，是一部治愈系的美食作品。画风清新、节奏舒缓，人物之间的相处自然而温暖，那些平凡琐碎的片段在动画的演绎下变得闪闪发光，传递出一种治愈人心的宁静力量，是治愈系爱好者不容错过的作品。整体而言，该作在题材表达与情感渲染上均有可取之处，剧情张弛有度，角色令人印象深刻，是一部完成度较高、值得推荐的作品。
813,primary,zh-CN,第一次的辣妹,《第一次的辣妹》改编自同名漫画。处男高中生羽柴纯一为了摆脱童贞，向辣妹八女由佳奈告白。作品以恋爱、搞笑与福利为特色，纯一与辣妹们的互动充满笑料，动画的氛围轻松，是一部让人捧腹的恋爱喜剧。角色间的互动刻画得细腻自然，那些欲言又止的心意、别扭又真诚的靠近都真实而动人，情感线与日常情节交织，让观众在会心一笑与怦然心动之间反复横跳，是一部让人回味无穷的恋爱物语。整体而言，该作在题材表达与情感渲染上均有可取之处，剧情张弛有度，角色令人印象深刻，是一部完成度较高、值得推荐的作品。
814,primary,zh-CN,欢迎来到实力至上主义的教室,《欢迎来到实力至上主义的教室》改编自同名轻小说。在实力至上的高度育成高中，学生绫小路清隆隐藏实力。作品以学园、智斗与群像为特色，清隆的冷静与智慧充满魅力，动画的氛围冷静，剧情充满心理博弈，是一部硬核的学园智斗作品。剧情层层递进、伏笔密布，随着线索的不断拼合，真相逐渐浮出水面，每一次反转都在意料之外又情理之中，细节经得起推敲，氛围营造到位，是喜欢烧脑故事的观众不可错过之作。整体而言，该作在题材表达与情感渲染上均有可取之处，剧情张弛有度，角色令人印象深刻，是一部完成度较高、值得推荐的作品。
815,primary,zh-CN,GAMERS电玩咖,《GAMERS电玩咖》改编自同名轻小说。游戏爱好者雨野景太与游戏部少女们的恋爱喜剧。作品以游戏、恋爱与误会为特色，角色们的情感纠葛充满笑料，动画的节奏明快，将青春期的暧昧与误会刻画得生动有趣，是一部欢乐的恋爱喜剧。作品在甜蜜之余也保留了青春特有的青涩与迷茫，主角在感情中的成长与抉择贯穿始终，配乐温润、画面明丽，将恋爱中的忐忑、欢喜与遗憾都拿捏得恰到好处，适合慢慢品味。整体而言，该作在题材表达与情感渲染上均有可取之处，剧情张弛有度，角色令人印象深刻，是一部完成度较高、值得推荐的作品。
816,primary,zh-CN,Fate/Apocrypha,《Fate/Apocrypha》是Fate系列的动画，讲述圣杯大战的物语。本作围绕红黑两阵营的英灵展开，齐格与贞德的相遇贯穿全片，作品以Fate世界观、战斗与群像为特色，动画的战斗场面华丽，英灵们的对决充满魄力，是Fate系列的衍生作品。动作设计与演出张力俱佳，随着剧情推进，主角面对的敌人越来越强，战斗方式与自身局限的突破层层升级，配乐与画面配合出色，将热血少年向作品应有的爽快感与成长感都演绎得十分到位。
817,primary,zh-CN,Princess Principal,《Princess Principal》是原创动画，讲述间谍少女们在架空伦敦的物语。五位少女作为间谍执行任务，作品以间谍、群像与蒸汽朋克为特色，动画的氛围冷峻优雅，少女们的任务与羁绊充满张力，是一部风格独特的作品。角色设计可爱讨喜，性格各异的少女们互动起来萌点十足，画风明快、色彩柔和，在轻松愉快的氛围中传递着友情与温情，治愈力满满，是闲暇时光里的最佳陪伴。整体而言，该作在题材表达与情感渲染上均有可取之处，剧情张弛有度，角色令人印象深刻，是一部完成度较高、值得推荐的作品。
818,primary,zh-CN,来自深渊,《来自深渊》改编自同名漫画。在深渊的洞穴中，少女莉可立志成为探窟家，与机器人少年雷古展开冒险。作品以冒险、奇幻与黑暗为主题，深渊的神秘与残酷层层展开，动画的画面精美，莉可与雷古的旅程充满震撼，是近年来的硬核冒险佳作。动作设计与演出张力俱佳，随着剧情推进，主角面对的敌人越来越强，战斗方式与自身局限的突破层层升级，配乐与画面配合出色，将热血少年向作品应有的爽快感与成长感都演绎得十分到位。整体而言，该作在题材表达与情感渲染上均有可取之处，剧情张弛有度，角色令人印象深刻，是一部完成度较高、值得推荐的作品。
819,primary,zh-CN,活击 刀剑乱舞,《活击 刀剑乱舞》是刀剑拟人动画，讲述刀剑男士们与历史修正主义的战斗。本作以严肃的战斗为主线，刀剑们为守护历史而战，作品以刀剑拟人、战斗与热血为特色，动画的战斗场面华丽，刀剑们各具魅力，是一部充满魄力的作品。动作设计与演出张力俱佳，随着剧情推进，主角面对的敌人越来越强，战斗方式与自身局限的突破层层升级，配乐与画面配合出色，将热血少年向作品应有的爽快感与成长感都演绎得十分到位。整体而言，该作在题材表达与情感渲染上均有可取之处，剧情张弛有度，角色令人印象深刻，是一部完成度较高、值得推荐的作品。
820,primary,zh-CN,最游记 RELOAD BLAST,《最游记 RELOAD BLAST》延续系列，玄奘三藏与伙伴们的西行之旅继续。本作三藏一行人在旅途中面对新的敌人，作品以奇幻、热血与群像为特色，动画的画风华丽，三藏与悟空等人的羁绊贯穿始终，是最游记系列的续作。动画的节奏把控张弛有度，战斗场面的分镜与作画都相当扎实，主角在与强敌的较量中不断突破自我，和同伴之间建立的信任与羁绊也为剧情增添了温度，热血与感动并存，值得一看。整体而言，该作在题材表达与情感渲染上均有可取之处，剧情张弛有度，角色令人印象深刻，是一部完成度较高、值得推荐的作品。
821,primary,zh-CN,战姬绝唱SYMPHOGEAR AXZ,《战姬绝唱SYMPHOGEAR AXZ》是战姬绝唱系列动画，歌姬们以歌声的力量战斗。本作围绕新的敌人与装备展开，作品以音乐、战斗与热血为特色，动画的歌曲充满感染力，战斗场面华丽，是战姬绝唱系列的续作。动作设计与演出张力俱佳，随着剧情推进，主角面对的敌人越来越强，战斗方式与自身局限的突破层层升级，配乐与画面配合出色，将热血少年向作品应有的爽快感与成长感都演绎得十分到位。整体而言，该作在题材表达与情感渲染上均有可取之处，剧情张弛有度，角色令人印象深刻，是一部完成度较高、值得推荐的作品。
822,primary,zh-CN,地狱少女 宵伽,《地狱少女 宵伽》是《地狱少女》系列动画，地狱少女阎魔爱继续接受委托。本作围绕新的委托人展开，作品以灵异、黑暗与单元剧为特色，动画的氛围阴森，爱送人下地狱的设定充满冲击力，是地狱少女系列的续作。恐怖氛围营造得极具压迫感，画面、音效与节奏配合出色，猎奇的设定与细思极恐的细节让寒意层层渗入，在短小精悍的篇幅内带来强烈的心理冲击，适合胆大的观众挑战。整体而言，该作在题材表达与情感渲染上均有可取之处，剧情张弛有度，角色令人印象深刻，是一部完成度较高、值得推荐的作品。
823,primary,zh-CN,天使的3P!,《天使的3P!》改编自同名轻小说。家里蹲少年贯井响为小学生乐团担任制作人。作品以音乐、萝莉与日常为特色，响与少女们的音乐活动充满温馨，动画的氛围轻松，歌曲动人，是一部治愈系的音乐作品。作品没有强烈的戏剧冲突，却以细腻的笔触捕捉日常中的微小幸福，角色的喜怒哀乐真实可感，在平实的叙述中悄然传递着生活的温度，适合在忙碌之余放松心情慢慢欣赏。整体而言，该作在题材表达与情感渲染上均有可取之处，剧情张弛有度，角色令人印象深刻，是一部完成度较高、值得推荐的作品。
824,primary,zh-CN,狂赌之渊,《狂赌之渊》改编自同名漫画。在崇尚赌博的百花王学园，转学生蛇喰梦子以赌博为乐。作品以赌博、心理战与疯狂为特色，梦子的赌博方式充满震撼，动画的画风夸张、氛围诡异，剧情的反转充满冲击力，是一部风格独特的作品。悬疑氛围铺垫扎实，人物之间暗流涌动的博弈与隐藏的秘密交织出复杂的叙事网络，叙事节奏收放自如，高潮部分的揭示震撼有力，看完之后依然值得反复回味其中的细节。整体而言，该作在题材表达与情感渲染上均有可取之处，剧情张弛有度，角色令人印象深刻，是一部完成度较高、值得推荐的作品。
825,primary,zh-CN,妖怪公寓的优雅日常,《妖怪公寓的优雅日常》改编自同名小说。高中生稻叶夕士在妖怪公寓开始新的生活，与妖怪们展开日常。作品以妖怪、日常与治愈为特色，夕士与妖怪们的互动充满温馨，动画的氛围温暖，是一部治愈系的日常作品。作品没有强烈的戏剧冲突，却以细腻的笔触捕捉日常中的微小幸福，角色的喜怒哀乐真实可感，在平实的叙述中悄然传递着生活的温度，适合在忙碌之余放松心情慢慢欣赏。整体而言，该作在题材表达与情感渲染上均有可取之处，剧情张弛有度，角色令人印象深刻，是一部完成度较高、值得推荐的作品。
826,primary,zh-CN,恋爱禁止的世界,《恋爱禁止的世界》改编自同名漫画。在由政府决定婚配的世界，少年根岛由佳吏却喜欢青梅竹马。作品以恋爱、科幻与青春为特色，根岛在制度与感情间的挣扎充满看点，动画的氛围压抑，是一部反思社会的恋爱作品。角色间的互动刻画得细腻自然，那些欲言又止的心意、别扭又真诚的靠近都真实而动人，情感线与日常情节交织，让观众在会心一笑与怦然心动之间反复横跳，是一部让人回味无穷的恋爱物语。整体而言，该作在题材表达与情感渲染上均有可取之处，剧情张弛有度，角色令人印象深刻，是一部完成度较高、值得推荐的作品。
827,primary,zh-CN,冰海精灵之灯,《冰海精灵之灯》是短篇动画，讲述冰海精灵的物语。在北极的冰海中，冰海精灵与少女的相遇充满梦幻，作品以奇幻、治愈与自然为特色，动画的画面精美、氛围宁静，是一部短小却唯美的治愈作品。画风清新、节奏舒缓，人物之间的相处自然而温暖，那些平凡琐碎的片段在动画的演绎下变得闪闪发光，传递出一种治愈人心的宁静力量，是治愈系爱好者不容错过的作品。整体而言，该作在题材表达与情感渲染上均有可取之处，剧情张弛有度，角色令人印象深刻，是一部完成度较高、值得推荐的作品。
828,primary,zh-CN,咕噜咕噜魔法阵,《咕噜咕噜魔法阵》改编自同名漫画。勇者尼克与魔法师少女歌莉的冒险充满搞笑。两人在打败魔王的路途中闹出各种笑话，作品以奇幻、冒险与搞笑为特色，动画的演出夸张、笑点密集，是一部充满童趣的冒险作品。角色的个性塑造鲜明，舞台上的自信与生活中的可爱形成反差，团队协作与个人成长双线并进，歌舞编排赏心悦目，让观众既能享受视听盛宴，也能为少女们的梦想与坚持而感动。整体而言，该作在题材表达与情感渲染上均有可取之处，剧情张弛有度，角色令人印象深刻，是一部完成度较高、值得推荐的作品。
829,primary,zh-CN,梵蒂冈奇迹调查官,《梵蒂冈奇迹调查官》改编自同名小说。在梵蒂冈，两位神父负责调查奇迹的真伪。作品以宗教、悬疑与推理为特色，神父们在调查中接触各种诡异的事件，动画的氛围神秘，剧情充满谜团，是一部风格独特的推理作品。剧情层层递进、伏笔密布，随着线索的不断拼合，真相逐渐浮出水面，每一次反转都在意料之外又情理之中，细节经得起推敲，氛围营造到位，是喜欢烧脑故事的观众不可错过之作。整体而言，该作在题材表达与情感渲染上均有可取之处，剧情张弛有度，角色令人印象深刻，是一部完成度较高、值得推荐的作品。
830,primary,zh-CN,美男战国 穿越时空的爱恋,《美男战国 穿越时空的爱恋》改编自同名游戏。少女穿越时空回到战国时代，与武将们展开恋爱。作品以恋爱、穿越与群像为特色，少女与武将们的互动充满浪漫，动画的氛围华丽，是乙女向动画的作品。作品在甜蜜之余也保留了青春特有的青涩与迷茫，主角在感情中的成长与抉择贯穿始终，配乐温润、画面明丽，将恋爱中的忐忑、欢喜与遗憾都拿捏得恰到好处，适合慢慢品味。整体而言，该作在题材表达与情感渲染上均有可取之处，剧情张弛有度，角色令人印象深刻，是一部完成度较高、值得推荐的作品。
831,primary,zh-CN,时间支配者,《时间支配者》改编自同名漫画。在时间被支配的世界，时间猎人维克多与伙伴们追捕吞噬时间的怪物。作品以奇幻、冒险与热血为特色，维克多的过去与时间的真相层层展开，动画的战斗场面华丽，是一部充满想象力的作品。动作设计与演出张力俱佳，随着剧情推进，主角面对的敌人越来越强，战斗方式与自身局限的突破层层升级，配乐与画面配合出色，将热血少年向作品应有的爽快感与成长感都演绎得十分到位。整体而言，该作在题材表达与情感渲染上均有可取之处，剧情张弛有度，角色令人印象深刻，是一部完成度较高、值得推荐的作品。
832,primary,zh-CN,裙子下的野兽,《裙子下的野兽》是短篇成人向动画，讲述少女与年长男性之间的恋爱。作品以恋爱、成年向与日常为特色，动画的氛围暧昧，两人的互动充满张力，是一部面向成人的恋爱作品。角色间的互动刻画得细腻自然，那些欲言又止的心意、别扭又真诚的靠近都真实而动人，情感线与日常情节交织，让观众在会心一笑与怦然心动之间反复横跳，是一部让人回味无穷的恋爱物语。整体而言，该作在题材表达与情感渲染上均有可取之处，剧情张弛有度，角色令人印象深刻，是一部完成度较高、值得推荐的作品。
833,primary,zh-CN,暗芝居 第五季,《暗芝居 第五季》是恐怖短篇动画系列，继续以纸芝居的形式讲述各种怪谈。作品以怀旧的画风、猎奇的剧情与细思极恐的氛围著称，每一话都在短短几分钟内营造出强烈的恐怖感，各种扭曲的都市传说让人不寒而栗，是恐怖动画爱好者的必看之作。画风清新、节奏舒缓，人物之间的相处自然而温暖，那些平凡琐碎的片段在动画的演绎下变得闪闪发光，传递出一种治愈人心的宁静力量，是治愈系爱好者不容错过的作品。整体而言，该作在题材表达与情感渲染上均有可取之处，剧情张弛有度，角色令人印象深刻，是一部完成度较高、值得推荐的作品。
834,primary,zh-CN,猜谜王,《猜谜王》改编自同名漫画。喜欢猜谜的少年越山识，在学园中与伙伴们展开猜谜竞技。作品以猜谜、竞技与热血为特色，动画将猜谜比赛描绘得紧张刺激，识的猜谜才能与团队合作充满看点，是一部独特的竞技作品。动作设计与演出张力俱佳，随着剧情推进，主角面对的敌人越来越强，战斗方式与自身局限的突破层层升级，配乐与画面配合出色，将热血少年向作品应有的爽快感与成长感都演绎得十分到位。整体而言，该作在题材表达与情感渲染上均有可取之处，剧情张弛有度，角色令人印象深刻，是一部完成度较高、值得推荐的作品。
835,primary,zh-CN,捏造陷阱 -NTR-,《捏造陷阱 -NTR-》改编自同名漫画。两名少女各自有男友，却在秘密中发展出超越友情的关系。作品以恋爱、百合与心理为特色，动画的氛围暧昧压抑，角色们的情感纠葛充满张力，是一部面向成人的恋爱作品。角色间的互动刻画得细腻自然，那些欲言又止的心意、别扭又真诚的靠近都真实而动人，情感线与日常情节交织，让观众在会心一笑与怦然心动之间反复横跳，是一部让人回味无穷的恋爱物语。整体而言，该作在题材表达与情感渲染上均有可取之处，剧情张弛有度，角色令人印象深刻，是一部完成度较高、值得推荐的作品。
836,primary,zh-CN,跳水男孩,《跳水男孩》改编自同名小说。少年坂井知季加入跳水俱乐部，以参加奥运为目标。作品以跳水、运动与热血为特色，动画的跳水场面优美，知季在训练中的成长令人动容，是一部扎实的运动作品。动作设计与演出张力俱佳，随着剧情推进，主角面对的敌人越来越强，战斗方式与自身局限的突破层层升级，配乐与画面配合出色，将热血少年向作品应有的爽快感与成长感都演绎得十分到位。整体而言，该作在题材表达与情感渲染上均有可取之处，剧情张弛有度，角色令人印象深刻，是一部完成度较高、值得推荐的作品。
837,primary,zh-CN,便利店男友,《便利店男友》改编自同名企划。以便利店为舞台，少年们与少女们的恋爱日常。作品以恋爱、日常与群像为特色，动画的氛围青春，角色们的互动充满甜蜜，是一部轻松治愈的恋爱作品。角色间的互动刻画得细腻自然，那些欲言又止的心意、别扭又真诚的靠近都真实而动人，情感线与日常情节交织，让观众在会心一笑与怦然心动之间反复横跳，是一部让人回味无穷的恋爱物语。整体而言，该作在题材表达与情感渲染上均有可取之处，剧情张弛有度，角色令人印象深刻，是一部完成度较高、值得推荐的作品。
838,primary,zh-CN,动作女主 水果应援团,《动作女主 水果应援团》是原创动画，讲述少女们作为动作女主的战斗。少女们在守护城市的战斗中成为偶像，作品以战斗、偶像与群像为特色，动画的画风明快，少女们的成长与羁绊贯穿始终，是一部充满活力的作品。动画的节奏把控张弛有度，战斗场面的分镜与作画都相当扎实，主角在与强敌的较量中不断突破自我，和同伴之间建立的信任与羁绊也为剧情增添了温度，热血与感动并存，值得一看。整体而言，该作在题材表达与情感渲染上均有可取之处，剧情张弛有度，角色令人印象深刻，是一部完成度较高、值得推荐的作品。
839,primary,zh-CN,18if,《18if》改编自同名游戏，讲述少年在梦境世界的冒险。梦侦探在少女们的梦境中穿梭，作品以奇幻、悬疑与群像为特色，动画的单元故事风格各异，梦境世界的设定充满想象力，是一部风格独特的作品。悬疑氛围铺垫扎实，人物之间暗流涌动的博弈与隐藏的秘密交织出复杂的叙事网络，叙事节奏收放自如，高潮部分的揭示震撼有力，看完之后依然值得反复回味其中的细节。整体而言，该作在题材表达与情感渲染上均有可取之处，剧情张弛有度，角色令人印象深刻，是一部完成度较高、值得推荐的作品。
840,primary,zh-CN,独占我的英雄,《独占我的英雄》改编自同名漫画。不良少年势多川正广与教师康介的恋爱故事。作品以BL恋爱、日常与温馨为特色，势多川与康介的感情发展细腻动人，动画的氛围温暖，是BL动画中的佳作。角色间的互动刻画得细腻自然，那些欲言又止的心意、别扭又真诚的靠近都真实而动人，情感线与日常情节交织，让观众在会心一笑与怦然心动之间反复横跳，是一部让人回味无穷的恋爱物语。整体而言，该作在题材表达与情感渲染上均有可取之处，剧情张弛有度，角色令人印象深刻，是一部完成度较高、值得推荐的作品。
841,primary,zh-CN,人马小姐不迷茫,《人马小姐不迷茫》改编自同名漫画。在人马等亚人共存的世界，少女君原姬乃的日常。作品以日常、群像与幻想为特色，动画探讨种族与社会的话题，姬乃与伙伴们的互动充满趣味，是一部有深度的日常作品。作品没有强烈的戏剧冲突，却以细腻的笔触捕捉日常中的微小幸福，角色的喜怒哀乐真实可感，在平实的叙述中悄然传递着生活的温度，适合在忙碌之余放松心情慢慢欣赏。整体而言，该作在题材表达与情感渲染上均有可取之处，剧情张弛有度，角色令人印象深刻，是一部完成度较高、值得推荐的作品。
842,primary,zh-CN,带着智能手机闯荡异世界。,《带着智能手机闯荡异世界。》改编自同名轻小说。少年望月冬夜在死后获得智能手机，转生到异世界。作品以异世界、后宫与轻松冒险为特色，冬夜的强大与后宫生活充满看点，动画的氛围轻松，是一部标准的异世界作品。画风清新、节奏舒缓，人物之间的相处自然而温暖，那些平凡琐碎的片段在动画的演绎下变得闪闪发光，传递出一种治愈人心的宁静力量，是治愈系爱好者不容错过的作品。整体而言，该作在题材表达与情感渲染上均有可取之处，剧情张弛有度，角色令人印象深刻，是一部完成度较高、值得推荐的作品。
843,primary,zh-CN,狐妖小红娘 日语版,《狐妖小红娘 日语版》是《狐妖小红娘》的日语配音版，讲述人与妖的转世情缘。涂山狐妖们帮助人与妖的恋人转世续缘，作品以恋爱、奇幻与单元剧为特色，动画的单元故事感人至深，是国漫的经典之作。角色间的互动刻画得细腻自然，那些欲言又止的心意、别扭又真诚的靠近都真实而动人，情感线与日常情节交织，让观众在会心一笑与怦然心动之间反复横跳，是一部让人回味无穷的恋爱物语。整体而言，该作在题材表达与情感渲染上均有可取之处，剧情张弛有度，角色令人印象深刻，是一部完成度较高、值得推荐的作品。
844,primary,zh-CN,野良和皇女和流浪猫之心,《野良和皇女和流浪猫之心》改编自同名游戏。少年野良与魔女皇女的搞笑日常。作品以搞笑、日常与魔女为特色，动画画风可爱、篇幅短小，在轻松的日常中展现皇女与少年的互动，是一部轻松解压的泡面番。作品没有强烈的戏剧冲突，却以细腻的笔触捕捉日常中的微小幸福，角色的喜怒哀乐真实可感，在平实的叙述中悄然传递着生活的温度，适合在忙碌之余放松心情慢慢欣赏。整体而言，该作在题材表达与情感渲染上均有可取之处，剧情张弛有度，角色令人印象深刻，是一部完成度较高、值得推荐的作品。
845,primary,zh-CN,电影 光之美少女 Dream Stars!,《电影 光之美少女 Dream Stars!》是光之美少女系列的剧场版，全系列的少女们集结。本作少女们跨越作品展开合作，作品以魔法少女、战斗与群像为特色，动画的变装与战斗场面华丽，角色们的羁绊温暖感人，是少女向魔法少女动画的剧场版。动作设计与演出张力俱佳，随着剧情推进，主角面对的敌人越来越强，战斗方式与自身局限的突破层层升级，配乐与画面配合出色，将热血少年向作品应有的爽快感与成长感都演绎得十分到位。
846,primary,zh-CN,你的名字。,《你的名字。》是新海诚的剧场版动画。少年立花泷与少女宫水三叶在梦中交换身体，展开一段跨越时空的物语。作品以恋爱、奇幻与命运为主题，动画的画面美到极致，两人寻找彼此的旅程充满感动，是现象级的动画电影。角色间的互动刻画得细腻自然，那些欲言又止的心意、别扭又真诚的靠近都真实而动人，情感线与日常情节交织，让观众在会心一笑与怦然心动之间反复横跳，是一部让人回味无穷的恋爱物语。整体而言，该作在题材表达与情感渲染上均有可取之处，剧情张弛有度，角色令人印象深刻，是一部完成度较高、值得推荐的作品。
847,primary,zh-CN,黑执事 豪华客船篇,《黑执事 豪华客船篇》是《黑执事》剧场版，夏尔与塞巴斯蒂安在豪华客船上的冒险。本作围绕客船上的诡异事件展开，作品以奇幻、悬疑与黑暗为特色，动画的氛围优雅黑暗，塞巴斯蒂安的战斗场面华丽，是黑执事系列的重要作品。动画的节奏把控张弛有度，战斗场面的分镜与作画都相当扎实，主角在与强敌的较量中不断突破自我，和同伴之间建立的信任与羁绊也为剧情增添了温度，热血与感动并存，值得一看。整体而言，该作在题材表达与情感渲染上均有可取之处，剧情张弛有度，角色令人印象深刻，是一部完成度较高、值得推荐的作品。
848,primary,zh-CN,舰队Collection 剧场版,《舰队Collection 剧场版》是《舰队Collection》的剧场版，舰娘们的战斗与日常。本作围绕新的海域与敌人的威胁展开，作品以舰娘、战斗与群像为特色，动画的画风可爱，舰娘们的羁绊贯穿始终，是舰娘系列的剧场版。动作设计与演出张力俱佳，随着剧情推进，主角面对的敌人越来越强，战斗方式与自身局限的突破层层升级，配乐与画面配合出色，将热血少年向作品应有的爽快感与成长感都演绎得十分到位。整体而言，该作在题材表达与情感渲染上均有可取之处，剧情张弛有度，角色令人印象深刻，是一部完成度较高、值得推荐的作品。
849,primary,zh-CN,午睡公主～我不为人知的故事～,《午睡公主～我不为人知的故事～》是剧场版动画，讲述少女森川心羽在梦中的冒险。心羽在午睡中进入梦境世界，与现实世界的阴谋交织，作品以科幻、冒险与家庭为特色，动画的画面精美，心羽的成长与家庭的羁绊令人动容，是一部温馨的作品。作品没有强烈的戏剧冲突，却以细腻的笔触捕捉日常中的微小幸福，角色的喜怒哀乐真实可感，在平实的叙述中悄然传递着生活的温度，适合在忙碌之余放松心情慢慢欣赏。整体而言，该作在题材表达与情感渲染上均有可取之处，剧情张弛有度，角色令人印象深刻，是一部完成度较高、值得推荐的作品。
850,primary,zh-CN,刀剑神域 序列之争,《刀剑神域 序列之争》是《刀剑神域》剧场版，桐人一行人在AR游戏序列之争中的冒险。本作围绕新的游戏与神秘事件展开，作品以科幻、战斗与羁绊为特色，动画的战斗场面华丽，桐人与亚丝娜的互动充满感动，是SAO系列的剧场版。动画的节奏把控张弛有度，战斗场面的分镜与作画都相当扎实，主角在与强敌的较量中不断突破自我，和同伴之间建立的信任与羁绊也为剧情增添了温度，热血与感动并存，值得一看。整体而言，该作在题材表达与情感渲染上均有可取之处，剧情张弛有度，角色令人印象深刻，是一部完成度较高、值得推荐的作品。
851,primary,zh-CN,剧场版 黑子的篮球 终极一战,《剧场版 黑子的篮球 终极一战》是《黑子的篮球》剧场版，诚凛与世界的强队对决。本作围绕黑子与火神的终极一战展开，作品以篮球、热血与竞技为特色，动画的比赛场面华丽，角色们的巅峰对决充满看点，是黑子的篮球系列的剧场版。动作设计与演出张力俱佳，随着剧情推进，主角面对的敌人越来越强，战斗方式与自身局限的突破层层升级，配乐与画面配合出色，将热血少年向作品应有的爽快感与成长感都演绎得十分到位。整体而言，该作在题材表达与情感渲染上均有可取之处，剧情张弛有度，角色令人印象深刻，是一部完成度较高、值得推荐的作品。
852,primary,zh-CN,数码宝贝大冒险 tri. 第五章「共生」,《数码宝贝大冒险 tri. 第五章「共生」》是数码宝贝tri系列的第五章，被选召的孩子们与数码宝贝的冒险继续。本作围绕共生与新的危机展开，少年们的成长与数码宝贝的羁绊充满看点，作品以冒险、友情与成长为主题，是数码宝贝系列的剧场版。世界观设定丰富而自成体系，随着冒险推进，更多奇妙的种族、地点与力量体系逐一展开，角色们在旅途中收获成长与羁绊，画面与配乐共同营造出充满想象力的奇幻氛围，令人沉浸其中。整体而言，该作在题材表达与情感渲染上均有可取之处，剧情张弛有度，角色令人印象深刻，是一部完成度较高、值得推荐的作品。
853,primary,zh-CN,猫咪带来的圆圆的幸福,《猫咪带来的圆圆的幸福》是短篇动画，讲述猫咪与少女的日常。少女与猫咪的互动充满治愈气息，作品以萌宠、日常与治愈为特色，动画画风软萌、氛围轻松，是一部让人心情愉悦的治愈作品。作品没有强烈的戏剧冲突，却以细腻的笔触捕捉日常中的微小幸福，角色的喜怒哀乐真实可感，在平实的叙述中悄然传递着生活的温度，适合在忙碌之余放松心情慢慢欣赏。整体而言，该作在题材表达与情感渲染上均有可取之处，剧情张弛有度，角色令人印象深刻，是一部完成度较高、值得推荐的作品。
854,primary,zh-CN,怪物弹珠 第二季,《怪物弹珠 第二季》延续第一季，焰莲与伙伴们的弹珠战斗继续。本作新的冒险与敌人登场，作品以冒险、战斗与热血为特色，动画的战斗场面华丽，角色们的成长与羁绊贯穿始终，是游戏改编动画的作品。动作设计与演出张力俱佳，随着剧情推进，主角面对的敌人越来越强，战斗方式与自身局限的突破层层升级，配乐与画面配合出色，将热血少年向作品应有的爽快感与成长感都演绎得十分到位。整体而言，该作在题材表达与情感渲染上均有可取之处，剧情张弛有度，角色令人印象深刻，是一部完成度较高、值得推荐的作品。
855,primary,zh-CN,恶魔城 第一季,《恶魔城 第一季》改编自同名游戏，讲述吸血鬼猎人特雷弗与德古拉的战斗。本作围绕贝尔蒙特家族的使命展开，作品以黑暗奇幻、战斗与悬疑为特色，动画的氛围黑暗，战斗场面血腥华丽，是游戏改编动画的佳作。动作设计与演出张力俱佳，随着剧情推进，主角面对的敌人越来越强，战斗方式与自身局限的突破层层升级，配乐与画面配合出色，将热血少年向作品应有的爽快感与成长感都演绎得十分到位。整体而言，该作在题材表达与情感渲染上均有可取之处，剧情张弛有度，角色令人印象深刻，是一部完成度较高、值得推荐的作品。
856,primary,zh-CN,结城友奈是勇者 -鹫尾须美之章- 第3章 约定,《结城友奈是勇者 -鹫尾须美之章- 第3章 约定》是《结城友奈是勇者》的前传剧场版，鹫尾须美与伙伴们的物语迎来结局。本作描绘勇者们的最终抉择与约定，作品以战斗、悲剧与治愈为特色，动画的氛围沉重，少女们的命运令人动容，是结城友奈系列的剧场版。动画的节奏把控张弛有度，战斗场面的分镜与作画都相当扎实，主角在与强敌的较量中不断突破自我，和同伴之间建立的信任与羁绊也为剧情增添了温度，热血与感动并存，值得一看。
857,primary,zh-CN,アイマリンプロジェクト Deep Blue Song,《アイマリンプロジェクト Deep Blue Song》是短篇动画，讲述虚拟歌手的物语。围绕虚拟偶像的歌曲展开，作品以音乐、偶像与科幻为特色，动画画风精美、氛围独特，在音乐中展现虚拟歌手的魅力，是一部风格新颖的作品。画风清新、节奏舒缓，人物之间的相处自然而温暖，那些平凡琐碎的片段在动画的演绎下变得闪闪发光，传递出一种治愈人心的宁静力量，是治愈系爱好者不容错过的作品。整体而言，该作在题材表达与情感渲染上均有可取之处，剧情张弛有度，角色令人印象深刻，是一部完成度较高、值得推荐的作品。
858,primary,zh-CN,DAYS OAD,《DAYS OAD》是《DAYS》的OVA，足球少年们的番外故事。本作以轻松的日常为主，作品以足球、热血与青春为特色，动画的氛围欢乐，尽司与伙伴们的互动充满趣味，是DAYS系列的番外作品。动作设计与演出张力俱佳，随着剧情推进，主角面对的敌人越来越强，战斗方式与自身局限的突破层层升级，配乐与画面配合出色，将热血少年向作品应有的爽快感与成长感都演绎得十分到位。整体而言，该作在题材表达与情感渲染上均有可取之处，剧情张弛有度，角色令人印象深刻，是一部完成度较高、值得推荐的作品。
859,primary,zh-CN,反照者,《反照者》是短篇动画，讲述拥有能力的少年少女们的战斗。少年们在反照的能力中展开冒险，作品以战斗、科幻与群像为特色，动画的画风独特、战斗场面华丽，角色们的羁绊贯穿始终，是一部风格新颖的作品。动画的节奏把控张弛有度，战斗场面的分镜与作画都相当扎实，主角在与强敌的较量中不断突破自我，和同伴之间建立的信任与羁绊也为剧情增添了温度，热血与感动并存，值得一看。整体而言，该作在题材表达与情感渲染上均有可取之处，剧情张弛有度，角色令人印象深刻，是一部完成度较高、值得推荐的作品。
860,primary,zh-CN,漫威未来复仇者,《漫威未来复仇者》是漫威的动画，讲述少年们组成未来复仇者的战斗。本作围绕年轻英雄们的成长展开，作品以英雄、战斗与群像为特色，动画的战斗场面华丽，角色们的成长与羁绊贯穿始终，是漫威的动画作品。动作设计与演出张力俱佳，随着剧情推进，主角面对的敌人越来越强，战斗方式与自身局限的突破层层升级，配乐与画面配合出色，将热血少年向作品应有的爽快感与成长感都演绎得十分到位。整体而言，该作在题材表达与情感渲染上均有可取之处，剧情张弛有度，角色令人印象深刻，是一部完成度较高、值得推荐的作品。
861,primary,zh-CN,拳皇命运,《拳皇命运》改编自同名游戏，讲述格斗家们的战斗。KOF的格斗家们在世界大赛中展开对决，作品以格斗、热血与群像为特色，动画的战斗场面华丽，格斗家们的恩怨与羁绊贯穿始终，是游戏改编动画的作品。动作设计与演出张力俱佳，随着剧情推进，主角面对的敌人越来越强，战斗方式与自身局限的突破层层升级，配乐与画面配合出色，将热血少年向作品应有的爽快感与成长感都演绎得十分到位。整体而言，该作在题材表达与情感渲染上均有可取之处，剧情张弛有度，角色令人印象深刻，是一部完成度较高、值得推荐的作品。
862,primary,zh-CN,终物语（下）,《终物语（下）》是物语系列动画，阿良良木历的故事迎来结局。本作围绕历与忍野扇的最终对决展开，系列的谜团彻底揭晓，作品以独特的对白风格、极致的画面表现与深刻的主题著称，历的抉择充满深度，是物语系列的重要篇章。作品在整体完成度上表现出色，叙事流畅、角色立体，主题的表达清晰而有深度，既有轻松愉悦的观赏性，也留有值得回味的余韵，是一部质量扎实、诚意满满的作品。整体而言，该作在题材表达与情感渲染上均有可取之处，剧情张弛有度，角色令人印象深刻，是一部完成度较高、值得推荐的作品。
863,primary,zh-CN,无畏魔女 彼得堡大战略,《无畏魔女 彼得堡大战略》是《无畏魔女》的OVA，第502部队的战斗番外。本作以轻松的番外故事为主，作品以战斗、百合与日常为特色，动画的氛围欢乐，少女们的互动充满萌点，是强袭魔女系列的番外作品。动作设计与演出张力俱佳，随着剧情推进，主角面对的敌人越来越强，战斗方式与自身局限的突破层层升级，配乐与画面配合出色，将热血少年向作品应有的爽快感与成长感都演绎得十分到位。整体而言，该作在题材表达与情感渲染上均有可取之处，剧情张弛有度，角色令人印象深刻，是一部完成度较高、值得推荐的作品。
864,primary,zh-CN,魔卡少女樱 透明牌篇 序幕 小樱与两人的小熊,《魔卡少女樱 透明牌篇 序幕 小樱与两人的小熊》是《魔卡少女樱》的特别篇，小樱在透明牌篇之前的序幕故事。本作以温馨的日常为主，作品以魔法、日常与治愈为特色，动画画风精美、氛围温暖，小樱的可爱与魔法令人动容，是魔卡少女樱系列的前奏作品。作品没有强烈的戏剧冲突，却以细腻的笔触捕捉日常中的微小幸福，角色的喜怒哀乐真实可感，在平实的叙述中悄然传递着生活的温度，适合在忙碌之余放松心情慢慢欣赏。整体而言，该作在题材表达与情感渲染上均有可取之处，剧情张弛有度，角色令人印象深刻，是一部完成度较高、值得推荐的作品。
865,primary,zh-CN,悠久持有者！OAD,《悠久持有者！OAD》是《悠久持有者！》的OVA，刀太与伙伴们的番外故事。本作以轻松的日常为主，作品以战斗、奇幻与群像为特色，动画的氛围欢乐，刀太与伙伴们的互动充满趣味，是悠久持有者系列的番外作品。动画的节奏把控张弛有度，战斗场面的分镜与作画都相当扎实，主角在与强敌的较量中不断突破自我，和同伴之间建立的信任与羁绊也为剧情增添了温度，热血与感动并存，值得一看。整体而言，该作在题材表达与情感渲染上均有可取之处，剧情张弛有度，角色令人印象深刻，是一部完成度较高、值得推荐的作品。
866,primary,zh-CN,偶像大师 SideM,《偶像大师 SideM》是偶像大师系列的动画，讲述男性偶像们的物语。本作以315事务所的偶像们为主角，作品以偶像、音乐与群像为特色，歌曲与舞台演出华丽，角色们各具魅力，动画的氛围励志温暖，是偶像大师系列的男性向作品。角色的个性塑造鲜明，舞台上的自信与生活中的可爱形成反差，团队协作与个人成长双线并进，歌舞编排赏心悦目，让观众既能享受视听盛宴，也能为少女们的梦想与坚持而感动。整体而言，该作在题材表达与情感渲染上均有可取之处，剧情张弛有度，角色令人印象深刻，是一部完成度较高、值得推荐的作品。
867,primary,zh-CN,如果有妹妹就好了。,《如果有妹妹就好了。》改编自同名轻小说。轻小说作家可儿那由多与妹妹控的日常充满搞笑。作品以轻小说业界、吐槽与日常为特色，那由多与伙伴们的互动充满笑料，动画的氛围轻松，对业界的描写真实有趣，是一部欢乐的作品。作品没有强烈的戏剧冲突，却以细腻的笔触捕捉日常中的微小幸福，角色的喜怒哀乐真实可感，在平实的叙述中悄然传递着生活的温度，适合在忙碌之余放松心情慢慢欣赏。整体而言，该作在题材表达与情感渲染上均有可取之处，剧情张弛有度，角色令人印象深刻，是一部完成度较高、值得推荐的作品。
868,primary,zh-CN,Just Because!,《Just Because!》是原创动画，讲述高三学生们的青春与恋爱。在即将毕业的冬天，转学生泉瑛太与昔日同学的再会，作品以恋爱、青春与群像为特色，动画的氛围平静细腻，角色们的情感真实动人，是一部充满真实感的恋爱作品。角色间的互动刻画得细腻自然，那些欲言又止的心意、别扭又真诚的靠近都真实而动人，情感线与日常情节交织，让观众在会心一笑与怦然心动之间反复横跳，是一部让人回味无穷的恋爱物语。整体而言，该作在题材表达与情感渲染上均有可取之处，剧情张弛有度，角色令人印象深刻，是一部完成度较高、值得推荐的作品。
869,primary,zh-CN,此花绮谭,《此花绮谭》改编自同名漫画。在人与神鬼共存的温泉旅馆此花亭，少女柚的物语。作品以日常、治愈与群像为特色，此花亭的少女们与客人的互动充满温馨，动画的画风精美、氛围宁静，是一部治愈系的奇幻日常作品。画风清新、节奏舒缓，人物之间的相处自然而温暖，那些平凡琐碎的片段在动画的演绎下变得闪闪发光，传递出一种治愈人心的宁静力量，是治愈系爱好者不容错过的作品。整体而言，该作在题材表达与情感渲染上均有可取之处，剧情张弛有度，角色令人印象深刻，是一部完成度较高、值得推荐的作品。
870,primary,zh-CN,网络胜利组,《网络胜利组》改编自同名漫画。30岁的剩女盛冈森子在网络游戏中体验恋爱。作品以网络游戏、恋爱与日常为特色，森子在网上与游戏中的互动充满趣味，动画的氛围轻松，是一部让人会心一笑的日常作品。角色间的互动刻画得细腻自然，那些欲言又止的心意、别扭又真诚的靠近都真实而动人，情感线与日常情节交织，让观众在会心一笑与怦然心动之间反复横跳，是一部让人回味无穷的恋爱物语。整体而言，该作在题材表达与情感渲染上均有可取之处，剧情张弛有度，角色令人印象深刻，是一部完成度较高、值得推荐的作品。
871,primary,zh-CN,关于我女友是个一本正经的碧池这件事,《关于我女友是个一本正经的碧池这件事》是短篇成人向动画，讲述高中生与女友的恋爱日常。作品以恋爱、成年向与搞笑为特色，动画的氛围轻松暧昧，两人的互动充满张力，是一部面向成人的恋爱作品。角色间的互动刻画得细腻自然，那些欲言又止的心意、别扭又真诚的靠近都真实而动人，情感线与日常情节交织，让观众在会心一笑与怦然心动之间反复横跳，是一部让人回味无穷的恋爱物语。整体而言，该作在题材表达与情感渲染上均有可取之处，剧情张弛有度，角色令人印象深刻，是一部完成度较高、值得推荐的作品。
872,primary,zh-CN,悠久持有者！,《悠久持有者！》改编自同名漫画。少年刀太在近未来世界中与伙伴们展开冒险。作品以战斗、奇幻与热血为特色，刀太的成长与伙伴们的羁绊贯穿始终，动画的战斗场面华丽，是一部标准的奇幻战斗作品。动作设计与演出张力俱佳，随着剧情推进，主角面对的敌人越来越强，战斗方式与自身局限的突破层层升级，配乐与画面配合出色，将热血少年向作品应有的爽快感与成长感都演绎得十分到位。整体而言，该作在题材表达与情感渲染上均有可取之处，剧情张弛有度，角色令人印象深刻，是一部完成度较高、值得推荐的作品。
873,primary,zh-CN,战刻夜想曲,《战刻夜想曲》改编自同名游戏。少女与战国武将们的恋爱物语。少女在战乱的世界中与武将们相遇，作品以恋爱、战国与群像为特色，动画的画风华丽，角色们的互动充满浪漫，是乙女向动画的作品。角色间的互动刻画得细腻自然，那些欲言又止的心意、别扭又真诚的靠近都真实而动人，情感线与日常情节交织，让观众在会心一笑与怦然心动之间反复横跳，是一部让人回味无穷的恋爱物语。整体而言，该作在题材表达与情感渲染上均有可取之处，剧情张弛有度，角色令人印象深刻，是一部完成度较高、值得推荐的作品。
874,primary,zh-CN,品酒要在成为夫妻后,《品酒要在成为夫妻后》改编自同名漫画。新婚夫妇在晚餐时小酌的甜蜜日常。丈夫擅长调酒，妻子则不胜酒力，作品以美食、日常与恋爱为特色，动画的氛围温馨，两人的互动甜度十足，是一部轻松治愈的作品。角色间的互动刻画得细腻自然，那些欲言又止的心意、别扭又真诚的靠近都真实而动人，情感线与日常情节交织，让观众在会心一笑与怦然心动之间反复横跳，是一部让人回味无穷的恋爱物语。整体而言，该作在题材表达与情感渲染上均有可取之处，剧情张弛有度，角色令人印象深刻，是一部完成度较高、值得推荐的作品。
875,primary,zh-CN,偶像大师 灰姑娘女孩剧场 第二季,《偶像大师 灰姑娘女孩剧场 第二季》延续系列，灰姑娘女孩偶像们的Q版日常继续。作品以偶像、搞笑与日常为特色，动画画风可爱、篇幅短小，在轻松的日常中展现偶像们的互动，是灰姑娘女孩系列的番外作品。画风清新、节奏舒缓，人物之间的相处自然而温暖，那些平凡琐碎的片段在动画的演绎下变得闪闪发光，传递出一种治愈人心的宁静力量，是治愈系爱好者不容错过的作品。整体而言，该作在题材表达与情感渲染上均有可取之处，剧情张弛有度，角色令人印象深刻，是一部完成度较高、值得推荐的作品。
876,primary,zh-CN,十二大战,《十二大战》改编自同名小说。十二位战士以十二地支之名展开生死之战。作品以战斗、群像与黑暗为特色，每位战士的背景故事交织，动画的氛围沉重，角色们的命运充满冲击力，是一部风格冷峻的作品。动作设计与演出张力俱佳，随着剧情推进，主角面对的敌人越来越强，战斗方式与自身局限的突破层层升级，配乐与画面配合出色，将热血少年向作品应有的爽快感与成长感都演绎得十分到位。整体而言，该作在题材表达与情感渲染上均有可取之处，剧情张弛有度，角色令人印象深刻，是一部完成度较高、值得推荐的作品。
877,primary,zh-CN,少女终末旅行,《少女终末旅行》改编自同名漫画。在文明崩坏的末世，少女千户与尤莉驾驶履带车展开旅程。作品以末世、日常与哲学为主题，少女们在废墟中的旅行充满孤独与温暖，动画的画风简洁、氛围宁静，是一部引人深思的杰作。作品没有强烈的戏剧冲突，却以细腻的笔触捕捉日常中的微小幸福，角色的喜怒哀乐真实可感，在平实的叙述中悄然传递着生活的温度，适合在忙碌之余放松心情慢慢欣赏。整体而言，该作在题材表达与情感渲染上均有可取之处，剧情张弛有度，角色令人印象深刻，是一部完成度较高、值得推荐的作品。
878,primary,zh-CN,相亲对象是强硬的问题学生,《相亲对象是强硬的问题学生》是短篇成人向动画，讲述少女与问题学生的恋爱。作品以恋爱、成年向与日常为特色，动画的氛围暧昧，两人的互动充满张力，是一部面向成人的恋爱作品。作品在甜蜜之余也保留了青春特有的青涩与迷茫，主角在感情中的成长与抉择贯穿始终，配乐温润、画面明丽，将恋爱中的忐忑、欢喜与遗憾都拿捏得恰到好处，适合慢慢品味。整体而言，该作在题材表达与情感渲染上均有可取之处，剧情张弛有度，角色令人印象深刻，是一部完成度较高、值得推荐的作品。
879,primary,zh-CN,LoveLive! Sunshine!! 第二季,《LoveLive! Sunshine!! 第二季》延续第一季，浦之星女学院的偶像活动继续。本季千歌与伙伴们在偶像道路上迎接新的挑战，作品以音乐、追梦与群像为特色，歌曲动人、舞台演出华丽，少女们的友情与梦想令人动容，是偶像动画的经典系列。角色的个性塑造鲜明，舞台上的自信与生活中的可爱形成反差，团队协作与个人成长双线并进，歌舞编排赏心悦目，让观众既能享受视听盛宴，也能为少女们的梦想与坚持而感动。整体而言，该作在题材表达与情感渲染上均有可取之处，剧情张弛有度，角色令人印象深刻，是一部完成度较高、值得推荐的作品。
880,primary,zh-CN,奇诺之旅,《奇诺之旅》改编自时雨泽惠一的小说。旅行者奇诺与会说话的摩托艾鲁梅斯在世界各地旅行。作品以旅行、单元剧与哲思为特色，奇诺在每个国家的见闻充满寓意，动画的氛围冷静，是一部充满思辨的旅行作品。作品在整体完成度上表现出色，叙事流畅、角色立体，主题的表达清晰而有深度，既有轻松愉悦的观赏性，也留有值得回味的余韵，是一部质量扎实、诚意满满的作品。整体而言，该作在题材表达与情感渲染上均有可取之处，剧情张弛有度，角色令人印象深刻，是一部完成度较高、值得推荐的作品。
881,primary,zh-CN,牙狼 VANISHING LINE,《牙狼 VANISHING LINE》是牙狼系列动画，魔戒骑士与魔物霍拉的战斗继续。本作围绕新的魔戒骑士的成长展开，作品以和风奇幻、华丽的战斗为特色，动画的战斗场面震撼，魔戒骑士的信念令人动容，是牙狼系列的作品。动作设计与演出张力俱佳，随着剧情推进，主角面对的敌人越来越强，战斗方式与自身局限的突破层层升级，配乐与画面配合出色，将热血少年向作品应有的爽快感与成长感都演绎得十分到位。整体而言，该作在题材表达与情感渲染上均有可取之处，剧情张弛有度，角色令人印象深刻，是一部完成度较高、值得推荐的作品。
882,primary,zh-CN,宝石之国,《宝石之国》改编自同名漫画。在人类灭亡后的世界，宝石人们与月人战斗。磷叶石在战斗中逐渐成长，作品以科幻、战斗与哲学为主题，动画的3DCG画面精美，磷叶石的成长与宝石们的命运充满震撼，是近年来的杰作。动作设计与演出张力俱佳，随着剧情推进，主角面对的敌人越来越强，战斗方式与自身局限的突破层层升级，配乐与画面配合出色，将热血少年向作品应有的爽快感与成长感都演绎得十分到位。整体而言，该作在题材表达与情感渲染上均有可取之处，剧情张弛有度，角色令人印象深刻，是一部完成度较高、值得推荐的作品。
883,primary,zh-CN,魔法使的新娘,《魔法使的新娘》改编自同名漫画。被家人抛弃的少女羽鸟智世，被魔法使艾利亚斯买下成为新娘。作品以奇幻、治愈与魔法为特色，智世在魔法世界的成长与艾利亚斯的羁绊贯穿始终，动画的画面精美、氛围梦幻，是一部充满诗意的作品。作品没有强烈的戏剧冲突，却以细腻的笔触捕捉日常中的微小幸福，角色的喜怒哀乐真实可感，在平实的叙述中悄然传递着生活的温度，适合在忙碌之余放松心情慢慢欣赏。整体而言，该作在题材表达与情感渲染上均有可取之处，剧情张弛有度，角色令人印象深刻，是一部完成度较高、值得推荐的作品。
884,primary,zh-CN,鬼灯的冷彻 第二季,《鬼灯的冷彻 第二季》延续第一季，地狱的日常继续。鬼灯在地狱中处理各种事务，与阎魔大王及狱卒们的互动充满笑料，作品以搞笑、日常与黑色幽默为特色，动画对地狱的设定充满创意，是一部独特的搞笑作品。画风清新、节奏舒缓，人物之间的相处自然而温暖，那些平凡琐碎的片段在动画的演绎下变得闪闪发光，传递出一种治愈人心的宁静力量，是治愈系爱好者不容错过的作品。整体而言，该作在题材表达与情感渲染上均有可取之处，剧情张弛有度，角色令人印象深刻，是一部完成度较高、值得推荐的作品。
885,primary,zh-CN,泥鲸之子们在沙地上歌唱,《泥鲸之子们在沙地上歌唱》改编自同名漫画。在漂浮的沙岛上，拥有情感但寿命短暂的居民们。作品以奇幻、群像与悲壮为主题，泥鲸之子们的命运与情感交织，动画的氛围沉重，是一部充满诗意的作品。世界观设定丰富而自成体系，随着冒险推进，更多奇妙的种族、地点与力量体系逐一展开，角色们在旅途中收获成长与羁绊，画面与配乐共同营造出充满想象力的奇幻氛围，令人沉浸其中。整体而言，该作在题材表达与情感渲染上均有可取之处，剧情张弛有度，角色令人印象深刻，是一部完成度较高、值得推荐的作品。
886,primary,zh-CN,调教咖啡厅,《调教咖啡厅》改编自同名漫画。咖啡厅店员苺香拥有抖S的性格，在咖啡厅扮演抖S角色。作品以日常、搞笑与群像为特色，咖啡厅店员们的互动充满笑料，动画的氛围轻松，是一部让人捧腹的日常喜剧。作品没有强烈的戏剧冲突，却以细腻的笔触捕捉日常中的微小幸福，角色的喜怒哀乐真实可感，在平实的叙述中悄然传递着生活的温度，适合在忙碌之余放松心情慢慢欣赏。整体而言，该作在题材表达与情感渲染上均有可取之处，剧情张弛有度，角色令人印象深刻，是一部完成度较高、值得推荐的作品。
887,primary,zh-CN,干物妹！小埋R,《干物妹！小埋R》是《干物妹！小埋》第二季，小埋的干物妹日常继续。本季小埋与哥哥大平的同居生活更加丰富，作品以日常、搞笑与兄妹情为特色，小埋的咸鱼姿态充满笑料，动画画风可爱、氛围轻松，是一部治愈系的搞笑作品。画风清新、节奏舒缓，人物之间的相处自然而温暖，那些平凡琐碎的片段在动画的演绎下变得闪闪发光，传递出一种治愈人心的宁静力量，是治愈系爱好者不容错过的作品。整体而言，该作在题材表达与情感渲染上均有可取之处，剧情张弛有度，角色令人印象深刻，是一部完成度较高、值得推荐的作品。
888,primary,zh-CN,Infini-T Force,《Infini-T Force》是3DCG动画，讲述超级英雄们与谜之少女的战斗。历代英雄集结对抗新的威胁，作品以英雄、战斗与群像为特色，动画的3DCG画面华丽，英雄们的羁绊贯穿始终，是一部充满魄力的作品。动作设计与演出张力俱佳，随着剧情推进，主角面对的敌人越来越强，战斗方式与自身局限的突破层层升级，配乐与画面配合出色，将热血少年向作品应有的爽快感与成长感都演绎得十分到位。整体而言，该作在题材表达与情感渲染上均有可取之处，剧情张弛有度，角色令人印象深刻，是一部完成度较高、值得推荐的作品。
889,primary,zh-CN,血界战线 & BEYOND,《血界战线 & BEYOND》延续第一季，莱昂纳多在赫尔莎雷姆兹的冒险继续。本作围绕新的异界事件展开，作品以奇幻、战斗与群像为特色，动画的战斗场面华丽，角色们的互动充满魅力，是血界战线系列的续作。动画的节奏把控张弛有度，战斗场面的分镜与作画都相当扎实，主角在与强敌的较量中不断突破自我，和同伴之间建立的信任与羁绊也为剧情增添了温度，热血与感动并存，值得一看。整体而言，该作在题材表达与情感渲染上均有可取之处，剧情张弛有度，角色令人印象深刻，是一部完成度较高、值得推荐的作品。
890,primary,zh-CN,3月的狮子 第二季,《3月的狮子 第二季》延续第一季，棋士桐山零的成长继续。本作围绕零的将棋人生与周围人的温暖展开，作品以将棋、治愈与人生为主题，动画的氛围沉静优美，零的内心世界刻画深刻，是一部充满人文关怀的杰作。画风清新、节奏舒缓，人物之间的相处自然而温暖，那些平凡琐碎的片段在动画的演绎下变得闪闪发光，传递出一种治愈人心的宁静力量，是治愈系爱好者不容错过的作品。整体而言，该作在题材表达与情感渲染上均有可取之处，剧情张弛有度，角色令人印象深刻，是一部完成度较高、值得推荐的作品。
891,primary,zh-CN,动画同好会,《动画同好会》是原创动画，讲述动画研究社少女们的日常。少女们在动画鉴赏中展开吐槽与讨论，作品以动画、日常与吐槽为特色，动画的氛围轻松，对动画宅的描写真实有趣，是一部让动画迷会心一笑的作品。作品没有强烈的戏剧冲突，却以细腻的笔触捕捉日常中的微小幸福，角色的喜怒哀乐真实可感，在平实的叙述中悄然传递着生活的温度，适合在忙碌之余放松心情慢慢欣赏。整体而言，该作在题材表达与情感渲染上均有可取之处，剧情张弛有度，角色令人印象深刻，是一部完成度较高、值得推荐的作品。
892,primary,zh-CN,阿松 第二季,《阿松 第二季》延续第一季，松野家六胞胎的搞笑日常继续。本作六胞胎在废柴生活中继续闹出各种笑话，作品以恶搞、吐槽与社会讽刺为特色，动画的演出大胆奔放，是现象级的搞笑动画。作品没有强烈的戏剧冲突，却以细腻的笔触捕捉日常中的微小幸福，角色的喜怒哀乐真实可感，在平实的叙述中悄然传递着生活的温度，适合在忙碌之余放松心情慢慢欣赏。整体而言，该作在题材表达与情感渲染上均有可取之处，剧情张弛有度，角色令人印象深刻，是一部完成度较高、值得推荐的作品。
893,primary,zh-CN,克拉斯卡劳埃德 第二季,《克拉斯卡劳埃德 第二季》延续第一季，名画中的名人们的搞笑日常继续。本作名画人物们在现代社会闹出更多笑话，作品以搞笑、恶搞与艺术为特色，动画篇幅短小、笑点密集，是一部轻松解压的泡面番。画风清新、节奏舒缓，人物之间的相处自然而温暖，那些平凡琐碎的片段在动画的演绎下变得闪闪发光，传递出一种治愈人心的宁静力量，是治愈系爱好者不容错过的作品。整体而言，该作在题材表达与情感渲染上均有可取之处，剧情张弛有度，角色令人印象深刻，是一部完成度较高、值得推荐的作品。
894,primary,zh-CN,黑色五叶草,《黑色五叶草》改编自同名漫画。生来没有魔力的少年阿斯塔，与天才尤诺一同以魔法帝为目标。作品以魔法、热血与群像为特色，阿斯塔的不屈与成长充满看点，动画的战斗场面华丽，是一部王道热血作品。动作设计与演出张力俱佳，随着剧情推进，主角面对的敌人越来越强，战斗方式与自身局限的突破层层升级，配乐与画面配合出色，将热血少年向作品应有的爽快感与成长感都演绎得十分到位。整体而言，该作在题材表达与情感渲染上均有可取之处，剧情张弛有度，角色令人印象深刻，是一部完成度较高、值得推荐的作品。
895,primary,zh-CN,食戟之灵 餐之皿,《食戟之灵 餐之皿》是《食戟之灵》第三季，幸平创真的料理战斗继续。本季创真面对更加强大的对手与新的料理对决，作品以美食、热血与竞技为特色，动画对料理的描绘令人垂涎欲滴，比赛场面紧张刺激，是美食题材动画的经典。动画的节奏把控张弛有度，战斗场面的分镜与作画都相当扎实，主角在与强敌的较量中不断突破自我，和同伴之间建立的信任与羁绊也为剧情增添了温度，热血与感动并存，值得一看。整体而言，该作在题材表达与情感渲染上均有可取之处，剧情张弛有度，角色令人印象深刻，是一部完成度较高、值得推荐的作品。
896,primary,zh-CN,国王游戏,《国王游戏》改编自同名小说。在高中班级中，收到国王命令的学生们被迫执行残酷的命令。作品以恐怖、悬疑与生存为主题，动画的氛围压抑，角色们的命运充满冲击力，是一部让人毛骨悚然的生存恐怖作品。悬疑氛围铺垫扎实，人物之间暗流涌动的博弈与隐藏的秘密交织出复杂的叙事网络，叙事节奏收放自如，高潮部分的揭示震撼有力，看完之后依然值得反复回味其中的细节。整体而言，该作在题材表达与情感渲染上均有可取之处，剧情张弛有度，角色令人印象深刻，是一部完成度较高、值得推荐的作品。
897,primary,zh-CN,美妙天堂剧场版 大家一起闪耀！KIRARIN☆STARLIVE！,《美妙天堂剧场版 大家一起闪耀！KIRARIN☆STARLIVE！》是《美妙天堂》的剧场版，少女们的偶像冒险继续。本作啦啦与伙伴们在新的舞台上展开演出，作品以华丽的舞台演出、可爱的角色与音乐为特色，歌舞场面充满感染力，是少女向偶像动画的经典系列。角色的个性塑造鲜明，舞台上的自信与生活中的可爱形成反差，团队协作与个人成长双线并进，歌舞编排赏心悦目，让观众既能享受视听盛宴，也能为少女们的梦想与坚持而感动。
898,primary,zh-CN,混沌子 SILENT SKY,《混沌子 SILENT SKY》是《混沌子》的番外动画，讲述少女的物语。本作围绕主线之外的剧情展开，作品以悬疑、科幻与黑暗为主题，动画的氛围压抑，剧情的反转充满冲击力，是一部风格冷峻的悬疑作品。剧情层层递进、伏笔密布，随着线索的不断拼合，真相逐渐浮出水面，每一次反转都在意料之外又情理之中，细节经得起推敲，氛围营造到位，是喜欢烧脑故事的观众不可错过之作。整体而言，该作在题材表达与情感渲染上均有可取之处，剧情张弛有度，角色令人印象深刻，是一部完成度较高、值得推荐的作品。
899,primary,zh-CN,名侦探柯南 殷红的恋歌,《名侦探柯南 殷红的恋歌》是《名侦探柯南》剧场版，柯南与服部平次的恋爱事件。本作围绕百人一首的歌牌比赛与连环事件展开，作品以推理、悬疑与动作(为特色，动画的氛围紧张，平次与和叶的恋爱线充满看点，是柯南系列的剧场版。作品在甜蜜之余也保留了青春特有的青涩与迷茫，主角在感情中的成长与抉择贯穿始终，配乐温润、画面明丽，将恋爱中的忐忑、欢喜与遗憾都拿捏得恰到好处，适合慢慢品味。整体而言，该作在题材表达与情感渲染上均有可取之处，剧情张弛有度，角色令人印象深刻，是一部完成度较高、值得推荐的作品。
900,primary,zh-CN,春宵苦短，少女前进吧！,《春宵苦短，少女前进吧！》是森见登美彦小说的剧场版，讲述京都夜晚的奇妙物语。少女在春宵的夜晚展开奇妙的旅程，作品以奇幻、青春与群像为特色，动画的画面充满想象力，少女的冒险令人目不暇接，是一部风格独特的作品。世界观设定丰富而自成体系，随着冒险推进，更多奇妙的种族、地点与力量体系逐一展开，角色们在旅途中收获成长与羁绊，画面与配乐共同营造出充满想象力的奇幻氛围，令人沉浸其中。整体而言，该作在题材表达与情感渲染上均有可取之处，剧情张弛有度，角色令人印象深刻，是一部完成度较高、值得推荐的作品。
901,primary,zh-CN,宣告黎明的露之歌,《宣告黎明的露之歌》是剧场版动画，讲述少年与人类在渔村的物语。少年凯在渔村中与神秘少女露相遇，展开一段关于人鱼与人类的奇幻故事，作品以奇幻、治愈与音乐为主题，动画的画面精美，露的纯真与渔村的温情令人动容，是一部温馨的作品。作品没有强烈的戏剧冲突，却以细腻的笔触捕捉日常中的微小幸福，角色的喜怒哀乐真实可感，在平实的叙述中悄然传递着生活的温度，适合在忙碌之余放松心情慢慢欣赏。整体而言，该作在题材表达与情感渲染上均有可取之处，剧情张弛有度，角色令人印象深刻，是一部完成度较高、值得推荐的作品。
902,primary,zh-CN,虐杀器官,《虐杀器官》改编自伊藤计划的科幻小说。在战争频发的近未来，特种部队军官克拉维斯追查虐杀器官。作品以科幻、战争与哲学为主题，动画的氛围沉重，克拉维斯的旅程充满思辨，是一部硬核的科幻作品。动作设计与演出张力俱佳，随着剧情推进，主角面对的敌人越来越强，战斗方式与自身局限的突破层层升级，配乐与画面配合出色，将热血少年向作品应有的爽快感与成长感都演绎得十分到位。整体而言，该作在题材表达与情感渲染上均有可取之处，剧情张弛有度，角色令人印象深刻，是一部完成度较高、值得推荐的作品。
903,primary,zh-CN,剧场版 妖精的尾巴 龙泣,《剧场版 妖精的尾巴 龙泣》是《妖精的尾巴》剧场版，纳兹与伙伴们的冒险。本作围绕龙泣的真相与新的敌人展开，作品以热血战斗、伙伴羁绊与魔法世界为特色，动画的战斗场面华丽，纳兹与伙伴们的对决充满魄力，是妖精的尾巴系列的剧场版。动作设计与演出张力俱佳，随着剧情推进，主角面对的敌人越来越强，战斗方式与自身局限的突破层层升级，配乐与画面配合出色，将热血少年向作品应有的爽快感与成长感都演绎得十分到位。整体而言，该作在题材表达与情感渲染上均有可取之处，剧情张弛有度，角色令人印象深刻，是一部完成度较高、值得推荐的作品。
904,primary,zh-CN,剧场版 Free!-Timeless Medley- 约束,《剧场版 Free!-Timeless Medley- 约束》是《Free!》的剧场版，游泳少年们的物语。本作围绕遥与凛的羁绊展开，作品以游泳、青春与情感为主题，动画的水中作画优美，少年们的友谊与梦想令人动容，是Free!系列的剧场版。作品在整体完成度上表现出色，叙事流畅、角色立体，主题的表达清晰而有深度，既有轻松愉悦的观赏性，也留有值得回味的余韵，是一部质量扎实、诚意满满的作品。整体而言，该作在题材表达与情感渲染上均有可取之处，剧情张弛有度，角色令人印象深刻，是一部完成度较高、值得推荐的作品。
905,primary,zh-CN,妄想学生会＊ OVA,《妄想学生会＊ OVA》是《妄想学生会》的OVA，樱才学园学生会的搞笑日常继续。本作以轻松的番外故事为主，作品以搞笑、吐槽与黄段子为特色，动画的演出夸张、笑点密集，是学生会系列的番外作品。画风清新、节奏舒缓，人物之间的相处自然而温暖，那些平凡琐碎的片段在动画的演绎下变得闪闪发光，传递出一种治愈人心的宁静力量，是治愈系爱好者不容错过的作品。整体而言，该作在题材表达与情感渲染上均有可取之处，剧情张弛有度，角色令人印象深刻，是一部完成度较高、值得推荐的作品。
906,primary,zh-CN,URAHARA,《URAHARA》是原创动画，讲述少女们在原宿的冒险。少女们在原宿经营店铺，与谜之敌人展开战斗，作品以奇幻、战斗与群像为特色，动画的画风独特、色彩鲜明，少女们的成长与羁绊贯穿始终，是一部风格新颖的作品。动作设计与演出张力俱佳，随着剧情推进，主角面对的敌人越来越强，战斗方式与自身局限的突破层层升级，配乐与画面配合出色，将热血少年向作品应有的爽快感与成长感都演绎得十分到位。整体而言，该作在题材表达与情感渲染上均有可取之处，剧情张弛有度，角色令人印象深刻，是一部完成度较高、值得推荐的作品。
907,primary,zh-CN,银魂. 走光篇,《银魂. 走光篇》是《银魂》的OVA，万事屋的搞笑日常番外。本作以轻松的日常为主，作品以搞笑、吐槽与恶搞为特色，银时与伙伴们的互动充满笑料，动画的氛围欢乐，是银魂系列的番外作品。作品没有强烈的戏剧冲突，却以细腻的笔触捕捉日常中的微小幸福，角色的喜怒哀乐真实可感，在平实的叙述中悄然传递着生活的温度，适合在忙碌之余放松心情慢慢欣赏。整体而言，该作在题材表达与情感渲染上均有可取之处，剧情张弛有度，角色令人印象深刻，是一部完成度较高、值得推荐的作品。
908,primary,zh-CN,结城友奈是勇者 -鹫尾须美之章-/-勇者之章-,《结城友奈是勇者 -鹫尾须美之章-/-勇者之章-》是结城友奈系列的剧场版总集篇，勇者们的物语重新编排。本作回顾鹫尾须美之章与勇者之章的剧情，作品以战斗、悲剧与治愈为特色，动画的氛围沉重，少女们的命运令人动容，是结城友奈系列的重要作品。动作设计与演出张力俱佳，随着剧情推进，主角面对的敌人越来越强，战斗方式与自身局限的突破层层升级，配乐与画面配合出色，将热血少年向作品应有的爽快感与成长感都演绎得十分到位。
909,primary,zh-CN,Code:Realize ～创世的姬君～,《Code:Realize ～创世的姬君～》改编自同名游戏。少女卡尔迪娅与怪盗亚森等伙伴们展开冒险。作品以恋爱、奇幻与群像为特色，卡尔迪娅的身世之谜与伙伴们的互动充满魅力，动画的画风华丽，是乙女向动画的作品。角色间的互动刻画得细腻自然，那些欲言又止的心意、别扭又真诚的靠近都真实而动人，情感线与日常情节交织，让观众在会心一笑与怦然心动之间反复横跳，是一部让人回味无穷的恋爱物语。整体而言，该作在题材表达与情感渲染上均有可取之处，剧情张弛有度，角色令人印象深刻，是一部完成度较高、值得推荐的作品。
910,primary,zh-CN,神怒之日,《神怒之日》改编自同名游戏，讲述少年少女们的战斗。围绕圣遗物与谜之组织的阴谋展开，作品以战斗、奇幻与黑暗为特色，动画的氛围沉重，角色们的命运交织，是一部风格冷峻的作品。动画的节奏把控张弛有度，战斗场面的分镜与作画都相当扎实，主角在与强敌的较量中不断突破自我，和同伴之间建立的信任与羁绊也为剧情增添了温度，热血与感动并存，值得一看。整体而言，该作在题材表达与情感渲染上均有可取之处，剧情张弛有度，角色令人印象深刻，是一部完成度较高、值得推荐的作品。
911,primary,zh-CN,大正小小先生,《大正小小先生》改编自同名漫画。大正时代的小姐与管家之间的恋爱物语。作品以恋爱、大正时代与日常为特色，动画的氛围优雅，两人的互动充满甜蜜，是一部充满大正浪漫的作品。作品在甜蜜之余也保留了青春特有的青涩与迷茫，主角在感情中的成长与抉择贯穿始终，配乐温润、画面明丽，将恋爱中的忐忑、欢喜与遗憾都拿捏得恰到好处，适合慢慢品味。整体而言，该作在题材表达与情感渲染上均有可取之处，剧情张弛有度，角色令人印象深刻，是一部完成度较高、值得推荐的作品。
912,primary,zh-CN,侧车搭档,《侧车搭档》改编自同名漫画。少女们在侧车竞技中展开青春物语。作品以竞技、青春与群像为特色，动画将侧车比赛的紧张与少女们的日常结合，角色们的成长与羁绊贯穿始终，是一部独特的竞技作品。作品没有强烈的戏剧冲突，却以细腻的笔触捕捉日常中的微小幸福，角色的喜怒哀乐真实可感，在平实的叙述中悄然传递着生活的温度，适合在忙碌之余放松心情慢慢欣赏。整体而言，该作在题材表达与情感渲染上均有可取之处，剧情张弛有度，角色令人印象深刻，是一部完成度较高、值得推荐的作品。
913,primary,zh-CN,犬屋敷,《犬屋敷》改编自同名漫画。平凡老人犬屋敷与少年狮子神皓因外星人而获得力量。作品以科幻、动作与人性为主题，老人与少年的选择形成对比，动画的氛围沉重，角色们的命运充满冲击力，是一部引人深思的作品。科幻设定考究而自洽，科技与人文的碰撞贯穿全片，在宏大的未来图景之下，角色的信念与抉择更显分量，叙事层层推进、世界观逐步展开，是一部兼具视觉冲击与思想深度的作品。整体而言，该作在题材表达与情感渲染上均有可取之处，剧情张弛有度，角色令人印象深刻，是一部完成度较高、值得推荐的作品。
914,primary,zh-CN,爱米 -WE LOVE RICE- 第二季,《爱米 -WE LOVE RICE- 第二季》延续第一季，大米拟人的偶像物语继续。本作米们在成为偶像的过程中展开更多搞笑日常，作品以拟人、偶像与搞笑为特色，动画画风可爱、篇幅短小，是一部独特的泡面番。画风清新、节奏舒缓，人物之间的相处自然而温暖，那些平凡琐碎的片段在动画的演绎下变得闪闪发光，传递出一种治愈人心的宁静力量，是治愈系爱好者不容错过的作品。整体而言，该作在题材表达与情感渲染上均有可取之处，剧情张弛有度，角色令人印象深刻，是一部完成度较高、值得推荐的作品。
915,primary,zh-CN,"Wake Up, Girls! 新章","《Wake Up, Girls! 新章》延续系列，偶像组合Wake Up, Girls!的物语继续。本作少女们在偶像道路上迎接新的挑战，作品以偶像、音乐与追梦为特色，歌曲与舞台演出华丽，角色们的成长与羁绊令人动容，是偶像动画的作品。角色的个性塑造鲜明，舞台上的自信与生活中的可爱形成反差，团队协作与个人成长双线并进，歌舞编排赏心悦目，让观众既能享受视听盛宴，也能为少女们的梦想与坚持而感动。整体而言，该作在题材表达与情感渲染上均有可取之处，剧情张弛有度，角色令人印象深刻，是一部完成度较高、值得推荐的作品。"
916,primary,zh-CN,剧场版 妄想学生会,《剧场版 妄想学生会》是《妄想学生会》的剧场版，樱才学园学生会的搞笑日常。本作以轻松的剧情为主，作品以搞笑、吐槽与黄段子为特色，动画的演出夸张、笑点密集，是学生会系列的剧场版。作品没有强烈的戏剧冲突，却以细腻的笔触捕捉日常中的微小幸福，角色的喜怒哀乐真实可感，在平实的叙述中悄然传递着生活的温度，适合在忙碌之余放松心情慢慢欣赏。整体而言，该作在题材表达与情感渲染上均有可取之处，剧情张弛有度，角色令人印象深刻，是一部完成度较高、值得推荐的作品。
917,primary,zh-CN,小魔女学园 魔法游行,《小魔女学园 魔法游行》是《小魔女学园》的剧场版，亚可的魔法冒险继续。本作亚可与伙伴们为拯救新月学园而展开魔法游行，作品以魔法、青春与热血为特色，动画的画面充满活力，亚可的成长令人动容，是TRIGGER的代表作。动作设计与演出张力俱佳，随着剧情推进，主角面对的敌人越来越强，战斗方式与自身局限的突破层层升级，配乐与画面配合出色，将热血少年向作品应有的爽快感与成长感都演绎得十分到位。整体而言，该作在题材表达与情感渲染上均有可取之处，剧情张弛有度，角色令人印象深刻，是一部完成度较高、值得推荐的作品。
918,primary,zh-CN,红白黑黄 第五季,《红白黑黄 第五季》是《RWBY》系列第五季，少女们对抗戮兽的战斗继续。本作围绕秋季的篇章展开，作品以战斗、群像与奇幻为特色，动画的动作场面华丽，角色们的成长与羁绊贯穿始终，是RWBY系列的续作。动作设计与演出张力俱佳，随着剧情推进，主角面对的敌人越来越强，战斗方式与自身局限的突破层层升级，配乐与画面配合出色，将热血少年向作品应有的爽快感与成长感都演绎得十分到位。整体而言，该作在题材表达与情感渲染上均有可取之处，剧情张弛有度，角色令人印象深刻，是一部完成度较高、值得推荐的作品。
919,primary,zh-CN,苍蓝雷霆：刚巴尔特,《苍蓝雷霆：刚巴尔特》改编自同名游戏，讲述能力者刚巴尔特与皇神集团的战斗。作品以动作、战斗与热血为特色，动画的战斗场面华丽，刚巴尔特的成长与羁绊贯穿始终，是游戏改编动画的作品。动画的节奏把控张弛有度，战斗场面的分镜与作画都相当扎实，主角在与强敌的较量中不断突破自我，和同伴之间建立的信任与羁绊也为剧情增添了温度，热血与感动并存，值得一看。整体而言，该作在题材表达与情感渲染上均有可取之处，剧情张弛有度，角色令人印象深刻，是一部完成度较高、值得推荐的作品。
920,primary,zh-CN,A频道 来吃火锅吧,《A频道 来吃火锅吧》是《A频道》的OVA，少女们的日常番外。本作以吃火锅的温馨日常为主，作品以日常、治愈与搞笑为特色，动画画风可爱、氛围轻松，少女们的互动充满萌点，是A频道系列的番外作品。画风清新、节奏舒缓，人物之间的相处自然而温暖，那些平凡琐碎的片段在动画的演绎下变得闪闪发光，传递出一种治愈人心的宁静力量，是治愈系爱好者不容错过的作品。整体而言，该作在题材表达与情感渲染上均有可取之处，剧情张弛有度，角色令人印象深刻，是一部完成度较高、值得推荐的作品。
921,primary,zh-CN,妖怪手表 飞翔鲸鱼与两个世界的冒险喵,《妖怪手表 飞翔鲸鱼与两个世界的冒险喵》是《妖怪手表》的剧场版，少年天野景太的妖怪冒险。本作围绕飞翔鲸鱼与两个世界的冒险展开，作品以妖怪、冒险与搞笑为特色，动画的氛围欢乐，景太与妖怪们的互动充满趣味，是妖怪手表系列的剧场版。世界观设定丰富而自成体系，随着冒险推进，更多奇妙的种族、地点与力量体系逐一展开，角色们在旅途中收获成长与羁绊，画面与配乐共同营造出充满想象力的奇幻氛围，令人沉浸其中。整体而言，该作在题材表达与情感渲染上均有可取之处，剧情张弛有度，角色令人印象深刻，是一部完成度较高、值得推荐的作品。
922,primary,zh-CN,出包王女Darkness OVA,《出包王女Darkness OVA》是《出包王女》的OVA，梨斗与少女们的日常番外。本作以轻松的日常为主，作品以恋爱、后宫与福利为特色，动画的氛围轻松暧昧，梨斗与少女们的互动充满萌点，是出包王女系列的番外作品。角色间的互动刻画得细腻自然，那些欲言又止的心意、别扭又真诚的靠近都真实而动人，情感线与日常情节交织，让观众在会心一笑与怦然心动之间反复横跳，是一部让人回味无穷的恋爱物语。整体而言，该作在题材表达与情感渲染上均有可取之处，剧情张弛有度，角色令人印象深刻，是一部完成度较高、值得推荐的作品。
923,primary,zh-CN,剧场版 Fate/kaleid liner 魔法少女☆伊莉雅 雪下的誓言,《剧场版 Fate/kaleid liner 魔法少女☆伊莉雅 雪下的誓言》是Fate系列的剧场版，伊莉雅与美游的魔法少女战斗。本作围绕美游的过去与世界的危机展开，作品以魔法少女变身、Fate世界观与战斗为特色，动画的战斗场面华丽，伊莉雅的成长令人动容，是Fate系列风格独特的剧场版。作品在热血的打斗之外，也细致刻画了角色们各自的信念与选择，每一次战斗都不仅是力量的较量，更是意志的碰撞，高潮部分张力十足，让观众在肾上腺素飙升的同时也为之动容。
924,primary,zh-CN,ESCHA CHRON,《ESCHA CHRON》是短篇动画，讲述未来世界少女们的物语。少女们在近未来的冒险与日常，作品以科幻、日常与治愈为特色，动画画风精美、氛围宁静，在轻松的故事中展现未来的想象，是一部短小却温馨的作品。作品没有强烈的戏剧冲突，却以细腻的笔触捕捉日常中的微小幸福，角色的喜怒哀乐真实可感，在平实的叙述中悄然传递着生活的温度，适合在忙碌之余放松心情慢慢欣赏。整体而言，该作在题材表达与情感渲染上均有可取之处，剧情张弛有度，角色令人印象深刻，是一部完成度较高、值得推荐的作品。
925,primary,zh-CN,我们的爱总是只有10厘米。,《我们的爱总是只有10厘米。》是告白实行委员会系列的动画，讲述夏树与优的恋爱物语。两人的距离总是只有10厘米，却始终无法靠近，作品以恋爱、青春与音乐为特色，动画的画面精美，角色们的青涩情感令人动容，是一部充满少女心的作品。角色间的互动刻画得细腻自然，那些欲言又止的心意、别扭又真诚的靠近都真实而动人，情感线与日常情节交织，让观众在会心一笑与怦然心动之间反复横跳，是一部让人回味无穷的恋爱物语。整体而言，该作在题材表达与情感渲染上均有可取之处，剧情张弛有度，角色令人印象深刻，是一部完成度较高、值得推荐的作品。
926,primary,zh-CN,少女与战车 最终章 第1话,《少女与战车 最终章 第1话》是《少女与战车》的最终章剧场版，少女们的战车战迎来新的篇章。本作大洗女子学园面对新的对手，作品以战车、热血与群像为特色，动画的战斗场面华丽震撼，少女们的团队协作充满魅力，是战车题材的经典。动作设计与演出张力俱佳，随着剧情推进，主角面对的敌人越来越强，战斗方式与自身局限的突破层层升级，配乐与画面配合出色，将热血少年向作品应有的爽快感与成长感都演绎得十分到位。整体而言，该作在题材表达与情感渲染上均有可取之处，剧情张弛有度，角色令人印象深刻，是一部完成度较高、值得推荐的作品。
927,primary,zh-CN,NEKOPARA OVA,《NEKOPARA OVA》改编自同名游戏，讲述水无月家的猫娘们的日常。男主人在猫咪咖啡厅与猫娘们的生活充满温馨，作品以萌宠、日常与治愈为特色，动画画风精美、氛围轻松，猫娘们的可爱令人心动，是一部治愈系的作品。角色间的互动刻画得细腻自然，那些欲言又止的心意、别扭又真诚的靠近都真实而动人，情感线与日常情节交织，让观众在会心一笑与怦然心动之间反复横跳，是一部让人回味无穷的恋爱物语。整体而言，该作在题材表达与情感渲染上均有可取之处，剧情张弛有度，角色令人印象深刻，是一部完成度较高、值得推荐的作品。
928,primary,zh-CN,剧场版 精灵宝可梦 就决定是你了！,《剧场版 精灵宝可梦 就决定是你了！》是宝可梦动画剧场版，小智与皮卡丘的旅程。本作重新讲述小智与皮卡丘相遇的故事，作品以冒险、战斗与羁绊为特色，动画的战斗场面华丽，宝可梦之间的深厚感情令人动容，是宝可梦系列的剧场版。动画的节奏把控张弛有度，战斗场面的分镜与作画都相当扎实，主角在与强敌的较量中不断突破自我，和同伴之间建立的信任与羁绊也为剧情增添了温度，热血与感动并存，值得一看。整体而言，该作在题材表达与情感渲染上均有可取之处，剧情张弛有度，角色令人印象深刻，是一部完成度较高、值得推荐的作品。
929,primary,zh-CN,三颗星彩色冒险,《三颗星彩色冒险》改编自同名漫画。小学生三人组为了守护上野而展开大冒险。作品以日常、治愈与搞笑为特色，少女们的冒险充满童趣，动画画风可爱、氛围轻松，是一部让人会心一笑的治愈作品。画风清新、节奏舒缓，人物之间的相处自然而温暖，那些平凡琐碎的片段在动画的演绎下变得闪闪发光，传递出一种治愈人心的宁静力量，是治愈系爱好者不容错过的作品。整体而言，该作在题材表达与情感渲染上均有可取之处，剧情张弛有度，角色令人印象深刻，是一部完成度较高、值得推荐的作品。
930,primary,zh-CN,citrus～柑橘味香气～,《citrus～柑橘味香气～》改编自同名漫画。义姐妹柚子与芽衣之间的恋爱物语。两人在碰撞与理解中逐渐靠近，作品以百合、恋爱与青春为特色，动画的氛围细腻，柚子与芽衣的情感发展令人心动，是百合动画的佳作。角色间的互动刻画得细腻自然，那些欲言又止的心意、别扭又真诚的靠近都真实而动人，情感线与日常情节交织，让观众在会心一笑与怦然心动之间反复横跳，是一部让人回味无穷的恋爱物语。整体而言，该作在题材表达与情感渲染上均有可取之处，剧情张弛有度，角色令人印象深刻，是一部完成度较高、值得推荐的作品。
931,primary,zh-CN,刀使的巫女,《刀使的巫女》是原创动画，讲述使用御刀的巫女们的战斗。少女们在刀使学园中修行，与威胁世界的敌人展开战斗，作品以战斗、学园与群像为特色，动画的战斗场面华丽，少女们的成长与羁绊贯穿始终，是一部扎实的作品。动画的节奏把控张弛有度，战斗场面的分镜与作画都相当扎实，主角在与强敌的较量中不断突破自我，和同伴之间建立的信任与羁绊也为剧情增添了温度，热血与感动并存，值得一看。整体而言，该作在题材表达与情感渲染上均有可取之处，剧情张弛有度，角色令人印象深刻，是一部完成度较高、值得推荐的作品。
932,primary,zh-CN,粗点心战争 第二季,《粗点心战争 第二季》延续第一季，乡下点心店少年与枝垂萤的比拼继续。本作萤与鹿田九围绕粗点心的对决依旧充满笑料，作品以美食、搞笑与日常为特色，动画将粗点心的魅力与角色们的互动结合，是一部充满欢乐的作品。动作设计与演出张力俱佳，随着剧情推进，主角面对的敌人越来越强，战斗方式与自身局限的突破层层升级，配乐与画面配合出色，将热血少年向作品应有的爽快感与成长感都演绎得十分到位。整体而言，该作在题材表达与情感渲染上均有可取之处，剧情张弛有度，角色令人印象深刻，是一部完成度较高、值得推荐的作品。
933,primary,zh-CN,宅饮。,《宅饮。》是短篇动画，讲述OL宅女们的饮酒日常。作品以酒、日常与治愈为特色，动画将各种酒类的知识与少女们的互动结合，篇幅短小、氛围轻松，是一部轻松解压的泡面番。作品没有强烈的戏剧冲突，却以细腻的笔触捕捉日常中的微小幸福，角色的喜怒哀乐真实可感，在平实的叙述中悄然传递着生活的温度，适合在忙碌之余放松心情慢慢欣赏。整体而言，该作在题材表达与情感渲染上均有可取之处，剧情张弛有度，角色令人印象深刻，是一部完成度较高、值得推荐的作品。
934,primary,zh-CN,爆肝工程师的异世界狂想曲,《爆肝工程师的异世界狂想曲》改编自同名轻小说。程序员铃木一郎在异世界展开生活，作品以异世界、后宫与轻松冒险为特色，一郎的强大与美食之旅充满看点，动画的氛围轻松，是一部标准的异世界作品。作品没有强烈的戏剧冲突，却以细腻的笔触捕捉日常中的微小幸福，角色的喜怒哀乐真实可感，在平实的叙述中悄然传递着生活的温度，适合在忙碌之余放松心情慢慢欣赏。整体而言，该作在题材表达与情感渲染上均有可取之处，剧情张弛有度，角色令人印象深刻，是一部完成度较高、值得推荐的作品。
935,primary,zh-CN,龙王的工作！,《龙王的工作！》改编自同名轻小说。将棋龙王九头龙八一与小学女生雏鹤爱展开将棋物语。作品以将棋、萝莉与日常为特色，八一与爱的将棋对决充满看点，动画的氛围轻松，是一部将棋题材的日常作品。画风清新、节奏舒缓，人物之间的相处自然而温暖，那些平凡琐碎的片段在动画的演绎下变得闪闪发光，传递出一种治愈人心的宁静力量，是治愈系爱好者不容错过的作品。整体而言，该作在题材表达与情感渲染上均有可取之处，剧情张弛有度，角色令人印象深刻，是一部完成度较高、值得推荐的作品。
936,primary,zh-CN,没有心跳的少女,《没有心跳的少女》改编自同名轻小说。在人工智能普及的未来，人类与机器人的共存问题。作品以科幻、哲学与群像为主题，动画的氛围冷静，对AI与人性的探讨深刻，是一部充满思辨的作品。动作设计与演出张力俱佳，随着剧情推进，主角面对的敌人越来越强，战斗方式与自身局限的突破层层升级，配乐与画面配合出色，将热血少年向作品应有的爽快感与成长感都演绎得十分到位。整体而言，该作在题材表达与情感渲染上均有可取之处，剧情张弛有度，角色令人印象深刻，是一部完成度较高、值得推荐的作品。
937,primary,zh-CN,博多豚骨拉面,《博多豚骨拉面》改编自同名小说。在博多，杀手们围绕一位少女展开暗杀游戏。作品以杀手、群像与悬疑为特色，动画的氛围冷峻，角色们的智谋与战斗充满看点，是一部硬核的都市群像剧。动画的节奏把控张弛有度，战斗场面的分镜与作画都相当扎实，主角在与强敌的较量中不断突破自我，和同伴之间建立的信任与羁绊也为剧情增添了温度，热血与感动并存，值得一看。整体而言，该作在题材表达与情感渲染上均有可取之处，剧情张弛有度，角色令人印象深刻，是一部完成度较高、值得推荐的作品。
938,primary,zh-CN,原书·原书使,《原书·原书使》改编自同名企划。少女们通过原书的力量展开魔法战斗。作品以魔法少女、战斗与群像为特色，动画的画风可爱，少女们的成长与羁绊贯穿始终，是一部标准的魔法少女作品。动作设计与演出张力俱佳，随着剧情推进，主角面对的敌人越来越强，战斗方式与自身局限的突破层层升级，配乐与画面配合出色，将热血少年向作品应有的爽快感与成长感都演绎得十分到位。整体而言，该作在题材表达与情感渲染上均有可取之处，剧情张弛有度，角色令人印象深刻，是一部完成度较高、值得推荐的作品。
939,primary,zh-CN,Slow Start,《Slow Start》改编自同名漫画。少女一之濑花名在高中重新开始生活。作品以日常、治愈与群像为特色，花名与伙伴们的互动充满温馨，动画画风可爱、氛围轻松，是一部治愈系的日常作品。作品没有强烈的戏剧冲突，却以细腻的笔触捕捉日常中的微小幸福，角色的喜怒哀乐真实可感，在平实的叙述中悄然传递着生活的温度，适合在忙碌之余放松心情慢慢欣赏。整体而言，该作在题材表达与情感渲染上均有可取之处，剧情张弛有度，角色令人印象深刻，是一部完成度较高、值得推荐的作品。
940,primary,zh-CN,续「刀剑乱舞-花丸-」,《续「刀剑乱舞-花丸-」》延续系列，刀剑男士们在本丸中的日常继续。本作刀剑们的生活依旧温馨，作品以日常、治愈与刀剑拟人为特色，动画画风可爱、氛围温馨，是一部轻松治愈的日常作品。作品没有强烈的戏剧冲突，却以细腻的笔触捕捉日常中的微小幸福，角色的喜怒哀乐真实可感，在平实的叙述中悄然传递着生活的温度，适合在忙碌之余放松心情慢慢欣赏。整体而言，该作在题材表达与情感渲染上均有可取之处，剧情张弛有度，角色令人印象深刻，是一部完成度较高、值得推荐的作品。
941,primary,zh-CN,齐木楠雄的灾难 第二季,《齐木楠雄的灾难 第二季》延续第一季，超能力者齐木楠雄的日常继续。本作齐木依旧渴望平静生活却麻烦不断，作品以搞笑、吐槽与超能力为特色，齐木的内心独白与身边人的奇葩行为形成反差，笑点密集，是搞笑动画中的经典之作。画风清新、节奏舒缓，人物之间的相处自然而温暖，那些平凡琐碎的片段在动画的演绎下变得闪闪发光，传递出一种治愈人心的宁静力量，是治愈系爱好者不容错过的作品。整体而言，该作在题材表达与情感渲染上均有可取之处，剧情张弛有度，角色令人印象深刻，是一部完成度较高、值得推荐的作品。
942,primary,zh-CN,爱吃拉面的小泉同学,《爱吃拉面的小泉同学》改编自同名漫画。转学生大泽悠对同学小泉的拉面之旅充满兴趣。作品以美食、日常与治愈为特色，动画将各种拉面的魅力描绘得令人垂涎，小泉吃拉面的专注充满魅力，是一部治愈系的美食作品。作品没有强烈的戏剧冲突，却以细腻的笔触捕捉日常中的微小幸福，角色的喜怒哀乐真实可感，在平实的叙述中悄然传递着生活的温度，适合在忙碌之余放松心情慢慢欣赏。整体而言，该作在题材表达与情感渲染上均有可取之处，剧情张弛有度，角色令人印象深刻，是一部完成度较高、值得推荐的作品。
943,primary,zh-CN,紫罗兰永恒花园,《紫罗兰永恒花园》改编自同名小说。在战争结束后，自动手记人偶薇尔莉特为理解爱而工作。作品以治愈、成长与人文为主题，动画的画面精美到极致，薇尔莉特的旅程令人动容，是京都动画的代表作之一。动画的节奏把控张弛有度，战斗场面的分镜与作画都相当扎实，主角在与强敌的较量中不断突破自我，和同伴之间建立的信任与羁绊也为剧情增添了温度，热血与感动并存，值得一看。整体而言，该作在题材表达与情感渲染上均有可取之处，剧情张弛有度，角色令人印象深刻，是一部完成度较高、值得推荐的作品。
944,primary,zh-CN,小木乃伊到我家,《小木乃伊到我家》改编自同名漫画。高中生小柏便收到了父亲寄来的神秘小木乃伊。作品以萌物、日常与治愈为特色，木乃伊们的可爱行为充满治愈气息，动画画风软萌、氛围轻松，是一部让人心情愉悦的治愈作品。画风清新、节奏舒缓，人物之间的相处自然而温暖，那些平凡琐碎的片段在动画的演绎下变得闪闪发光，传递出一种治愈人心的宁静力量，是治愈系爱好者不容错过的作品。整体而言，该作在题材表达与情感渲染上均有可取之处，剧情张弛有度，角色令人印象深刻，是一部完成度较高、值得推荐的作品。
945,primary,zh-CN,擅长捉弄的高木同学,《擅长捉弄的高木同学》改编自同名漫画。邻座的高木同学总是捉弄害羞的西片。作品以恋爱、日常与搞笑为特色，高木的捉弄与西片的反应充满笑料，动画的氛围轻松甜蜜，是一部让人心动的校园恋爱作品。角色间的互动刻画得细腻自然，那些欲言又止的心意、别扭又真诚的靠近都真实而动人，情感线与日常情节交织，让观众在会心一笑与怦然心动之间反复横跳，是一部让人回味无穷的恋爱物语。整体而言，该作在题材表达与情感渲染上均有可取之处，剧情张弛有度，角色令人印象深刻，是一部完成度较高、值得推荐的作品。
946,primary,zh-CN,妖精森林的小不点,《妖精森林的小不点》改编自同名漫画。迷你小人白明与御子地在森林中的日常。作品以日常、治愈与幻想为特色，小不点的生活充满温馨与趣味，动画的画面精美、氛围宁静，是一部治愈系的奇幻日常作品。作品没有强烈的戏剧冲突，却以细腻的笔触捕捉日常中的微小幸福，角色的喜怒哀乐真实可感，在平实的叙述中悄然传递着生活的温度，适合在忙碌之余放松心情慢慢欣赏。整体而言，该作在题材表达与情感渲染上均有可取之处，剧情张弛有度，角色令人印象深刻，是一部完成度较高、值得推荐的作品。
947,primary,zh-CN,摇曳露营△,《摇曳露营△》改编自同名漫画。少女志摩凛与抚子们的露营日常。作品以露营、日常与治愈为特色，动画对露营的描绘细致，少女们的野营生活充满温馨，动画的画风清新、氛围宁静，是近年来的治愈佳作。画风清新、节奏舒缓，人物之间的相处自然而温暖，那些平凡琐碎的片段在动画的演绎下变得闪闪发光，传递出一种治愈人心的宁静力量，是治愈系爱好者不容错过的作品。整体而言，该作在题材表达与情感渲染上均有可取之处，剧情张弛有度，角色令人印象深刻，是一部完成度较高、值得推荐的作品。
948,primary,zh-CN,皇帝圣印战记,《皇帝圣印战记》改编自同名轻小说。魔法使希露卡与年轻君主提欧的冒险。两人在战乱的大陆上为统一而战，作品以奇幻、战争与群像为特色，动画的战争场面宏大，角色的抉择充满张力，是一部硬核的奇幻作品。动作设计与演出张力俱佳，随着剧情推进，主角面对的敌人越来越强，战斗方式与自身局限的突破层层升级，配乐与画面配合出色，将热血少年向作品应有的爽快感与成长感都演绎得十分到位。整体而言，该作在题材表达与情感渲染上均有可取之处，剧情张弛有度，角色令人印象深刻，是一部完成度较高、值得推荐的作品。
949,primary,zh-CN,pop子和pipi美的日常,《pop子和pipi美的日常》是搞笑动画，讲述两位少女的无厘头日常。作品以恶搞、吐槽与脑洞大开为特色，动画的演出大胆奔放，对业界与流行文化的讽刺充满笑料，是一部现象级的搞笑动画。作品没有强烈的戏剧冲突，却以细腻的笔触捕捉日常中的微小幸福，角色的喜怒哀乐真实可感，在平实的叙述中悄然传递着生活的温度，适合在忙碌之余放松心情慢慢欣赏。整体而言，该作在题材表达与情感渲染上均有可取之处，剧情张弛有度，角色令人印象深刻，是一部完成度较高、值得推荐的作品。
950,primary,zh-CN,比宇宙更远的地方,《比宇宙更远的地方》是原创动画，讲述少女们前往南极的旅程。四位少女为了各自的梦想踏上前往南极的旅途，作品以冒险、青春与成长为主题，动画的氛围温暖，少女们的羁绊与成长令人动容，是近年来的口碑佳作。作品在幻想的外衣下探讨着真实的情感与抉择，主角的成长线扎实有力，与伙伴们的情谊在一次次考验中愈发深厚，冒险的紧张感与日常的温情交替呈现，故事层次丰富、后劲十足。整体而言，该作在题材表达与情感渲染上均有可取之处，剧情张弛有度，角色令人印象深刻，是一部完成度较高、值得推荐的作品。
951,primary,zh-CN,DARLING in the FRANXX,《DARLING in the FRANXX》是原创动画，讲述少年少女们驾驶FRANXX战斗的故事。少年们在机械都市中驾驶机体与叫龙战斗，作品中广与零二的羁绊贯穿始终，作品以机战、青春与群像为特色，动画的制作精良，是一部备受关注的作品。动作设计与演出张力俱佳，随着剧情推进，主角面对的敌人越来越强，战斗方式与自身局限的突破层层升级，配乐与画面配合出色，将热血少年向作品应有的爽快感与成长感都演绎得十分到位。
952,primary,zh-CN,飙速宅男 GLORY LINE,《飙速宅男 GLORY LINE》是《飙速宅男》系列动画，小野田坂道的自行车比赛继续。本季迎来新的对手与全国大赛，作品以自行车、热血与竞技为特色，动画的比赛场面充满激情，角色的成长与羁绊令人动容，是运动题材动画的佳作。动画的节奏把控张弛有度，战斗场面的分镜与作画都相当扎实，主角在与强敌的较量中不断突破自我，和同伴之间建立的信任与羁绊也为剧情增添了温度，热血与感动并存，值得一看。整体而言，该作在题材表达与情感渲染上均有可取之处，剧情张弛有度，角色令人印象深刻，是一部完成度较高、值得推荐的作品。
953,primary,zh-CN,魔卡少女樱 透明牌篇,《魔卡少女樱 透明牌篇》延续经典，小樱在透明牌篇中展开新的魔法冒险。本作小樱的魔卡发生异变，新的透明牌与梦之杖登场，作品以魔法、日常与治愈为特色，动画画风精美、氛围温暖，小樱的成长与魔法令人动容，是经典作品的回归。画风清新、节奏舒缓，人物之间的相处自然而温暖，那些平凡琐碎的片段在动画的演绎下变得闪闪发光，传递出一种治愈人心的宁静力量，是治愈系爱好者不容错过的作品。整体而言，该作在题材表达与情感渲染上均有可取之处，剧情张弛有度，角色令人印象深刻，是一部完成度较高、值得推荐的作品。
954,primary,zh-CN,三丽鸥男子,《三丽鸥男子》改编自同名企划。喜欢三丽鸥角色的男高中生们的日常。作品以日常、治愈与群像为特色，少年们对三丽鸥的喜爱充满萌点，动画画风可爱、氛围轻松，是一部治愈系的日常作品。角色间的互动刻画得细腻自然，那些欲言又止的心意、别扭又真诚的靠近都真实而动人，情感线与日常情节交织，让观众在会心一笑与怦然心动之间反复横跳，是一部让人回味无穷的恋爱物语。整体而言，该作在题材表达与情感渲染上均有可取之处，剧情张弛有度，角色令人印象深刻，是一部完成度较高、值得推荐的作品。
955,primary,zh-CN,樱花忍法帖,《樱花忍法帖》是《BASILISK》的续作，忍者们的战斗继续。本作围绕甲贺与伊贺的恩怨展开，作品以忍者、战斗与悲剧为特色，动画的氛围沉重，忍者们的命运充满冲击力，是一部悲壮的忍者作品。动画的节奏把控张弛有度，战斗场面的分镜与作画都相当扎实，主角在与强敌的较量中不断突破自我，和同伴之间建立的信任与羁绊也为剧情增添了温度，热血与感动并存，值得一看。整体而言，该作在题材表达与情感渲染上均有可取之处，剧情张弛有度，角色令人印象深刻，是一部完成度较高、值得推荐的作品。
956,primary,zh-CN,学园奶爸,《学园奶爸》改编自同名漫画。双亲遇难的高中生龙一，在学园的保育室里照顾孩子们。作品以日常、治愈与萌娃为特色，龙一与孩子们的互动充满温馨，动画画风可爱、氛围温暖，是一部治愈系的作品。画风清新、节奏舒缓，人物之间的相处自然而温暖，那些平凡琐碎的片段在动画的演绎下变得闪闪发光，传递出一种治愈人心的宁静力量，是治愈系爱好者不容错过的作品。整体而言，该作在题材表达与情感渲染上均有可取之处，剧情张弛有度，角色令人印象深刻，是一部完成度较高、值得推荐的作品。
957,primary,zh-CN,霸穹 封神演义,《霸穹 封神演义》改编自同名漫画。太公望为封印妲己而展开封神计划的冒险。作品以中国神话、热血与群像为特色，动画的战斗场面华丽，太公望的智谋与伙伴们的羁绊贯穿始终，是封神演义的经典动画化。动作设计与演出张力俱佳，随着剧情推进，主角面对的敌人越来越强，战斗方式与自身局限的突破层层升级，配乐与画面配合出色，将热血少年向作品应有的爽快感与成长感都演绎得十分到位。整体而言，该作在题材表达与情感渲染上均有可取之处，剧情张弛有度，角色令人印象深刻，是一部完成度较高、值得推荐的作品。
958,primary,zh-CN,牙斗,《牙斗》改编自同名漫画。在合法的地下格斗场，兽人们展开战斗。少女瞳与兽人们的战斗充满热血，作品以战斗、兽人化与黑暗为特色，动画的战斗场面华丽，角色的命运充满张力，是一部硬核的作品。动画的节奏把控张弛有度，战斗场面的分镜与作画都相当扎实，主角在与强敌的较量中不断突破自我，和同伴之间建立的信任与羁绊也为剧情增添了温度，热血与感动并存，值得一看。整体而言，该作在题材表达与情感渲染上均有可取之处，剧情张弛有度，角色令人印象深刻，是一部完成度较高、值得推荐的作品。
959,primary,zh-CN,OVERLORD 第二季,《OVERLORD 第二季》延续第一季，安兹·乌尔·恭在异世界的势力扩张继续。本作围绕纳萨力克的统治与新的篇章展开，作品以异世界、黑暗奇幻与群像为特色，安兹的强大与谨慎充满反差魅力，动画的世界观庞大，是异世界题材的经典之作。作品在幻想的外衣下探讨着真实的情感与抉择，主角的成长线扎实有力，与伙伴们的情谊在一次次考验中愈发深厚，冒险的紧张感与日常的温情交替呈现，故事层次丰富、后劲十足。整体而言，该作在题材表达与情感渲染上均有可取之处，剧情张弛有度，角色令人印象深刻，是一部完成度较高、值得推荐的作品。
960,primary,zh-CN,伊藤润二惊选集,《伊藤润二惊选集》改编自伊藤润二的恐怖漫画，将经典恐怖故事动画化。作品以恐怖、猎奇与悬疑为特色，动画将伊藤润二独特的恐怖美学呈现，各种扭曲的画面与细思极恐的剧情令人不寒而栗，是恐怖动画爱好者的必看之作。剧情层层递进、伏笔密布，随着线索的不断拼合，真相逐渐浮出水面，每一次反转都在意料之外又情理之中，细节经得起推敲，氛围营造到位，是喜欢烧脑故事的观众不可错过之作。整体而言，该作在题材表达与情感渲染上均有可取之处，剧情张弛有度，角色令人印象深刻，是一部完成度较高、值得推荐的作品。
961,primary,zh-CN,七美德,《七美德》是短篇动画，讲述七美德的天使们的故事。天使们以拯救人类的堕落为目标，作品以魔法少女、福利与搞笑为特色，动画画风精美、篇幅短小，在轻松的日常中展现天使们的互动，是一部轻松解压的泡面番。作品没有强烈的戏剧冲突，却以细腻的笔触捕捉日常中的微小幸福，角色的喜怒哀乐真实可感，在平实的叙述中悄然传递着生活的温度，适合在忙碌之余放松心情慢慢欣赏。整体而言，该作在题材表达与情感渲染上均有可取之处，剧情张弛有度，角色令人印象深刻，是一部完成度较高、值得推荐的作品。
962,primary,zh-CN,恋如雨止,《恋如雨止》改编自同名漫画。17岁的少女橘晶喜欢上45岁的店长近藤。作品以恋爱、日常与青春为特色，两人年龄差的恋爱充满细腻的情感，动画的画面精美、氛围静谧，是一部充满文艺气息的恋爱作品。作品在甜蜜之余也保留了青春特有的青涩与迷茫，主角在感情中的成长与抉择贯穿始终，配乐温润、画面明丽，将恋爱中的忐忑、欢喜与遗憾都拿捏得恰到好处，适合慢慢品味。整体而言，该作在题材表达与情感渲染上均有可取之处，剧情张弛有度，角色令人印象深刻，是一部完成度较高、值得推荐的作品。
963,primary,zh-CN,七大罪 戒律的复活,《七大罪 戒律的复活》是《七大罪》第二季，梅利奥达斯与七大罪们的冒险继续。本作围绕十戒的威胁与梅利奥达斯的过去展开，作品以奇幻冒险、热血战斗与伙伴羁绊为特色，动画的战斗场面华丽，角色们的羁绊贯穿始终，是七大罪系列的重要篇章。动作设计与演出张力俱佳，随着剧情推进，主角面对的敌人越来越强，战斗方式与自身局限的突破层层升级，配乐与画面配合出色，将热血少年向作品应有的爽快感与成长感都演绎得十分到位。整体而言，该作在题材表达与情感渲染上均有可取之处，剧情张弛有度，角色令人印象深刻，是一部完成度较高、值得推荐的作品。
964,primary,zh-CN,排球少年 观念之战,《排球少年 观念之战》是《排球少年》第四季，乌野高中与强校的对决继续。本作全国大赛的激烈竞争展开，作品以排球、热血与团队成长为主题，动画的比赛场面令人窒息，乌野全员的拼搏令人动容，是运动题材动画的巅峰之作。动画的节奏把控张弛有度，战斗场面的分镜与作画都相当扎实，主角在与强敌的较量中不断突破自我，和同伴之间建立的信任与羁绊也为剧情增添了温度，热血与感动并存，值得一看。整体而言，该作在题材表达与情感渲染上均有可取之处，剧情张弛有度，角色令人印象深刻，是一部完成度较高、值得推荐的作品。
965,primary,zh-CN,剧场版 魔法科高校的劣等生 呼唤星辰的少女,《剧场版 魔法科高校的劣等生 呼唤星辰的少女》是《魔法科高校的劣等生》剧场版，达也与深雪的战斗。本作围绕星辰的少女与新的危机展开，作品以魔法、战斗与兄妹为特色，动画的战斗场面华丽，达也的强大令人震撼，是魔法科系列的剧场版。动作设计与演出张力俱佳，随着剧情推进，主角面对的敌人越来越强，战斗方式与自身局限的突破层层升级，配乐与画面配合出色，将热血少年向作品应有的爽快感与成长感都演绎得十分到位。整体而言，该作在题材表达与情感渲染上均有可取之处，剧情张弛有度，角色令人印象深刻，是一部完成度较高、值得推荐的作品。
966,primary,zh-CN,绫镜少男 KING OF PRISM PRIDE the HERO,《绫镜少男 KING OF PRISM PRIDE the HERO》是Prism系列的剧场版，少年们的Prism表演。本作围绕Prism的梦想与对决展开，作品以音乐、竞技与群像为特色，动画的表演场面华丽，少年们的梦想与羁绊令人动容，是Prism系列的剧场版。角色的个性塑造鲜明，舞台上的自信与生活中的可爱形成反差，团队协作与个人成长双线并进，歌舞编排赏心悦目，让观众既能享受视听盛宴，也能为少女们的梦想与坚持而感动。
967,primary,zh-CN,游戏人生 零,《游戏人生 零》是《游戏人生》的剧场版，讲述六千年前的人类与机凯种的物语。本作围绕里克与休比的相遇展开，作品以奇幻、战斗与悲壮为主题，动画的画面华丽，两人的羁绊与人类的希望令人动容，是游戏人生系列的剧场版。动画的节奏把控张弛有度，战斗场面的分镜与作画都相当扎实，主角在与强敌的较量中不断突破自我，和同伴之间建立的信任与羁绊也为剧情增添了温度，热血与感动并存，值得一看。整体而言，该作在题材表达与情感渲染上均有可取之处，剧情张弛有度，角色令人印象深刻，是一部完成度较高、值得推荐的作品。
968,primary,zh-CN,剧场版 吹响吧！上低音号～想要传达的旋律～,《剧场版 吹响吧！上低音号～想要传达的旋律～》是《吹响吧！上低音号》的剧场版，北宇治高中吹奏乐部的合奏比赛。本作围绕久美子与部员们的成长展开，作品以音乐、青春与群像为特色，动画的演奏场面充满感染力，是京都动画的经典作品。角色的个性塑造鲜明，舞台上的自信与生活中的可爱形成反差，团队协作与个人成长双线并进，歌舞编排赏心悦目，让观众既能享受视听盛宴，也能为少女们的梦想与坚持而感动。整体而言，该作在题材表达与情感渲染上均有可取之处，剧情张弛有度，角色令人印象深刻，是一部完成度较高、值得推荐的作品。
969,primary,zh-CN,玛丽与魔女之花,《玛丽与魔女之花》是米林宏昌的剧场版动画，讲述少女玛丽与魔女之花的冒险。玛丽在偶然的机会下获得魔女的力量，展开奇幻的魔法之旅，作品以魔法、冒险与成长为主题，动画的画面精美，玛丽的冒险充满想象力，是一部充满童话色彩的作品。世界观设定丰富而自成体系，随着冒险推进，更多奇妙的种族、地点与力量体系逐一展开，角色们在旅途中收获成长与羁绊，画面与配乐共同营造出充满想象力的奇幻氛围，令人沉浸其中。整体而言，该作在题材表达与情感渲染上均有可取之处，剧情张弛有度，角色令人印象深刻，是一部完成度较高、值得推荐的作品。
970,primary,zh-CN,恶魔人 crybaby,《恶魔人 crybaby》改编自永井豪的漫画，讲述恶魔人不动明的战斗。明在与恶魔战斗的过程中逐渐失去人性，作品以黑暗、暴力的战斗与深刻的主题著称，动画的画面充满冲击力，明与飞鸟了的悲剧令人震撼，是网飞的人气作品。动画的节奏把控张弛有度，战斗场面的分镜与作画都相当扎实，主角在与强敌的较量中不断突破自我，和同伴之间建立的信任与羁绊也为剧情增添了温度，热血与感动并存，值得一看。整体而言，该作在题材表达与情感渲染上均有可取之处，剧情张弛有度，角色令人印象深刻，是一部完成度较高、值得推荐的作品。
971,primary,zh-CN,Fate/Grand Order -MOONLIGHT/LOSTROOM-,《Fate/Grand Order -MOONLIGHT/LOSTROOM-》是FGO系列的特别篇动画，迦勒底的物语。本作围绕谜之房间与从者的物语展开，作品以Fate世界观、战斗与群像为特色，动画的战斗场面华丽，是FGO系列的衍生作品。动作设计与演出张力俱佳，随着剧情推进，主角面对的敌人越来越强，战斗方式与自身局限的突破层层升级，配乐与画面配合出色，将热血少年向作品应有的爽快感与成长感都演绎得十分到位。
972,primary,zh-CN,卫宫家今天的饭,《卫宫家今天的饭》改编自同名漫画，讲述卫宫士郎与同伴们的料理日常。作品以美食、日常与治愈为特色，动画将Fate的角色们融入温馨的料理日常，画风温暖、氛围宁静，是一部让人心情愉悦的治愈作品。作品没有强烈的戏剧冲突，却以细腻的笔触捕捉日常中的微小幸福，角色的喜怒哀乐真实可感，在平实的叙述中悄然传递着生活的温度，适合在忙碌之余放松心情慢慢欣赏。整体而言，该作在题材表达与情感渲染上均有可取之处，剧情张弛有度，角色令人印象深刻，是一部完成度较高、值得推荐的作品。
973,primary,zh-CN,侦探歌剧 少女福尔摩斯 亚森 华丽的欲望,《侦探歌剧 少女福尔摩斯 亚森 华丽的欲望》是《侦探歌剧》系列动画，少女侦探们的冒险继续。本作围绕亚森与少女侦探们的对决展开，作品以侦探、搞笑与日常为特色，动画的氛围轻松，角色们的互动充满笑料，是一部轻松愉快的作品。作品没有强烈的戏剧冲突，却以细腻的笔触捕捉日常中的微小幸福，角色的喜怒哀乐真实可感，在平实的叙述中悄然传递着生活的温度，适合在忙碌之余放松心情慢慢欣赏。整体而言，该作在题材表达与情感渲染上均有可取之处，剧情张弛有度，角色令人印象深刻，是一部完成度较高、值得推荐的作品。
974,primary,zh-CN,拥抱！光之美少女,《拥抱！光之美少女》是光之美少女系列动画，少女们以拥抱的力量战斗。本作少女们在守护孩子们的战斗中成长，作品以魔法少女、战斗与日常为特色，变装与战斗场面华丽，角色们的羁绊温暖感人，是少女向魔法少女动画的作品。动作设计与演出张力俱佳，随着剧情推进，主角面对的敌人越来越强，战斗方式与自身局限的突破层层升级，配乐与画面配合出色，将热血少年向作品应有的爽快感与成长感都演绎得十分到位。整体而言，该作在题材表达与情感渲染上均有可取之处，剧情张弛有度，角色令人印象深刻，是一部完成度较高、值得推荐的作品。
975,primary,zh-CN,Fate/EXTRA Last Encore,《Fate/EXTRA Last Encore》改编自同名游戏，讲述Moon Cell的圣杯战争。少年岸波白野在月之圣杯战争中战斗，作品以Fate世界观、战斗与悬疑为特色，动画的氛围冷峻，白野的成长与战斗充满张力，是Fate系列的衍生作品。动作设计与演出张力俱佳，随着剧情推进，主角面对的敌人越来越强，战斗方式与自身局限的突破层层升级，配乐与画面配合出色，将热血少年向作品应有的爽快感与成长感都演绎得十分到位。
976,primary,zh-CN,刻刻,《刻刻》改编自同名漫画。在时间停止的世界中，佑河家的少年与少女展开冒险。作品以科幻、悬疑与动作(为特色，动画的氛围紧张，时间停止的设定充满想象力，角色们的抉择充满张力，是一部风格独特的作品。剧情层层递进、伏笔密布，随着线索的不断拼合，真相逐渐浮出水面，每一次反转都在意料之外又情理之中，细节经得起推敲，氛围营造到位，是喜欢烧脑故事的观众不可错过之作。整体而言，该作在题材表达与情感渲染上均有可取之处，剧情张弛有度，角色令人印象深刻，是一部完成度较高、值得推荐的作品。
977,primary,zh-CN,25岁的女高中生,《25岁的女高中生》是短篇成人向动画，讲述25岁女性扮成高中生上学的故事。作品以恋爱、成年向与日常为特色，动画的氛围暧昧，两人的互动充满张力，是一部面向成人的恋爱作品。作品在甜蜜之余也保留了青春特有的青涩与迷茫，主角在感情中的成长与抉择贯穿始终，配乐温润、画面明丽，将恋爱中的忐忑、欢喜与遗憾都拿捏得恰到好处，适合慢慢品味。整体而言，该作在题材表达与情感渲染上均有可取之处，剧情张弛有度，角色令人印象深刻，是一部完成度较高、值得推荐的作品。
978,primary,zh-CN,IDOLiSH7-偶像星愿-,《IDOLiSH7-偶像星愿-》改编自同名游戏，讲述偶像组合IDOLiSH7的物语。少年们在偶像舞台上追逐梦想，作品以音乐、偶像与群像为特色，歌曲与舞台演出华丽，角色们各具魅力，动画的氛围励志温暖，是偶像动画的佳作。角色的个性塑造鲜明，舞台上的自信与生活中的可爱形成反差，团队协作与个人成长双线并进，歌舞编排赏心悦目，让观众既能享受视听盛宴，也能为少女们的梦想与坚持而感动。整体而言，该作在题材表达与情感渲染上均有可取之处，剧情张弛有度，角色令人印象深刻，是一部完成度较高、值得推荐的作品。
979,primary,zh-CN,怪兽娘～奥特怪兽拟人化计划～ 第二季,《怪兽娘～奥特怪兽拟人化计划～ 第二季》延续第一季，怪兽娘们的日常继续。本作怪兽娘们在学园中的生活更加丰富，作品以怪兽拟人、日常与搞笑为特色，动画画风可爱、氛围轻松，是奥特曼系列的衍生作品。作品没有强烈的戏剧冲突，却以细腻的笔触捕捉日常中的微小幸福，角色的喜怒哀乐真实可感，在平实的叙述中悄然传递着生活的温度，适合在忙碌之余放松心情慢慢欣赏。整体而言，该作在题材表达与情感渲染上均有可取之处，剧情张弛有度，角色令人印象深刻，是一部完成度较高、值得推荐的作品。
980,primary,zh-CN,银之守墓人 第二季,《银之守墓人 第二季》延续第一季，守墓人少年陆水银的冒险继续。本作水银在游戏世界中的战斗更加激烈，作品以游戏、战斗与热血为特色，动画的战斗场面华丽，水银的成长与羁绊贯穿始终，是国漫合作的作品。动作设计与演出张力俱佳，随着剧情推进，主角面对的敌人越来越强，战斗方式与自身局限的突破层层升级，配乐与画面配合出色，将热血少年向作品应有的爽快感与成长感都演绎得十分到位。整体而言，该作在题材表达与情感渲染上均有可取之处，剧情张弛有度，角色令人印象深刻，是一部完成度较高、值得推荐的作品。
981,primary,zh-CN,豆猫,《豆猫》是短篇动画，讲述豆子般大小的猫咪们的日常。作品以萌宠、日常与治愈为特色，动画画风软萌、氛围轻松，在极短的篇幅内展现猫咪们的可爱，是一部让人心情愉悦的治愈泡面番。作品没有强烈的戏剧冲突，却以细腻的笔触捕捉日常中的微小幸福，角色的喜怒哀乐真实可感，在平实的叙述中悄然传递着生活的温度，适合在忙碌之余放松心情慢慢欣赏。整体而言，该作在题材表达与情感渲染上均有可取之处，剧情张弛有度，角色令人印象深刻，是一部完成度较高、值得推荐的作品。
982,primary,zh-CN,银魂. 银之魂篇,《银魂. 银之魂篇》是《银魂》系列动画，万事屋的战斗迎来新篇章。本作银时一行人在最终决战中面对敌人，作品以搞笑、吐槽与热血为特色，银时的毒舌与伙伴们的羁绊令人动容，是银魂系列的延续。动画的节奏把控张弛有度，战斗场面的分镜与作画都相当扎实，主角在与强敌的较量中不断突破自我，和同伴之间建立的信任与羁绊也为剧情增添了温度，热血与感动并存，值得一看。整体而言，该作在题材表达与情感渲染上均有可取之处，剧情张弛有度，角色令人印象深刻，是一部完成度较高、值得推荐的作品。
983,primary,zh-CN,第一次的Gal OAD,《第一次的Gal OAD》是《第一次的辣妹》的OVA，纯一与辣妹们的恋爱番外。本作以轻松的日常为主，作品以恋爱、搞笑与福利为特色，动画的氛围轻松，纯一与辣妹们的互动充满笑料，是一部轻松的番外作品。作品在甜蜜之余也保留了青春特有的青涩与迷茫，主角在感情中的成长与抉择贯穿始终，配乐温润、画面明丽，将恋爱中的忐忑、欢喜与遗憾都拿捏得恰到好处，适合慢慢品味。整体而言，该作在题材表达与情感渲染上均有可取之处，剧情张弛有度，角色令人印象深刻，是一部完成度较高、值得推荐的作品。
984,primary,zh-CN,新妹魔王的契约者 DEPARTURES,《新妹魔王的契约者 DEPARTURES》是《新妹魔王的契约者》的OVA，刃更与魔王之女们的战斗番外。本作以轻松的日常与温泉福利为主，作品以福利、热血战斗与后宫元素结合，动画的战斗场面华丽，是轻改战斗后宫番的番外作品。动作设计与演出张力俱佳，随着剧情推进，主角面对的敌人越来越强，战斗方式与自身局限的突破层层升级，配乐与画面配合出色，将热血少年向作品应有的爽快感与成长感都演绎得十分到位。整体而言，该作在题材表达与情感渲染上均有可取之处，剧情张弛有度，角色令人印象深刻，是一部完成度较高、值得推荐的作品。
985,primary,zh-CN,B：起点,《B：起点》是网飞的原创动画，讲述天才搜查官与杀手黑羽的战斗。本作围绕黑羽与马基的复仇与阴谋展开，作品以科幻、悬疑与动作(为特色，动画的战斗场面华丽，角色们的命运交织，是一部风格冷峻的作品。动画的节奏把控张弛有度，战斗场面的分镜与作画都相当扎实，主角在与强敌的较量中不断突破自我，和同伴之间建立的信任与羁绊也为剧情增添了温度，热血与感动并存，值得一看。整体而言，该作在题材表达与情感渲染上均有可取之处，剧情张弛有度，角色令人印象深刻，是一部完成度较高、值得推荐的作品。
986,primary,zh-CN,A.I.C.O.：化身,《A.I.C.O.：化身》是网飞的原创动画，讲述少女爱子在近未来的冒险。爱子为寻找自己的身体而展开旅行，作品以科幻、战斗与悬疑为特色，动画的制作精良，爱子的成长与真相层层展开，是一部硬核的科幻作品。动作设计与演出张力俱佳，随着剧情推进，主角面对的敌人越来越强，战斗方式与自身局限的突破层层升级，配乐与画面配合出色，将热血少年向作品应有的爽快感与成长感都演绎得十分到位。整体而言，该作在题材表达与情感渲染上均有可取之处，剧情张弛有度，角色令人印象深刻，是一部完成度较高、值得推荐的作品。
987,primary,zh-CN,ReLIFE 完结篇,《ReLIFE 完结篇》是《ReLIFE》的完结动画，海崎新太的青春重来迎来结局。本作围绕海崎与日代玲的感情发展展开，作品以青春、成长与治愈为主题，动画的氛围温馨，结局令人动容，是ReLIFE系列的完结篇。作品没有强烈的戏剧冲突，却以细腻的笔触捕捉日常中的微小幸福，角色的喜怒哀乐真实可感，在平实的叙述中悄然传递着生活的温度，适合在忙碌之余放松心情慢慢欣赏。整体而言，该作在题材表达与情感渲染上均有可取之处，剧情张弛有度，角色令人印象深刻，是一部完成度较高、值得推荐的作品。
988,primary,zh-CN,魔法少女俺,《魔法少女俺》改编自同名漫画。少女卯野咲在成为魔法少女时，变身成肌肉男。作品以魔法少女、搞笑与恶搞为特色，咲的变身反差充满笑料，动画的演出夸张、节奏明快，是一部让人捧腹的搞笑作品。歌舞演出的画面制作精良，每一首歌都与角色心境和剧情推进紧密呼应，少女们在聚光灯下的闪耀与幕后流下的汗水同样动人，传递出追逐梦想、不懈努力的正能量，感染力十足。整体而言，该作在题材表达与情感渲染上均有可取之处，剧情张弛有度，角色令人印象深刻，是一部完成度较高、值得推荐的作品。
989,primary,zh-CN,蓝海少女 第二季,《蓝海少女 第二季》延续第一季，少女们的潜水日常继续。本作双叶与光在潜水中迎接新的挑战，作品以潜水、日常与治愈为特色，动画的画风清新唯美，海底世界与少女们的青春交相辉映，是一部充满治愈气息的作品。画风清新、节奏舒缓，人物之间的相处自然而温暖，那些平凡琐碎的片段在动画的演绎下变得闪闪发光，传递出一种治愈人心的宁静力量，是治愈系爱好者不容错过的作品。整体而言，该作在题材表达与情感渲染上均有可取之处，剧情张弛有度，角色令人印象深刻，是一部完成度较高、值得推荐的作品。
990,primary,zh-CN,Code Geass 反叛的鲁路修 I 兴道,《Code Geass 反叛的鲁路修 I 兴道》是《Code Geass》的剧场版总集篇，鲁路修的物语重新编排。本作回顾鲁路修获得Geass与反叛的剧情，作品以战略、机战与群像为特色，动画的战斗场面华丽，鲁路修的智谋令人震撼，是鲁路修系列的剧场版。动作设计与演出张力俱佳，随着剧情推进，主角面对的敌人越来越强，战斗方式与自身局限的突破层层升级，配乐与画面配合出色，将热血少年向作品应有的爽快感与成长感都演绎得十分到位。
991,primary,zh-CN,灵能百分百 REIGEN ～不为人知的奇迹的灵能力者～,《灵能百分百 REIGEN ～不为人知的奇迹的灵能力者～》是《灵能百分百》的OVA，围绕师父灵幻新隆展开。本作灵幻在解决灵异事件中的搞笑日常，作品以超能力、搞笑与成长为主题，动画的战斗场面华丽，灵幻的魅力令人动容，是灵能百分百系列的番外作品。动画的节奏把控张弛有度，战斗场面的分镜与作画都相当扎实，主角在与强敌的较量中不断突破自我，和同伴之间建立的信任与羁绊也为剧情增添了温度，热血与感动并存，值得一看。
992,primary,zh-CN,魔法少女奈叶 Reflection,《魔法少女奈叶 Reflection》是《魔法少女奈叶》的剧场版，奈叶与伙伴们的战斗。本作围绕新的敌人与灾厄展开，作品以魔法少女、战斗与羁绊为特色，动画的战斗场面华丽，奈叶的成长令人动容，是魔法少女奈叶系列的剧场版。动作设计与演出张力俱佳，随着剧情推进，主角面对的敌人越来越强，战斗方式与自身局限的突破层层升级，配乐与画面配合出色，将热血少年向作品应有的爽快感与成长感都演绎得十分到位。整体而言，该作在题材表达与情感渲染上均有可取之处，剧情张弛有度，角色令人印象深刻，是一部完成度较高、值得推荐的作品。
993,primary,zh-CN,烟花,《烟花》是岩井俊二同名短剧的剧场版，讲述少年典道与少女奈砂的夏日物语。典道在烟花大会的夜晚展开一段奇幻的旅程，作品以恋爱、青春与奇幻为主题，动画的画面唯美，典道与奈砂的青涩情感令人动容，是一部充满夏日气息的作品。角色间的互动刻画得细腻自然，那些欲言又止的心意、别扭又真诚的靠近都真实而动人，情感线与日常情节交织，让观众在会心一笑与怦然心动之间反复横跳，是一部让人回味无穷的恋爱物语。整体而言，该作在题材表达与情感渲染上均有可取之处，剧情张弛有度，角色令人印象深刻，是一部完成度较高、值得推荐的作品。
994,primary,zh-CN,特別版 Free!-Take Your Marks-,《特別版 Free!-Take Your Marks-》是《Free!》的剧场版，游泳少年们的毕业物语。本作围绕遥等人的高中最后时光展开，作品以游泳、青春与情感为主题，动画的水中作画优美，少年们的友谊与梦想令人动容，是Free!系列的剧场版。校园日常的描写真实而鲜活，社团活动、考试与朋友间的嬉闹构成了鲜活的青春图景，角色们在欢笑与烦恼中逐渐成长，轻松的氛围中蕴含着对友情与梦想的珍视，观感舒适亲切。
995,primary,zh-CN,剧场版 窈窕淑女 前篇 ～红绪、花样的17岁～,《剧场版 窈窕淑女 前篇 ～红绪、花样的17岁～》是经典少女漫画的剧场版，少女红绪在大正时代的物语。红绪在新时代中追求自由与爱情，作品以恋爱、历史与群像为特色，动画的画风复古精美，红绪的成长令人动容，是一部充满时代气息的作品。作品在甜蜜之余也保留了青春特有的青涩与迷茫，主角在感情中的成长与抉择贯穿始终，配乐温润、画面明丽，将恋爱中的忐忑、欢喜与遗憾都拿捏得恰到好处，适合慢慢品味。整体而言，该作在题材表达与情感渲染上均有可取之处，剧情张弛有度，角色令人印象深刻，是一部完成度较高、值得推荐的作品。
996,primary,zh-CN,剧场版 Fate/stay night [Heaven's Feel] I.presage flower,《剧场版 Fate/stay night [Heaven's Feel] I.presage flower》是Fate系列的剧场版，间桐樱的物语。本作围绕樱与卫宫士郎的相遇展开，作品以Fate世界观、战斗与黑暗为特色，动画的战斗场面华丽，樱的悲剧命运充满张力，是Heaven's Feel线的开篇。动作设计与演出张力俱佳，随着剧情推进，主角面对的敌人越来越强，战斗方式与自身局限的突破层层升级，配乐与画面配合出色，将热血少年向作品应有的爽快感与成长感都演绎得十分到位。
997,primary,zh-CN,哥斯拉 怪兽行星,《哥斯拉 怪兽行星》是哥斯拉系列剧场版，人类在哥斯拉支配的星球上的生存。本作人类为了夺回地球而展开战斗，作品以科幻、战斗与群像为特色，动画的3DCG画面华丽，人类的挣扎与哥斯拉的威胁充满张力，是哥斯拉系列的剧场版。动画的节奏把控张弛有度，战斗场面的分镜与作画都相当扎实，主角在与强敌的较量中不断突破自我，和同伴之间建立的信任与羁绊也为剧情增添了温度，热血与感动并存，值得一看。整体而言，该作在题材表达与情感渲染上均有可取之处，剧情张弛有度，角色令人印象深刻，是一部完成度较高、值得推荐的作品。
998,primary,zh-CN,想要传达你的声音,《想要传达你的声音》是剧场版动画，讲述少女们在广播中传达心声的物语。少女们在广播电台的活动充满青春气息，作品以青春、治愈与群像为特色，动画的氛围温暖，少女们的心声令人动容，是一部治愈系的作品。画风清新、节奏舒缓，人物之间的相处自然而温暖，那些平凡琐碎的片段在动画的演绎下变得闪闪发光，传递出一种治愈人心的宁静力量，是治愈系爱好者不容错过的作品。整体而言，该作在题材表达与情感渲染上均有可取之处，剧情张弛有度，角色令人印象深刻，是一部完成度较高、值得推荐的作品。
999,primary,zh-CN,与魔共舞-Fortuna-,《与魔共舞-Fortuna-》是《与魔共舞》的剧场版，律香与恶魔们的物语继续。本作围绕律香的命运与恶魔们的纠葛展开，作品以恋爱、奇幻与音乐为特色，动画的哥特式氛围浓厚，是一部充满魅力的乙女向剧场版。角色间的互动刻画得细腻自然，那些欲言又止的心意、别扭又真诚的靠近都真实而动人，情感线与日常情节交织，让观众在会心一笑与怦然心动之间反复横跳，是一部让人回味无穷的恋爱物语。整体而言，该作在题材表达与情感渲染上均有可取之处，剧情张弛有度，角色令人印象深刻，是一部完成度较高、值得推荐的作品。
1000,primary,zh-CN,请问您今天要来点兔子吗？？～Dear My Sister～,《请问您今天要来点兔子吗？？～Dear My Sister～》是《请问您今天要来点兔子吗？》的剧场版，少女们在Rabbit House的日常继续。本作心爱回到小镇与智乃等人重逢，作品以可爱的角色、温馨的日常与甜点为主题，画面明亮治愈，是一部让人心情愉悦的治愈系剧场版。作品没有强烈的戏剧冲突，却以细腻的笔触捕捉日常中的微小幸福，角色的喜怒哀乐真实可感，在平实的叙述中悄然传递着生活的温度，适合在忙碌之余放松心情慢慢欣赏。
1001,primary,zh-CN,Code Geass 反叛的鲁路修 II 叛道,《Code Geass 反叛的鲁路修 II 叛道》是《Code Geass》的剧场版总集篇，鲁路修的物语继续。本作回顾鲁路修在黑色骑士团时期的故事，作品以战略、机战与群像为特色，动画的战斗场面华丽，鲁路修的智谋与抉择令人震撼，是鲁路修系列的剧场版。作品在热血的打斗之外，也细致刻画了角色们各自的信念与选择，每一次战斗都不仅是力量的较量，更是意志的碰撞，高潮部分张力十足，让观众在肾上腺素飙升的同时也为之动容。
1002,primary,zh-CN,鬼灯的冷彻 第二季 其之二,《鬼灯的冷彻 第二季 其之二》延续系列，地狱的日常继续。本作鬼灯在地狱中处理各种事务，与阎魔大王及狱卒们的互动充满笑料，作品以搞笑、日常与黑色幽默为特色，动画对地狱的设定充满创意，是一部独特的搞笑作品。作品没有强烈的戏剧冲突，却以细腻的笔触捕捉日常中的微小幸福，角色的喜怒哀乐真实可感，在平实的叙述中悄然传递着生活的温度，适合在忙碌之余放松心情慢慢欣赏。整体而言，该作在题材表达与情感渲染上均有可取之处，剧情张弛有度，角色令人印象深刻，是一部完成度较高、值得推荐的作品。
1003,primary,zh-CN,多田君不恋爱,《多田君不恋爱》是原创动画，讲述摄影少年多田光良与少女泰瑞莎的恋爱。多田在遇见异国少女后展开青春物语，作品以恋爱、日常与青春为特色，动画的氛围温馨，多田与泰瑞莎的情感发展细腻动人，是一部充满阳光的恋爱作品。角色间的互动刻画得细腻自然，那些欲言又止的心意、别扭又真诚的靠近都真实而动人，情感线与日常情节交织，让观众在会心一笑与怦然心动之间反复横跳，是一部让人回味无穷的恋爱物语。整体而言，该作在题材表达与情感渲染上均有可取之处，剧情张弛有度，角色令人印象深刻，是一部完成度较高、值得推荐的作品。
1004,primary,zh-CN,偶像活动Friends,《偶像活动Friends》是偶像活动系列动画，少女们的偶像生活继续。本作新的主角与舞台登场，少女们在偶像道路上追逐梦想，作品以华丽的舞台演出、可爱的角色与音乐为特色，歌舞场面充满感染力，是少女向偶像动画的经典系列。画风清新、节奏舒缓，人物之间的相处自然而温暖，那些平凡琐碎的片段在动画的演绎下变得闪闪发光，传递出一种治愈人心的宁静力量，是治愈系爱好者不容错过的作品。整体而言，该作在题材表达与情感渲染上均有可取之处，剧情张弛有度，角色令人印象深刻，是一部完成度较高、值得推荐的作品。
1005,primary,zh-CN,全金属狂潮 Invisible Victory,《全金属狂潮 Invisible Victory》延续系列，相良宗介与千鸟要的故事继续。本作宗介为了保护千鸟卷入新的战斗，作品以机战、战斗与热血为特色，动画的战斗场面华丽，宗介与千鸟的羁绊贯穿始终，是全金属狂潮系列的续作。动作设计与演出张力俱佳，随着剧情推进，主角面对的敌人越来越强，战斗方式与自身局限的突破层层升级，配乐与画面配合出色，将热血少年向作品应有的爽快感与成长感都演绎得十分到位。整体而言，该作在题材表达与情感渲染上均有可取之处，剧情张弛有度，角色令人印象深刻，是一部完成度较高、值得推荐的作品。
1006,primary,zh-CN,食戟之灵 餐之皿 远月列车篇,《食戟之灵 餐之皿 远月列车篇》是《食戟之灵》第三季的后半，幸平创真的料理战斗继续。本作创真在远月列车上的食戟之战，作品以美食、热血与竞技为特色，动画对料理的描绘令人垂涎欲滴，比赛场面紧张刺激，是美食题材动画的经典。动画的节奏把控张弛有度，战斗场面的分镜与作画都相当扎实，主角在与强敌的较量中不断突破自我，和同伴之间建立的信任与羁绊也为剧情增添了温度，热血与感动并存，值得一看。整体而言，该作在题材表达与情感渲染上均有可取之处，剧情张弛有度，角色令人印象深刻，是一部完成度较高、值得推荐的作品。
1007,primary,zh-CN,失忆融合WIXOSS,《失忆融合WIXOSS》是WIXOSS系列动画，卡片战斗的物语继续。本作围绕新的规则与少女们的命运展开，作品以卡牌、悬疑与心理博弈为特色，动画延续系列的暗黑氛围，少女们的命运与愿望交织，是一部风格独特的作品。动作设计与演出张力俱佳，随着剧情推进，主角面对的敌人越来越强，战斗方式与自身局限的突破层层升级，配乐与画面配合出色，将热血少年向作品应有的爽快感与成长感都演绎得十分到位。整体而言，该作在题材表达与情感渲染上均有可取之处，剧情张弛有度，角色令人印象深刻，是一部完成度较高、值得推荐的作品。
1008,primary,zh-CN,漫画女孩,《漫画女孩》改编自同名漫画。立志成为漫画家的少女萌田薰子，在宿舍与伙伴们的日常。作品以漫画家、日常与治愈为特色，薰子与伙伴们的互动充满温馨，动画画风可爱、氛围轻松，是一部治愈系的日常作品。作品没有强烈的戏剧冲突，却以细腻的笔触捕捉日常中的微小幸福，角色的喜怒哀乐真实可感，在平实的叙述中悄然传递着生活的温度，适合在忙碌之余放松心情慢慢欣赏。整体而言，该作在题材表达与情感渲染上均有可取之处，剧情张弛有度，角色令人印象深刻，是一部完成度较高、值得推荐的作品。
1009,primary,zh-CN,黑社会的超能力女儿,《黑社会的超能力女儿》改编自同名漫画。超能力少女杏子被黑社会干部新田收留，展开同居生活。作品以搞笑、日常与超能力为特色，杏子的我行我素与新田的无奈形成反差，动画的氛围轻松，是一部让人捧腹的搞笑作品。作品没有强烈的戏剧冲突，却以细腻的笔触捕捉日常中的微小幸福，角色的喜怒哀乐真实可感，在平实的叙述中悄然传递着生活的温度，适合在忙碌之余放松心情慢慢欣赏。整体而言，该作在题材表达与情感渲染上均有可取之处，剧情张弛有度，角色令人印象深刻，是一部完成度较高、值得推荐的作品。
1010,primary,zh-CN,魔法少女网站,《魔法少女网站》改编自同名漫画。被欺凌的少女朝雾彩在偶然下获得魔法少女的力量。作品以魔法少女、黑暗与复仇为主题，动画的氛围压抑，魔法少女们的悲惨命运充满冲击力，是反套路的魔法少女作品。作品在幻想的外衣下探讨着真实的情感与抉择，主角的成长线扎实有力，与伙伴们的情谊在一次次考验中愈发深厚，冒险的紧张感与日常的温情交替呈现，故事层次丰富、后劲十足。整体而言，该作在题材表达与情感渲染上均有可取之处，剧情张弛有度，角色令人印象深刻，是一部完成度较高、值得推荐的作品。
1011,primary,zh-CN,魔性之线DEVIL'S LINE,《魔性之线DEVIL'S LINE》改编自同名漫画。吸血鬼与人类的共存中，警察安斋与少女开始合作。作品以吸血鬼、悬疑与动作(为特色，动画的氛围冷峻，安斋的内心挣扎与案件的展开充满张力，是一部黑暗的作品。剧情层层递进、伏笔密布，随着线索的不断拼合，真相逐渐浮出水面，每一次反转都在意料之外又情理之中，细节经得起推敲，氛围营造到位，是喜欢烧脑故事的观众不可错过之作。整体而言，该作在题材表达与情感渲染上均有可取之处，剧情张弛有度，角色令人印象深刻，是一部完成度较高、值得推荐的作品。
1012,primary,zh-CN,卡利古拉,《卡利古拉》改编自同名游戏。在虚拟世界莫比乌斯中，少年们发现世界的真相。作品以科幻、心理与群像为特色，动画的氛围压抑，主角们觉醒与反抗的展开充满思辨，是一部风格独特的作品。剧情层层递进、伏笔密布，随着线索的不断拼合，真相逐渐浮出水面，每一次反转都在意料之外又情理之中，细节经得起推敲，氛围营造到位，是喜欢烧脑故事的观众不可错过之作。整体而言，该作在题材表达与情感渲染上均有可取之处，剧情张弛有度，角色令人印象深刻，是一部完成度较高、值得推荐的作品。
1013,primary,zh-CN,恶魔高校 D×D HERO,《恶魔高校 D×D HERO》延续系列，兵藤一诚的恶魔战斗继续。本作一诚在恶魔高校中的战斗与后宫生活更加激烈，作品以战斗、后宫与福利为特色，动画的战斗场面华丽，福利与热血并存，是一部标准的轻改战斗后宫番。动作设计与演出张力俱佳，随着剧情推进，主角面对的敌人越来越强，战斗方式与自身局限的突破层层升级，配乐与画面配合出色，将热血少年向作品应有的爽快感与成长感都演绎得十分到位。整体而言，该作在题材表达与情感渲染上均有可取之处，剧情张弛有度，角色令人印象深刻，是一部完成度较高、值得推荐的作品。
1014,primary,zh-CN,最终休止符～无止境的螺旋物语～,《最终休止符～无止境的螺旋物语～》改编自同名游戏。少年哈鲁与伙伴们在异世界中的冒险。作品以奇幻、冒险与热血为特色，动画的氛围轻松，哈鲁与伙伴们的互动充满趣味，是一部标准的冒险作品。动作设计与演出张力俱佳，随着剧情推进，主角面对的敌人越来越强，战斗方式与自身局限的突破层层升级，配乐与画面配合出色，将热血少年向作品应有的爽快感与成长感都演绎得十分到位。整体而言，该作在题材表达与情感渲染上均有可取之处，剧情张弛有度，角色令人印象深刻，是一部完成度较高、值得推荐的作品。
1015,primary,zh-CN,高达创形者,《高达创形者》是高达系列动画，讲述高达模型对战的故事。少年三上陆在高达模型对战世界中成长，作品以高达模型、战斗与热血为特色，动画的战斗场面华丽，陆的成长与伙伴们的羁绊贯穿始终，是高达系列的新篇章。动画的节奏把控张弛有度，战斗场面的分镜与作画都相当扎实，主角在与强敌的较量中不断突破自我，和同伴之间建立的信任与羁绊也为剧情增添了温度，热血与感动并存，值得一看。整体而言，该作在题材表达与情感渲染上均有可取之处，剧情张弛有度，角色令人印象深刻，是一部完成度较高、值得推荐的作品。
1016,primary,zh-CN,信长的忍者 姊川·石山篇,《信长的忍者 姊川·石山篇》延续系列，忍者千鸟与织田信长的故事继续。本作围绕姊川与石山的战役展开，作品以战国、搞笑与日常为特色，动画篇幅短小、节奏明快，是一部轻松解压的泡面番。动作设计与演出张力俱佳，随着剧情推进，主角面对的敌人越来越强，战斗方式与自身局限的突破层层升级，配乐与画面配合出色，将热血少年向作品应有的爽快感与成长感都演绎得十分到位。整体而言，该作在题材表达与情感渲染上均有可取之处，剧情张弛有度，角色令人印象深刻，是一部完成度较高、值得推荐的作品。
1017,primary,zh-CN,宇宙战舰提拉米斯,《宇宙战舰提拉米斯》是短篇搞笑动画，讲述王牌驾驶员一之濑昴在宇宙战舰中的日常。昴在战斗与日常间的反差充满笑料，作品以科幻、搞笑与吐槽为特色，动画的脑洞大开、笑点密集，是一部独特的搞笑作品。动作设计与演出张力俱佳，随着剧情推进，主角面对的敌人越来越强，战斗方式与自身局限的突破层层升级，配乐与画面配合出色，将热血少年向作品应有的爽快感与成长感都演绎得十分到位。整体而言，该作在题材表达与情感渲染上均有可取之处，剧情张弛有度，角色令人印象深刻，是一部完成度较高、值得推荐的作品。
1018,primary,zh-CN,东京喰种:re,《东京喰种:re》延续系列，喰种与搜查官的战斗继续。本作佐佐木琲世与CCG的新篇章展开，作品以喰种、战斗与黑暗为特色，动画的氛围沉重，金木研的过去与抉择充满张力，是东京喰种系列的续作。动画的节奏把控张弛有度，战斗场面的分镜与作画都相当扎实，主角在与强敌的较量中不断突破自我，和同伴之间建立的信任与羁绊也为剧情增添了温度，热血与感动并存，值得一看。整体而言，该作在题材表达与情感渲染上均有可取之处，剧情张弛有度，角色令人印象深刻，是一部完成度较高、值得推荐的作品。
1019,primary,zh-CN,ALICE or ALICE,《ALICE or ALICE》是短篇动画，讲述爱丽丝与妹妹们的日常。作品以萌系、日常与搞笑为特色，动画画风可爱、篇幅短小，在轻松的日常中展现少女们的互动，是一部轻松解压的泡面番。画风清新、节奏舒缓，人物之间的相处自然而温暖，那些平凡琐碎的片段在动画的演绎下变得闪闪发光，传递出一种治愈人心的宁静力量，是治愈系爱好者不容错过的作品。整体而言，该作在题材表达与情感渲染上均有可取之处，剧情张弛有度，角色令人印象深刻，是一部完成度较高、值得推荐的作品。
1020,primary,zh-CN,失落的歌谣,《失落的歌谣》是短篇动画，讲述少女们与歌声的物语。作品以音乐、日常与治愈为特色，动画画风精美、氛围宁静，在歌声中展现少女们的情感，是一部短小却温馨的作品。作品没有强烈的戏剧冲突，却以细腻的笔触捕捉日常中的微小幸福，角色的喜怒哀乐真实可感，在平实的叙述中悄然传递着生活的温度，适合在忙碌之余放松心情慢慢欣赏。整体而言，该作在题材表达与情感渲染上均有可取之处，剧情张弛有度，角色令人印象深刻，是一部完成度较高、值得推荐的作品。
1021,primary,zh-CN,冷然之天秤,《冷然之天秤》改编自同名游戏。大正时代的少女久世鸫，与拥有能力的男人们相遇。作品以恋爱、大正时代与悬疑为特色，鸫在调查事件中与男人们的互动充满魅力，动画的氛围优雅，是乙女向动画的作品。角色间的互动刻画得细腻自然，那些欲言又止的心意、别扭又真诚的靠近都真实而动人，情感线与日常情节交织，让观众在会心一笑与怦然心动之间反复横跳，是一部让人回味无穷的恋爱物语。整体而言，该作在题材表达与情感渲染上均有可取之处，剧情张弛有度，角色令人印象深刻，是一部完成度较高、值得推荐的作品。
1022,primary,zh-CN,命运石之门 0,《命运石之门 0》是《命运石之门》的续作，讲述冈部伦太郎在失败未来的故事。本作冈部放弃拯救失败后，新的世界线展开，作品以科幻、时间旅行与悬疑为特色，动画的氛围压抑，剧情的反转充满震撼，是命运石之门系列的续作。悬疑氛围铺垫扎实，人物之间暗流涌动的博弈与隐藏的秘密交织出复杂的叙事网络，叙事节奏收放自如，高潮部分的揭示震撼有力，看完之后依然值得反复回味其中的细节。整体而言，该作在题材表达与情感渲染上均有可取之处，剧情张弛有度，角色令人印象深刻，是一部完成度较高、值得推荐的作品。
1023,primary,zh-CN,宅男腐女恋爱真难,《宅男腐女恋爱真难》改编自同名漫画。宅女成海与宅男宏嵩的恋爱物语。两人在游戏与动漫的共同爱好中展开恋爱，作品以恋爱、日常与搞笑为特色，动画的氛围轻松，宅文化的描写真实有趣，是一部让人会心一笑的作品。角色间的互动刻画得细腻自然，那些欲言又止的心意、别扭又真诚的靠近都真实而动人，情感线与日常情节交织，让观众在会心一笑与怦然心动之间反复横跳，是一部让人回味无穷的恋爱物语。整体而言，该作在题材表达与情感渲染上均有可取之处，剧情张弛有度，角色令人印象深刻，是一部完成度较高、值得推荐的作品。
1024,primary,zh-CN,重神机潘多拉,《重神机潘多拉》是原创动画，讲述在异变的近未来，少年们驾驶机体战斗的故事。作品以机战、科幻与群像为特色，动画的战斗场面华丽，角色们的成长与羁绊贯穿始终，是一部标准的机战作品。动画的节奏把控张弛有度，战斗场面的分镜与作画都相当扎实，主角在与强敌的较量中不断突破自我，和同伴之间建立的信任与羁绊也为剧情增添了温度，热血与感动并存，值得一看。整体而言，该作在题材表达与情感渲染上均有可取之处，剧情张弛有度，角色令人印象深刻，是一部完成度较高、值得推荐的作品。
1025,primary,zh-CN,3D彼女,《3D彼女》改编自同名漫画。宅男高中生筒井光与辣妹五十岚色的恋爱。作品以恋爱、青春与日常为特色，筒井与色的性格反差充满看点，动画的氛围温馨，两人的恋爱发展细腻动人，是一部充满真实感的恋爱作品。作品在甜蜜之余也保留了青春特有的青涩与迷茫，主角在感情中的成长与抉择贯穿始终，配乐温润、画面明丽，将恋爱中的忐忑、欢喜与遗憾都拿捏得恰到好处，适合慢慢品味。整体而言，该作在题材表达与情感渲染上均有可取之处，剧情张弛有度，角色令人印象深刻，是一部完成度较高、值得推荐的作品。
1026,primary,zh-CN,刀剑神域外传 Gun Gale Online,《刀剑神域外传 Gun Gale Online》是《刀剑神域》的外传，讲述少女小莲在GGO中的战斗。小莲在枪战游戏中寻找自我，作品以科幻、枪战与成长为主题，动画的战斗场面华丽，小莲的成长与游戏世界的设定充满魅力，是SAO系列的外传。动作设计与演出张力俱佳，随着剧情推进，主角面对的敌人越来越强，战斗方式与自身局限的突破层层升级，配乐与画面配合出色，将热血少年向作品应有的爽快感与成长感都演绎得十分到位。
1027,primary,zh-CN,女神异闻录5,《女神异闻录5》改编自同名游戏，讲述怪盗团的活动。少年们在Persona的力量下潜入心灵世界，作品以Persona战斗、青春与群像为特色，动画的风格独特，怪盗团的冒险充满魅力，是P5系列的动画化。动画的节奏把控张弛有度，战斗场面的分镜与作画都相当扎实，主角在与强敌的较量中不断突破自我，和同伴之间建立的信任与羁绊也为剧情增添了温度，热血与感动并存，值得一看。整体而言，该作在题材表达与情感渲染上均有可取之处，剧情张弛有度，角色令人印象深刻，是一部完成度较高、值得推荐的作品。
1028,primary,zh-CN,棒球大联盟2nd,《棒球大联盟2nd》是《棒球大联盟》的续作，讲述吾郎之子大吾的棒球物语。大吾在父亲的期望与自己的才能间挣扎，作品以棒球、热血与青春为特色，动画的比赛场面充满激情，大吾的成长令人动容，是棒球大联盟系列的续作。动作设计与演出张力俱佳，随着剧情推进，主角面对的敌人越来越强，战斗方式与自身局限的突破层层升级，配乐与画面配合出色，将热血少年向作品应有的爽快感与成长感都演绎得十分到位。整体而言，该作在题材表达与情感渲染上均有可取之处，剧情张弛有度，角色令人印象深刻，是一部完成度较高、值得推荐的作品。
1029,primary,zh-CN,你还是不懂群马,《你还是不懂群马》改编自同名漫画。转学生神月纪在群马县的高中经历地域文化的冲击。作品以搞笑、日常与地域文化为特色，动画将群马县的独特文化描绘得夸张有趣，是一部让人捧腹的搞笑作品。作品没有强烈的戏剧冲突，却以细腻的笔触捕捉日常中的微小幸福，角色的喜怒哀乐真实可感，在平实的叙述中悄然传递着生活的温度，适合在忙碌之余放松心情慢慢欣赏。整体而言，该作在题材表达与情感渲染上均有可取之处，剧情张弛有度，角色令人印象深刻，是一部完成度较高、值得推荐的作品。
1030,primary,zh-CN,鬼太郎 第六季,《鬼太郎 第六季》是经典妖怪动画，鬼太郎与妖怪们的战斗继续。本作鬼太郎在现代社会中与妖怪们对抗，作品以妖怪、战斗与单元剧为特色，动画将传统妖怪与现代结合，单元故事充满趣味，是鬼太郎系列的延续。动画的节奏把控张弛有度，战斗场面的分镜与作画都相当扎实，主角在与强敌的较量中不断突破自我，和同伴之间建立的信任与羁绊也为剧情增添了温度，热血与感动并存，值得一看。整体而言，该作在题材表达与情感渲染上均有可取之处，剧情张弛有度，角色令人印象深刻，是一部完成度较高、值得推荐的作品。
1031,primary,zh-CN,银河英雄传说 Die Neue These 邂逅,《银河英雄传说 Die Neue These 邂逅》是银河英雄传说的重制动画，莱因哈特与杨威利的对决。本作围绕银河帝国的战争展开，作品以太空歌剧、战略与群像为特色，动画的制作精良，英雄们的对决充满魄力，是银河英雄传说的现代演绎。动作设计与演出张力俱佳，随着剧情推进，主角面对的敌人越来越强，战斗方式与自身局限的突破层层升级，配乐与画面配合出色，将热血少年向作品应有的爽快感与成长感都演绎得十分到位。整体而言，该作在题材表达与情感渲染上均有可取之处，剧情张弛有度，角色令人印象深刻，是一部完成度较高、值得推荐的作品。
1032,primary,zh-CN,黄金神威,《黄金神威》改编自同名漫画。日俄战争老兵杉元佐一在北海道寻找黄金。作品以冒险、美食与群像为特色，动画将北海道的自然与阿伊努文化描绘得细致，杉元的冒险充满趣味，是一部兼具热血与趣味的作品。动作设计与演出张力俱佳，随着剧情推进，主角面对的敌人越来越强，战斗方式与自身局限的突破层层升级，配乐与画面配合出色，将热血少年向作品应有的爽快感与成长感都演绎得十分到位。整体而言，该作在题材表达与情感渲染上均有可取之处，剧情张弛有度，角色令人印象深刻，是一部完成度较高、值得推荐的作品。
1033,primary,zh-CN,Butlers～千年百年物语～,《Butlers～千年百年物语～》是原创动画，讲述年轻管家与少爷的物语。本作以咖啡店为舞台，展开跨越时空的群像故事，作品以日常、奇幻与群像为特色，动画的画风精美，角色们的互动充满魅力，是一部风格独特的作品。作品没有强烈的戏剧冲突，却以细腻的笔触捕捉日常中的微小幸福，角色的喜怒哀乐真实可感，在平实的叙述中悄然传递着生活的温度，适合在忙碌之余放松心情慢慢欣赏。整体而言，该作在题材表达与情感渲染上均有可取之处，剧情张弛有度，角色令人印象深刻，是一部完成度较高、值得推荐的作品。
1034,primary,zh-CN,钢琴之森,《钢琴之森》改编自同名漫画。天才少年一之濑海与钢琴的物语。海在废弃的森林中发现钢琴，逐渐展现音乐才能，作品以音乐、青春与成长为主题，动画的钢琴演奏场面优美，海的成长令人动容，是一部充满艺术气息的作品。角色的个性塑造鲜明，舞台上的自信与生活中的可爱形成反差，团队协作与个人成长双线并进，歌舞编排赏心悦目，让观众既能享受视听盛宴，也能为少女们的梦想与坚持而感动。整体而言，该作在题材表达与情感渲染上均有可取之处，剧情张弛有度，角色令人印象深刻，是一部完成度较高、值得推荐的作品。
1035,primary,zh-CN,桧曾根与间租谭,《桧曾根与间租谭》是短篇动画，讲述少女们的日常。作品以日常、治愈与搞笑为特色，动画画风可爱、篇幅短小，在轻松的日常中展现少女们的互动，是一部轻松解压的泡面番。作品没有强烈的戏剧冲突，却以细腻的笔触捕捉日常中的微小幸福，角色的喜怒哀乐真实可感，在平实的叙述中悄然传递着生活的温度，适合在忙碌之余放松心情慢慢欣赏。整体而言，该作在题材表达与情感渲染上均有可取之处，剧情张弛有度，角色令人印象深刻，是一部完成度较高、值得推荐的作品。
1036,primary,zh-CN,雷顿 神秘侦探社～卡托莉的解谜档案～,《雷顿 神秘侦探社～卡托莉的解谜档案～》改编自同名游戏，讲述雷顿教授的女儿卡托莉的解谜物语。卡托莉在伦敦解决各种谜题，作品以解谜、悬疑与日常为特色，动画的氛围优雅，卡托莉的推理充满魅力，是雷顿系列的动画化。作品没有强烈的戏剧冲突，却以细腻的笔触捕捉日常中的微小幸福，角色的喜怒哀乐真实可感，在平实的叙述中悄然传递着生活的温度，适合在忙碌之余放松心情慢慢欣赏。整体而言，该作在题材表达与情感渲染上均有可取之处，剧情张弛有度，角色令人印象深刻，是一部完成度较高、值得推荐的作品。
1037,primary,zh-CN,闪亮美妙☆频道,《闪亮美妙☆频道》是美妙系列动画，少女们的偶像活动继续。本作新的主角与舞台登场，少女们在频道中追逐梦想，作品以华丽的舞台演出、可爱的角色与音乐为特色，歌舞场面充满感染力，是少女向偶像动画的经典系列。角色的个性塑造鲜明，舞台上的自信与生活中的可爱形成反差，团队协作与个人成长双线并进，歌舞编排赏心悦目，让观众既能享受视听盛宴，也能为少女们的梦想与坚持而感动。整体而言，该作在题材表达与情感渲染上均有可取之处，剧情张弛有度，角色令人印象深刻，是一部完成度较高、值得推荐的作品。
1038,primary,zh-CN,美男高校地球防卫部 HAPPY KISS！,《美男高校地球防卫部 HAPPY KISS！》是系列新作，美男高中的地球防卫部继续战斗。本作新的成员与敌人登场，男生们的变身战斗依旧充满恶搞，作品以美男、变身、搞笑与恶搞为特色，动画的演出夸张，笑点密集，是一部极具创意的搞笑作品。动作设计与演出张力俱佳，随着剧情推进，主角面对的敌人越来越强，战斗方式与自身局限的突破层层升级，配乐与画面配合出色，将热血少年向作品应有的爽快感与成长感都演绎得十分到位。
1039,primary,zh-CN,罪人与龙共舞,《罪人与龙共舞》改编自同名轻小说。在咒式与龙的世界中，咒式士盖伊与吉吉那展开冒险。作品以奇幻、战斗与群像为特色，动画的设定复杂，盖伊与吉吉那的战斗充满张力，是一部硬核的奇幻作品。动画的节奏把控张弛有度，战斗场面的分镜与作画都相当扎实，主角在与强敌的较量中不断突破自我，和同伴之间建立的信任与羁绊也为剧情增添了温度，热血与感动并存，值得一看。整体而言，该作在题材表达与情感渲染上均有可取之处，剧情张弛有度，角色令人印象深刻，是一部完成度较高、值得推荐的作品。
1040,primary,zh-CN,妖怪旅馆营业中,《妖怪旅馆营业中》改编自同名小说。少女津场木葵继承了妖怪旅馆天神屋。作品以妖怪、美食与治愈为特色，葵在旅馆中的经营与妖怪们的互动充满温馨，动画的氛围温暖，是一部治愈系的妖怪作品。画风清新、节奏舒缓，人物之间的相处自然而温暖，那些平凡琐碎的片段在动画的演绎下变得闪闪发光，传递出一种治愈人心的宁静力量，是治愈系爱好者不容错过的作品。整体而言，该作在题材表达与情感渲染上均有可取之处，剧情张弛有度，角色令人印象深刻，是一部完成度较高、值得推荐的作品。
1041,primary,zh-CN,立花馆恋爱三角铃,《立花馆恋爱三角铃》改编自同名漫画。回到故乡的少女园寺绫音，在学园中与朋友们展开百合日常。作品以百合、恋爱与日常为特色，动画画风可爱、氛围轻松，绫音与朋友们的互动充满萌点，是一部轻松治愈的作品。角色间的互动刻画得细腻自然，那些欲言又止的心意、别扭又真诚的靠近都真实而动人，情感线与日常情节交织，让观众在会心一笑与怦然心动之间反复横跳，是一部让人回味无穷的恋爱物语。整体而言，该作在题材表达与情感渲染上均有可取之处，剧情张弛有度，角色令人印象深刻，是一部完成度较高、值得推荐的作品。
1042,primary,zh-CN,甜蜜惩罚 我是看守专用宠物,《甜蜜惩罚 我是看守专用宠物》是短篇成人向动画，讲述看守与少女的恋爱。作品以恋爱、成年向与日常为特色，动画的氛围暧昧，两人的互动充满张力，是一部面向成人的恋爱作品。角色间的互动刻画得细腻自然，那些欲言又止的心意、别扭又真诚的靠近都真实而动人，情感线与日常情节交织，让观众在会心一笑与怦然心动之间反复横跳，是一部让人回味无穷的恋爱物语。整体而言，该作在题材表达与情感渲染上均有可取之处，剧情张弛有度，角色令人印象深刻，是一部完成度较高、值得推荐的作品。
1043,primary,zh-CN,赛马娘 Pretty Derby,《赛马娘 Pretty Derby》改编自同名企划。马娘们为了梦想在赛马场上奔跑。特别周与伙伴们在赛马学校的成长充满热血，作品以竞技、群像与励志为特色，动画的比赛场面充满激情，马娘们的梦想与羁绊令人动容，是一部口碑极佳的作品。动作设计与演出张力俱佳，随着剧情推进，主角面对的敌人越来越强，战斗方式与自身局限的突破层层升级，配乐与画面配合出色，将热血少年向作品应有的爽快感与成长感都演绎得十分到位。整体而言，该作在题材表达与情感渲染上均有可取之处，剧情张弛有度，角色令人印象深刻，是一部完成度较高、值得推荐的作品。
1044,primary,zh-CN,足球小将,《足球小将》是经典足球动画，讲述天才少年大空翼的足球生涯。本作重新演绎翼的成长与足球梦想，作品以足球、热血与青春为主题，动画的比赛场面充满激情，翼的球技令人震撼，是足球题材动画的经典。动作设计与演出张力俱佳，随着剧情推进，主角面对的敌人越来越强，战斗方式与自身局限的突破层层升级，配乐与画面配合出色，将热血少年向作品应有的爽快感与成长感都演绎得十分到位。整体而言，该作在题材表达与情感渲染上均有可取之处，剧情张弛有度，角色令人印象深刻，是一部完成度较高、值得推荐的作品。
1045,primary,zh-CN,苍天之拳 REGENESIS,《苍天之拳 REGENESIS》是《北斗神拳》的前传，讲述北斗神拳的前世。本作围绕拳志郎在民国时期的战斗展开，作品以格斗、热血与历史为特色，动画的战斗场面华丽，拳志郎的拳法充满魄力，是北斗神拳系列的前传。动画的节奏把控张弛有度，战斗场面的分镜与作画都相当扎实，主角在与强敌的较量中不断突破自我，和同伴之间建立的信任与羁绊也为剧情增添了温度，热血与感动并存，值得一看。整体而言，该作在题材表达与情感渲染上均有可取之处，剧情张弛有度，角色令人印象深刻，是一部完成度较高、值得推荐的作品。
1046,primary,zh-CN,鲁邦三世 PART5,《鲁邦三世 PART5》是鲁邦系列动画，怪盗鲁邦的冒险继续。本作鲁邦在现代社会中展开新的偷盗行动，作品以怪盗、冒险与搞笑为特色，动画的画风充满时代感，鲁邦的机智与魅力令人着迷，是鲁邦系列的新篇章。作品在幻想的外衣下探讨着真实的情感与抉择，主角的成长线扎实有力，与伙伴们的情谊在一次次考验中愈发深厚，冒险的紧张感与日常的温情交替呈现，故事层次丰富、后劲十足。整体而言，该作在题材表达与情感渲染上均有可取之处，剧情张弛有度，角色令人印象深刻，是一部完成度较高、值得推荐的作品。
1047,primary,zh-CN,MEGALO BOX,《MEGALO BOX》是原创动画，讲述近未来拳击手JNK DOG的战斗。主角在MEGALO BOX竞技中挑战极限，作品以拳击、热血与格调为特色，动画的画面充满复古感，主角的拳击之路充满张力，是一部风格独特的作品。动作设计与演出张力俱佳，随着剧情推进，主角面对的敌人越来越强，战斗方式与自身局限的突破层层升级，配乐与画面配合出色，将热血少年向作品应有的爽快感与成长感都演绎得十分到位。整体而言，该作在题材表达与情感渲染上均有可取之处，剧情张弛有度，角色令人印象深刻，是一部完成度较高、值得推荐的作品。
1048,primary,zh-CN,钱进球场,《钱进球场》改编自同名漫画。落魄投手凡田夏之介在棒球场上用金钱衡量一切。作品以棒球、职场与吐槽为特色，动画以职棒选手的视角描绘现实的棒球世界，凡田的现实主义充满看点，是一部独特的棒球作品。作品对竞技细节的还原相当用心，每一次攻防都充满张力，主角从青涩到成熟的成长轨迹真实可感，与队友和对手的羁绊贯穿始终，汗水与泪水交织出热血沸腾的青春物语。整体而言，该作在题材表达与情感渲染上均有可取之处，剧情张弛有度，角色令人印象深刻，是一部完成度较高、值得推荐的作品。
1049,primary,zh-CN,敦君与女朋友,《敦君与女朋友》是短篇动画，讲述傲娇男友敦君与女朋友的恋爱日常。作品以恋爱、日常与搞笑为特色，敦君的傲娇与女朋友的互动充满笑料，动画篇幅短小、节奏明快，是一部轻松解压的泡面番。作品在甜蜜之余也保留了青春特有的青涩与迷茫，主角在感情中的成长与抉择贯穿始终，配乐温润、画面明丽，将恋爱中的忐忑、欢喜与遗憾都拿捏得恰到好处，适合慢慢品味。整体而言，该作在题材表达与情感渲染上均有可取之处，剧情张弛有度，角色令人印象深刻，是一部完成度较高、值得推荐的作品。
1050,primary,zh-CN,剧场版 魔神Z / INFINITY,《剧场版 魔神Z / INFINITY》是《魔神Z》的剧场版，兜甲儿与魔神Z的最终决战。本作围绕无限魔神与地球的危机展开，作品以机战、热血与情怀为特色，动画的战斗场面华丽震撼，魔神Z的经典设定令人热血沸腾，是魔神Z系列的剧场版。动作设计与演出张力俱佳，随着剧情推进，主角面对的敌人越来越强，战斗方式与自身局限的突破层层升级，配乐与画面配合出色，将热血少年向作品应有的爽快感与成长感都演绎得十分到位。整体而言，该作在题材表达与情感渲染上均有可取之处，剧情张弛有度，角色令人印象深刻，是一部完成度较高、值得推荐的作品。
1051,primary,zh-CN,我的英雄学院 第三季,《我的英雄学院 第三季》延续系列，绿谷出久的英雄之路继续。本作围绕神野之战与欧尔麦特的对决展开，出久的成长迎来转折，作品以英雄、热血与成长为主题，动画的战斗场面华丽，出久的信念令人动容，是近年来极具人气的作品。动画的节奏把控张弛有度，战斗场面的分镜与作画都相当扎实，主角在与强敌的较量中不断突破自我，和同伴之间建立的信任与羁绊也为剧情增添了温度，热血与感动并存，值得一看。整体而言，该作在题材表达与情感渲染上均有可取之处，剧情张弛有度，角色令人印象深刻，是一部完成度较高、值得推荐的作品。
1052,primary,zh-CN,年轻老板娘是小学生！,《年轻老板娘是小学生！》改编自同名小说。小学生织子因事故失去了父母，成为旅馆的老板娘。作品以日常、治愈与成长为主题，织子在旅馆中的生活充满温馨，动画的氛围温暖，织子的坚强令人动容，是一部治愈系的作品。画风清新、节奏舒缓，人物之间的相处自然而温暖，那些平凡琐碎的片段在动画的演绎下变得闪闪发光，传递出一种治愈人心的宁静力量，是治愈系爱好者不容错过的作品。整体而言，该作在题材表达与情感渲染上均有可取之处，剧情张弛有度，角色令人印象深刻，是一部完成度较高、值得推荐的作品。
1053,primary,zh-CN,甜心战士Universe,《甜心战士Universe》是《甜心战士》的新作动画，正义女战士如月甜心的战斗。本作甜心战士与犯罪组织的战斗继续，作品以战斗、魔法少女与福利为特色，动画的画风华丽，甜心战士的变身充满魅力，是经典作品的现代演绎。动作设计与演出张力俱佳，随着剧情推进，主角面对的敌人越来越强，战斗方式与自身局限的突破层层升级，配乐与画面配合出色，将热血少年向作品应有的爽快感与成长感都演绎得十分到位。整体而言，该作在题材表达与情感渲染上均有可取之处，剧情张弛有度，角色令人印象深刻，是一部完成度较高、值得推荐的作品。
1054,primary,zh-CN,道口时间,《道口时间》是短篇动画，讲述道口等待时的趣事。作品以日常、搞笑与温情为特色，动画篇幅短小，在等待道口的时间里展现各种小故事，是一部充满生活气息的泡面番。作品没有强烈的戏剧冲突，却以细腻的笔触捕捉日常中的微小幸福，角色的喜怒哀乐真实可感，在平实的叙述中悄然传递着生活的温度，适合在忙碌之余放松心情慢慢欣赏。整体而言，该作在题材表达与情感渲染上均有可取之处，剧情张弛有度，角色令人印象深刻，是一部完成度较高、值得推荐的作品。
1055,primary,zh-CN,奴隶区 我与23人的奴隶,《奴隶区 我与23人的奴隶》改编自同名小说。在能让他人成为奴隶的装置下，24人展开厮杀。作品以悬疑、生存与黑暗为主题，动画的氛围沉重，角色们的命运充满冲击力，是一部让人不寒而栗的生存恐怖作品。悬疑氛围铺垫扎实，人物之间暗流涌动的博弈与隐藏的秘密交织出复杂的叙事网络，叙事节奏收放自如，高潮部分的揭示震撼有力，看完之后依然值得反复回味其中的细节。整体而言，该作在题材表达与情感渲染上均有可取之处，剧情张弛有度，角色令人印象深刻，是一部完成度较高、值得推荐的作品。
1056,primary,zh-CN,异世界居酒屋～古都阿伊特力亚的居酒屋「阿信」,《异世界居酒屋～古都阿伊特力亚的居酒屋「阿信」》改编自同名小说。居酒屋阿信连接着现实与异世界。作品以美食、异世界与治愈为特色，动画将日本料理与异世界居民的故事结合，氛围温馨，是一部治愈系的美食作品。作品没有强烈的戏剧冲突，却以细腻的笔触捕捉日常中的微小幸福，角色的喜怒哀乐真实可感，在平实的叙述中悄然传递着生活的温度，适合在忙碌之余放松心情慢慢欣赏。整体而言，该作在题材表达与情感渲染上均有可取之处，剧情张弛有度，角色令人印象深刻，是一部完成度较高、值得推荐的作品。
1057,primary,zh-CN,实验品家庭,《实验品家庭》改编自同名漫画。拥有超能力的兄弟姐妹在科学家的照顾下生活。作品以日常、家庭与科幻为特色，少年少女们的成长与互动充满温馨，动画的氛围轻松，是一部独特的家庭作品。作品没有强烈的戏剧冲突，却以细腻的笔触捕捉日常中的微小幸福，角色的喜怒哀乐真实可感，在平实的叙述中悄然传递着生活的温度，适合在忙碌之余放松心情慢慢欣赏。整体而言，该作在题材表达与情感渲染上均有可取之处，剧情张弛有度，角色令人印象深刻，是一部完成度较高、值得推荐的作品。
1058,primary,zh-CN,鹿枫堂,《鹿枫堂》改编自同名漫画。和风咖啡店鹿枫堂的四位青年与客人们的日常。作品以美食、日常与治愈为特色，动画的氛围温暖，店员们的互动与客人们的故事充满温馨，是一部治愈系的作品。画风清新、节奏舒缓，人物之间的相处自然而温暖，那些平凡琐碎的片段在动画的演绎下变得闪闪发光，传递出一种治愈人心的宁静力量，是治愈系爱好者不容错过的作品。整体而言，该作在题材表达与情感渲染上均有可取之处，剧情张弛有度，角色令人印象深刻，是一部完成度较高、值得推荐的作品。
1059,primary,zh-CN,鬼灯的冷彻 OAD,《鬼灯的冷彻 OAD》是《鬼灯的冷彻》的OVA，地狱的日常番外。本作以轻松的日常为主，作品以搞笑、日常与黑色幽默为特色，动画的氛围欢乐，鬼灯与地狱角色的互动充满笑料，是鬼灯系列的番外作品。作品没有强烈的戏剧冲突，却以细腻的笔触捕捉日常中的微小幸福，角色的喜怒哀乐真实可感，在平实的叙述中悄然传递着生活的温度，适合在忙碌之余放松心情慢慢欣赏。整体而言，该作在题材表达与情感渲染上均有可取之处，剧情张弛有度，角色令人印象深刻，是一部完成度较高、值得推荐的作品。
1060,primary,zh-CN,梵蒂冈奇迹调查官 OAD,《梵蒂冈奇迹调查官 OAD》是《梵蒂冈奇迹调查官》的OVA，神父们的调查番外。本作以轻松的日常为主，作品以宗教、悬疑与推理为特色，动画的氛围神秘，是梵蒂冈系列的番外作品。作品没有强烈的戏剧冲突，却以细腻的笔触捕捉日常中的微小幸福，角色的喜怒哀乐真实可感，在平实的叙述中悄然传递着生活的温度，适合在忙碌之余放松心情慢慢欣赏。整体而言，该作在题材表达与情感渲染上均有可取之处，剧情张弛有度，角色令人印象深刻，是一部完成度较高、值得推荐的作品。
1061,primary,zh-CN,牵牛花与加濑同学。,《牵牛花与加濑同学。》改编自同名漫画。害羞的少女山田与加濑同学的恋爱物语。作品以百合、恋爱与青春为特色，山田与加濑的情感发展细腻动人，动画的画风清新，是一部充满少女心的作品。作品在甜蜜之余也保留了青春特有的青涩与迷茫，主角在感情中的成长与抉择贯穿始终，配乐温润、画面明丽，将恋爱中的忐忑、欢喜与遗憾都拿捏得恰到好处，适合慢慢品味。整体而言，该作在题材表达与情感渲染上均有可取之处，剧情张弛有度，角色令人印象深刻，是一部完成度较高、值得推荐的作品。
1062,primary,zh-CN,忍者蝙蝠侠,《忍者蝙蝠侠》是剧场版动画，蝙蝠侠穿越到战国时代。本作蝙蝠侠与日本战国武将们的对决展开，作品以超级英雄、动作(与恶搞为特色，动画的战斗场面华丽，蝙蝠侠的忍者化充满创意，是一部风格独特的作品。动作设计与演出张力俱佳，随着剧情推进，主角面对的敌人越来越强，战斗方式与自身局限的突破层层升级，配乐与画面配合出色，将热血少年向作品应有的爽快感与成长感都演绎得十分到位。整体而言，该作在题材表达与情感渲染上均有可取之处，剧情张弛有度，角色令人印象深刻，是一部完成度较高、值得推荐的作品。
1063,primary,zh-CN,闪电十一人 阿瑞斯的天平,《闪电十一人 阿瑞斯的天平》延续系列，少年们的足球战斗继续。本作围绕新主人公的足球之路展开，作品以足球、热血与超能力为特色，动画的比赛场面华丽，角色们的必杀技充满魄力，是闪电十一人系列的新篇章。动画的节奏把控张弛有度，战斗场面的分镜与作画都相当扎实，主角在与强敌的较量中不断突破自我，和同伴之间建立的信任与羁绊也为剧情增添了温度，热血与感动并存，值得一看。整体而言，该作在题材表达与情感渲染上均有可取之处，剧情张弛有度，角色令人印象深刻，是一部完成度较高、值得推荐的作品。
1064,primary,zh-CN,剧场版 进击的巨人 Season2～觉醒的咆哮～,《剧场版 进击的巨人 Season2～觉醒的咆哮～》是《进击的巨人》第二季的剧场版总集篇。本作回顾第二季的剧情，作品以战斗、悬疑与绝望为主题，动画的制作精良，巨人的威胁与人类的挣扎充满张力，是进击的巨人系列的剧场版。动作设计与演出张力俱佳，随着剧情推进，主角面对的敌人越来越强，战斗方式与自身局限的突破层层升级，配乐与画面配合出色，将热血少年向作品应有的爽快感与成长感都演绎得十分到位。整体而言，该作在题材表达与情感渲染上均有可取之处，剧情张弛有度，角色令人印象深刻，是一部完成度较高、值得推荐的作品。
1065,primary,zh-CN,电影 光之美少女 Super Stars！,《电影 光之美少女 Super Stars！》是光之美少女系列的剧场版，全系列的少女们集结。本作少女们跨越作品展开合作，作品以魔法少女、战斗与群像为特色，动画的变装与战斗场面华丽，角色们的羁绊温暖感人，是少女向魔法少女动画的剧场版。动作设计与演出张力俱佳，随着剧情推进，主角面对的敌人越来越强，战斗方式与自身局限的突破层层升级，配乐与画面配合出色，将热血少年向作品应有的爽快感与成长感都演绎得十分到位。
1066,primary,zh-CN,电影 中二病也要谈恋爱！ -Take On Me-,《电影 中二病也要谈恋爱！ -Take On Me-》是《中二病也要谈恋爱！》的剧场版，小鸟游六花与富樫勇太的恋爱。本作围绕六花的中二病毕业展开，作品以恋爱、日常与搞笑为特色，动画的氛围轻松，六花与勇太的互动甜度十足，是中二病系列的剧场版。角色间的互动刻画得细腻自然，那些欲言又止的心意、别扭又真诚的靠近都真实而动人，情感线与日常情节交织，让观众在会心一笑与怦然心动之间反复横跳，是一部让人回味无穷的恋爱物语。
1067,primary,zh-CN,哆啦A梦：大雄的金银岛,《哆啦A梦：大雄的金银岛》是《哆啦A梦》剧场版，大雄一行人在金银岛的冒险。本作围绕宝藏与新的伙伴展开，大雄与哆啦A梦在海上展开大冒险，作品以冒险、科幻与友情为主题，动画的氛围欢乐，结局充满感动，是哆啦A梦系列的剧场版。作品在幻想的外衣下探讨着真实的情感与抉择，主角的成长线扎实有力，与伙伴们的情谊在一次次考验中愈发深厚，冒险的紧张感与日常的温情交替呈现，故事层次丰富、后劲十足。整体而言，该作在题材表达与情感渲染上均有可取之处，剧情张弛有度，角色令人印象深刻，是一部完成度较高、值得推荐的作品。
1068,primary,zh-CN,剧场版 超时空要塞Δ 激情的Walküre,《剧场版 超时空要塞Δ 激情的Walküre》是《超时空要塞Δ》的剧场版，歌姬们与机体战斗。本作围绕瓦尔基里的歌声与新的战斗展开，作品以机战、音乐与爱情为特色，动画的歌曲动人、战斗场面华丽，是超时空要塞系列的剧场版。动作设计与演出张力俱佳，随着剧情推进，主角面对的敌人越来越强，战斗方式与自身局限的突破层层升级，配乐与画面配合出色，将热血少年向作品应有的爽快感与成长感都演绎得十分到位。整体而言，该作在题材表达与情感渲染上均有可取之处，剧情张弛有度，角色令人印象深刻，是一部完成度较高、值得推荐的作品。
1069,primary,zh-CN,肆式青春,《肆式青春》是中日合作的剧场版动画，讲述三座城市的青春物语。本作以三段独立的青春故事展开，作品以青春、日常与治愈为主题，动画的画风精美，三段故事分别描绘北京、广州与上海的青春，是一部充满温情的作品。作品没有强烈的戏剧冲突，却以细腻的笔触捕捉日常中的微小幸福，角色的喜怒哀乐真实可感，在平实的叙述中悄然传递着生活的温度，适合在忙碌之余放松心情慢慢欣赏。整体而言，该作在题材表达与情感渲染上均有可取之处，剧情张弛有度，角色令人印象深刻，是一部完成度较高、值得推荐的作品。
1070,primary,zh-CN,智龙迷城,《智龙迷城》改编自同名游戏，讲述少年与龙族伙伴们的冒险。本作以转珠战斗为特色，少年们在智龙迷城的世界中展开冒险，作品以冒险、战斗与热血为特色，动画的战斗场面华丽，角色们的成长与羁绊贯穿始终，是适合少年观众的作品。动作设计与演出张力俱佳，随着剧情推进，主角面对的敌人越来越强，战斗方式与自身局限的突破层层升级，配乐与画面配合出色，将热血少年向作品应有的爽快感与成长感都演绎得十分到位。整体而言，该作在题材表达与情感渲染上均有可取之处，剧情张弛有度，角色令人印象深刻，是一部完成度较高、值得推荐的作品。
1071,primary,zh-CN,ISLAND,《ISLAND》改编自同名游戏。失忆少年在孤岛上与少女们相遇。作品以悬疑、恋爱与科幻为特色，动画的氛围神秘，少年的记忆与岛上的真相层层展开，是一部充满谜团的作品。角色间的互动刻画得细腻自然，那些欲言又止的心意、别扭又真诚的靠近都真实而动人，情感线与日常情节交织，让观众在会心一笑与怦然心动之间反复横跳，是一部让人回味无穷的恋爱物语。整体而言，该作在题材表达与情感渲染上均有可取之处，剧情张弛有度，角色令人印象深刻，是一部完成度较高、值得推荐的作品。
1072,primary,zh-CN,轻羽飞扬,《轻羽飞扬》改编自同名漫画。羽毛球少女羽咲绫乃的天才与心魔。绫乃在羽毛球场上展现出压倒性的天赋，作品以羽毛球、热血与心理为特色，动画的比赛场面充满张力，绫乃的成长与内心的挣扎令人动容，是近年来的运动佳作。动画的节奏把控张弛有度，战斗场面的分镜与作画都相当扎实，主角在与强敌的较量中不断突破自我，和同伴之间建立的信任与羁绊也为剧情增添了温度，热血与感动并存，值得一看。整体而言，该作在题材表达与情感渲染上均有可取之处，剧情张弛有度，角色令人印象深刻，是一部完成度较高、值得推荐的作品。
1073,primary,zh-CN,千铳士,《千铳士》改编自同名游戏。古代枪械拟人化的少年们展开战斗。作品以拟人、战斗与群像为特色，动画的画风精美，少年们的战斗充满魅力，是游戏改编动画的作品。动作设计与演出张力俱佳，随着剧情推进，主角面对的敌人越来越强，战斗方式与自身局限的突破层层升级，配乐与画面配合出色，将热血少年向作品应有的爽快感与成长感都演绎得十分到位。整体而言，该作在题材表达与情感渲染上均有可取之处，剧情张弛有度，角色令人印象深刻，是一部完成度较高、值得推荐的作品。
1074,primary,zh-CN,后街女孩,《后街女孩》改编自同名漫画。三名黑道少年被老大强迫成为偶像。作品以搞笑、偶像与反差为特色，黑道与偶像的反差充满笑料，动画的氛围轻松，是一部让人捧腹的搞笑作品。作品没有强烈的戏剧冲突，却以细腻的笔触捕捉日常中的微小幸福，角色的喜怒哀乐真实可感，在平实的叙述中悄然传递着生活的温度，适合在忙碌之余放松心情慢慢欣赏。整体而言，该作在题材表达与情感渲染上均有可取之处，剧情张弛有度，角色令人印象深刻，是一部完成度较高、值得推荐的作品。
1075,primary,zh-CN,异世界魔王与召唤少女的奴隶魔术,《异世界魔王与召唤少女的奴隶魔术》改编自同名轻小说。游戏玩家坂本拓真在异世界中被召唤为魔王。作品以异世界、后宫与轻松冒险为特色，拓真的强大与奴隶少女们的互动充满看点，动画的氛围轻松，是一部标准的异世界作品。作品没有强烈的戏剧冲突，却以细腻的笔触捕捉日常中的微小幸福，角色的喜怒哀乐真实可感，在平实的叙述中悄然传递着生活的温度，适合在忙碌之余放松心情慢慢欣赏。整体而言，该作在题材表达与情感渲染上均有可取之处，剧情张弛有度，角色令人印象深刻，是一部完成度较高、值得推荐的作品。
1076,primary,zh-CN,千绪的通学路,《千绪的通学路》改编自同名漫画。女高中生三谷裳千绪在上学路上的脑洞日常。作品以搞笑、日常与吐槽为特色，千绪在上学路上的各种脑洞充满笑料，动画的节奏明快，是一部让人捧腹的日常喜剧。画风清新、节奏舒缓，人物之间的相处自然而温暖，那些平凡琐碎的片段在动画的演绎下变得闪闪发光，传递出一种治愈人心的宁静力量，是治愈系爱好者不容错过的作品。整体而言，该作在题材表达与情感渲染上均有可取之处，剧情张弛有度，角色令人印象深刻，是一部完成度较高、值得推荐的作品。
1077,primary,zh-CN,工作细胞,《工作细胞》改编自同名漫画。将人体细胞拟人化的科普动画。红血球、白血球等细胞在体内辛勤工作，作品以科普、战斗与日常为特色，动画将人体知识融入有趣的故事，画风可爱、氛围轻松，是一部寓教于乐的佳作。动作设计与演出张力俱佳，随着剧情推进，主角面对的敌人越来越强，战斗方式与自身局限的突破层层升级，配乐与画面配合出色，将热血少年向作品应有的爽快感与成长感都演绎得十分到位。整体而言，该作在题材表达与情感渲染上均有可取之处，剧情张弛有度，角色令人印象深刻，是一部完成度较高、值得推荐的作品。
1078,primary,zh-CN,来玩游戏吧,《来玩游戏吧》改编自同名漫画。少女们在游戏部的日常充满搞笑。作品以游戏、日常与搞笑为特色，少女们的游戏互动充满笑料，动画的演出夸张、节奏明快，是一部让人捧腹的日常喜剧。作品没有强烈的戏剧冲突，却以细腻的笔触捕捉日常中的微小幸福，角色的喜怒哀乐真实可感，在平实的叙述中悄然传递着生活的温度，适合在忙碌之余放松心情慢慢欣赏。整体而言，该作在题材表达与情感渲染上均有可取之处，剧情张弛有度，角色令人印象深刻，是一部完成度较高、值得推荐的作品。
1079,primary,zh-CN,偶像大师 灰姑娘女孩剧场 第三季,《偶像大师 灰姑娘女孩剧场 第三季》延续系列，灰姑娘女孩偶像们的Q版日常继续。作品以偶像、搞笑与日常为特色，动画画风可爱、篇幅短小，在轻松的日常中展现偶像们的互动，是灰姑娘女孩系列的番外作品。画风清新、节奏舒缓，人物之间的相处自然而温暖，那些平凡琐碎的片段在动画的演绎下变得闪闪发光，传递出一种治愈人心的宁静力量，是治愈系爱好者不容错过的作品。整体而言，该作在题材表达与情感渲染上均有可取之处，剧情张弛有度，角色令人印象深刻，是一部完成度较高、值得推荐的作品。
1080,primary,zh-CN,向山进发 第三季,《向山进发 第三季》延续系列，少女们的登山日常继续。本作葵与伙伴们在登山中迎接新的挑战，作品以登山、日常与治愈为特色，动画的画风清新、氛围温暖，少女们的成长与友情令人动容，是一部治愈系的作品。作品没有强烈的戏剧冲突，却以细腻的笔触捕捉日常中的微小幸福，角色的喜怒哀乐真实可感，在平实的叙述中悄然传递着生活的温度，适合在忙碌之余放松心情慢慢欣赏。整体而言，该作在题材表达与情感渲染上均有可取之处，剧情张弛有度，角色令人印象深刻，是一部完成度较高、值得推荐的作品。
1081,primary,zh-CN,行星与共,《行星与共》是原创动画，讲述少年与来自宇宙的少女的战斗。作品以机战、奇幻与群像为特色，动画的战斗场面华丽，少年的成长与少女的羁绊贯穿始终，是一部扎实的机战作品。动画的节奏把控张弛有度，战斗场面的分镜与作画都相当扎实，主角在与强敌的较量中不断突破自我，和同伴之间建立的信任与羁绊也为剧情增添了温度，热血与感动并存，值得一看。整体而言，该作在题材表达与情感渲染上均有可取之处，剧情张弛有度，角色令人印象深刻，是一部完成度较高、值得推荐的作品。
1082,primary,zh-CN,Happy Sugar Life,《Happy Sugar Life》改编自同名漫画。少女松坂砂糖与少女的偏执恋爱。砂糖为了守护少女不择手段，作品以恋爱、悬疑与黑暗为主题，动画的氛围压抑，砂糖的疯狂令人震撼，是一部让人细思极恐的作品。作品在甜蜜之余也保留了青春特有的青涩与迷茫，主角在感情中的成长与抉择贯穿始终，配乐温润、画面明丽，将恋爱中的忐忑、欢喜与遗憾都拿捏得恰到好处，适合慢慢品味。整体而言，该作在题材表达与情感渲染上均有可取之处，剧情张弛有度，角色令人印象深刻，是一部完成度较高、值得推荐的作品。
1083,primary,zh-CN,碧蓝之海,《碧蓝之海》改编自同名漫画。大学生北原伊织在潜水社团中的搞笑日常。作品以潜水、搞笑与日常为特色，伊织与社团成员的互动充满笑料，动画的演出夸张、节奏明快，是一部让人捧腹的喜剧。作品没有强烈的戏剧冲突，却以细腻的笔触捕捉日常中的微小幸福，角色的喜怒哀乐真实可感，在平实的叙述中悄然传递着生活的温度，适合在忙碌之余放松心情慢慢欣赏。整体而言，该作在题材表达与情感渲染上均有可取之处，剧情张弛有度，角色令人印象深刻，是一部完成度较高、值得推荐的作品。
1084,primary,zh-CN,高分少女,《高分少女》改编自同名漫画。在格斗游戏盛行的时代，少年春雄与少女大野的物语。两人在游戏厅的缘分与青春展开，作品以格斗游戏、恋爱与怀旧为特色，动画将游戏文化的魅力与青春结合，是一部充满情怀的作品。动画的节奏把控张弛有度，战斗场面的分镜与作画都相当扎实，主角在与强敌的较量中不断突破自我，和同伴之间建立的信任与羁绊也为剧情增添了温度，热血与感动并存，值得一看。整体而言，该作在题材表达与情感渲染上均有可取之处，剧情张弛有度，角色令人印象深刻，是一部完成度较高、值得推荐的作品。
1085,primary,zh-CN,少女☆歌剧 Revue Starlight,《少女☆歌剧 Revue Starlight》是原创动画，讲述舞台少女们在歌剧中竞争的故事。爱城华恋与伙伴们在Revue中为舞台而战，作品以音乐、舞台与群像为特色，动画的演出华丽、歌曲动人，少女们的梦想与竞争令人动容，是一部风格独特的作品。角色的个性塑造鲜明，舞台上的自信与生活中的可爱形成反差，团队协作与个人成长双线并进，歌舞编排赏心悦目，让观众既能享受视听盛宴，也能为少女们的梦想与坚持而感动。整体而言，该作在题材表达与情感渲染上均有可取之处，剧情张弛有度，角色令人印象深刻，是一部完成度较高、值得推荐的作品。
1086,primary,zh-CN,京都寺町三条商店街的福尔摩斯,《京都寺町三条商店街的福尔摩斯》改编自同名小说。古董店少当家真城与少女葵的解谜物语。两人在京都的商店街解决各种事件，作品以推理、日常与治愈为特色，动画的氛围优雅，京都的风情与谜题充满魅力，是一部风格独特的作品。作品没有强烈的戏剧冲突，却以细腻的笔触捕捉日常中的微小幸福，角色的喜怒哀乐真实可感，在平实的叙述中悄然传递着生活的温度，适合在忙碌之余放松心情慢慢欣赏。整体而言，该作在题材表达与情感渲染上均有可取之处，剧情张弛有度，角色令人印象深刻，是一部完成度较高、值得推荐的作品。
1087,primary,zh-CN,刃牙,《刃牙》改编自同名漫画。格斗家范马刃牙的极限对决。刃牙在格斗竞技中挑战最强的父亲，作品以格斗、热血与群像为特色，动画的战斗场面充满魄力，刃牙的成长令人热血沸腾，是格斗题材动画的经典。动画的节奏把控张弛有度，战斗场面的分镜与作画都相当扎实，主角在与强敌的较量中不断突破自我，和同伴之间建立的信任与羁绊也为剧情增添了温度，热血与感动并存，值得一看。整体而言，该作在题材表达与情感渲染上均有可取之处，剧情张弛有度，角色令人印象深刻，是一部完成度较高、值得推荐的作品。
1088,primary,zh-CN,LORD of VERMILION 红莲之王,《LORD of VERMILION 红莲之王》改编自同名游戏，讲述少年少女们的战斗。本作围绕红莲之王的力量展开，作品以奇幻、战斗与群像为特色，动画的战斗场面华丽，角色们的命运交织，是一部标准的奇幻战斗作品。动作设计与演出张力俱佳，随着剧情推进，主角面对的敌人越来越强，战斗方式与自身局限的突破层层升级，配乐与画面配合出色，将热血少年向作品应有的爽快感与成长感都演绎得十分到位。整体而言，该作在题材表达与情感渲染上均有可取之处，剧情张弛有度，角色令人印象深刻，是一部完成度较高、值得推荐的作品。
1089,primary,zh-CN,邪神与厨二病少女,《邪神与厨二病少女》改编自同名漫画。邪神酱在人间与少女花园百合铃的同居日常。作品以搞笑、日常与魔界为特色，邪神酱的恶搞与百合铃的暴力形成反差，动画的氛围轻松，是一部让人捧腹的日常喜剧。作品没有强烈的戏剧冲突，却以细腻的笔触捕捉日常中的微小幸福，角色的喜怒哀乐真实可感，在平实的叙述中悄然传递着生活的温度，适合在忙碌之余放松心情慢慢欣赏。整体而言，该作在题材表达与情感渲染上均有可取之处，剧情张弛有度，角色令人印象深刻，是一部完成度较高、值得推荐的作品。
1090,primary,zh-CN,Angolmois 元寇合战记,《Angolmois 元寇合战记》改编自同名漫画。在蒙古袭来时，流放犯们守护对马岛。作品以历史、战争与群像为特色，动画的战争场面惨烈，流放犯们的战斗充满魄力，是一部硬核的历史战争作品。动画的节奏把控张弛有度，战斗场面的分镜与作画都相当扎实，主角在与强敌的较量中不断突破自我，和同伴之间建立的信任与羁绊也为剧情增添了温度，热血与感动并存，值得一看。整体而言，该作在题材表达与情感渲染上均有可取之处，剧情张弛有度，角色令人印象深刻，是一部完成度较高、值得推荐的作品。
1091,primary,zh-CN,梦王国与沉睡的100名王子,《梦王国与沉睡的100名王子》改编自同名游戏。少女在梦王国中与王子们相遇。作品以恋爱、童话与群像为特色，动画的画风华丽，少女与王子们的互动充满浪漫，是乙女向动画的作品。作品在甜蜜之余也保留了青春特有的青涩与迷茫，主角在感情中的成长与抉择贯穿始终，配乐温润、画面明丽，将恋爱中的忐忑、欢喜与遗憾都拿捏得恰到好处，适合慢慢品味。整体而言，该作在题材表达与情感渲染上均有可取之处，剧情张弛有度，角色令人印象深刻，是一部完成度较高、值得推荐的作品。
1092,primary,zh-CN,杀戮天使,《杀戮天使》改编自同名游戏。少女瑞吉儿与杀人鬼札克的冒险。两人在废弃大楼中互相扶持，作品以恐怖、悬疑与羁绊为主题，动画的氛围压抑，瑞吉儿与札克的关系充满张力，是一部风格独特的作品。剧情层层递进、伏笔密布，随着线索的不断拼合，真相逐渐浮出水面，每一次反转都在意料之外又情理之中，细节经得起推敲，氛围营造到位，是喜欢烧脑故事的观众不可错过之作。整体而言，该作在题材表达与情感渲染上均有可取之处，剧情张弛有度，角色令人印象深刻，是一部完成度较高、值得推荐的作品。
1093,primary,zh-CN,摇曳庄的幽奈小姐,《摇曳庄的幽奈小姐》改编自同名漫画。灵能力者冬空凩与地缚灵幽奈的同居日常。作品以日常、搞笑与福利为特色，凩与幽奈及女孩子们的互动充满笑料，动画的氛围轻松，是一部让人捧腹的日常喜剧。作品没有强烈的戏剧冲突，却以细腻的笔触捕捉日常中的微小幸福，角色的喜怒哀乐真实可感，在平实的叙述中悄然传递着生活的温度，适合在忙碌之余放松心情慢慢欣赏。整体而言，该作在题材表达与情感渲染上均有可取之处，剧情张弛有度，角色令人印象深刻，是一部完成度较高、值得推荐的作品。
1094,primary,zh-CN,春原庄的管理人,《春原庄的管理人》改编自同名漫画。温柔的管理人春原彩花与少年的日常。作品以日常、恋爱与福利为特色，彩花的温柔与少年的心动充满看点，动画的氛围轻松，是一部轻松治愈的恋爱日常作品。作品在甜蜜之余也保留了青春特有的青涩与迷茫，主角在感情中的成长与抉择贯穿始终，配乐温润、画面明丽，将恋爱中的忐忑、欢喜与遗憾都拿捏得恰到好处，适合慢慢品味。整体而言，该作在题材表达与情感渲染上均有可取之处，剧情张弛有度，角色令人印象深刻，是一部完成度较高、值得推荐的作品。
1095,primary,zh-CN,音乐少女,《音乐少女》是短篇动画，讲述偶像组合音乐少女们的日常。少女们在偶像活动中的互动充满温馨，作品以偶像、音乐与日常为特色，动画画风可爱、篇幅短小，在轻松的日常中展现少女们的梦想，是一部轻松解压的泡面番。作品没有强烈的戏剧冲突，却以细腻的笔触捕捉日常中的微小幸福，角色的喜怒哀乐真实可感，在平实的叙述中悄然传递着生活的温度，适合在忙碌之余放松心情慢慢欣赏。整体而言，该作在题材表达与情感渲染上均有可取之处，剧情张弛有度，角色令人印象深刻，是一部完成度较高、值得推荐的作品。
1096,primary,zh-CN,遥的接球,《遥的接球》改编自同名漫画。少女遥与表姐在沙滩排球中的成长。两人在沙滩排球赛场上不断成长，作品以排球、热血与青春为特色，动画的比赛场面充满张力，遥的成长与羁绊令人动容，是一部扎实的运动作品。动画的节奏把控张弛有度，战斗场面的分镜与作画都相当扎实，主角在与强敌的较量中不断突破自我，和同伴之间建立的信任与羁绊也为剧情增添了温度，热血与感动并存，值得一看。整体而言，该作在题材表达与情感渲染上均有可取之处，剧情张弛有度，角色令人印象深刻，是一部完成度较高、值得推荐的作品。
1097,primary,zh-CN,Free!-Dive to the Future-,《Free!-Dive to the Future-》延续系列，游泳少年们的物语继续。本作遥等人毕业后的故事与新角色登场，作品以游泳、青春与情感为主题，动画的水中作画优美，少年们的友谊与梦想令人动容，是Free!系列的续作。作品风格鲜明、辨识度高，在同类题材中走出了自己的路子，角色与故事的结合恰到好处，整体观感流畅自然，无论是题材爱好者还是路人观众都能乐在其中。整体而言，该作在题材表达与情感渲染上均有可取之处，剧情张弛有度，角色令人印象深刻，是一部完成度较高、值得推荐的作品。
1098,primary,zh-CN,进击的巨人 第三季,《进击的巨人 第三季》延续系列，艾伦与调查兵团的战斗继续。本作围绕王政篇与巨人的真相展开，作品以战斗、悬疑与绝望为主题，动画的制作精良，巨人的威胁与人类的挣扎充满张力，是进击的巨人系列的重要篇章。动作设计与演出张力俱佳，随着剧情推进，主角面对的敌人越来越强，战斗方式与自身局限的突破层层升级，配乐与画面配合出色，将热血少年向作品应有的爽快感与成长感都演绎得十分到位。整体而言，该作在题材表达与情感渲染上均有可取之处，剧情张弛有度，角色令人印象深刻，是一部完成度较高、值得推荐的作品。
1099,primary,zh-CN,中间管理录利根川,《中间管理录利根川》是《赌博默示录》的衍生动画，讲述赌博屋的管理者利根川的职场。作品以职场、搞笑与吐槽为特色，动画将赌博默示录的世界观与职场喜剧结合，利根川的内心独白充满笑料，是一部独特的作品。作品在整体完成度上表现出色，叙事流畅、角色立体，主题的表达清晰而有深度，既有轻松愉悦的观赏性，也留有值得回味的余韵，是一部质量扎实、诚意满满的作品。整体而言，该作在题材表达与情感渲染上均有可取之处，剧情张弛有度，角色令人印象深刻，是一部完成度较高、值得推荐的作品。
1100,primary,zh-CN,昴宿七星,《昴宿七星》改编自同名轻小说。在网游与现实的交错中，少年少女们的冒险。作品以游戏、冒险与群像为特色，动画的氛围介于现实与游戏之间，角色们的羁绊贯穿始终，是一部标准的新生代轻改作品。作品在幻想的外衣下探讨着真实的情感与抉择，主角的成长线扎实有力，与伙伴们的情谊在一次次考验中愈发深厚，冒险的紧张感与日常的温情交替呈现，故事层次丰富、后劲十足。整体而言，该作在题材表达与情感渲染上均有可取之处，剧情张弛有度，角色令人印象深刻，是一部完成度较高、值得推荐的作品。
1101,primary,zh-CN,百炼霸王与圣约女武神,《百炼霸王与圣约女武神》改编自同名轻小说。少年周在异世界成为王，带领女武神们战斗。作品以异世界、后宫与热血为特色，周的成长与女武神们的羁绊充满看点，动画的氛围轻松，是一部标准的轻改作品。动作设计与演出张力俱佳，随着剧情推进，主角面对的敌人越来越强，战斗方式与自身局限的突破层层升级，配乐与画面配合出色，将热血少年向作品应有的爽快感与成长感都演绎得十分到位。整体而言，该作在题材表达与情感渲染上均有可取之处，剧情张弛有度，角色令人印象深刻，是一部完成度较高、值得推荐的作品。
1102,primary,zh-CN,暮光幻影,《暮光幻影》是原创动画，讲述在伦敦的咖啡店中，超能力者们的物语。本作围绕拥有神秘力量的成员们展开，作品以奇幻、都市与群像为特色，动画的画风精美，角色们的互动充满魅力，是一部风格独特的作品。世界观设定丰富而自成体系，随着冒险推进，更多奇妙的种族、地点与力量体系逐一展开，角色们在旅途中收获成长与羁绊，画面与配乐共同营造出充满想象力的奇幻氛围，令人沉浸其中。整体而言，该作在题材表达与情感渲染上均有可取之处，剧情张弛有度，角色令人印象深刻，是一部完成度较高、值得推荐的作品。
1103,primary,zh-CN,付丧神出租中,《付丧神出租中》改编自同名小说。在江户的古道具店，付丧神们的物语。作品以妖怪、治愈与日常为特色，动画的氛围温暖，付丧神与客人们的故事充满人情味，是一部充满时代气息的治愈作品。画风清新、节奏舒缓，人物之间的相处自然而温暖，那些平凡琐碎的片段在动画的演绎下变得闪闪发光，传递出一种治愈人心的宁静力量，是治愈系爱好者不容错过的作品。整体而言，该作在题材表达与情感渲染上均有可取之处，剧情张弛有度，角色令人印象深刻，是一部完成度较高、值得推荐的作品。
1104,primary,zh-CN,打工小哥！之2！,《打工小哥！之2！》延续系列，少年们打工的搞笑日常。作品以职场、搞笑与日常为特色，动画篇幅短小、节奏明快，在轻松的日常中展现打工生活的趣事，是一部轻松解压的泡面番。作品没有强烈的戏剧冲突，却以细腻的笔触捕捉日常中的微小幸福，角色的喜怒哀乐真实可感，在平实的叙述中悄然传递着生活的温度，适合在忙碌之余放松心情慢慢欣赏。整体而言，该作在题材表达与情感渲染上均有可取之处，剧情张弛有度，角色令人印象深刻，是一部完成度较高、值得推荐的作品。
1105,primary,zh-CN,战栗杀机,《战栗杀机》改编自同名漫画。在纽约的阴暗面，少年亚修与日本学生奥村英二的相遇。作品以犯罪、悬疑与羁绊为主题，动画的氛围沉重，亚修的命运与两人的关系充满张力，是一部风格冷峻的作品。剧情层层递进、伏笔密布，随着线索的不断拼合，真相逐渐浮出水面，每一次反转都在意料之外又情理之中，细节经得起推敲，氛围营造到位，是喜欢烧脑故事的观众不可错过之作。整体而言，该作在题材表达与情感渲染上均有可取之处，剧情张弛有度，角色令人印象深刻，是一部完成度较高、值得推荐的作品。
1106,primary,zh-CN,One Room 第二季,《One Room 第二季》延续系列，以第一人称视角讲述少女们的日常。观众以主角的视角与少女们互动，作品以日常、恋爱与治愈为特色，动画画风精美、氛围温馨，在短短的篇幅内展现少女们的生活，是一部沉浸感强的作品。作品在甜蜜之余也保留了青春特有的青涩与迷茫，主角在感情中的成长与抉择贯穿始终，配乐温润、画面明丽，将恋爱中的忐忑、欢喜与遗憾都拿捏得恰到好处，适合慢慢品味。整体而言，该作在题材表达与情感渲染上均有可取之处，剧情张弛有度，角色令人印象深刻，是一部完成度较高、值得推荐的作品。
1107,primary,zh-CN,OVERLORD 第三季,《OVERLORD 第三季》延续系列，安兹·乌尔·恭的势力扩张继续。本作围绕纳萨力克与世界的征服展开，作品以异世界、黑暗奇幻与群像为特色，安兹的强大与谨慎充满反差魅力，动画的世界观庞大，是异世界题材的经典之作。世界观设定丰富而自成体系，随着冒险推进，更多奇妙的种族、地点与力量体系逐一展开，角色们在旅途中收获成长与羁绊，画面与配乐共同营造出充满想象力的奇幻氛围，令人沉浸其中。整体而言，该作在题材表达与情感渲染上均有可取之处，剧情张弛有度，角色令人印象深刻，是一部完成度较高、值得推荐的作品。
1108,primary,zh-CN,天降少女！～从2层落下了少女！？～,《天降少女！～从2层落下了少女！？～》是短篇动画，讲述从天而降的少女的日常。作品以日常、恋爱与搞笑为特色，动画篇幅短小、节奏明快，在轻松的日常中展现少女的互动，是一部轻松解压的泡面番。角色间的互动刻画得细腻自然，那些欲言又止的心意、别扭又真诚的靠近都真实而动人，情感线与日常情节交织，让观众在会心一笑与怦然心动之间反复横跳，是一部让人回味无穷的恋爱物语。整体而言，该作在题材表达与情感渲染上均有可取之处，剧情张弛有度，角色令人印象深刻，是一部完成度较高、值得推荐的作品。
1109,primary,zh-CN,某僵尸少女的灾难,《某僵尸少女的灾难》改编自同名漫画。大小姐僵尸在校园中的搞笑日常。作品以僵尸、搞笑与日常为特色，僵尸少女与同学们的互动充满笑料，动画篇幅短小、节奏明快，是一部轻松解压的泡面番。画风清新、节奏舒缓，人物之间的相处自然而温暖，那些平凡琐碎的片段在动画的演绎下变得闪闪发光，传递出一种治愈人心的宁静力量，是治愈系爱好者不容错过的作品。整体而言，该作在题材表达与情感渲染上均有可取之处，剧情张弛有度，角色令人印象深刻，是一部完成度较高、值得推荐的作品。
1110,primary,zh-CN,BanG Dream! 少女乐团派对！☆PICO,《BanG Dream! 少女乐团派对！☆PICO》是BanG Dream企划的短篇动画，乐队少女们的Q版日常。作品以音乐、搞笑与日常为特色，动画画风可爱、篇幅短小，在轻松的日常中展现乐队成员们的互动，是BanG Dream系列的番外作品。作品没有强烈的戏剧冲突，却以细腻的笔触捕捉日常中的微小幸福，角色的喜怒哀乐真实可感，在平实的叙述中悄然传递着生活的温度，适合在忙碌之余放松心情慢慢欣赏。整体而言，该作在题材表达与情感渲染上均有可取之处，剧情张弛有度，角色令人印象深刻，是一部完成度较高、值得推荐的作品。
1111,primary,zh-CN,暗芝居 第六季,《暗芝居 第六季》是恐怖短篇动画系列，继续以纸芝居的形式讲述各种怪谈。作品以怀旧的画风、猎奇的剧情与细思极恐的氛围著称，每一话都在短短几分钟内营造出强烈的恐怖感，各种扭曲的都市传说让人不寒而栗，是恐怖动画爱好者的必看之作。作品没有强烈的戏剧冲突，却以细腻的笔触捕捉日常中的微小幸福，角色的喜怒哀乐真实可感，在平实的叙述中悄然传递着生活的温度，适合在忙碌之余放松心情慢慢欣赏。整体而言，该作在题材表达与情感渲染上均有可取之处，剧情张弛有度，角色令人印象深刻，是一部完成度较高、值得推荐的作品。
1112,primary,zh-CN,相约七月祭,《相约七月祭》是短篇动画，讲述少年与少女在祭典中的相遇。作品以恋爱、夏日与治愈为特色，动画画风清新、氛围温馨，在祭典的背景下展现青涩的情感，是一部短小却唯美的作品。作品在甜蜜之余也保留了青春特有的青涩与迷茫，主角在感情中的成长与抉择贯穿始终，配乐温润、画面明丽，将恋爱中的忐忑、欢喜与遗憾都拿捏得恰到好处，适合慢慢品味。整体而言，该作在题材表达与情感渲染上均有可取之处，剧情张弛有度，角色令人印象深刻，是一部完成度较高、值得推荐的作品。
1113,primary,zh-CN,银魂. 银之魂篇 第二季,《银魂. 银之魂篇 第二季》延续系列，万事屋的最终决战继续。本作银时一行人在决战中面对真正的敌人，作品以搞笑、吐槽与热血为特色，银时的毒舌与伙伴们的羁绊令人动容，是银魂系列的延续。动作设计与演出张力俱佳，随着剧情推进，主角面对的敌人越来越强，战斗方式与自身局限的突破层层升级，配乐与画面配合出色，将热血少年向作品应有的爽快感与成长感都演绎得十分到位。整体而言，该作在题材表达与情感渲染上均有可取之处，剧情张弛有度，角色令人印象深刻，是一部完成度较高、值得推荐的作品。
1114,primary,zh-CN,天狼 Sirius the Jaeger,《天狼 Sirius the Jaeger》是原创动画，讲述吸血鬼猎人的战斗。少年尤里在天狼的使命与人类的身份间挣扎，作品以吸血鬼、战斗与热血为特色，动画的战斗场面华丽，尤里的成长与羁绊贯穿始终，是一部扎实的作品。动画的节奏把控张弛有度，战斗场面的分镜与作画都相当扎实，主角在与强敌的较量中不断突破自我，和同伴之间建立的信任与羁绊也为剧情增添了温度，热血与感动并存，值得一看。整体而言，该作在题材表达与情感渲染上均有可取之处，剧情张弛有度，角色令人印象深刻，是一部完成度较高、值得推荐的作品。
1115,primary,zh-CN,魔法律事务所,《魔法律事务所》改编自同名漫画。魔法律执笔人六冰与助手解决灵异事件。作品以灵异、战斗与日常为特色，六冰的魔法律与单元事件充满趣味，动画的氛围轻松，是一部灵异题材的作品。动作设计与演出张力俱佳，随着剧情推进，主角面对的敌人越来越强，战斗方式与自身局限的突破层层升级，配乐与画面配合出色，将热血少年向作品应有的爽快感与成长感都演绎得十分到位。整体而言，该作在题材表达与情感渲染上均有可取之处，剧情张弛有度，角色令人印象深刻，是一部完成度较高、值得推荐的作品。
1116,primary,zh-CN,索斯机械兽WILD,《索斯机械兽WILD》改编自同名玩具系列。少年们在荒野中驾驶机械兽战斗。作品以机械兽、冒险与热血为特色，动画的战斗场面华丽，少年们的成长与羁绊贯穿始终，是适合少年观众的作品。动作设计与演出张力俱佳，随着剧情推进，主角面对的敌人越来越强，战斗方式与自身局限的突破层层升级，配乐与画面配合出色，将热血少年向作品应有的爽快感与成长感都演绎得十分到位。整体而言，该作在题材表达与情感渲染上均有可取之处，剧情张弛有度，角色令人印象深刻，是一部完成度较高、值得推荐的作品。
1117,primary,zh-CN,天才玩偶,《天才玩偶》是中日合作的动画，讲述少年与玩偶的物语。少年在玩偶的帮助下展开冒险，作品以奇幻、战斗与热血为特色，动画的战斗场面华丽，少年与玩偶的羁绊贯穿始终，是国漫合作的作品。动画的节奏把控张弛有度，战斗场面的分镜与作画都相当扎实，主角在与强敌的较量中不断突破自我，和同伴之间建立的信任与羁绊也为剧情增添了温度，热血与感动并存，值得一看。整体而言，该作在题材表达与情感渲染上均有可取之处，剧情张弛有度，角色令人印象深刻，是一部完成度较高、值得推荐的作品。
1118,primary,zh-CN,深夜！天才傻鹏,《深夜！天才傻鹏》是经典搞笑动画的现代版，傻鹏一家的搞笑日常。作品以搞笑、恶搞与吐槽为特色，动画的演出大胆奔放，傻鹏一家的无厘头行为令人捧腹，是一部充满欢乐的喜剧。画风清新、节奏舒缓，人物之间的相处自然而温暖，那些平凡琐碎的片段在动画的演绎下变得闪闪发光，传递出一种治愈人心的宁静力量，是治愈系爱好者不容错过的作品。整体而言，该作在题材表达与情感渲染上均有可取之处，剧情张弛有度，角色令人印象深刻，是一部完成度较高、值得推荐的作品。
1119,primary,zh-CN,摇曳庄的幽奈小姐 OAD,《摇曳庄的幽奈小姐 OAD》是《摇曳庄的幽奈小姐》的OVA，温泉福利番外。本作以轻松的日常与温泉为主，作品以日常、搞笑与福利为特色，动画的氛围轻松，凩与幽奈及女孩子们的互动充满笑料，是摇曳庄系列的番外作品。作品没有强烈的戏剧冲突，却以细腻的笔触捕捉日常中的微小幸福，角色的喜怒哀乐真实可感，在平实的叙述中悄然传递着生活的温度，适合在忙碌之余放松心情慢慢欣赏。整体而言，该作在题材表达与情感渲染上均有可取之处，剧情张弛有度，角色令人印象深刻，是一部完成度较高、值得推荐的作品。
1120,primary,zh-CN,告诉我魔法之摆～莉露莉露妖精莉露～,《告诉我魔法之摆～莉露莉露妖精莉露～》是妖精莉露系列的动画，妖精少女们的冒险继续。本作妖精们通过魔法之摆展开新的活动，作品以魔法、日常与治愈为特色，动画画风可爱、氛围温馨，是适合少女观众的魔法日常动画。作品没有强烈的戏剧冲突，却以细腻的笔触捕捉日常中的微小幸福，角色的喜怒哀乐真实可感，在平实的叙述中悄然传递着生活的温度，适合在忙碌之余放松心情慢慢欣赏。整体而言，该作在题材表达与情感渲染上均有可取之处，剧情张弛有度，角色令人印象深刻，是一部完成度较高、值得推荐的作品。
1121,primary,zh-CN,血界战线 & BEYOND OAD,《血界战线 & BEYOND OAD》是《血界战线》的OVA，莱昂纳多在赫尔莎雷姆兹的番外。本作以轻松的日常为主，作品以奇幻、战斗与群像为特色，动画的氛围欢乐，角色们的互动充满魅力，是血界战线系列的番外作品。动作设计与演出张力俱佳，随着剧情推进，主角面对的敌人越来越强，战斗方式与自身局限的突破层层升级，配乐与画面配合出色，将热血少年向作品应有的爽快感与成长感都演绎得十分到位。整体而言，该作在题材表达与情感渲染上均有可取之处，剧情张弛有度，角色令人印象深刻，是一部完成度较高、值得推荐的作品。
1122,primary,zh-CN,路西法 反叛的堕天使,《路西法 反叛的堕天使》是短篇动画，讲述堕天使路西法的物语。作品以奇幻、日常与治愈为特色，动画画风精美、氛围宁静，在轻松的日常中展现堕天使的生活，是一部风格新颖的泡面番。作品没有强烈的戏剧冲突，却以细腻的笔触捕捉日常中的微小幸福，角色的喜怒哀乐真实可感，在平实的叙述中悄然传递着生活的温度，适合在忙碌之余放松心情慢慢欣赏。整体而言，该作在题材表达与情感渲染上均有可取之处，剧情张弛有度，角色令人印象深刻，是一部完成度较高、值得推荐的作品。
1123,primary,zh-CN,FLCL Progressive,《FLCL Progressive》是《FLCL》的新作动画，讲述少女们的奇妙冒险。本作围绕新的角色与机器人展开，作品以无厘头、动作(与青春为特色，动画的演出大胆，脑洞大开，是FLCL系列的续作。动画的节奏把控张弛有度，战斗场面的分镜与作画都相当扎实，主角在与强敌的较量中不断突破自我，和同伴之间建立的信任与羁绊也为剧情增添了温度，热血与感动并存，值得一看。整体而言，该作在题材表达与情感渲染上均有可取之处，剧情张弛有度，角色令人印象深刻，是一部完成度较高、值得推荐的作品。
1124,primary,zh-CN,一脸嫌弃表情的妹子给你看胖次,《一脸嫌弃表情的妹子给你看胖次》是短篇福利动画，讲述少女们一脸嫌弃地展示福利的场景。作品以福利、日常与搞笑为特色，动画篇幅短小，是一部以视觉服务为主的泡面番。画风清新、节奏舒缓，人物之间的相处自然而温暖，那些平凡琐碎的片段在动画的演绎下变得闪闪发光，传递出一种治愈人心的宁静力量，是治愈系爱好者不容错过的作品。整体而言，该作在题材表达与情感渲染上均有可取之处，剧情张弛有度，角色令人印象深刻，是一部完成度较高、值得推荐的作品。
1125,primary,zh-CN,超级龙珠英雄,《超级龙珠英雄》是短篇动画，讲述龙珠英雄们的战斗。本作围绕龙珠英雄游戏的世界观展开，作品以格斗、热血与群像为特色，动画的战斗场面华丽，角色们的对决充满魄力，是龙珠系列的衍生作品。动作设计与演出张力俱佳，随着剧情推进，主角面对的敌人越来越强，战斗方式与自身局限的突破层层升级，配乐与画面配合出色，将热血少年向作品应有的爽快感与成长感都演绎得十分到位。整体而言，该作在题材表达与情感渲染上均有可取之处，剧情张弛有度，角色令人印象深刻，是一部完成度较高、值得推荐的作品。
1126,primary,zh-CN,班会传说,《班会传说》是短篇动画，讲述班级会议的搞笑日常。作品以校园、搞笑与吐槽为特色，动画篇幅短小、节奏明快，在轻松的日常中展现学生们的互动，是一部轻松解压的泡面番。作品没有强烈的戏剧冲突，却以细腻的笔触捕捉日常中的微小幸福，角色的喜怒哀乐真实可感，在平实的叙述中悄然传递着生活的温度，适合在忙碌之余放松心情慢慢欣赏。整体而言，该作在题材表达与情感渲染上均有可取之处，剧情张弛有度，角色令人印象深刻，是一部完成度较高、值得推荐的作品。
1127,primary,zh-CN,甜甜私房猫 吃饱啦大旅行,《甜甜私房猫 吃饱啦大旅行》延续系列，小猫小起的冒险继续。本作小起与主人一家的旅行充满温馨，作品以萌宠、日常与治愈为特色，动画画风软萌，小起的可爱行为令人会心一笑，是一部治愈系的宠物动画。画风清新、节奏舒缓，人物之间的相处自然而温暖，那些平凡琐碎的片段在动画的演绎下变得闪闪发光，传递出一种治愈人心的宁静力量，是治愈系爱好者不容错过的作品。整体而言，该作在题材表达与情感渲染上均有可取之处，剧情张弛有度，角色令人印象深刻，是一部完成度较高、值得推荐的作品。
1128,primary,zh-CN,擅长捉弄的高木同学 OVA,《擅长捉弄的高木同学 OVA》是《擅长捉弄的高木同学》的OVA，高木与西片的日常番外。本作以轻松的日常为主，作品以恋爱、日常与搞笑为特色，高木的捉弄与西片的反应充满笑料，动画的氛围轻松甜蜜，是高木同学系列的番外作品。角色间的互动刻画得细腻自然，那些欲言又止的心意、别扭又真诚的靠近都真实而动人，情感线与日常情节交织，让观众在会心一笑与怦然心动之间反复横跳，是一部让人回味无穷的恋爱物语。整体而言，该作在题材表达与情感渲染上均有可取之处，剧情张弛有度，角色令人印象深刻，是一部完成度较高、值得推荐的作品。
1129,primary,zh-CN,哥斯拉 决战之都,《哥斯拉 决战之都》是哥斯拉系列剧场版，人类在哥斯拉支配的星球上的生存。本作人类利用机械哥斯拉与哥斯拉展开决战，作品以科幻、战斗与群像为特色，动画的3DCG画面华丽，人类的挣扎与哥斯拉的威胁充满张力，是哥斯拉系列的剧场版。动画的节奏把控张弛有度，战斗场面的分镜与作画都相当扎实，主角在与强敌的较量中不断突破自我，和同伴之间建立的信任与羁绊也为剧情增添了温度，热血与感动并存，值得一看。整体而言，该作在题材表达与情感渲染上均有可取之处，剧情张弛有度，角色令人印象深刻，是一部完成度较高、值得推荐的作品。
1130,primary,zh-CN,政宗君的复仇 OAD,《政宗君的复仇 OAD》是《政宗君的复仇》的OVA，政宗与爱姬的恋爱番外。本作以轻松的日常为主，作品以恋爱、搞笑与日常为特色，动画的氛围轻松，政宗的复仇计划与爱姬的互动充满笑料，是政宗君系列的番外作品。作品在甜蜜之余也保留了青春特有的青涩与迷茫，主角在感情中的成长与抉择贯穿始终，配乐温润、画面明丽，将恋爱中的忐忑、欢喜与遗憾都拿捏得恰到好处，适合慢慢品味。整体而言，该作在题材表达与情感渲染上均有可取之处，剧情张弛有度，角色令人印象深刻，是一部完成度较高、值得推荐的作品。
1131,primary,zh-CN,欢迎来到加帕里公园,《欢迎来到加帕里公园》是短篇动画，讲述加帕里公园中兽娘们的日常。作品以萌系、日常与治愈为特色，动画画风可爱、篇幅短小，在轻松的日常中展现兽娘们的互动，是兽娘动物园系列的番外作品。作品没有强烈的戏剧冲突，却以细腻的笔触捕捉日常中的微小幸福，角色的喜怒哀乐真实可感，在平实的叙述中悄然传递着生活的温度，适合在忙碌之余放松心情慢慢欣赏。整体而言，该作在题材表达与情感渲染上均有可取之处，剧情张弛有度，角色令人印象深刻，是一部完成度较高、值得推荐的作品。
1132,primary,zh-CN,岸边露伴一动不动 六壁坂,《岸边露伴一动不动 六壁坂》是《JOJO的奇妙冒险》的番外动画，漫画家岸边露伴的奇妙体验。本作露伴在取材中遭遇诡异的事件，作品以悬疑、猎奇与JOJO的世界观为特色，动画的氛围诡异，露伴的冒险充满张力，是JOJO系列的番外作品。剧情层层递进、伏笔密布，随着线索的不断拼合，真相逐渐浮出水面，每一次反转都在意料之外又情理之中，细节经得起推敲，氛围营造到位，是喜欢烧脑故事的观众不可错过之作。整体而言，该作在题材表达与情感渲染上均有可取之处，剧情张弛有度，角色令人印象深刻，是一部完成度较高、值得推荐的作品。
1133,primary,zh-CN,DOUBLE DECKER! 道格&基里尔,《DOUBLE DECKER! 道格&基里尔》是原创动画，讲述刑警二人组在都市中的调查。道格与基里尔在毒品案件中的搭档日常，作品以警察、动作(与搞笑为特色，动画的氛围轻松，两人的互动充满魅力，是一部风格独特的作品。画风清新、节奏舒缓，人物之间的相处自然而温暖，那些平凡琐碎的片段在动画的演绎下变得闪闪发光，传递出一种治愈人心的宁静力量，是治愈系爱好者不容错过的作品。整体而言，该作在题材表达与情感渲染上均有可取之处，剧情张弛有度，角色令人印象深刻，是一部完成度较高、值得推荐的作品。
1134,primary,zh-CN,女皇之刃 UNLIMITED,《女皇之刃 UNLIMITED》是女皇之刃系列动画，女战士们的大会战。本作围绕新的女战士与战斗展开，作品以战斗、福利与群像为特色，动画的画风华丽，女战士们的对决充满魄力，是女皇之刃系列的续作。动作设计与演出张力俱佳，随着剧情推进，主角面对的敌人越来越强，战斗方式与自身局限的突破层层升级，配乐与画面配合出色，将热血少年向作品应有的爽快感与成长感都演绎得十分到位。整体而言，该作在题材表达与情感渲染上均有可取之处，剧情张弛有度，角色令人印象深刻，是一部完成度较高、值得推荐的作品。
1135,primary,zh-CN,FLCL Alternative,《FLCL Alternative》是《FLCL》的新作动画，讲述少女们的奇妙冒险。本作围绕新的角色与机器人展开，作品以无厘头、动作(与青春为特色，动画的演出大胆，脑洞大开，是FLCL系列的续作。动画的节奏把控张弛有度，战斗场面的分镜与作画都相当扎实，主角在与强敌的较量中不断突破自我，和同伴之间建立的信任与羁绊也为剧情增添了温度，热血与感动并存，值得一看。整体而言，该作在题材表达与情感渲染上均有可取之处，剧情张弛有度，角色令人印象深刻，是一部完成度较高、值得推荐的作品。
1136,primary,zh-CN,NEKOPARA OVA Extra 小猫之日的约定,《NEKOPARA OVA Extra 小猫之日的约定》是《NEKOPARA》的OVA，猫娘们的日常番外。本作以轻松的日常为主，作品以萌宠、日常与治愈为特色，动画画风精美、氛围轻松，猫娘们的可爱令人心动，是NEKOPARA系列的番外作品。作品在甜蜜之余也保留了青春特有的青涩与迷茫，主角在感情中的成长与抉择贯穿始终，配乐温润、画面明丽，将恋爱中的忐忑、欢喜与遗憾都拿捏得恰到好处，适合慢慢品味。整体而言，该作在题材表达与情感渲染上均有可取之处，剧情张弛有度，角色令人印象深刻，是一部完成度较高、值得推荐的作品。
1137,primary,zh-CN,RErideD-穿越时空的德里达-,《RErideD-穿越时空的德里达-》是原创动画，讲述少年德里达穿越时空的故事。德里达在过去与未来之间穿梭，作品以科幻、时间旅行与悬疑为特色，动画的氛围冷峻，德里达的冒险与真相层层展开，是一部风格独特的作品。剧情层层递进、伏笔密布，随着线索的不断拼合，真相逐渐浮出水面，每一次反转都在意料之外又情理之中，细节经得起推敲，氛围营造到位，是喜欢烧脑故事的观众不可错过之作。整体而言，该作在题材表达与情感渲染上均有可取之处，剧情张弛有度，角色令人印象深刻，是一部完成度较高、值得推荐的作品。
1138,primary,zh-CN,朝花夕誓——于离别之朝束起约定之花,《朝花夕誓——于离别之朝束起约定之花》是冈田麿里的剧场版，讲述拥有不死之身的玛琪亚与少年的物语。玛琪亚在漫长的岁月中抚养少年艾瑞尔，作品以奇幻、亲情与悲壮为主题，动画的画面精美，玛琪亚的母爱令人动容，是一部感人至深的作品。世界观设定丰富而自成体系，随着冒险推进，更多奇妙的种族、地点与力量体系逐一展开，角色们在旅途中收获成长与羁绊，画面与配乐共同营造出充满想象力的奇幻氛围，令人沉浸其中。整体而言，该作在题材表达与情感渲染上均有可取之处，剧情张弛有度，角色令人印象深刻，是一部完成度较高、值得推荐的作品。
1139,primary,zh-CN,蜡笔小新：功夫小子～拉面大乱斗～,《蜡笔小新：功夫小子～拉面大乱斗～》是《蜡笔小新》剧场版，小新在拉面世界的冒险。本作围绕拉面秘传与功夫展开，小新与伙伴们在拉面世界中战斗，作品以搞笑、冒险与家庭为特色，动画的氛围欢乐，结局充满温情，是蜡笔小新系列的剧场版。动作设计与演出张力俱佳，随着剧情推进，主角面对的敌人越来越强，战斗方式与自身局限的突破层层升级，配乐与画面配合出色，将热血少年向作品应有的爽快感与成长感都演绎得十分到位。整体而言，该作在题材表达与情感渲染上均有可取之处，剧情张弛有度，角色令人印象深刻，是一部完成度较高、值得推荐的作品。
1140,primary,zh-CN,文豪野犬 DEAD APPLE,《文豪野犬 DEAD APPLE》是《文豪野犬》的剧场版，武装侦探社与港黑的战斗。本作围绕迷雾事件与新的敌人展开，作品以异能力战斗、文豪拟人与群像为特色，动画的战斗场面华丽、角色塑造立体，是文豪野犬系列的剧场版。动作设计与演出张力俱佳，随着剧情推进，主角面对的敌人越来越强，战斗方式与自身局限的突破层层升级，配乐与画面配合出色，将热血少年向作品应有的爽快感与成长感都演绎得十分到位。整体而言，该作在题材表达与情感渲染上均有可取之处，剧情张弛有度，角色令人印象深刻，是一部完成度较高、值得推荐的作品。
1141,primary,zh-CN,新撰组异闻录 铁 ～想道～,《新撰组异闻录 铁 ～想道～》改编自同名漫画，讲述新撰组的少年们的物语。本作围绕新撰组的日常与战斗展开，作品以历史、战斗与群像为特色，动画的氛围沉重，角色们的命运充满张力，是一部充满时代气息的作品。动画的节奏把控张弛有度，战斗场面的分镜与作画都相当扎实，主角在与强敌的较量中不断突破自我，和同伴之间建立的信任与羁绊也为剧情增添了温度，热血与感动并存，值得一看。整体而言，该作在题材表达与情感渲染上均有可取之处，剧情张弛有度，角色令人印象深刻，是一部完成度较高、值得推荐的作品。
1142,primary,zh-CN,美妙天堂&闪亮 美妙☆频道 闪亮纪念演出,《美妙天堂&闪亮 美妙☆频道 闪亮纪念演出》是美妙系列剧场版，少女们的偶像演出。本作两部作品的偶像们集结演出，作品以华丽的舞台演出、可爱的角色与音乐为特色，歌舞场面充满感染力，是少女向偶像动画的剧场版。角色的个性塑造鲜明，舞台上的自信与生活中的可爱形成反差，团队协作与个人成长双线并进，歌舞编排赏心悦目，让观众既能享受视听盛宴，也能为少女们的梦想与坚持而感动。整体而言，该作在题材表达与情感渲染上均有可取之处，剧情张弛有度，角色令人印象深刻，是一部完成度较高、值得推荐的作品。
1143,primary,zh-CN,莉兹与青鸟,《莉兹与青鸟》是《吹响吧！上低音号》的剧场版，讲述双簧管少女铠冢霙与伞木希美的物语。本作围绕两人的关系与音乐展开，作品以音乐、青春与情感为主题，动画的画面精美，霙与希美的情感细腻动人，是一部充满文艺气息的作品。角色的个性塑造鲜明，舞台上的自信与生活中的可爱形成反差，团队协作与个人成长双线并进，歌舞编排赏心悦目，让观众既能享受视听盛宴，也能为少女们的梦想与坚持而感动。整体而言，该作在题材表达与情感渲染上均有可取之处，剧情张弛有度，角色令人印象深刻，是一部完成度较高、值得推荐的作品。
1144,primary,zh-CN,JOJO的奇妙冒险 黄金之风,《JOJO的奇妙冒险 黄金之风》是JOJO系列动画，讲述乔鲁诺的意大利物语。乔鲁诺为成为流氓巨星而加入黑帮，作品以战斗、热血与替身为特色，动画的战斗场面华丽，黄金之风的替身战充满魄力，是JOJO系列的重要篇章。动画的节奏把控张弛有度，战斗场面的分镜与作画都相当扎实，主角在与强敌的较量中不断突破自我，和同伴之间建立的信任与羁绊也为剧情增添了温度，热血与感动并存，值得一看。整体而言，该作在题材表达与情感渲染上均有可取之处，剧情张弛有度，角色令人印象深刻，是一部完成度较高、值得推荐的作品。
1145,primary,zh-CN,月影特工,《月影特工》是原创动画，讲述少女间谍们的战斗。少女们在月影组织中执行任务，作品以间谍、动作(与群像为特色，动画的战斗场面华丽，少女们的成长与羁绊贯穿始终，是一部扎实的作品。动作设计与演出张力俱佳，随着剧情推进，主角面对的敌人越来越强，战斗方式与自身局限的突破层层升级，配乐与画面配合出色，将热血少年向作品应有的爽快感与成长感都演绎得十分到位。整体而言，该作在题材表达与情感渲染上均有可取之处，剧情张弛有度，角色令人印象深刻，是一部完成度较高、值得推荐的作品。
1146,primary,zh-CN,茜色少女,《茜色少女》是原创动画，讲述少女们在异世界中的冒险。少女们在茜色的世界中展开奇妙的旅程，作品以奇幻、冒险与群像为特色，动画的氛围轻松，少女们的互动充满魅力，是一部风格独特的作品。作品没有强烈的戏剧冲突，却以细腻的笔触捕捉日常中的微小幸福，角色的喜怒哀乐真实可感，在平实的叙述中悄然传递着生活的温度，适合在忙碌之余放松心情慢慢欣赏。整体而言，该作在题材表达与情感渲染上均有可取之处，剧情张弛有度，角色令人印象深刻，是一部完成度较高、值得推荐的作品。
1147,primary,zh-CN,偶像大师 SideM 事出有因Mini!,《偶像大师 SideM 事出有因Mini!》是《偶像大师 SideM》的短篇动画，男性偶像们的Q版日常。作品以偶像、搞笑与日常为特色，动画画风可爱、篇幅短小，在轻松的日常中展现偶像们的互动，是SideM系列的番外作品。作品没有强烈的戏剧冲突，却以细腻的笔触捕捉日常中的微小幸福，角色的喜怒哀乐真实可感，在平实的叙述中悄然传递着生活的温度，适合在忙碌之余放松心情慢慢欣赏。整体而言，该作在题材表达与情感渲染上均有可取之处，剧情张弛有度，角色令人印象深刻，是一部完成度较高、值得推荐的作品。
1148,primary,zh-CN,SSSS.古立特,《SSSS.古立特》改编自同名特摄。少年响裕太与电脑世界中的古立特一起战斗。作品以特摄、机战与青春为特色，动画的战斗场面华丽，裕太的成长与羁绊贯穿始终，是特摄改编动画的佳作。动作设计与演出张力俱佳，随着剧情推进，主角面对的敌人越来越强，战斗方式与自身局限的突破层层升级，配乐与画面配合出色，将热血少年向作品应有的爽快感与成长感都演绎得十分到位。整体而言，该作在题材表达与情感渲染上均有可取之处，剧情张弛有度，角色令人印象深刻，是一部完成度较高、值得推荐的作品。
1149,primary,zh-CN,宇宙战舰提拉米斯 2,《宇宙战舰提拉米斯 2》延续第一季，王牌驾驶员一之濑昴的搞笑日常继续。本作昴在宇宙战舰中的脑洞与战斗依旧充满笑料，作品以科幻、搞笑与吐槽为特色，动画的脑洞大开、笑点密集，是一部独特的搞笑作品。动作设计与演出张力俱佳，随着剧情推进，主角面对的敌人越来越强，战斗方式与自身局限的突破层层升级，配乐与画面配合出色，将热血少年向作品应有的爽快感与成长感都演绎得十分到位。整体而言，该作在题材表达与情感渲染上均有可取之处，剧情张弛有度，角色令人印象深刻，是一部完成度较高、值得推荐的作品。
1150,primary,zh-CN,关于我转生变成史莱姆这档事,《关于我转生变成史莱姆这档事》改编自同名轻小说。上班族三上悟在死后转生为史莱姆利姆露。利姆露在异世界中建立自己的国家，作品以异世界、轻松冒险与群像为特色，利姆露的强大与温柔充满魅力，动画的氛围轻松，是异世界题材的代表作。作品没有强烈的戏剧冲突，却以细腻的笔触捕捉日常中的微小幸福，角色的喜怒哀乐真实可感，在平实的叙述中悄然传递着生活的温度，适合在忙碌之余放松心情慢慢欣赏。整体而言，该作在题材表达与情感渲染上均有可取之处，剧情张弛有度，角色令人印象深刻，是一部完成度较高、值得推荐的作品。
1151,primary,zh-CN,刀剑神域 爱丽丝篇,《刀剑神域 爱丽丝篇》是《刀剑神域》的新篇章，桐人在Underworld中的冒险。本作桐人陷入人工世界，与爱丽丝的相遇展开新的物语，作品以科幻、战斗与羁绊为主题，动画的制作精良，桐人的战斗与爱丽丝的羁绊充满张力，是SAO系列的重要篇章。动作设计与演出张力俱佳，随着剧情推进，主角面对的敌人越来越强，战斗方式与自身局限的突破层层升级，配乐与画面配合出色，将热血少年向作品应有的爽快感与成长感都演绎得十分到位。
1152,primary,zh-CN,魔法禁书目录 第三季,《魔法禁书目录 第三季》延续系列，上条当麻与御坂美琴的故事继续。本作围绕学园都市的暗部与世界的真相展开，作品以超能力、战斗与群像为特色，动画的世界观庞大，上条的右手与美琴的电击充满魄力，是魔法禁书目录系列的续作。动作设计与演出张力俱佳，随着剧情推进，主角面对的敌人越来越强，战斗方式与自身局限的突破层层升级，配乐与画面配合出色，将热血少年向作品应有的爽快感与成长感都演绎得十分到位。整体而言，该作在题材表达与情感渲染上均有可取之处，剧情张弛有度，角色令人印象深刻，是一部完成度较高、值得推荐的作品。
1153,primary,zh-CN,寄宿学校的朱丽叶,《寄宿学校的朱丽叶》改编自同名漫画。敌对学园的领袖犬冢露壬雄与少女佩尔西亚的恋爱。作品以恋爱、校园与搞笑为特色，露壬雄的秘密恋爱充满笑料，动画的氛围轻松，两人的互动甜度十足，是一部欢乐的恋爱喜剧。角色间的互动刻画得细腻自然，那些欲言又止的心意、别扭又真诚的靠近都真实而动人，情感线与日常情节交织，让观众在会心一笑与怦然心动之间反复横跳，是一部让人回味无穷的恋爱物语。整体而言，该作在题材表达与情感渲染上均有可取之处，剧情张弛有度，角色令人印象深刻，是一部完成度较高、值得推荐的作品。
1154,primary,zh-CN,哥布林杀手,《哥布林杀手》改编自同名轻小说。只讨伐哥布林的冒险者哥布林杀手的战斗。作品以黑暗奇幻、战斗与群像为特色，动画的氛围沉重，哥布林杀手的信念与战斗充满震撼，是一部硬核的奇幻作品。动作设计与演出张力俱佳，随着剧情推进，主角面对的敌人越来越强，战斗方式与自身局限的突破层层升级，配乐与画面配合出色，将热血少年向作品应有的爽快感与成长感都演绎得十分到位。整体而言，该作在题材表达与情感渲染上均有可取之处，剧情张弛有度，角色令人印象深刻，是一部完成度较高、值得推荐的作品。
1155,primary,zh-CN,青春猪头少年不会梦到兔女郎学姐,《青春猪头少年不会梦到兔女郎学姐》改编自同名轻小说。少年梓川咲太在学园中与兔女郎学姐樱岛麻衣相遇。作品以恋爱、日常与奇幻为特色，咲太帮助少女们解决青春期症候群，动画的氛围轻松，咲太与麻衣的互动甜度十足，是一部口碑极佳的恋爱作品。角色间的互动刻画得细腻自然，那些欲言又止的心意、别扭又真诚的靠近都真实而动人，情感线与日常情节交织，让观众在会心一笑与怦然心动之间反复横跳，是一部让人回味无穷的恋爱物语。整体而言，该作在题材表达与情感渲染上均有可取之处，剧情张弛有度，角色令人印象深刻，是一部完成度较高、值得推荐的作品。
1156,primary,zh-CN,我家的女仆太烦人了！,《我家的女仆太烦人了！》改编自同名漫画。前战斗机驾驶员鸭居燕成为小学生米夏的女仆。作品以日常、搞笑与百合为特色，鸭居的痴女行为与米夏的拒绝充满笑料，动画的氛围轻松，是一部让人捧腹的日常喜剧。动画的节奏把控张弛有度，战斗场面的分镜与作画都相当扎实，主角在与强敌的较量中不断突破自我，和同伴之间建立的信任与羁绊也为剧情增添了温度，热血与感动并存，值得一看。整体而言，该作在题材表达与情感渲染上均有可取之处，剧情张弛有度，角色令人印象深刻，是一部完成度较高、值得推荐的作品。
1157,primary,zh-CN,黄金神威 第二季,《黄金神威 第二季》延续第一季，杉元佐一在北海道的冒险继续。本作围绕黄金的争夺与新的角色展开，作品以冒险、美食与群像为特色，动画将北海道的自然与阿伊努文化描绘得细致，杉元的冒险充满趣味，是一部兼具热血与趣味的作品。动作设计与演出张力俱佳，随着剧情推进，主角面对的敌人越来越强，战斗方式与自身局限的突破层层升级，配乐与画面配合出色，将热血少年向作品应有的爽快感与成长感都演绎得十分到位。整体而言，该作在题材表达与情感渲染上均有可取之处，剧情张弛有度，角色令人印象深刻，是一部完成度较高、值得推荐的作品。
1158,primary,zh-CN,天空与海洋之间,《天空与海洋之间》改编自同名游戏。少女们在宇宙渔场的物语。少女们为了守护宇宙渔场而努力，作品以科幻、日常与群像为特色，动画的氛围轻松，少女们的成长与羁绊贯穿始终，是一部独特的作品。作品没有强烈的戏剧冲突，却以细腻的笔触捕捉日常中的微小幸福，角色的喜怒哀乐真实可感，在平实的叙述中悄然传递着生活的温度，适合在忙碌之余放松心情慢慢欣赏。整体而言，该作在题材表达与情感渲染上均有可取之处，剧情张弛有度，角色令人印象深刻，是一部完成度较高、值得推荐的作品。
1159,primary,zh-CN,佐贺偶像是传奇,《佐贺偶像是传奇》是原创动画，讲述僵尸少女们的偶像物语。苏醒的少女们为了振兴佐贺而成为偶像，作品以偶像、搞笑与反差为特色，动画的演出大胆、笑点密集，少女们的歌声与成长充满感动，是近年来的黑马作品。歌舞演出的画面制作精良，每一首歌都与角色心境和剧情推进紧密呼应，少女们在聚光灯下的闪耀与幕后流下的汗水同样动人，传递出追逐梦想、不懈努力的正能量，感染力十足。整体而言，该作在题材表达与情感渲染上均有可取之处，剧情张弛有度，角色令人印象深刻，是一部完成度较高、值得推荐的作品。
1160,primary,zh-CN,火之丸相扑,《火之丸相扑》改编自同名漫画。矮小的少年潮火之丸为了称霸相扑而努力。作品以相扑、热血与青春为特色，动画的比赛场面充满魄力，火之丸的不屈与成长令人动容，是一部扎实的运动作品。动作设计与演出张力俱佳，随着剧情推进，主角面对的敌人越来越强，战斗方式与自身局限的突破层层升级，配乐与画面配合出色，将热血少年向作品应有的爽快感与成长感都演绎得十分到位。整体而言，该作在题材表达与情感渲染上均有可取之处，剧情张弛有度，角色令人印象深刻，是一部完成度较高、值得推荐的作品。
1161,primary,zh-CN,终将成为你,《终将成为你》改编自同名漫画。少女小糸侑与前辈七海灯子的恋爱物语。侑在灯子的告白中逐渐理解恋爱，作品以百合、恋爱与青春为特色，动画的氛围细腻，两人情感的发展动人，是百合动画的佳作。角色间的互动刻画得细腻自然，那些欲言又止的心意、别扭又真诚的靠近都真实而动人，情感线与日常情节交织，让观众在会心一笑与怦然心动之间反复横跳，是一部让人回味无穷的恋爱物语。整体而言，该作在题材表达与情感渲染上均有可取之处，剧情张弛有度，角色令人印象深刻，是一部完成度较高、值得推荐的作品。
1162,primary,zh-CN,来自多彩世界的明天,《来自多彩世界的明天》是原创动画，讲述失去色彩视觉的少女月白瞳美的物语。瞳美在过去的世界中学习魔法，作品以奇幻、恋爱与青春为特色，动画的画面精美、氛围梦幻，瞳美的成长与羁绊令人动容，是一部充满诗意的作品。角色间的互动刻画得细腻自然，那些欲言又止的心意、别扭又真诚的靠近都真实而动人，情感线与日常情节交织，让观众在会心一笑与怦然心动之间反复横跳，是一部让人回味无穷的恋爱物语。整体而言，该作在题材表达与情感渲染上均有可取之处，剧情张弛有度，角色令人印象深刻，是一部完成度较高、值得推荐的作品。
1163,primary,zh-CN,邻家的吸血鬼小妹,《邻家的吸血鬼小妹》改编自同名漫画。高中生天野灯与吸血鬼少女索菲的日常。作品以日常、百合与治愈为特色，索菲与灯的互动充满萌点，动画画风可爱、氛围轻松，是一部轻松治愈的作品。画风清新、节奏舒缓，人物之间的相处自然而温暖，那些平凡琐碎的片段在动画的演绎下变得闪闪发光，传递出一种治愈人心的宁静力量，是治愈系爱好者不容错过的作品。整体而言，该作在题材表达与情感渲染上均有可取之处，剧情张弛有度，角色令人印象深刻，是一部完成度较高、值得推荐的作品。
1164,primary,zh-CN,Anima Yell!,《Anima Yell!》改编自同名漫画。少女们在啦啦队中的青春物语。作品以运动、青春与群像为特色，少女们的训练与成长充满活力，动画画风可爱、氛围轻松，是一部充满阳光的运动作品。作品没有强烈的戏剧冲突，却以细腻的笔触捕捉日常中的微小幸福，角色的喜怒哀乐真实可感，在平实的叙述中悄然传递着生活的温度，适合在忙碌之余放松心情慢慢欣赏。整体而言，该作在题材表达与情感渲染上均有可取之处，剧情张弛有度，角色令人印象深刻，是一部完成度较高、值得推荐的作品。
1165,primary,zh-CN,我喜欢的是妹妹但不是妹妹,《我喜欢的是妹妹但不是妹妹》改编自同名轻小说。轻小说作家哥哥与天才妹妹的物语。作品以恋爱、轻小说业界与吐槽为特色，哥哥与妹妹的互动充满笑料，动画的氛围轻松，是一部欢乐的日常喜剧。角色间的互动刻画得细腻自然，那些欲言又止的心意、别扭又真诚的靠近都真实而动人，情感线与日常情节交织，让观众在会心一笑与怦然心动之间反复横跳，是一部让人回味无穷的恋爱物语。整体而言，该作在题材表达与情感渲染上均有可取之处，剧情张弛有度，角色令人印象深刻，是一部完成度较高、值得推荐的作品。
1166,primary,zh-CN,只要贝尔哲布布大小姐喜欢就好。,《只要贝尔哲布布大小姐喜欢就好。》改编自同名漫画。魔界的大小姐贝尔哲布布的日常。作品以治愈、日常与萌系为特色，大小姐的慵懒与可爱充满魅力，动画画风精美、氛围温暖，是一部轻松治愈的作品。作品在甜蜜之余也保留了青春特有的青涩与迷茫，主角在感情中的成长与抉择贯穿始终，配乐温润、画面明丽，将恋爱中的忐忑、欢喜与遗憾都拿捏得恰到好处，适合慢慢品味。整体而言，该作在题材表达与情感渲染上均有可取之处，剧情张弛有度，角色令人印象深刻，是一部完成度较高、值得推荐的作品。
1167,primary,zh-CN,我让最想被拥抱的男人给威胁了。,《我让最想被拥抱的男人给威胁了。》改编自同名漫画。演员西条高人与雏的故事。两人在演艺圈的恋爱充满波折，作品以BL恋爱、演艺圈与日常为特色，动画的氛围华丽，西条与雏的情感发展细腻动人，是BL动画的佳作。角色间的互动刻画得细腻自然，那些欲言又止的心意、别扭又真诚的靠近都真实而动人，情感线与日常情节交织，让观众在会心一笑与怦然心动之间反复横跳，是一部让人回味无穷的恋爱物语。整体而言，该作在题材表达与情感渲染上均有可取之处，剧情张弛有度，角色令人印象深刻，是一部完成度较高、值得推荐的作品。
1168,primary,zh-CN,尤利西斯 贞德与炼金骑士,《尤利西斯 贞德与炼金骑士》改编自同名轻小说。在百年战争中，少女贞德与炼金骑士的物语。作品以历史、战争与奇幻为特色，动画的氛围沉重，贞德的命运与炼金术的设定充满张力，是一部硬核的历史奇幻作品。动画的节奏把控张弛有度，战斗场面的分镜与作画都相当扎实，主角在与强敌的较量中不断突破自我，和同伴之间建立的信任与羁绊也为剧情增添了温度，热血与感动并存，值得一看。整体而言，该作在题材表达与情感渲染上均有可取之处，剧情张弛有度，角色令人印象深刻，是一部完成度较高、值得推荐的作品。
1169,primary,zh-CN,为我而生,《为我而生》改编自同名游戏。少年们在异世界中展开战斗，作品以战斗、奇幻与热血为特色，动画的战斗场面华丽，角色们的成长与羁绊贯穿始终，是游戏改编动画的作品。动作设计与演出张力俱佳，随着剧情推进，主角面对的敌人越来越强，战斗方式与自身局限的突破层层升级，配乐与画面配合出色，将热血少年向作品应有的爽快感与成长感都演绎得十分到位。整体而言，该作在题材表达与情感渲染上均有可取之处，剧情张弛有度，角色令人印象深刻，是一部完成度较高、值得推荐的作品。
1170,primary,zh-CN,骸骨书店员本田君,《骸骨书店员本田君》是短篇动画，讲述书店店员骸骨本田君的职场日常。作品以书店、职场与搞笑为特色，本田君与客人及同事的互动充满笑料，动画篇幅短小、节奏明快，是一部轻松解压的泡面番。作品没有强烈的戏剧冲突，却以细腻的笔触捕捉日常中的微小幸福，角色的喜怒哀乐真实可感，在平实的叙述中悄然传递着生活的温度，适合在忙碌之余放松心情慢慢欣赏。整体而言，该作在题材表达与情感渲染上均有可取之处，剧情张弛有度，角色令人印象深刻，是一部完成度较高、值得推荐的作品。
1171,primary,zh-CN,东京喰种:re 第二季,《东京喰种:re 第二季》延续系列，喰种与搜查官的战争继续。本作佐佐木琲世的真相与金木研的回归展开，作品以喰种、战斗与黑暗为特色，动画的氛围沉重，角色们的命运充满张力，是东京喰种系列的完结篇。动画的节奏把控张弛有度，战斗场面的分镜与作画都相当扎实，主角在与强敌的较量中不断突破自我，和同伴之间建立的信任与羁绊也为剧情增添了温度，热血与感动并存，值得一看。整体而言，该作在题材表达与情感渲染上均有可取之处，剧情张弛有度，角色令人印象深刻，是一部完成度较高、值得推荐的作品。
1172,primary,zh-CN,学园BASARA,《学园BASARA》是BASARA系列的搞笑动画，战国武将们在现代学园的日常。作品以恶搞、搞笑与日常为特色，武将们的学生生活充满笑料，动画的演出夸张，是一部让人捧腹的恶搞作品。画风清新、节奏舒缓，人物之间的相处自然而温暖，那些平凡琐碎的片段在动画的演绎下变得闪闪发光，传递出一种治愈人心的宁静力量，是治愈系爱好者不容错过的作品。整体而言，该作在题材表达与情感渲染上均有可取之处，剧情张弛有度，角色令人印象深刻，是一部完成度较高、值得推荐的作品。
1173,primary,zh-CN,不受欢迎之家,《不受欢迎之家》是短篇动画，讲述宅女们的日常。作品以日常、宅文化与搞笑为特色，动画画风简单、篇幅短小，在轻松的日常中展现宅女们的生活，是一部轻松解压的泡面番。作品没有强烈的戏剧冲突，却以细腻的笔触捕捉日常中的微小幸福，角色的喜怒哀乐真实可感，在平实的叙述中悄然传递着生活的温度，适合在忙碌之余放松心情慢慢欣赏。整体而言，该作在题材表达与情感渲染上均有可取之处，剧情张弛有度，角色令人印象深刻，是一部完成度较高、值得推荐的作品。
1174,primary,zh-CN,闪乱神乐 SHINOVI MASTER -东京妖魔篇-,《闪乱神乐 SHINOVI MASTER -东京妖魔篇-》是闪乱神乐系列动画，忍者少女们的战斗。本作围绕东京妖魔篇展开，少女们在忍者学校中的战斗充满热血，作品以忍者、战斗与福利为特色，动画的战斗场面华丽，是闪乱神乐系列的续作。动画的节奏把控张弛有度，战斗场面的分镜与作画都相当扎实，主角在与强敌的较量中不断突破自我，和同伴之间建立的信任与羁绊也为剧情增添了温度，热血与感动并存，值得一看。整体而言，该作在题材表达与情感渲染上均有可取之处，剧情张弛有度，角色令人印象深刻，是一部完成度较高、值得推荐的作品。
1175,primary,zh-CN,梅露可物语 -无精打采的少年与瓶中少女-,《梅露可物语 -无精打采的少年与瓶中少女-》改编自同名游戏。少年优与瓶中少女梅露可的冒险。作品以奇幻、冒险与治愈为特色，优与梅露可的互动充满温馨，动画画风可爱、氛围轻松，是一部治愈系的冒险作品。画风清新、节奏舒缓，人物之间的相处自然而温暖，那些平凡琐碎的片段在动画的演绎下变得闪闪发光，传递出一种治愈人心的宁静力量，是治愈系爱好者不容错过的作品。整体而言，该作在题材表达与情感渲染上均有可取之处，剧情张弛有度，角色令人印象深刻，是一部完成度较高、值得推荐的作品。
1176,primary,zh-CN,叛逆性百万亚瑟王,《叛逆性百万亚瑟王》改编自同名游戏。六位亚瑟的物语。本作围绕叛逆性的亚瑟们展开，作品以战斗、奇幻与群像为特色，动画的战斗场面华丽，亚瑟们的成长与羁绊贯穿始终，是百万亚瑟王系列的动画化。动作设计与演出张力俱佳，随着剧情推进，主角面对的敌人越来越强，战斗方式与自身局限的突破层层升级，配乐与画面配合出色，将热血少年向作品应有的爽快感与成长感都演绎得十分到位。整体而言，该作在题材表达与情感渲染上均有可取之处，剧情张弛有度，角色令人印象深刻，是一部完成度较高、值得推荐的作品。
1177,primary,zh-CN,虚空魔境,《虚空魔境》改编自同名漫画。少年塞特在魔法世界的冒险。作品以奇幻、冒险与热血为特色，动画的战斗场面华丽，塞特的成长与伙伴们的羁绊贯穿始终，是一部标准的冒险作品。动画的节奏把控张弛有度，战斗场面的分镜与作画都相当扎实，主角在与强敌的较量中不断突破自我，和同伴之间建立的信任与羁绊也为剧情增添了温度，热血与感动并存，值得一看。整体而言，该作在题材表达与情感渲染上均有可取之处，剧情张弛有度，角色令人印象深刻，是一部完成度较高、值得推荐的作品。
1178,primary,zh-CN,弦音 -风舞高中弓道部-,《弦音 -风舞高中弓道部-》改编自同名小说。弓道部少年们的青春物语。作品以弓道、青春与群像为特色，动画的氛围宁静，弓道部的训练与羁绊充满美感，是京都动画的作品。角色的成长与友情线索贯穿始终，校园场景的描绘充满生活气息，那些关于梦想、竞争与陪伴的片段真实动人，在轻松愉快的基调里传递着积极向上的力量，令人会心一笑。整体而言，该作在题材表达与情感渲染上均有可取之处，剧情张弛有度，角色令人印象深刻，是一部完成度较高、值得推荐的作品。
1179,primary,zh-CN,嫁给非人类,《嫁给非人类》是短篇动画，讲述少女与非人类结婚的物语。作品以恋爱、搞笑与日常为特色，动画篇幅短小、节奏明快，在轻松的日常中展现非人类丈夫的互动，是一部轻松解压的泡面番。角色间的互动刻画得细腻自然，那些欲言又止的心意、别扭又真诚的靠近都真实而动人，情感线与日常情节交织，让观众在会心一笑与怦然心动之间反复横跳，是一部让人回味无穷的恋爱物语。整体而言，该作在题材表达与情感渲染上均有可取之处，剧情张弛有度，角色令人印象深刻，是一部完成度较高、值得推荐的作品。
1180,primary,zh-CN,强风吹拂,《强风吹拂》改编自三浦紫苑的同名小说。宽政大学宿舍的成员们挑战箱根驿传。作品以跑步、青春与群像为主题，动画的氛围热血，少年们的跑步之旅充满感动，是一部扎实的运动作品。动画的节奏把控张弛有度，战斗场面的分镜与作画都相当扎实，主角在与强敌的较量中不断突破自我，和同伴之间建立的信任与羁绊也为剧情增添了温度，热血与感动并存，值得一看。整体而言，该作在题材表达与情感渲染上均有可取之处，剧情张弛有度，角色令人印象深刻，是一部完成度较高、值得推荐的作品。
1181,primary,zh-CN,Thunderbolt Fantasy 东离剑游纪 2,《Thunderbolt Fantasy 东离剑游纪 2》延续系列，剑士们的武侠冒险继续。本作围绕新的阴谋与魔剑展开，作品以武侠、偶剧与热血为特色，动画的偶戏演出充满魄力，剧情跌宕起伏，是东离剑游纪系列的续作。动作设计与演出张力俱佳，随着剧情推进，主角面对的敌人越来越强，战斗方式与自身局限的突破层层升级，配乐与画面配合出色，将热血少年向作品应有的爽快感与成长感都演绎得十分到位。整体而言，该作在题材表达与情感渲染上均有可取之处，剧情张弛有度，角色令人印象深刻，是一部完成度较高、值得推荐的作品。
1182,primary,zh-CN,轩辕剑·苍之曜,《轩辕剑·苍之曜》是中日合作的动画，讲述轩辕剑的世界中的战斗。本作围绕苍之曜的力量展开，作品以仙侠、战斗与热血为特色，动画的战斗场面华丽，角色们的成长与羁绊贯穿始终，是轩辕剑系列的动画化。动作设计与演出张力俱佳，随着剧情推进，主角面对的敌人越来越强，战斗方式与自身局限的突破层层升级，配乐与画面配合出色，将热血少年向作品应有的爽快感与成长感都演绎得十分到位。整体而言，该作在题材表达与情感渲染上均有可取之处，剧情张弛有度，角色令人印象深刻，是一部完成度较高、值得推荐的作品。
1183,primary,zh-CN,喂，看见耳朵啦,《喂，看见耳朵啦》是短篇动画，讲述猫耳少年与人类的日常。作品以萌系、日常与治愈为特色，动画画风可爱、篇幅短小，在轻松的日常中展现猫耳少年的互动，是一部轻松解压的泡面番。作品没有强烈的戏剧冲突，却以细腻的笔触捕捉日常中的微小幸福，角色的喜怒哀乐真实可感，在平实的叙述中悄然传递着生活的温度，适合在忙碌之余放松心情慢慢欣赏。整体而言，该作在题材表达与情感渲染上均有可取之处，剧情张弛有度，角色令人印象深刻，是一部完成度较高、值得推荐的作品。
1184,primary,zh-CN,恋爱幕末男友外传～在时空的彼方盛开之恋～,《恋爱幕末男友外传～在时空的彼方盛开之恋～》改编自同名游戏。少女穿越时空与幕末志士们的恋爱。作品以恋爱、穿越与群像为特色，动画的氛围华丽，少女与志士们的互动充满浪漫，是乙女向动画的作品。作品在甜蜜之余也保留了青春特有的青涩与迷茫，主角在感情中的成长与抉择贯穿始终，配乐温润、画面明丽，将恋爱中的忐忑、欢喜与遗憾都拿捏得恰到好处，适合慢慢品味。整体而言，该作在题材表达与情感渲染上均有可取之处，剧情张弛有度，角色令人印象深刻，是一部完成度较高、值得推荐的作品。
1185,primary,zh-CN,狐狸之声,《狐狸之声》是中日合作的动画，讲述少年们在音乐中的物语。本作围绕音乐与梦想展开，作品以音乐、青春与群像为特色，动画的氛围青春，角色们的歌声与成长令人动容，是国漫合作的作品。角色的个性塑造鲜明，舞台上的自信与生活中的可爱形成反差，团队协作与个人成长双线并进，歌舞编排赏心悦目，让观众既能享受视听盛宴，也能为少女们的梦想与坚持而感动。整体而言，该作在题材表达与情感渲染上均有可取之处，剧情张弛有度，角色令人印象深刻，是一部完成度较高、值得推荐的作品。
1186,primary,zh-CN,钱进球场 第二季,《钱进球场 第二季》延续第一季，凡田夏之介的棒球职场继续。本作凡田在棒球场上的现实主义依旧充满看点，作品以棒球、职场与吐槽为特色，动画以职棒选手的视角描绘现实的棒球世界，是一部独特的棒球作品。作品对竞技细节的还原相当用心，每一次攻防都充满张力，主角从青涩到成熟的成长轨迹真实可感，与队友和对手的羁绊贯穿始终，汗水与泪水交织出热血沸腾的青春物语。整体而言，该作在题材表达与情感渲染上均有可取之处，剧情张弛有度，角色令人印象深刻，是一部完成度较高、值得推荐的作品。
1187,primary,zh-CN,宇宙战舰大和号2202 爱的战士们,《宇宙战舰大和号2202 爱的战士们》是《宇宙战舰大和号》的重制续作，大和号的战斗继续。本作围绕爱的战士们与新的威胁展开，作品以机战、战争与群像为特色，动画的战斗场面华丽，大和号的冒险充满魄力，是宇宙战舰大和号系列的续作。动作设计与演出张力俱佳，随着剧情推进，主角面对的敌人越来越强，战斗方式与自身局限的突破层层升级，配乐与画面配合出色，将热血少年向作品应有的爽快感与成长感都演绎得十分到位。整体而言，该作在题材表达与情感渲染上均有可取之处，剧情张弛有度，角色令人印象深刻，是一部完成度较高、值得推荐的作品。
1188,primary,zh-CN,逆转裁判 第二季,《逆转裁判 第二季》延续系列，律师成步堂龙一的法庭战斗继续。本作成步堂在法庭上揭露真相，与检察官们展开对决，作品以法庭、推理与热血为特色，动画的剧情充满反转，成步堂的辩论令人热血沸腾，是逆转裁判系列的动画化。动作设计与演出张力俱佳，随着剧情推进，主角面对的敌人越来越强，战斗方式与自身局限的突破层层升级，配乐与画面配合出色，将热血少年向作品应有的爽快感与成长感都演绎得十分到位。整体而言，该作在题材表达与情感渲染上均有可取之处，剧情张弛有度，角色令人印象深刻，是一部完成度较高、值得推荐的作品。
1189,primary,zh-CN,彼时彼女,《彼时彼女》是短篇动画，讲述少女们的日常。作品以日常、治愈与群像为特色，动画画风精美、氛围宁静，在轻松的日常中展现少女们的情感，是一部短小却温馨的作品。作品没有强烈的戏剧冲突，却以细腻的笔触捕捉日常中的微小幸福，角色的喜怒哀乐真实可感，在平实的叙述中悄然传递着生活的温度，适合在忙碌之余放松心情慢慢欣赏。整体而言，该作在题材表达与情感渲染上均有可取之处，剧情张弛有度，角色令人印象深刻，是一部完成度较高、值得推荐的作品。
1190,primary,zh-CN,妖精的尾巴 最终季,《妖精的尾巴 最终季》是《妖精的尾巴》的完结篇，纳兹与伙伴们的冒险迎来终章。本作围绕最终决战与公会的历史展开，作品以热血战斗、伙伴羁绊与魔法世界为特色，动画的战斗场面华丽，纳兹与伙伴们的告别令人动容，是妖精的尾巴系列的圆满收官。动作设计与演出张力俱佳，随着剧情推进，主角面对的敌人越来越强，战斗方式与自身局限的突破层层升级，配乐与画面配合出色，将热血少年向作品应有的爽快感与成长感都演绎得十分到位。整体而言，该作在题材表达与情感渲染上均有可取之处，剧情张弛有度，角色令人印象深刻，是一部完成度较高、值得推荐的作品。
1191,primary,zh-CN,末班车后、在胶囊旅馆里、向上司传递微热的夜晚,《末班车后、在胶囊旅馆里、向上司传递微热的夜晚》是短篇成人向动画，讲述OL与上司的恋爱。作品以恋爱、成年向与日常为特色，动画的氛围暧昧，两人的互动充满张力，是一部面向成人的恋爱作品。角色间的互动刻画得细腻自然，那些欲言又止的心意、别扭又真诚的靠近都真实而动人，情感线与日常情节交织，让观众在会心一笑与怦然心动之间反复横跳，是一部让人回味无穷的恋爱物语。整体而言，该作在题材表达与情感渲染上均有可取之处，剧情张弛有度，角色令人印象深刻，是一部完成度较高、值得推荐的作品。
1192,primary,zh-CN,苍天之拳 REGENESIS 第二季,《苍天之拳 REGENESIS 第二季》延续第一季，拳志郎的北斗神拳战斗继续。本作拳志郎在与强敌的对决中成长，作品以格斗、热血与历史为特色，动画的战斗场面华丽，拳志郎的拳法充满魄力，是北斗神拳系列的前传。动画的节奏把控张弛有度，战斗场面的分镜与作画都相当扎实，主角在与强敌的较量中不断突破自我，和同伴之间建立的信任与羁绊也为剧情增添了温度，热血与感动并存，值得一看。整体而言，该作在题材表达与情感渲染上均有可取之处，剧情张弛有度，角色令人印象深刻，是一部完成度较高、值得推荐的作品。
1193,primary,zh-CN,能继续奔跑下去真是太好了。,《能继续奔跑下去真是太好了。》是短篇动画，讲述少女奔跑的物语。作品以运动、青春与治愈为特色，动画画风清新、氛围温暖，在奔跑中展现少女的成长，是一部短小却励志的作品。画风清新、节奏舒缓，人物之间的相处自然而温暖，那些平凡琐碎的片段在动画的演绎下变得闪闪发光，传递出一种治愈人心的宁静力量，是治愈系爱好者不容错过的作品。整体而言，该作在题材表达与情感渲染上均有可取之处，剧情张弛有度，角色令人印象深刻，是一部完成度较高、值得推荐的作品。
1194,primary,zh-CN,Ingress,《Ingress》改编自同名游戏，讲述少年在现实与虚拟世界中的冒险。本作围绕Ingress的谜团展开，作品以科幻、悬疑与群像为特色，动画的氛围紧张，少年们的冒险与世界的真相层层展开，是一部风格独特的作品。剧情层层递进、伏笔密布，随着线索的不断拼合，真相逐渐浮出水面，每一次反转都在意料之外又情理之中，细节经得起推敲，氛围营造到位，是喜欢烧脑故事的观众不可错过之作。整体而言，该作在题材表达与情感渲染上均有可取之处，剧情张弛有度，角色令人印象深刻，是一部完成度较高、值得推荐的作品。
1195,primary,zh-CN,大人的防具店,《大人的防具店》是短篇动画，讲述防具店的搞笑日常。作品以搞笑、恶搞与日常为特色，动画篇幅短小、笑点密集，在防具店的设定中展现各种无厘头的故事，是一部轻松解压的泡面番。作品没有强烈的戏剧冲突，却以细腻的笔触捕捉日常中的微小幸福，角色的喜怒哀乐真实可感，在平实的叙述中悄然传递着生活的温度，适合在忙碌之余放松心情慢慢欣赏。整体而言，该作在题材表达与情感渲染上均有可取之处，剧情张弛有度，角色令人印象深刻，是一部完成度较高、值得推荐的作品。
1196,primary,zh-CN,欢迎光临千岁酱,《欢迎光临千岁酱》是短篇动画，讲述水獭千岁酱在温泉旅馆的日常。作品以萌宠、日常与治愈为特色，动画画风软萌、氛围轻松，千岁酱的可爱行为令人会心一笑，是一部治愈系的泡面番。画风清新、节奏舒缓，人物之间的相处自然而温暖，那些平凡琐碎的片段在动画的演绎下变得闪闪发光，传递出一种治愈人心的宁静力量，是治愈系爱好者不容错过的作品。整体而言，该作在题材表达与情感渲染上均有可取之处，剧情张弛有度，角色令人印象深刻，是一部完成度较高、值得推荐的作品。
1197,primary,zh-CN,爆钓王,《爆钓王》改编自同名游戏，讲述少年们的爆钓冒险。主角们在钓鱼中展开冒险，作品以钓鱼、冒险与热血为特色，动画的氛围轻松，钓鱼的对决充满趣味，是适合少年观众的作品。动作设计与演出张力俱佳，随着剧情推进，主角面对的敌人越来越强，战斗方式与自身局限的突破层层升级，配乐与画面配合出色，将热血少年向作品应有的爽快感与成长感都演绎得十分到位。整体而言，该作在题材表达与情感渲染上均有可取之处，剧情张弛有度，角色令人印象深刻，是一部完成度较高、值得推荐的作品。
1198,primary,zh-CN,魔偶马戏团,《魔偶马戏团》改编自藤田和日郎的同名漫画。少年才贺胜与傀儡师们的战斗。作品以热血、战斗与群像为特色，动画的氛围沉重，胜的成长与傀儡的真相层层展开，是一部硬核的奇幻作品。动画的节奏把控张弛有度，战斗场面的分镜与作画都相当扎实，主角在与强敌的较量中不断突破自我，和同伴之间建立的信任与羁绊也为剧情增添了温度，热血与感动并存，值得一看。整体而言，该作在题材表达与情感渲染上均有可取之处，剧情张弛有度，角色令人印象深刻，是一部完成度较高、值得推荐的作品。
1199,primary,zh-CN,名侦探柯南 零的执行人,《名侦探柯南 零的执行人》是《名侦探柯南》剧场版，柯南与安室透的行动。本作围绕爆炸事件与零的执行人展开，作品以推理、动作(与悬疑为特色，动画的氛围紧张，柯南与安室的对决充满看点，是柯南系列的高人气剧场版。悬疑氛围铺垫扎实，人物之间暗流涌动的博弈与隐藏的秘密交织出复杂的叙事网络，叙事节奏收放自如，高潮部分的揭示震撼有力，看完之后依然值得反复回味其中的细节。整体而言，该作在题材表达与情感渲染上均有可取之处，剧情张弛有度，角色令人印象深刻，是一部完成度较高、值得推荐的作品。
1200,primary,zh-CN,我想吃掉你的胰脏,《我想吃掉你的胰脏》是剧场版动画，讲述少年与少女的物语。自暴自弃的少年与患有胰脏疾病的少女樱良相遇，作品以恋爱、青春与催泪为主题，动画的画面精美，两人的羁绊令人动容，是一部感人至深的作品。角色间的互动刻画得细腻自然，那些欲言又止的心意、别扭又真诚的靠近都真实而动人，情感线与日常情节交织，让观众在会心一笑与怦然心动之间反复横跳，是一部让人回味无穷的恋爱物语。整体而言，该作在题材表达与情感渲染上均有可取之处，剧情张弛有度，角色令人印象深刻，是一部完成度较高、值得推荐的作品。
1201,primary,zh-CN,圣斗士星矢 圣斗少女翔,《圣斗士星矢 圣斗少女翔》是圣斗士星矢系列的动画，讲述圣斗少女们的战斗。本作围绕圣斗少女翔与黄金圣斗士的物语展开，作品以圣斗士、战斗与群像为特色，动画的战斗场面华丽，翔的成长令人动容，是圣斗士星矢系列的衍生作品。动画的节奏把控张弛有度，战斗场面的分镜与作画都相当扎实，主角在与强敌的较量中不断突破自我，和同伴之间建立的信任与羁绊也为剧情增添了温度，热血与感动并存，值得一看。整体而言，该作在题材表达与情感渲染上均有可取之处，剧情张弛有度，角色令人印象深刻，是一部完成度较高、值得推荐的作品。
1202,primary,zh-CN,K SEVEN STORIES Episode 1「R:b ～BLAZE～」,《K SEVEN STORIES Episode 1「R:b ～BLAZE～」》是《K》系列的剧场版，讲述赤之王的物语。本作围绕十束多多良与周防尊的过去展开，作品以超能力战斗、群像与悲壮为特色，动画的画面华丽，王的宿命充满张力，是K系列的剧场版。作品在热血的打斗之外，也细致刻画了角色们各自的信念与选择，每一次战斗都不仅是力量的较量，更是意志的碰撞，高潮部分张力十足，让观众在肾上腺素飙升的同时也为之动容。
1203,primary,zh-CN,K SEVEN STORIES Episode 2「SIDE:BLUE ～犹如天狼～」,《K SEVEN STORIES Episode 2「SIDE:BLUE ～犹如天狼～」》是《K》系列的剧场版，讲述青之王的物语。本作围绕宗像礼司的过去展开，作品以超能力战斗、群像与悲壮为特色，动画的画面华丽，王的信念充满张力，是K系列的剧场版。动作设计与演出张力俱佳，随着剧情推进，主角面对的敌人越来越强，战斗方式与自身局限的突破层层升级，配乐与画面配合出色，将热血少年向作品应有的爽快感与成长感都演绎得十分到位。
1204,primary,zh-CN,K SEVEN STORIES Episode 3「SIDE:GREEN ～覆写世界～」,《K SEVEN STORIES Episode 3「SIDE:GREEN ～覆写世界～」》是《K》系列的剧场版，讲述绿之王的物语。本作围绕绿的氏族的行动展开，作品以超能力战斗、群像与悲壮为特色，动画的画面华丽，王的意志充满张力，是K系列的剧场版。动画的节奏把控张弛有度，战斗场面的分镜与作画都相当扎实，主角在与强敌的较量中不断突破自我，和同伴之间建立的信任与羁绊也为剧情增添了温度，热血与感动并存，值得一看。
1205,primary,zh-CN,K SEVEN STORIES Episode4「Lost Small World ∼牢笼的彼端∼」,《K SEVEN STORIES Episode4「Lost Small World ∼牢笼的彼端∼」》是《K》系列的剧场版，讲述少年们的物语。本作围绕伏见猿比古与八田美咲的过去展开，作品以超能力战斗、群像与悲壮为特色，动画的画面华丽，少年们的羁绊充满张力，是K系列的剧场版。作品在热血的打斗之外，也细致刻画了角色们各自的信念与选择，每一次战斗都不仅是力量的较量，更是意志的碰撞，高潮部分张力十足，让观众在肾上腺素飙升的同时也为之动容。
1206,primary,zh-CN,剧场版 精灵宝可梦 大家的故事,《剧场版 精灵宝可梦 大家的故事》是宝可梦动画剧场版，小智与皮卡丘在风来城的冒险。本作围绕宝可梦与人类的羁绊展开，作品以冒险、战斗与羁绊为特色，动画的战斗场面华丽，宝可梦之间的深厚感情令人动容，是宝可梦系列的剧场版。动作设计与演出张力俱佳，随着剧情推进，主角面对的敌人越来越强，战斗方式与自身局限的突破层层升级，配乐与画面配合出色，将热血少年向作品应有的爽快感与成长感都演绎得十分到位。整体而言，该作在题材表达与情感渲染上均有可取之处，剧情张弛有度，角色令人印象深刻，是一部完成度较高、值得推荐的作品。
1207,primary,zh-CN,闪电十一人 俄里翁的刻印,《闪电十一人 俄里翁的刻印》延续系列，少年们的足球战斗继续。本作围绕俄里翁的刻印展开，作品以足球、热血与超能力为特色，动画的比赛场面华丽，角色们的必杀技充满魄力，是闪电十一人系列的续作。动画的节奏把控张弛有度，战斗场面的分镜与作画都相当扎实，主角在与强敌的较量中不断突破自我，和同伴之间建立的信任与羁绊也为剧情增添了温度，热血与感动并存，值得一看。整体而言，该作在题材表达与情感渲染上均有可取之处，剧情张弛有度，角色令人印象深刻，是一部完成度较高、值得推荐的作品。
1208,primary,zh-CN,家有女友,《家有女友》改编自同名漫画。少年藤井夏生与姐妹俩的恋爱物语。夏生在失恋后与姐妹的复杂关系展开，作品以恋爱、日常与情感纠葛为特色，动画的氛围暧昧，夏生的感情线充满张力，是一部面向成人的恋爱作品。作品在甜蜜之余也保留了青春特有的青涩与迷茫，主角在感情中的成长与抉择贯穿始终，配乐温润、画面明丽，将恋爱中的忐忑、欢喜与遗憾都拿捏得恰到好处，适合慢慢品味。整体而言，该作在题材表达与情感渲染上均有可取之处，剧情张弛有度，角色令人印象深刻，是一部完成度较高、值得推荐的作品。
1209,primary,zh-CN,魔法少女特殊战明日香,《魔法少女特殊战明日香》改编自同名漫画。魔法少女们在与迪斯贝亚的战斗后，在特殊战部队中战斗。作品以魔法少女、战斗与黑暗为特色，动画的氛围沉重，明日香的心理创伤与战斗充满张力，是一部硬核的作品。动作设计与演出张力俱佳，随着剧情推进，主角面对的敌人越来越强，战斗方式与自身局限的突破层层升级，配乐与画面配合出色，将热血少年向作品应有的爽快感与成长感都演绎得十分到位。整体而言，该作在题材表达与情感渲染上均有可取之处，剧情张弛有度，角色令人印象深刻，是一部完成度较高、值得推荐的作品。
1210,primary,zh-CN,辉夜大小姐想让我告白～天才们的恋爱头脑战～,《辉夜大小姐想让我告白～天才们的恋爱头脑战～》改编自同名漫画。天才学生会长白银与副会长辉夜的恋爱头脑战。两人都想让对方先告白，展开各种心理博弈，作品以恋爱、搞笑与头脑战为特色，动画的演出夸张、笑点密集，是近年来口碑极佳的恋爱喜剧。角色间的互动刻画得细腻自然，那些欲言又止的心意、别扭又真诚的靠近都真实而动人，情感线与日常情节交织，让观众在会心一笑与怦然心动之间反复横跳，是一部让人回味无穷的恋爱物语。
1211,primary,zh-CN,Endro~！,《Endro~！》是原创动画，讲述勇者少女们的冒险。魔王被打倒后的世界，勇者们在学校的日常，作品以奇幻、日常与搞笑为特色，动画画风可爱、氛围轻松，少女们的互动充满萌点，是一部轻松治愈的作品。画风清新、节奏舒缓，人物之间的相处自然而温暖，那些平凡琐碎的片段在动画的演绎下变得闪闪发光，传递出一种治愈人心的宁静力量，是治愈系爱好者不容错过的作品。整体而言，该作在题材表达与情感渲染上均有可取之处，剧情张弛有度，角色令人印象深刻，是一部完成度较高、值得推荐的作品。
1212,primary,zh-CN,粉彩回忆,《粉彩回忆》改编自同名游戏。少女们在秋叶原的物语。作品以日常、治愈与群像为特色，动画画风可爱、氛围轻松，在轻松的日常中展现少女们的互动，是一部轻松解压的作品。作品没有强烈的戏剧冲突，却以细腻的笔触捕捉日常中的微小幸福，角色的喜怒哀乐真实可感，在平实的叙述中悄然传递着生活的温度，适合在忙碌之余放松心情慢慢欣赏。整体而言，该作在题材表达与情感渲染上均有可取之处，剧情张弛有度，角色令人印象深刻，是一部完成度较高、值得推荐的作品。
1213,primary,zh-CN,W'Z,《W'Z》是短篇动画，讲述少年少女们在都市中的物语。作品以日常、青春与群像为特色，动画的氛围宁静，角色们的情感细腻，是一部风格独特的作品。作品没有强烈的戏剧冲突，却以细腻的笔触捕捉日常中的微小幸福，角色的喜怒哀乐真实可感，在平实的叙述中悄然传递着生活的温度，适合在忙碌之余放松心情慢慢欣赏。整体而言，该作在题材表达与情感渲染上均有可取之处，剧情张弛有度，角色令人印象深刻，是一部完成度较高、值得推荐的作品。
1214,primary,zh-CN,忧郁的物怪庵 续,《忧郁的物怪庵 续》延续第一季，芦屋花绘与安倍晴斋的妖怪物语继续。本作新的妖怪与事件登场，作品以妖怪、日常与治愈为特色，花绘与晴斋的搭档互动充满趣味，动画的氛围温暖，是一部治愈系的妖怪物语。画风清新、节奏舒缓，人物之间的相处自然而温暖，那些平凡琐碎的片段在动画的演绎下变得闪闪发光，传递出一种治愈人心的宁静力量，是治愈系爱好者不容错过的作品。整体而言，该作在题材表达与情感渲染上均有可取之处，剧情张弛有度，角色令人印象深刻，是一部完成度较高、值得推荐的作品。
1215,primary,zh-CN,天使降临到了我身边！,《天使降临到了我身边！》改编自同名漫画。怕生的女大学生宫子与小学生白咲花的相遇。作品以日常、治愈与百合为特色，宫子对花的痴迷充满萌点，动画画风可爱、氛围温馨，是一部轻松治愈的日常作品。作品没有强烈的戏剧冲突，却以细腻的笔触捕捉日常中的微小幸福，角色的喜怒哀乐真实可感，在平实的叙述中悄然传递着生活的温度，适合在忙碌之余放松心情慢慢欣赏。整体而言，该作在题材表达与情感渲染上均有可取之处，剧情张弛有度，角色令人印象深刻，是一部完成度较高、值得推荐的作品。
1216,primary,zh-CN,五等分的新娘,《五等分的新娘》改编自同名漫画。家庭教师上杉风太郎与五胞胎姐妹的恋爱。作品以恋爱、校园与搞笑为特色，风太郎与五胞胎的互动充满笑料，动画的氛围轻松，是一部欢乐的恋爱喜剧。角色间的互动刻画得细腻自然，那些欲言又止的心意、别扭又真诚的靠近都真实而动人，情感线与日常情节交织，让观众在会心一笑与怦然心动之间反复横跳，是一部让人回味无穷的恋爱物语。整体而言，该作在题材表达与情感渲染上均有可取之处，剧情张弛有度，角色令人印象深刻，是一部完成度较高、值得推荐的作品。
1217,primary,zh-CN,格林笔记,《格林笔记》改编自同名游戏。在童话书的世界中，少年们在书的物语中冒险。作品以童话、冒险与群像为特色，动画的氛围轻松，角色们的冒险充满趣味，是一部标准的新生代轻改作品。画风清新、节奏舒缓，人物之间的相处自然而温暖，那些平凡琐碎的片段在动画的演绎下变得闪闪发光，传递出一种治愈人心的宁静力量，是治愈系爱好者不容错过的作品。整体而言，该作在题材表达与情感渲染上均有可取之处，剧情张弛有度，角色令人印象深刻，是一部完成度较高、值得推荐的作品。
1218,primary,zh-CN,笑容的代价,《笑容的代价》是原创动画，讲述公主与少女的战斗。公主优姬与士兵史黛拉在战争中的成长，作品以战争、机战与群像为特色，动画的氛围沉重，角色的命运充满张力，是一部硬核的作品。动作设计与演出张力俱佳，随着剧情推进，主角面对的敌人越来越强，战斗方式与自身局限的突破层层升级，配乐与画面配合出色，将热血少年向作品应有的爽快感与成长感都演绎得十分到位。整体而言，该作在题材表达与情感渲染上均有可取之处，剧情张弛有度，角色令人印象深刻，是一部完成度较高、值得推荐的作品。
1219,primary,zh-CN,迷你刀使,《迷你刀使》是《刀使的巫女》的短篇动画，巫女们的Q版日常。作品以战斗、搞笑与日常为特色，动画画风可爱、篇幅短小，在轻松的日常中展现巫女们的互动，是刀使的巫女系列的番外作品。动画的节奏把控张弛有度，战斗场面的分镜与作画都相当扎实，主角在与强敌的较量中不断突破自我，和同伴之间建立的信任与羁绊也为剧情增添了温度，热血与感动并存，值得一看。整体而言，该作在题材表达与情感渲染上均有可取之处，剧情张弛有度，角色令人印象深刻，是一部完成度较高、值得推荐的作品。
1220,primary,zh-CN,盾之勇者成名录,《盾之勇者成名录》改编自同名轻小说。被召唤到异世界的岩谷尚文成为盾之勇者。作品以异世界、黑暗与成长为主题，尚文从背叛到重生的成长充满看点，动画的战斗场面华丽，尚文的坚持令人动容，是异世界题材的代表作。动作设计与演出张力俱佳，随着剧情推进，主角面对的敌人越来越强，战斗方式与自身局限的突破层层升级，配乐与画面配合出色，将热血少年向作品应有的爽快感与成长感都演绎得十分到位。整体而言，该作在题材表达与情感渲染上均有可取之处，剧情张弛有度，角色令人印象深刻，是一部完成度较高、值得推荐的作品。
1221,primary,zh-CN,飞翔吧！战机少女,《飞翔吧！战机少女》改编自同名漫画。少女们与F-15等战机拟人化的战斗机人展开战斗。作品以科幻、战斗与群像为特色，动画的战斗场面华丽，角色们的互动充满趣味，是一部风格独特的作品。动作设计与演出张力俱佳，随着剧情推进，主角面对的敌人越来越强，战斗方式与自身局限的突破层层升级，配乐与画面配合出色，将热血少年向作品应有的爽快感与成长感都演绎得十分到位。整体而言，该作在题材表达与情感渲染上均有可取之处，剧情张弛有度，角色令人印象深刻，是一部完成度较高、值得推荐的作品。
1222,primary,zh-CN,狂赌之渊××,《狂赌之渊××》延续第一季，蛇喰梦子的赌博继续。本作梦子在新的赌博中展开心理战，作品以赌博、心理战与疯狂为特色，梦子的赌博方式充满震撼，动画的画风夸张、氛围诡异，是一部风格独特的作品。剧情层层递进、伏笔密布，随着线索的不断拼合，真相逐渐浮出水面，每一次反转都在意料之外又情理之中，细节经得起推敲，氛围营造到位，是喜欢烧脑故事的观众不可错过之作。整体而言，该作在题材表达与情感渲染上均有可取之处，剧情张弛有度，角色令人印象深刻，是一部完成度较高、值得推荐的作品。
1223,primary,zh-CN,烟草,《烟草》是原创动画，讲述少女们在烟草的世界中战斗。若叶与少女们在迷雾中的冒险，作品以科幻、战斗与悬疑为特色，动画的氛围独特，少女们的真相层层展开，是一部风格冷峻的作品。动作设计与演出张力俱佳，随着剧情推进，主角面对的敌人越来越强，战斗方式与自身局限的突破层层升级，配乐与画面配合出色，将热血少年向作品应有的爽快感与成长感都演绎得十分到位。整体而言，该作在题材表达与情感渲染上均有可取之处，剧情张弛有度，角色令人印象深刻，是一部完成度较高、值得推荐的作品。
1224,primary,zh-CN,同居人时而在腿上、时而跑到脑袋上,《同居人时而在腿上、时而跑到脑袋上》改编自同名漫画。小说家朏素晴与猫咪阳的日常。作品以萌宠、日常与治愈为特色，素晴与猫咪的互动充满温馨，动画画风软萌、氛围温暖，是一部治愈系的日常作品。作品没有强烈的戏剧冲突，却以细腻的笔触捕捉日常中的微小幸福，角色的喜怒哀乐真实可感，在平实的叙述中悄然传递着生活的温度，适合在忙碌之余放松心情慢慢欣赏。整体而言，该作在题材表达与情感渲染上均有可取之处，剧情张弛有度，角色令人印象深刻，是一部完成度较高、值得推荐的作品。
1225,primary,zh-CN,灵能百分百 第二季,《灵能百分百 第二季》延续第一季，影山茂夫的成长继续。本作路人面对新的灵异事件与内心的挣扎，作品以超能力、战斗与成长为主题，动画的战斗场面华丽，路人的成长令人动容，是极具深度的热血作品。动画的节奏把控张弛有度，战斗场面的分镜与作画都相当扎实，主角在与强敌的较量中不断突破自我，和同伴之间建立的信任与羁绊也为剧情增添了温度，热血与感动并存，值得一看。整体而言，该作在题材表达与情感渲染上均有可取之处，剧情张弛有度，角色令人印象深刻，是一部完成度较高、值得推荐的作品。
1226,primary,zh-CN,荒野的寿飞行队,《荒野的寿飞行队》是原创动画，讲述少女们驾驶战斗机战斗的故事。作品以空战、热血与群像为特色，动画的3DCG空战场面华丽，少女们的战斗与羁绊贯穿始终，是一部充满魄力的作品。动作设计与演出张力俱佳，随着剧情推进，主角面对的敌人越来越强，战斗方式与自身局限的突破层层升级，配乐与画面配合出色，将热血少年向作品应有的爽快感与成长感都演绎得十分到位。整体而言，该作在题材表达与情感渲染上均有可取之处，剧情张弛有度，角色令人印象深刻，是一部完成度较高、值得推荐的作品。
1227,primary,zh-CN,玛纳利亚的密友,《玛纳利亚的密友》是《巴哈姆特之怒》的衍生动画，讲述玛纳利亚学园中少女们的日常。作品以奇幻、日常与百合为特色，动画画风精美、氛围轻松，少女们的互动充满萌点，是巴哈姆特系列的番外作品。作品没有强烈的戏剧冲突，却以细腻的笔触捕捉日常中的微小幸福，角色的喜怒哀乐真实可感，在平实的叙述中悄然传递着生活的温度，适合在忙碌之余放松心情慢慢欣赏。整体而言，该作在题材表达与情感渲染上均有可取之处，剧情张弛有度，角色令人印象深刻，是一部完成度较高、值得推荐的作品。
1228,primary,zh-CN,笨拙之极的上野,《笨拙之极的上野》改编自同名漫画。科学部部长上野用发明向副部长告白。作品以搞笑、日常与恋爱为特色，上野的笨拙告白充满笑料，动画的氛围轻松，是一部让人捧腹的日常喜剧。角色间的互动刻画得细腻自然，那些欲言又止的心意、别扭又真诚的靠近都真实而动人，情感线与日常情节交织，让观众在会心一笑与怦然心动之间反复横跳，是一部让人回味无穷的恋爱物语。整体而言，该作在题材表达与情感渲染上均有可取之处，剧情张弛有度，角色令人印象深刻，是一部完成度较高、值得推荐的作品。
1229,primary,zh-CN,BanG Dream! 第二季,《BanG Dream! 第二季》延续第一季，少女乐队的物语继续。本作新的乐队与舞台登场，少女们在音乐中继续成长，作品以音乐、青春与群像为特色，动画的歌曲动人、演奏场面充满感染力，是BanG Dream企划的续作。角色的个性塑造鲜明，舞台上的自信与生活中的可爱形成反差，团队协作与个人成长双线并进，歌舞编排赏心悦目，让观众既能享受视听盛宴，也能为少女们的梦想与坚持而感动。整体而言，该作在题材表达与情感渲染上均有可取之处，剧情张弛有度，角色令人印象深刻，是一部完成度较高、值得推荐的作品。
1230,primary,zh-CN,约定的梦幻岛,《约定的梦幻岛》改编自同名漫画。在孤儿院中，孩子们发现自己是鬼的饲料。作品以悬疑、生存与热血为主题，孩子们在逃离的过程中展开惊险的冒险，动画的氛围紧张，角色们的智慧与勇气充满看点，是近年来的口碑佳作。动作设计与演出张力俱佳，随着剧情推进，主角面对的敌人越来越强，战斗方式与自身局限的突破层层升级，配乐与画面配合出色，将热血少年向作品应有的爽快感与成长感都演绎得十分到位。整体而言，该作在题材表达与情感渲染上均有可取之处，剧情张弛有度，角色令人印象深刻，是一部完成度较高、值得推荐的作品。
1231,primary,zh-CN,雨色可可 side G,《雨色可可 side G》是《雨色可可》系列的动画，咖啡店的日常继续。本作围绕新的角色展开，作品以治愈、日常与咖啡为特色，动画画风清新、氛围宁静，是一部适合放松观看的治愈系作品。作品没有强烈的戏剧冲突，却以细腻的笔触捕捉日常中的微小幸福，角色的喜怒哀乐真实可感，在平实的叙述中悄然传递着生活的温度，适合在忙碌之余放松心情慢慢欣赏。整体而言，该作在题材表达与情感渲染上均有可取之处，剧情张弛有度，角色令人印象深刻，是一部完成度较高、值得推荐的作品。
1232,primary,zh-CN,约会大作战 第三季,《约会大作战 第三季》延续系列，五河士道与精灵们的约会继续。本作新的精灵与危机登场，士道通过约会封印精灵的力量，作品以恋爱、战斗与后宫为特色，动画的战斗场面华丽，士道与精灵们的互动甜度十足，是约会大作战系列的续作。动作设计与演出张力俱佳，随着剧情推进，主角面对的敌人越来越强，战斗方式与自身局限的突破层层升级，配乐与画面配合出色，将热血少年向作品应有的爽快感与成长感都演绎得十分到位。整体而言，该作在题材表达与情感渲染上均有可取之处，剧情张弛有度，角色令人印象深刻，是一部完成度较高、值得推荐的作品。
1233,primary,zh-CN,明治东京恋伽,《明治东京恋伽》改编自同名游戏。少女穿越时空回到明治时代的东京。作品以恋爱、穿越与历史为特色，动画的氛围优雅，少女与明治的伟人们展开浪漫互动，是乙女向动画的作品。角色间的互动刻画得细腻自然，那些欲言又止的心意、别扭又真诚的靠近都真实而动人，情感线与日常情节交织，让观众在会心一笑与怦然心动之间反复横跳，是一部让人回味无穷的恋爱物语。整体而言，该作在题材表达与情感渲染上均有可取之处，剧情张弛有度，角色令人印象深刻，是一部完成度较高、值得推荐的作品。
1234,primary,zh-CN,B-PROJECT～绝顶＊Emotion～,《B-PROJECT～绝顶＊Emotion～》延续系列，偶像组合B-PROJECT的物语继续。本作少年们在偶像舞台上迎接新的挑战，作品以音乐、偶像与群像为特色，歌曲与舞台演出华丽，角色们各具魅力，是女性向偶像动画的作品。歌舞演出的画面制作精良，每一首歌都与角色心境和剧情推进紧密呼应，少女们在聚光灯下的闪耀与幕后流下的汗水同样动人，传递出追逐梦想、不懈努力的正能量，感染力十足。整体而言，该作在题材表达与情感渲染上均有可取之处，剧情张弛有度，角色令人印象深刻，是一部完成度较高、值得推荐的作品。
1235,primary,zh-CN,兽娘动物园2,《兽娘动物园2》延续第一季，兽娘们的冒险继续。本作新的兽娘与舞台登场，作品以萌系、冒险与治愈为特色，动画的画风独特、氛围温馨，兽娘们的羁绊令人动容，是兽娘动物园系列的续作。画风清新、节奏舒缓，人物之间的相处自然而温暖，那些平凡琐碎的片段在动画的演绎下变得闪闪发光，传递出一种治愈人心的宁静力量，是治愈系爱好者不容错过的作品。整体而言，该作在题材表达与情感渲染上均有可取之处，剧情张弛有度，角色令人印象深刻，是一部完成度较高、值得推荐的作品。
1236,primary,zh-CN,环战公主 CIRCLET PRINCESS,《环战公主 CIRCLET PRINCESS》改编自同名游戏。少女们在VR竞技环战中的战斗。作品以竞技、学园与群像为特色，动画的战斗场面华丽，少女们的成长与羁绊贯穿始终，是游戏改编动画的作品。动作设计与演出张力俱佳，随着剧情推进，主角面对的敌人越来越强，战斗方式与自身局限的突破层层升级，配乐与画面配合出色，将热血少年向作品应有的爽快感与成长感都演绎得十分到位。整体而言，该作在题材表达与情感渲染上均有可取之处，剧情张弛有度，角色令人印象深刻，是一部完成度较高、值得推荐的作品。
1237,primary,zh-CN,不吉波普不笑,《不吉波普不笑》改编自同名轻小说。在都市的黑暗中，神秘少女不吉波普的存在。作品以悬疑、科幻与群像为特色，动画的多线叙事充满魅力，不吉波普的物语层层展开，是一部风格独特的作品。剧情层层递进、伏笔密布，随着线索的不断拼合，真相逐渐浮出水面，每一次反转都在意料之外又情理之中，细节经得起推敲，氛围营造到位，是喜欢烧脑故事的观众不可错过之作。整体而言，该作在题材表达与情感渲染上均有可取之处，剧情张弛有度，角色令人印象深刻，是一部完成度较高、值得推荐的作品。
1238,primary,zh-CN,噬血狂袭 III,《噬血狂袭 III》延续系列，晓古城的吸血鬼战斗继续。本作古城与姬柊雪菜的羁绊进一步加深，作品以吸血鬼、战斗与后宫为特色，动画的战斗场面华丽，福利与热血并存，是噬血狂袭系列的衍生作品。动作设计与演出张力俱佳，随着剧情推进，主角面对的敌人越来越强，战斗方式与自身局限的突破层层升级，配乐与画面配合出色，将热血少年向作品应有的爽快感与成长感都演绎得十分到位。整体而言，该作在题材表达与情感渲染上均有可取之处，剧情张弛有度，角色令人印象深刻，是一部完成度较高、值得推荐的作品。
1239,primary,zh-CN,多罗罗,《多罗罗》改编自手冢治虫的漫画。被魔神夺取身体器官的少年百鬼丸，为夺回身体而战斗。作品以时代剧、战斗与黑暗为主题，动画的氛围沉重，百鬼丸与多罗罗的羁绊贯穿始终，是手冢治虫名作的现代演绎。动作设计与演出张力俱佳，随着剧情推进，主角面对的敌人越来越强，战斗方式与自身局限的突破层层升级，配乐与画面配合出色，将热血少年向作品应有的爽快感与成长感都演绎得十分到位。整体而言，该作在题材表达与情感渲染上均有可取之处，剧情张弛有度，角色令人印象深刻，是一部完成度较高、值得推荐的作品。
1240,primary,zh-CN,侦探歌剧 少女福尔摩斯 心灵的问候,《侦探歌剧 少女福尔摩斯 心灵的问候》是《侦探歌剧》系列的OVA，少女侦探们的日常番外。本作以轻松的日常为主，作品以侦探、搞笑与日常为特色，动画的氛围轻松，少女们的互动充满笑料，是少女福尔摩斯系列的番外作品。作品没有强烈的戏剧冲突，却以细腻的笔触捕捉日常中的微小幸福，角色的喜怒哀乐真实可感，在平实的叙述中悄然传递着生活的温度，适合在忙碌之余放松心情慢慢欣赏。整体而言，该作在题材表达与情感渲染上均有可取之处，剧情张弛有度，角色令人印象深刻，是一部完成度较高、值得推荐的作品。
1241,primary,zh-CN,临死！！江古田,《临死！！江古田》改编自同名漫画。女主人公江古田的奇妙日常。作品以搞笑、日常与脑洞为特色，动画的单元故事风格各异，江古田的日常充满无厘头，是一部风格独特的作品。画风清新、节奏舒缓，人物之间的相处自然而温暖，那些平凡琐碎的片段在动画的演绎下变得闪闪发光，传递出一种治愈人心的宁静力量，是治愈系爱好者不容错过的作品。整体而言，该作在题材表达与情感渲染上均有可取之处，剧情张弛有度，角色令人印象深刻，是一部完成度较高、值得推荐的作品。
1242,primary,zh-CN,3D彼女 第二季,《3D彼女 第二季》延续第一季，筒井光与五十岚色的恋爱继续。本作两人的恋爱进一步发展，作品以恋爱、青春与日常为特色，动画的氛围温馨，筒井与色的互动细腻动人，是3D彼女系列的续作。角色间的互动刻画得细腻自然，那些欲言又止的心意、别扭又真诚的靠近都真实而动人，情感线与日常情节交织，让观众在会心一笑与怦然心动之间反复横跳，是一部让人回味无穷的恋爱物语。整体而言，该作在题材表达与情感渲染上均有可取之处，剧情张弛有度，角色令人印象深刻，是一部完成度较高、值得推荐的作品。
1243,primary,zh-CN,虚拟小姐在看着你,《虚拟小姐在看着你》是短篇动画，讲述虚拟YouTuber的日常。作品以虚拟偶像、搞笑与日常为特色，动画画风可爱、篇幅短小，在轻松的日常中展现虚拟主播们的生活，是一部轻松解压的泡面番。作品没有强烈的戏剧冲突，却以细腻的笔触捕捉日常中的微小幸福，角色的喜怒哀乐真实可感，在平实的叙述中悄然传递着生活的温度，适合在忙碌之余放松心情慢慢欣赏。整体而言，该作在题材表达与情感渲染上均有可取之处，剧情张弛有度，角色令人印象深刻，是一部完成度较高、值得推荐的作品。
1244,primary,zh-CN,涩谷保卫战,《涩谷保卫战》改编自同名游戏，讲述少年们在涩谷的战斗。本作围绕涩谷的危机展开，作品以战斗、热血与群像为特色，动画的战斗场面华丽，少年们的成长与羁绊贯穿始终，是游戏改编动画的作品。动作设计与演出张力俱佳，随着剧情推进，主角面对的敌人越来越强，战斗方式与自身局限的突破层层升级，配乐与画面配合出色，将热血少年向作品应有的爽快感与成长感都演绎得十分到位。整体而言，该作在题材表达与情感渲染上均有可取之处，剧情张弛有度，角色令人印象深刻，是一部完成度较高、值得推荐的作品。
1245,primary,zh-CN,君主·埃尔梅罗二世事件簿 魔眼收集列车 Grace note,《君主·埃尔梅罗二世事件簿 魔眼收集列车 Grace note》是Fate系列的动画，讲述君主·埃尔梅罗二世的推理。本作二世在魔眼收集列车上解决事件，作品以Fate世界观、推理与群像为特色，动画的氛围优雅，二世的推理充满魅力，是Fate系列的衍生作品。剧情层层递进、伏笔密布，随着线索的不断拼合，真相逐渐浮出水面，每一次反转都在意料之外又情理之中，细节经得起推敲，氛围营造到位，是喜欢烧脑故事的观众不可错过之作。
1246,primary,zh-CN,剧场版 七大罪 天空的囚人,《剧场版 七大罪 天空的囚人》是《七大罪》的剧场版，梅利奥达斯与伙伴们的冒险。本作围绕天空的囚人展开，作品以奇幻冒险、热血战斗与伙伴羁绊为特色，动画的战斗场面华丽，角色们的羁绊贯穿始终，是七大罪系列的剧场版。动画的节奏把控张弛有度，战斗场面的分镜与作画都相当扎实，主角在与强敌的较量中不断突破自我，和同伴之间建立的信任与羁绊也为剧情增添了温度，热血与感动并存，值得一看。整体而言，该作在题材表达与情感渲染上均有可取之处，剧情张弛有度，角色令人印象深刻，是一部完成度较高、值得推荐的作品。
1247,primary,zh-CN,一骑当千 Western Wolves,《一骑当千 Western Wolves》延续系列，斗士少女们的战斗继续。本作围绕新的战斗展开，作品以战斗、福利与群像为特色，动画的战斗场面华丽，少女们的对决充满魄力，是一骑当千系列的续作。动作设计与演出张力俱佳，随着剧情推进，主角面对的敌人越来越强，战斗方式与自身局限的突破层层升级，配乐与画面配合出色，将热血少年向作品应有的爽快感与成长感都演绎得十分到位。整体而言，该作在题材表达与情感渲染上均有可取之处，剧情张弛有度，角色令人印象深刻，是一部完成度较高、值得推荐的作品。
1248,primary,zh-CN,就算是爸爸、也想做,《就算是爸爸、也想做》是短篇成人向动画，讲述父女之间的禁忌恋爱。作品以恋爱、成年向与日常为特色，动画的氛围暧昧，两人的互动充满张力，是一部面向成人的恋爱作品。角色间的互动刻画得细腻自然，那些欲言又止的心意、别扭又真诚的靠近都真实而动人，情感线与日常情节交织，让观众在会心一笑与怦然心动之间反复横跳，是一部让人回味无穷的恋爱物语。整体而言，该作在题材表达与情感渲染上均有可取之处，剧情张弛有度，角色令人印象深刻，是一部完成度较高、值得推荐的作品。
1249,primary,zh-CN,剧场版Infini-T Force 飞鹰侠 再见了朋友,《剧场版Infini-T Force 飞鹰侠 再见了朋友》是《Infini-T Force》的剧场版，英雄们的最终决战。本作围绕飞鹰侠与伙伴们的告别展开，作品以英雄、战斗与群像为特色，动画的战斗场面华丽，英雄们的羁绊令人动容，是Infini-T Force系列的剧场版。动画的节奏把控张弛有度，战斗场面的分镜与作画都相当扎实，主角在与强敌的较量中不断突破自我，和同伴之间建立的信任与羁绊也为剧情增添了温度，热血与感动并存，值得一看。
1250,primary,zh-CN,哥斯拉 噬星者,《哥斯拉 噬星者》是哥斯拉系列剧场版，人类与哥斯拉的最终决战。本作人类在星球的命运面前展开最后的战斗，作品以科幻、战斗与群像为特色，动画的3DCG画面华丽，人类的挣扎与哥斯拉的威胁充满张力，是哥斯拉系列的剧场版。动作设计与演出张力俱佳，随着剧情推进，主角面对的敌人越来越强，战斗方式与自身局限的突破层层升级，配乐与画面配合出色，将热血少年向作品应有的爽快感与成长感都演绎得十分到位。整体而言，该作在题材表达与情感渲染上均有可取之处，剧情张弛有度，角色令人印象深刻，是一部完成度较高、值得推荐的作品。
1251,primary,zh-CN,红白黑黄 第六季,《红白黑黄 第六季》是《RWBY》系列第六季，少女们对抗戮兽的战斗继续。本作围绕秋季的篇章与新的危机展开，作品以战斗、群像与奇幻为特色，动画的动作场面华丽，角色们的成长与羁绊贯穿始终，是RWBY系列的续作。动作设计与演出张力俱佳，随着剧情推进，主角面对的敌人越来越强，战斗方式与自身局限的突破层层升级，配乐与画面配合出色，将热血少年向作品应有的爽快感与成长感都演绎得十分到位。整体而言，该作在题材表达与情感渲染上均有可取之处，剧情张弛有度，角色令人印象深刻，是一部完成度较高、值得推荐的作品。
1252,primary,zh-CN,齐木楠雄的灾难 完结篇,《齐木楠雄的灾难 完结篇》延续系列，超能力者齐木楠雄的日常迎来完结。本作齐木依旧渴望平静生活却麻烦不断，作品以搞笑、吐槽与超能力为特色，齐木的内心独白与身边人的奇葩行为形成反差，笑点密集，是齐木楠雄系列的完结篇。作品没有强烈的戏剧冲突，却以细腻的笔触捕捉日常中的微小幸福，角色的喜怒哀乐真实可感，在平实的叙述中悄然传递着生活的温度，适合在忙碌之余放松心情慢慢欣赏。整体而言，该作在题材表达与情感渲染上均有可取之处，剧情张弛有度，角色令人印象深刻，是一部完成度较高、值得推荐的作品。
1253,primary,zh-CN,K SEVEN STORIES Episode 5「红之记忆 ～BURN～」,《K SEVEN STORIES Episode 5「红之记忆 ～BURN～」》是《K》系列的剧场版，讲述赤之王的记忆。本作围绕周防尊与赤之氏族的故事展开，作品以超能力战斗、群像与悲壮为特色，动画的画面华丽，王的宿命充满张力，是K系列的剧场版。作品在热血的打斗之外，也细致刻画了角色们各自的信念与选择，每一次战斗都不仅是力量的较量，更是意志的碰撞，高潮部分张力十足，让观众在肾上腺素飙升的同时也为之动容。
1254,primary,zh-CN,草裙舞女孩,《草裙舞女孩》是短篇动画，讲述草裙舞少女们的日常。作品以舞蹈、日常与治愈为特色，动画画风精美、氛围温暖，在轻松的日常中展现草裙舞的魅力，是一部轻松治愈的泡面番。作品没有强烈的戏剧冲突，却以细腻的笔触捕捉日常中的微小幸福，角色的喜怒哀乐真实可感，在平实的叙述中悄然传递着生活的温度，适合在忙碌之余放松心情慢慢欣赏。整体而言，该作在题材表达与情感渲染上均有可取之处，剧情张弛有度，角色令人印象深刻，是一部完成度较高、值得推荐的作品。
1255,primary,zh-CN,百慕大三角～Colorful Pastrale～,《百慕大三角～Colorful Pastrale～》改编自同名企划，讲述人鱼少女们的物语。作品以日常、治愈与音乐为特色，动画画风精美、氛围宁静，在轻松的日常中展现人鱼少女们的互动，是一部轻松治愈的作品。作品没有强烈的戏剧冲突，却以细腻的笔触捕捉日常中的微小幸福，角色的喜怒哀乐真实可感，在平实的叙述中悄然传递着生活的温度，适合在忙碌之余放松心情慢慢欣赏。整体而言，该作在题材表达与情感渲染上均有可取之处，剧情张弛有度，角色令人印象深刻，是一部完成度较高、值得推荐的作品。
1256,primary,zh-CN,埃罗芒阿老师 OVA,《埃罗芒阿老师 OVA》是《埃罗芒阿老师》的OVA，和泉正宗与纱雾的日常番外。本作以轻松的日常为主，作品以轻小说业界、搞笑与兄妹情为特色，动画的氛围轻松，兄妹的互动充满萌点，是埃罗芒阿老师系列的番外作品。画风清新、节奏舒缓，人物之间的相处自然而温暖，那些平凡琐碎的片段在动画的演绎下变得闪闪发光，传递出一种治愈人心的宁静力量，是治愈系爱好者不容错过的作品。整体而言，该作在题材表达与情感渲染上均有可取之处，剧情张弛有度，角色令人印象深刻，是一部完成度较高、值得推荐的作品。
1257,primary,zh-CN,未来的未来,《未来的未来》是细田守的剧场版动画，讲述少年小君与妹妹未来的物语。小君在妹妹出生后经历成长的烦恼，在奇妙的时间旅行中逐渐成长，作品以家庭、成长与奇幻为主题，动画的画面精美，小君的成长令人动容，是一部温馨的作品。作品没有强烈的戏剧冲突，却以细腻的笔触捕捉日常中的微小幸福，角色的喜怒哀乐真实可感，在平实的叙述中悄然传递着生活的温度，适合在忙碌之余放松心情慢慢欣赏。整体而言，该作在题材表达与情感渲染上均有可取之处，剧情张弛有度，角色令人印象深刻，是一部完成度较高、值得推荐的作品。
1258,primary,zh-CN,恋爱禁止的世界 OAD,《恋爱禁止的世界 OAD》是《恋爱禁止的世界》的OVA，根岛由佳吏的恋爱番外。本作以轻松的日常为主，作品以恋爱、科幻与青春为特色，动画的氛围轻松，根岛的感情线充满看点，是恋爱禁止的世界系列的番外作品。角色间的互动刻画得细腻自然，那些欲言又止的心意、别扭又真诚的靠近都真实而动人，情感线与日常情节交织，让观众在会心一笑与怦然心动之间反复横跳，是一部让人回味无穷的恋爱物语。整体而言，该作在题材表达与情感渲染上均有可取之处，剧情张弛有度，角色令人印象深刻，是一部完成度较高、值得推荐的作品。
1259,primary,zh-CN,企鹅公路,《企鹅公路》改编自同名小说，讲述少年与谜之企鹅的冒险。少年青山在研究企鹅的出现之谜时，遇到神秘的大姐姐，作品以奇幻、冒险与成长为主题，动画的画面精美，青山的探索与世界的谜团充满想象力，是一部充满童趣的作品。作品在幻想的外衣下探讨着真实的情感与抉择，主角的成长线扎实有力，与伙伴们的情谊在一次次考验中愈发深厚，冒险的紧张感与日常的温情交替呈现，故事层次丰富、后劲十足。整体而言，该作在题材表达与情感渲染上均有可取之处，剧情张弛有度，角色令人印象深刻，是一部完成度较高、值得推荐的作品。
1260,primary,zh-CN,钢琴之森 第二季,《钢琴之森 第二季》延续第一季，一之濑海的钢琴物语继续。本作海在音乐道路上迎接新的挑战，作品以音乐、青春与成长为主题，动画的钢琴演奏场面优美，海的成长令人动容，是一部充满艺术气息的作品。角色的个性塑造鲜明，舞台上的自信与生活中的可爱形成反差，团队协作与个人成长双线并进，歌舞编排赏心悦目，让观众既能享受视听盛宴，也能为少女们的梦想与坚持而感动。整体而言，该作在题材表达与情感渲染上均有可取之处，剧情张弛有度，角色令人印象深刻，是一部完成度较高、值得推荐的作品。
1261,primary,zh-CN,Star☆Twinkle 光之美少女,《Star☆Twinkle 光之美少女》是光之美少女系列动画，少女们以星星的力量战斗。本作少女们在与宇宙的敌人战斗中成长，作品以魔法少女、战斗与日常为特色，变装与战斗场面华丽，角色们的羁绊温暖感人，是少女向魔法少女动画的作品。动画的节奏把控张弛有度，战斗场面的分镜与作画都相当扎实，主角在与强敌的较量中不断突破自我，和同伴之间建立的信任与羁绊也为剧情增添了温度，热血与感动并存，值得一看。整体而言，该作在题材表达与情感渲染上均有可取之处，剧情张弛有度，角色令人印象深刻，是一部完成度较高、值得推荐的作品。
1262,primary,zh-CN,我的英雄学院 两位英雄,《我的英雄学院 两位英雄》是《我的英雄学院》剧场版，绿谷出久与欧尔麦特的战斗。本作围绕两位英雄的相遇展开，作品以英雄、热血与成长为主题，动画的战斗场面华丽，出久与欧尔麦特的羁绊令人动容，是我的英雄学院系列的剧场版。动作设计与演出张力俱佳，随着剧情推进，主角面对的敌人越来越强，战斗方式与自身局限的突破层层升级，配乐与画面配合出色，将热血少年向作品应有的爽快感与成长感都演绎得十分到位。整体而言，该作在题材表达与情感渲染上均有可取之处，剧情张弛有度，角色令人印象深刻，是一部完成度较高、值得推荐的作品。
1263,primary,zh-CN,阿拉涅的虫笼,《阿拉涅的虫笼》是原创动画，讲述少女与谜之生物的战斗。作品以科幻、悬疑与群像为特色，动画的氛围诡异，少女的真相层层展开，是一部风格独特的作品。动作设计与演出张力俱佳，随着剧情推进，主角面对的敌人越来越强，战斗方式与自身局限的突破层层升级，配乐与画面配合出色，将热血少年向作品应有的爽快感与成长感都演绎得十分到位。整体而言，该作在题材表达与情感渲染上均有可取之处，剧情张弛有度，角色令人印象深刻，是一部完成度较高、值得推荐的作品。
1264,primary,zh-CN,龙珠超 布罗利,《龙珠超 布罗利》是《龙珠超》的剧场版，悟空与传说中的赛亚人布罗利对决。本作围绕布罗利的过去与激战展开，作品以格斗、热血与群像为特色，动画的战斗场面华丽震撼，悟空的成长令人热血沸腾，是龙珠系列的剧场版。动画的节奏把控张弛有度，战斗场面的分镜与作画都相当扎实，主角在与强敌的较量中不断突破自我，和同伴之间建立的信任与羁绊也为剧情增添了温度，热血与感动并存，值得一看。整体而言，该作在题材表达与情感渲染上均有可取之处，剧情张弛有度，角色令人印象深刻，是一部完成度较高、值得推荐的作品。
1265,primary,zh-CN,鲁邦三世 再见搭档,《鲁邦三世 再见搭档》是《鲁邦三世》的剧场版，怪盗鲁邦的冒险。本作鲁邦与伙伴们的行动展开，作品以怪盗、冒险与搞笑为特色，动画的画风充满时代感，鲁邦的机智与魅力令人着迷，是鲁邦系列的剧场版。作品在幻想的外衣下探讨着真实的情感与抉择，主角的成长线扎实有力，与伙伴们的情谊在一次次考验中愈发深厚，冒险的紧张感与日常的温情交替呈现，故事层次丰富、后劲十足。整体而言，该作在题材表达与情感渲染上均有可取之处，剧情张弛有度，角色令人印象深刻，是一部完成度较高、值得推荐的作品。
1266,primary,zh-CN,续·终物语,《续·终物语》是物语系列动画，阿良良木历的故事继续。本作围绕历毕业后的故事展开，作品以独特的对白风格、极致的画面表现与深刻的主题著称，历的抉择充满深度，是物语系列的重要篇章。作品在整体完成度上表现出色，叙事流畅、角色立体，主题的表达清晰而有深度，既有轻松愉悦的观赏性，也留有值得回味的余韵，是一部质量扎实、诚意满满的作品。整体而言，该作在题材表达与情感渲染上均有可取之处，剧情张弛有度，角色令人印象深刻，是一部完成度较高、值得推荐的作品。
1267,primary,zh-CN,剧场版 悠哉日常大王 Vacation,《剧场版 悠哉日常大王 Vacation》是《悠哉日常大王》的剧场版，乡村少女们的暑假。本作少女们在冲绳的假期充满温馨，作品以治愈、日常与乡村风光为特色，动画的画风清新、氛围温暖，是治愈系日常动画的代表作。作品没有强烈的戏剧冲突，却以细腻的笔触捕捉日常中的微小幸福，角色的喜怒哀乐真实可感，在平实的叙述中悄然传递着生活的温度，适合在忙碌之余放松心情慢慢欣赏。整体而言，该作在题材表达与情感渲染上均有可取之处，剧情张弛有度，角色令人印象深刻，是一部完成度较高、值得推荐的作品。
1268,primary,zh-CN,新撰组异闻录 铁 ～友命～,《新撰组异闻录 铁 ～友命～》延续系列，新撰组的少年们的物语继续。本作围绕铁与伙伴们的战斗展开，作品以历史、战斗与群像为特色，动画的氛围沉重，角色们的命运充满张力，是一部充满时代气息的作品。动作设计与演出张力俱佳，随着剧情推进，主角面对的敌人越来越强，战斗方式与自身局限的突破层层升级，配乐与画面配合出色，将热血少年向作品应有的爽快感与成长感都演绎得十分到位。整体而言，该作在题材表达与情感渲染上均有可取之处，剧情张弛有度，角色令人印象深刻，是一部完成度较高、值得推荐的作品。
1269,primary,zh-CN,爱、死亡 & 机器人,《爱、死亡 & 机器人》是网飞的动画合集，以单元剧形式讲述各种科幻与恐怖故事。作品以脑洞、惊悚与哲学为特色，每集的画风与题材各不相同，是一部风格多元的成人动画。动作设计与演出张力俱佳，随着剧情推进，主角面对的敌人越来越强，战斗方式与自身局限的突破层层升级，配乐与画面配合出色，将热血少年向作品应有的爽快感与成长感都演绎得十分到位。整体而言，该作在题材表达与情感渲染上均有可取之处，剧情张弛有度，角色令人印象深刻，是一部完成度较高、值得推荐的作品。
1270,primary,zh-CN,剧场版 窈窕淑女 后篇 ～花之东京大浪漫～,《剧场版 窈窕淑女 后篇 ～花之东京大浪漫～》延续前篇，少女红绪的物语继续。本作红绪在东京的生活与爱情迎来高潮，作品以恋爱、历史与群像为特色，动画的画风复古精美，红绪的成长令人动容，是一部充满时代气息的作品。角色间的互动刻画得细腻自然，那些欲言又止的心意、别扭又真诚的靠近都真实而动人，情感线与日常情节交织，让观众在会心一笑与怦然心动之间反复横跳，是一部让人回味无穷的恋爱物语。整体而言，该作在题材表达与情感渲染上均有可取之处，剧情张弛有度，角色令人印象深刻，是一部完成度较高、值得推荐的作品。
1271,primary,zh-CN,剧场版 温泉屋的小老板娘,《剧场版 温泉屋的小老板娘》改编自同名小说，讲述小学生小织成为温泉旅馆老板娘的物语。小织在旅馆中的成长与冒险充满温馨，作品以日常、治愈与成长为主题，动画的氛围温暖，小织的坚强令人动容，是一部治愈系的作品。画风清新、节奏舒缓，人物之间的相处自然而温暖，那些平凡琐碎的片段在动画的演绎下变得闪闪发光，传递出一种治愈人心的宁静力量，是治愈系爱好者不容错过的作品。整体而言，该作在题材表达与情感渲染上均有可取之处，剧情张弛有度，角色令人印象深刻，是一部完成度较高、值得推荐的作品。
1272,primary,zh-CN,机动战士高达NT,《机动战士高达NT》是高达系列的剧场版，讲述独角兽高达的后续物语。本作围绕NT与独角兽的宿命展开，作品以机战、热血与群像为特色，动画的战斗场面华丽，NT少年的命运充满张力，是高达系列的剧场版。动作设计与演出张力俱佳，随着剧情推进，主角面对的敌人越来越强，战斗方式与自身局限的突破层层升级，配乐与画面配合出色，将热血少年向作品应有的爽快感与成长感都演绎得十分到位。整体而言，该作在题材表达与情感渲染上均有可取之处，剧情张弛有度，角色令人印象深刻，是一部完成度较高、值得推荐的作品。
1273,primary,zh-CN,剧场版 夏目友人帐 ～缘结空蝉～,《剧场版 夏目友人帐 ～缘结空蝉～》是《夏目友人帐》的剧场版，夏目贵志与妖怪们的物语。本作夏目在归还妖怪名字的过程中展开新的邂逅，作品以妖怪、治愈与日常为特色，动画的氛围温柔，单元故事温暖人心，是夏目友人帐系列的剧场版。作品没有强烈的戏剧冲突，却以细腻的笔触捕捉日常中的微小幸福，角色的喜怒哀乐真实可感，在平实的叙述中悄然传递着生活的温度，适合在忙碌之余放松心情慢慢欣赏。整体而言，该作在题材表达与情感渲染上均有可取之处，剧情张弛有度，角色令人印象深刻，是一部完成度较高、值得推荐的作品。
1274,primary,zh-CN,偶像活动Friends ～闪耀的宝石～,《偶像活动Friends ～闪耀的宝石～》是偶像活动系列的动画，少女们的偶像生活继续。本作少女们在新的舞台展开活动，作品以华丽的舞台演出、时尚搭配与少女追梦为主题，歌舞场面充满感染力，是少女向偶像动画的经典系列。画风清新、节奏舒缓，人物之间的相处自然而温暖，那些平凡琐碎的片段在动画的演绎下变得闪闪发光，传递出一种治愈人心的宁静力量，是治愈系爱好者不容错过的作品。整体而言，该作在题材表达与情感渲染上均有可取之处，剧情张弛有度，角色令人印象深刻，是一部完成度较高、值得推荐的作品。
1275,primary,zh-CN,贤者之孙,《贤者之孙》改编自同名轻小说。转生少年西恩在贤者爷爷的教导下成长，进入魔法学园。作品以异世界、轻松冒险与后宫为特色，西恩的强大与温柔充满魅力，动画的氛围轻松，是一部标准的异世界作品。作品没有强烈的戏剧冲突，却以细腻的笔触捕捉日常中的微小幸福，角色的喜怒哀乐真实可感，在平实的叙述中悄然传递着生活的温度，适合在忙碌之余放松心情慢慢欣赏。整体而言，该作在题材表达与情感渲染上均有可取之处，剧情张弛有度，角色令人印象深刻，是一部完成度较高、值得推荐的作品。
1276,primary,zh-CN,我们真的学不来,《我们真的学不来》改编自同名漫画。贫穷高中生唯我成幸担任天才少女们的教育员。作品以恋爱、校园与搞笑为特色，成幸与天才少女们的互动充满笑料，动画的氛围轻松，是一部欢乐的恋爱喜剧。角色间的互动刻画得细腻自然，那些欲言又止的心意、别扭又真诚的靠近都真实而动人，情感线与日常情节交织，让观众在会心一笑与怦然心动之间反复横跳，是一部让人回味无穷的恋爱物语。整体而言，该作在题材表达与情感渲染上均有可取之处，剧情张弛有度，角色令人印象深刻，是一部完成度较高、值得推荐的作品。
1277,primary,zh-CN,绫镜少男 KING OF PRISM -Shiny Seven Stars,《绫镜少男 KING OF PRISM -Shiny Seven Stars》是Prism系列的剧场版，少年们的Prism表演。本作围绕Prism的梦想与对决展开，作品以音乐、竞技与群像为特色，动画的表演场面华丽，少年们的梦想与羁绊令人动容，是Prism系列的剧场版。作品在展现华丽舞台的同时，也刻画了偶像们背后的努力、竞争与友情，角色在一次次演出与挑战中逐渐成长，演唱的曲目旋律优美、记忆点十足，整体氛围励志而温暖。
1278,primary,zh-CN,为什么老师会在这里！？,《为什么老师会在这里！？》改编自同名漫画。高中男生与女老师的意外恋爱。作品以恋爱、搞笑与福利为特色，老师与学生的互动充满笑料，动画的氛围轻松暧昧，是一部让人捧腹的恋爱喜剧。角色间的互动刻画得细腻自然，那些欲言又止的心意、别扭又真诚的靠近都真实而动人，情感线与日常情节交织，让观众在会心一笑与怦然心动之间反复横跳，是一部让人回味无穷的恋爱物语。整体而言，该作在题材表达与情感渲染上均有可取之处，剧情张弛有度，角色令人印象深刻，是一部完成度较高、值得推荐的作品。
1279,primary,zh-CN,异世界四重奏,《异世界四重奏》是跨作品联动的搞笑动画，多部异世界作品的角色集结。作品以恶搞、吐槽与群像为特色，动画将各作品的设定碰撞出笑料，是一部让人捧腹的搞笑作品。世界观设定丰富而自成体系，随着冒险推进，更多奇妙的种族、地点与力量体系逐一展开，角色们在旅途中收获成长与羁绊，画面与配乐共同营造出充满想象力的奇幻氛围，令人沉浸其中。整体而言，该作在题材表达与情感渲染上均有可取之处，剧情张弛有度，角色令人印象深刻，是一部完成度较高、值得推荐的作品。
1280,primary,zh-CN,一个人的○○小日子,《一个人的○○小日子》改编自同名漫画。极度怕生的少女一里波知在初中的交友挑战。作品以日常、治愈与青春为特色，波知为了交到朋友的努力充满萌点，动画画风可爱、氛围轻松，是一部治愈系的作品。画风清新、节奏舒缓，人物之间的相处自然而温暖，那些平凡琐碎的片段在动画的演绎下变得闪闪发光，传递出一种治愈人心的宁静力量，是治愈系爱好者不容错过的作品。整体而言，该作在题材表达与情感渲染上均有可取之处，剧情张弛有度，角色令人印象深刻，是一部完成度较高、值得推荐的作品。
1281,primary,zh-CN,川柳少女,《川柳少女》改编自同名漫画。少女雪白七七子以川柳表达心意。作品以恋爱、日常与川柳为特色，七七子的川柳与男主的互动充满趣味，动画画风清新、篇幅短小，是一部轻松治愈的作品。角色间的互动刻画得细腻自然，那些欲言又止的心意、别扭又真诚的靠近都真实而动人，情感线与日常情节交织，让观众在会心一笑与怦然心动之间反复横跳，是一部让人回味无穷的恋爱物语。整体而言，该作在题材表达与情感渲染上均有可取之处，剧情张弛有度，角色令人印象深刻，是一部完成度较高、值得推荐的作品。
1282,primary,zh-CN,淫乱的青酱不能学习,《淫乱的青酱不能学习》改编自同名漫画。认真少女青酱对男生充满幻想。作品以恋爱、搞笑与日常为特色，青酱的幻想与害羞充满笑料，动画的氛围轻松，是一部让人捧腹的恋爱喜剧。角色间的互动刻画得细腻自然，那些欲言又止的心意、别扭又真诚的靠近都真实而动人，情感线与日常情节交织，让观众在会心一笑与怦然心动之间反复横跳，是一部让人回味无穷的恋爱物语。整体而言，该作在题材表达与情感渲染上均有可取之处，剧情张弛有度，角色令人印象深刻，是一部完成度较高、值得推荐的作品。
1283,primary,zh-CN,水果篮子 第一季,《水果篮子 第一季》改编自同名漫画。少女本田透在草摩家的日常。作品以治愈、群像与奇幻为特色，动画将十二生肖的诅咒与少女的温柔描绘得细致，透的善良令人动容，是经典作品的重新动画化。画风清新、节奏舒缓，人物之间的相处自然而温暖，那些平凡琐碎的片段在动画的演绎下变得闪闪发光，传递出一种治愈人心的宁静力量，是治愈系爱好者不容错过的作品。整体而言，该作在题材表达与情感渲染上均有可取之处，剧情张弛有度，角色令人印象深刻，是一部完成度较高、值得推荐的作品。
1284,primary,zh-CN,贤惠幼妻仙狐小姐,《贤惠幼妻仙狐小姐》改编自同名漫画。社畜中野与狐仙少女仙狐的日常。作品以日常、治愈与萌系为特色，仙狐的温柔与中野的疲惫形成治愈，动画画风精美、氛围温暖，是一部轻松治愈的作品。作品没有强烈的戏剧冲突，却以细腻的笔触捕捉日常中的微小幸福，角色的喜怒哀乐真实可感，在平实的叙述中悄然传递着生活的温度，适合在忙碌之余放松心情慢慢欣赏。整体而言，该作在题材表达与情感渲染上均有可取之处，剧情张弛有度，角色令人印象深刻，是一部完成度较高、值得推荐的作品。
1285,primary,zh-CN,在世界尽头咏唱恋曲的少女YU-NO,《在世界尽头咏唱恋曲的少女YU-NO》改编自同名游戏。少年有马拓也在异世界的冒险。本作拓也在时间与空间的世界中追寻真相，作品以科幻、冒险与悬疑为特色，动画的氛围独特，拓也的旅程充满谜团，是一部经典的重制作品。剧情层层递进、伏笔密布，随着线索的不断拼合，真相逐渐浮出水面，每一次反转都在意料之外又情理之中，细节经得起推敲，氛围营造到位，是喜欢烧脑故事的观众不可错过之作。整体而言，该作在题材表达与情感渲染上均有可取之处，剧情张弛有度，角色令人印象深刻，是一部完成度较高、值得推荐的作品。
1286,primary,zh-CN,消灭都市,《消灭都市》改编自同名游戏。少年与少女在消灭的都市中冒险。作品以科幻、冒险与热血为特色，动画的氛围独特，两人的旅程与真相层层展开，是游戏改编动画的作品。动作设计与演出张力俱佳，随着剧情推进，主角面对的敌人越来越强，战斗方式与自身局限的突破层层升级，配乐与画面配合出色，将热血少年向作品应有的爽快感与成长感都演绎得十分到位。整体而言，该作在题材表达与情感渲染上均有可取之处，剧情张弛有度，角色令人印象深刻，是一部完成度较高、值得推荐的作品。
1287,primary,zh-CN,鬼灭之刃,《鬼灭之刃》改编自同名漫画。少年灶门炭治郎在家人遇害后，与变成鬼的妹妹祢豆子踏上旅途。作品以热血、战斗与羁绊为主题，炭治郎为了妹妹的决心令人动容，动画的作画精良、战斗场面华丽，是近年来现象级的作品。动作设计与演出张力俱佳，随着剧情推进，主角面对的敌人越来越强，战斗方式与自身局限的突破层层升级，配乐与画面配合出色，将热血少年向作品应有的爽快感与成长感都演绎得十分到位。整体而言，该作在题材表达与情感渲染上均有可取之处，剧情张弛有度，角色令人印象深刻，是一部完成度较高、值得推荐的作品。
1288,primary,zh-CN,超可动女孩1/6,《超可动女孩1/6》改编自同名漫画。御宅族房伊田春人与美少女玩偶的物语。作品以恋爱、日常与搞笑为特色，玩偶少女与春人的互动充满笑料，动画的氛围轻松，是一部独特的宅系恋爱作品。角色间的互动刻画得细腻自然，那些欲言又止的心意、别扭又真诚的靠近都真实而动人，情感线与日常情节交织，让观众在会心一笑与怦然心动之间反复横跳，是一部让人回味无穷的恋爱物语。整体而言，该作在题材表达与情感渲染上均有可取之处，剧情张弛有度，角色令人印象深刻，是一部完成度较高、值得推荐的作品。
1289,primary,zh-CN,女子高中生,《女子高中生》改编自同名漫画。普通女高中生的日常。作品以日常、搞笑与吐槽为特色，少女们的校园生活充满笑料，动画的氛围轻松，是一部让人会心一笑的日常作品。画风清新、节奏舒缓，人物之间的相处自然而温暖，那些平凡琐碎的片段在动画的演绎下变得闪闪发光，传递出一种治愈人心的宁静力量，是治愈系爱好者不容错过的作品。整体而言，该作在题材表达与情感渲染上均有可取之处，剧情张弛有度，角色令人印象深刻，是一部完成度较高、值得推荐的作品。
1290,primary,zh-CN,信长老师的年幼妻子,《信长老师的年幼妻子》改编自同名漫画。中学老师信永与自称信长的幼女妻子。作品以日常、搞笑与恋爱为特色，幼妻的穿越设定充满笑料，动画的氛围轻松，是一部让人捧腹的日常喜剧。角色间的互动刻画得细腻自然，那些欲言又止的心意、别扭又真诚的靠近都真实而动人，情感线与日常情节交织，让观众在会心一笑与怦然心动之间反复横跳，是一部让人回味无穷的恋爱物语。整体而言，该作在题材表达与情感渲染上均有可取之处，剧情张弛有度，角色令人印象深刻，是一部完成度较高、值得推荐的作品。
1291,primary,zh-CN,Fairy gone,《Fairy gone》是原创动画，讲述使用妖精力量的特务机关的战斗。少女玛利亚在妖精战争后的世界中展开行动，作品以战斗、群像与奇幻为特色，动画的战斗场面华丽，玛利亚的成长与世界的真相层层展开，是一部硬核的作品。动画的节奏把控张弛有度，战斗场面的分镜与作画都相当扎实，主角在与强敌的较量中不断突破自我，和同伴之间建立的信任与羁绊也为剧情增添了温度，热血与感动并存，值得一看。整体而言，该作在题材表达与情感渲染上均有可取之处，剧情张弛有度，角色令人印象深刻，是一部完成度较高、值得推荐的作品。
1292,primary,zh-CN,RobiHachi,《RobiHachi》是原创动画，讲述少年们在银河的冒险。Robi与Hachi在宇宙中的旅途充满趣味，作品以科幻、冒险与搞笑为特色，动画的氛围轻松，两人的冒险充满笑料，是一部轻松愉快的作品。画风清新、节奏舒缓，人物之间的相处自然而温暖，那些平凡琐碎的片段在动画的演绎下变得闪闪发光，传递出一种治愈人心的宁静力量，是治愈系爱好者不容错过的作品。整体而言，该作在题材表达与情感渲染上均有可取之处，剧情张弛有度，角色令人印象深刻，是一部完成度较高、值得推荐的作品。
1293,primary,zh-CN,八十龟酱观察日记,《八十龟酱观察日记》改编自同名漫画，讲述少年与名古屋少女的日常。作品以日常、地域文化为特色，动画将名古屋的文化描绘得有趣，八十龟酱的方言充满魅力，是一部轻松解压的泡面番。作品没有强烈的戏剧冲突，却以细腻的笔触捕捉日常中的微小幸福，角色的喜怒哀乐真实可感，在平实的叙述中悄然传递着生活的温度，适合在忙碌之余放松心情慢慢欣赏。整体而言，该作在题材表达与情感渲染上均有可取之处，剧情张弛有度，角色令人印象深刻，是一部完成度较高、值得推荐的作品。
1294,primary,zh-CN,文豪野犬 第三季,《文豪野犬 第三季》延续系列，武装侦探社的异能力战斗继续。本作围绕太宰的过去与港黑的冲突展开，中岛敦的成长更加深入，作品以异能力战斗、文豪拟人与群像为特色，动画的战斗场面华丽、角色塑造立体，是文豪野犬系列的续作。动画的节奏把控张弛有度，战斗场面的分镜与作画都相当扎实，主角在与强敌的较量中不断突破自我，和同伴之间建立的信任与羁绊也为剧情增添了温度，热血与感动并存，值得一看。整体而言，该作在题材表达与情感渲染上均有可取之处，剧情张弛有度，角色令人印象深刻，是一部完成度较高、值得推荐的作品。
1295,primary,zh-CN,一拳超人 第二季,《一拳超人 第二季》延续第一季，英雄埼玉的战斗继续。本作围绕新的英雄与怪人展开，作品以热血战斗、搞笑与英雄为主题，埼玉一拳解决敌人的爽快感与各种英雄的群像描绘相得益彰，动画的战斗场面华丽，是近年来极具影响力的作品。动作设计与演出张力俱佳，随着剧情推进，主角面对的敌人越来越强，战斗方式与自身局限的突破层层升级，配乐与画面配合出色，将热血少年向作品应有的爽快感与成长感都演绎得十分到位。整体而言，该作在题材表达与情感渲染上均有可取之处，剧情张弛有度，角色令人印象深刻，是一部完成度较高、值得推荐的作品。
1296,primary,zh-CN,钻石王牌 act2,《钻石王牌 act2》延续系列，棒球少年们的甲子园之路继续。本作泽村荣纯与青道高中的战斗展开，作品以棒球、热血与青春为特色，动画的比赛场面充满激情，荣纯的成长令人动容，是棒球题材动画的经典。动作设计与演出张力俱佳，随着剧情推进，主角面对的敌人越来越强，战斗方式与自身局限的突破层层升级，配乐与画面配合出色，将热血少年向作品应有的爽快感与成长感都演绎得十分到位。整体而言，该作在题材表达与情感渲染上均有可取之处，剧情张弛有度，角色令人印象深刻，是一部完成度较高、值得推荐的作品。
1297,primary,zh-CN,拾又之国,《拾又之国》改编自同名漫画。在危险的构造体世界中，少年拾又展开冒险。作品以冒险、战斗与热血为特色，动画的战斗场面华丽，拾又的成长与羁绊贯穿始终，是国漫改编动画的作品。动画的节奏把控张弛有度，战斗场面的分镜与作画都相当扎实，主角在与强敌的较量中不断突破自我，和同伴之间建立的信任与羁绊也为剧情增添了温度，热血与感动并存，值得一看。整体而言，该作在题材表达与情感渲染上均有可取之处，剧情张弛有度，角色令人印象深刻，是一部完成度较高、值得推荐的作品。
1298,primary,zh-CN,八月的灰姑娘棒球队,《八月的灰姑娘棒球队》改编自同名游戏。少女们在高中棒球部的物语。作品以棒球、青春与群像为特色，动画的氛围轻松，少女们的训练与成长充满活力，是游戏改编动画的作品。画风清新、节奏舒缓，人物之间的相处自然而温暖，那些平凡琐碎的片段在动画的演绎下变得闪闪发光，传递出一种治愈人心的宁静力量，是治愈系爱好者不容错过的作品。整体而言，该作在题材表达与情感渲染上均有可取之处，剧情张弛有度，角色令人印象深刻，是一部完成度较高、值得推荐的作品。
1299,primary,zh-CN,强袭魔女 501部队起飞！,《强袭魔女 501部队起飞！》是强袭魔女系列的Q版动画，501部队的日常。作品以战斗、日常与搞笑为特色，动画画风可爱、篇幅短小，在轻松的日常中展现魔女们的互动，是强袭魔女系列的番外作品。动作设计与演出张力俱佳，随着剧情推进，主角面对的敌人越来越强，战斗方式与自身局限的突破层层升级，配乐与画面配合出色，将热血少年向作品应有的爽快感与成长感都演绎得十分到位。整体而言，该作在题材表达与情感渲染上均有可取之处，剧情张弛有度，角色令人印象深刻，是一部完成度较高、值得推荐的作品。
1300,primary,zh-CN,皿三昧,《皿三昧》是原创动画，讲述少年们通过关联展开的物语。少年们在谜之存在的引导下展开冒险，作品以奇幻、青春与搞笑为特色，动画的氛围独特，少年们的羁绊充满张力，是风格独特的作品。世界观设定丰富而自成体系，随着冒险推进，更多奇妙的种族、地点与力量体系逐一展开，角色们在旅途中收获成长与羁绊，画面与配乐共同营造出充满想象力的奇幻氛围，令人沉浸其中。整体而言，该作在题材表达与情感渲染上均有可取之处，剧情张弛有度，角色令人印象深刻，是一部完成度较高、值得推荐的作品。
1301,primary,zh-CN,洗浴服务！～我和那家伙在女浴池！？～,《洗浴服务！～我和那家伙在女浴池！？～》是短篇动画，讲述少年在女浴池的遭遇。作品以日常、搞笑与福利为特色，动画篇幅短小、节奏明快，是一部以福利为主的泡面番。画风清新、节奏舒缓，人物之间的相处自然而温暖，那些平凡琐碎的片段在动画的演绎下变得闪闪发光，传递出一种治愈人心的宁静力量，是治愈系爱好者不容错过的作品。整体而言，该作在题材表达与情感渲染上均有可取之处，剧情张弛有度，角色令人印象深刻，是一部完成度较高、值得推荐的作品。
1302,primary,zh-CN,MIX：明青故事,《MIX：明青故事》改编自安达充的同名漫画。明青学园的棒球少年们的青春物语。作品以棒球、青春与恋爱为特色，动画的氛围温暖，少年们的棒球与恋爱的故事充满魅力，是安达充作品的动画化。角色间的互动刻画得细腻自然，那些欲言又止的心意、别扭又真诚的靠近都真实而动人，情感线与日常情节交织，让观众在会心一笑与怦然心动之间反复横跳，是一部让人回味无穷的恋爱物语。整体而言，该作在题材表达与情感渲染上均有可取之处，剧情张弛有度，角色令人印象深刻，是一部完成度较高、值得推荐的作品。
1303,primary,zh-CN,剧场版 七人魔法使 天空图书馆与真红的魔王,《剧场版 七人魔法使 天空图书馆与真红的魔王》是《七人魔法使》的剧场版，春菜与魔法使们的战斗。本作围绕天空图书馆与真红的魔王展开，作品以魔法、战斗与后宫为特色，动画的战斗场面华丽，角色们的互动充满魅力，是七人魔法使系列的剧场版。动画的节奏把控张弛有度，战斗场面的分镜与作画都相当扎实，主角在与强敌的较量中不断突破自我，和同伴之间建立的信任与羁绊也为剧情增添了温度，热血与感动并存，值得一看。整体而言，该作在题材表达与情感渲染上均有可取之处，剧情张弛有度，角色令人印象深刻，是一部完成度较高、值得推荐的作品。
1304,primary,zh-CN,机动奥特曼,《机动奥特曼》改编自同名漫画。继承了奥特曼力量的大学生早田进次郎的战斗。作品以特摄、战斗与热血为特色，动画的3DCG战斗场面华丽，进次郎的成长令人动容，是奥特曼系列的衍生作品。动作设计与演出张力俱佳，随着剧情推进，主角面对的敌人越来越强，战斗方式与自身局限的突破层层升级，配乐与画面配合出色，将热血少年向作品应有的爽快感与成长感都演绎得十分到位。整体而言，该作在题材表达与情感渲染上均有可取之处，剧情张弛有度，角色令人印象深刻，是一部完成度较高、值得推荐的作品。
1305,primary,zh-CN,叛逆性百万亚瑟王 第二季,《叛逆性百万亚瑟王 第二季》延续第一季，六位亚瑟的战斗继续。本作亚瑟们的冒险与世界的真相进一步展开，作品以战斗、奇幻与群像为特色，动画的战斗场面华丽，是百万亚瑟王系列的动画化。动作设计与演出张力俱佳，随着剧情推进，主角面对的敌人越来越强，战斗方式与自身局限的突破层层升级，配乐与画面配合出色，将热血少年向作品应有的爽快感与成长感都演绎得十分到位。整体而言，该作在题材表达与情感渲染上均有可取之处，剧情张弛有度，角色令人印象深刻，是一部完成度较高、值得推荐的作品。
1306,primary,zh-CN,恋爱幕末男友外传～在时空的彼方盛开之恋～CRISIS,《恋爱幕末男友外传～在时空的彼方盛开之恋～CRISIS》延续系列，少女与幕末志士们的恋爱继续。本作少女与志士们的命运面临危机，作品以恋爱、穿越与群像为特色，动画的氛围华丽，是乙女向动画的作品。角色间的互动刻画得细腻自然，那些欲言又止的心意、别扭又真诚的靠近都真实而动人，情感线与日常情节交织，让观众在会心一笑与怦然心动之间反复横跳，是一部让人回味无穷的恋爱物语。整体而言，该作在题材表达与情感渲染上均有可取之处，剧情张弛有度，角色令人印象深刻，是一部完成度较高、值得推荐的作品。
1307,primary,zh-CN,一弦定音！,《一弦定音！》改编自同名漫画。不良少年久远爱在筝曲部的成长。作品以筝曲、青春与群像为特色，动画的筝曲演奏场面优美，爱在筝曲部的成长令人动容，是一部充满艺术气息的作品。作品风格鲜明、辨识度高，在同类题材中走出了自己的路子，角色与故事的结合恰到好处，整体观感流畅自然，无论是题材爱好者还是路人观众都能乐在其中。整体而言，该作在题材表达与情感渲染上均有可取之处，剧情张弛有度，角色令人印象深刻，是一部完成度较高、值得推荐的作品。
1308,primary,zh-CN,深夜的超自然公务员,《深夜的超自然公务员》改编自同名漫画。在深夜的市政府，公务员宫古新处理超自然事件。作品以灵异、职场与日常为特色，宫古新的夜班生活充满趣味，动画的氛围独特，是一部风格新颖的作品。作品没有强烈的戏剧冲突，却以细腻的笔触捕捉日常中的微小幸福，角色的喜怒哀乐真实可感，在平实的叙述中悄然传递着生活的温度，适合在忙碌之余放松心情慢慢欣赏。整体而言，该作在题材表达与情感渲染上均有可取之处，剧情张弛有度，角色令人印象深刻，是一部完成度较高、值得推荐的作品。
1309,primary,zh-CN,妖怪手表！,《妖怪手表！》是妖怪手表系列动画，少年天野景太的妖怪冒险。本作景太与妖怪伙伴们的日常与战斗继续，作品以妖怪、冒险与搞笑为特色，动画的氛围欢乐，是妖怪手表系列的作品。动画的节奏把控张弛有度，战斗场面的分镜与作画都相当扎实，主角在与强敌的较量中不断突破自我，和同伴之间建立的信任与羁绊也为剧情增添了温度，热血与感动并存，值得一看。整体而言，该作在题材表达与情感渲染上均有可取之处，剧情张弛有度，角色令人印象深刻，是一部完成度较高、值得推荐的作品。
1310,primary,zh-CN,CAROLE & TUESDAY,《CAROLE & TUESDAY》是原创动画，讲述两位少女在火星的歌声。卡罗尔与图丝黛在音乐道路上的相遇与成长，作品以音乐、青春与群像为特色，动画的歌曲动人，少女们的梦想令人动容，是一部充满音乐魅力的作品。角色的个性塑造鲜明，舞台上的自信与生活中的可爱形成反差，团队协作与个人成长双线并进，歌舞编排赏心悦目，让观众既能享受视听盛宴，也能为少女们的梦想与坚持而感动。整体而言，该作在题材表达与情感渲染上均有可取之处，剧情张弛有度，角色令人印象深刻，是一部完成度较高、值得推荐的作品。
1311,primary,zh-CN,南无阿弥陀佛！-莲台 UTENA-,《南无阿弥陀佛！-莲台 UTENA-》改编自同名游戏。佛陀们在与烦的化身的战斗中守护人类。作品以佛教拟人、战斗与群像为特色，动画的画风精美，佛陀们的战斗充满魅力，是游戏改编动画的作品。动作设计与演出张力俱佳，随着剧情推进，主角面对的敌人越来越强，战斗方式与自身局限的突破层层升级，配乐与画面配合出色，将热血少年向作品应有的爽快感与成长感都演绎得十分到位。整体而言，该作在题材表达与情感渲染上均有可取之处，剧情张弛有度，角色令人印象深刻，是一部完成度较高、值得推荐的作品。
1312,primary,zh-CN,小英雄-蟹和蛋和透明人-,《小英雄-蟹和蛋和透明人-》是短篇动画，讲述三个小故事的物语。作品以奇幻、治愈与单元剧为特色，动画画风独特、氛围宁静，在短小的故事中展现温暖，是一部风格独特的作品。作品没有强烈的戏剧冲突，却以细腻的笔触捕捉日常中的微小幸福，角色的喜怒哀乐真实可感，在平实的叙述中悄然传递着生活的温度，适合在忙碌之余放松心情慢慢欣赏。整体而言，该作在题材表达与情感渲染上均有可取之处，剧情张弛有度，角色令人印象深刻，是一部完成度较高、值得推荐的作品。
1313,primary,zh-CN,进击的巨人 第三季 Part.2,《进击的巨人 第三季 Part.2》延续系列，艾伦与调查兵团的战斗迎来高潮。本作围绕玛利亚之墙的夺回战与巨人的真相展开，作品以战斗、悬疑与绝望为主题，动画的制作精良，巨人的威胁与人类的挣扎充满张力，是进击的巨人系列的重要篇章。动作设计与演出张力俱佳，随着剧情推进，主角面对的敌人越来越强，战斗方式与自身局限的突破层层升级，配乐与画面配合出色，将热血少年向作品应有的爽快感与成长感都演绎得十分到位。整体而言，该作在题材表达与情感渲染上均有可取之处，剧情张弛有度，角色令人印象深刻，是一部完成度较高、值得推荐的作品。
1314,primary,zh-CN,灰色：幻影扳机 THE ANIMATION,《灰色：幻影扳机 THE ANIMATION》是灰色系列的动画，讲述特工少女们的战斗。少女们在训练学校中的成长与任务，作品以战斗、学园与群像为特色，动画的战斗场面华丽，少女们的羁绊贯穿始终，是灰色系列的衍生作品。动作设计与演出张力俱佳，随着剧情推进，主角面对的敌人越来越强，战斗方式与自身局限的突破层层升级，配乐与画面配合出色，将热血少年向作品应有的爽快感与成长感都演绎得十分到位。整体而言，该作在题材表达与情感渲染上均有可取之处，剧情张弛有度，角色令人印象深刻，是一部完成度较高、值得推荐的作品。
1315,primary,zh-CN,甲铁城的卡巴内利～海门决战～,《甲铁城的卡巴内利～海门决战～》是《甲铁城的卡巴内利》的剧场版，生驹与无名的新战斗。本作围绕海门决战展开，作品以蒸汽朋克、丧尸与热血为特色，动画的战斗场面华丽，生驹与无名的羁绊贯穿始终，是甲铁城的剧场版。动画的节奏把控张弛有度，战斗场面的分镜与作画都相当扎实，主角在与强敌的较量中不断突破自我，和同伴之间建立的信任与羁绊也为剧情增添了温度，热血与感动并存，值得一看。整体而言，该作在题材表达与情感渲染上均有可取之处，剧情张弛有度，角色令人印象深刻，是一部完成度较高、值得推荐的作品。
1316,primary,zh-CN,裤袜视界,《裤袜视界》是短篇动画，讲述少女们与裤袜的物语。作品以福利、日常与文艺为特色，动画画风精美、氛围独特，在袜子的视角中展现少女们的生活，是一部风格独特的泡面番。画风清新、节奏舒缓，人物之间的相处自然而温暖，那些平凡琐碎的片段在动画的演绎下变得闪闪发光，传递出一种治愈人心的宁静力量，是治愈系爱好者不容错过的作品。整体而言，该作在题材表达与情感渲染上均有可取之处，剧情张弛有度，角色令人印象深刻，是一部完成度较高、值得推荐的作品。
1317,primary,zh-CN,怪兽娘（黑）～奥特怪兽拟人化计划～,《怪兽娘（黑）～奥特怪兽拟人化计划～》是怪兽娘系列的动画，怪兽娘们的日常。作品以怪兽拟人、日常与搞笑为特色，动画画风可爱、篇幅短小，在轻松的日常中展现怪兽娘们的互动，是奥特曼系列的衍生作品。作品没有强烈的戏剧冲突，却以细腻的笔触捕捉日常中的微小幸福，角色的喜怒哀乐真实可感，在平实的叙述中悄然传递着生活的温度，适合在忙碌之余放松心情慢慢欣赏。整体而言，该作在题材表达与情感渲染上均有可取之处，剧情张弛有度，角色令人印象深刻，是一部完成度较高、值得推荐的作品。
1318,primary,zh-CN,Re：从零开始的异世界生活 雪之回忆,《Re：从零开始的异世界生活 雪之回忆》是《Re：从零开始的异世界生活》的OVA，菜月昴与爱蜜莉雅的雪之回忆。本作以温馨的日常为主，作品以异世界、悬疑与治愈为特色，动画的氛围温暖，昴与爱蜜莉雅的互动令人动容，是Re零系列的番外作品。作品没有强烈的戏剧冲突，却以细腻的笔触捕捉日常中的微小幸福，角色的喜怒哀乐真实可感，在平实的叙述中悄然传递着生活的温度，适合在忙碌之余放松心情慢慢欣赏。整体而言，该作在题材表达与情感渲染上均有可取之处，剧情张弛有度，角色令人印象深刻，是一部完成度较高、值得推荐的作品。
1319,primary,zh-CN,关于我女友是个一本正经的碧池这件事 OAD,《关于我女友是个一本正经的碧池这件事 OAD》是系列的OVA，高中生与女友的恋爱番外。本作以轻松的日常为主，作品以恋爱、成年向与搞笑为特色，动画的氛围轻松暧昧，是一部面向成人的恋爱作品。作品在甜蜜之余也保留了青春特有的青涩与迷茫，主角在感情中的成长与抉择贯穿始终，配乐温润、画面明丽，将恋爱中的忐忑、欢喜与遗憾都拿捏得恰到好处，适合慢慢品味。整体而言，该作在题材表达与情感渲染上均有可取之处，剧情张弛有度，角色令人印象深刻，是一部完成度较高、值得推荐的作品。
1320,primary,zh-CN,魔法少女奈叶 Detonation,《魔法少女奈叶 Detonation》是《魔法少女奈叶》的剧场版，奈叶与伙伴们的战斗迎来高潮。本作围绕新的敌人与灾厄展开，作品以魔法少女、战斗与羁绊为特色，动画的战斗场面华丽，奈叶的成长令人动容，是魔法少女奈叶系列的剧场版。动作设计与演出张力俱佳，随着剧情推进，主角面对的敌人越来越强，战斗方式与自身局限的突破层层升级，配乐与画面配合出色，将热血少年向作品应有的爽快感与成长感都演绎得十分到位。整体而言，该作在题材表达与情感渲染上均有可取之处，剧情张弛有度，角色令人印象深刻，是一部完成度较高、值得推荐的作品。
1321,primary,zh-CN,剧场版 王室教师海涅,《剧场版 王室教师海涅》是《王室教师海涅》的剧场版，海涅与王子们的日常。本作以轻松的日常为主，作品以教育、搞笑与日常为特色，海涅的智慧与王子们的成长充满看点，动画的氛围轻松温暖，是王室教师海涅系列的剧场版。作品没有强烈的戏剧冲突，却以细腻的笔触捕捉日常中的微小幸福，角色的喜怒哀乐真实可感，在平实的叙述中悄然传递着生活的温度，适合在忙碌之余放松心情慢慢欣赏。整体而言，该作在题材表达与情感渲染上均有可取之处，剧情张弛有度，角色令人印象深刻，是一部完成度较高、值得推荐的作品。
1322,primary,zh-CN,即使明天世界终结,《即使明天世界终结》是剧场版动画，讲述少年与异世界少女的物语。少年真与来自异世界的少女相遇，展开关于两个世界的冒险，作品以恋爱、科幻与悲壮为主题，动画的氛围沉重，两人的羁绊令人动容，是一部充满冲击力的作品。作品在甜蜜之余也保留了青春特有的青涩与迷茫，主角在感情中的成长与抉择贯穿始终，配乐温润、画面明丽，将恋爱中的忐忑、欢喜与遗憾都拿捏得恰到好处，适合慢慢品味。整体而言，该作在题材表达与情感渲染上均有可取之处，剧情张弛有度，角色令人印象深刻，是一部完成度较高、值得推荐的作品。
1323,primary,zh-CN,LoveLive! Sunshine!! 学园偶像 电影 彩虹彼端,《LoveLive! Sunshine!! 学园偶像 电影 彩虹彼端》是《LoveLive! Sunshine!!》的剧场版，浦之星女学院的偶像们。本作少女们在偶像道路上迎来新的篇章，作品以音乐、追梦与群像为特色，歌曲动人、舞台演出华丽，少女们的友情与梦想令人动容，是LoveLive系列的剧场版。角色的个性塑造鲜明，舞台上的自信与生活中的可爱形成反差，团队协作与个人成长双线并进，歌舞编排赏心悦目，让观众既能享受视听盛宴，也能为少女们的梦想与坚持而感动。
1324,primary,zh-CN,剧场版 在地下城寻求邂逅是否搞错了什么 -俄里翁之矢-,《剧场版 在地下城寻求邂逅是否搞错了什么 -俄里翁之矢-》是《在地下城寻求邂逅》的剧场版，贝尔与艾丝的故事。本作围绕俄里翁之矢展开，作品以奇幻、冒险与战斗为特色，动画的战斗场面华丽，贝尔的成长令人动容，是地错系列的剧场版。动画的节奏把控张弛有度，战斗场面的分镜与作画都相当扎实，主角在与强敌的较量中不断突破自我，和同伴之间建立的信任与羁绊也为剧情增添了温度，热血与感动并存，值得一看。整体而言，该作在题材表达与情感渲染上均有可取之处，剧情张弛有度，角色令人印象深刻，是一部完成度较高、值得推荐的作品。
1325,primary,zh-CN,LAIDBACKERS,《LAIDBACKERS》是剧场版动画，讲述勇者们在现代日本的物语。从异世界穿越而来的勇者们在现代都市中生活，作品以奇幻、搞笑与群像为特色，动画的氛围轻松，勇者与现代社会的反差充满笑料，是一部欢乐的作品。画风清新、节奏舒缓，人物之间的相处自然而温暖，那些平凡琐碎的片段在动画的演绎下变得闪闪发光，传递出一种治愈人心的宁静力量，是治愈系爱好者不容错过的作品。整体而言，该作在题材表达与情感渲染上均有可取之处，剧情张弛有度，角色令人印象深刻，是一部完成度较高、值得推荐的作品。
1326,primary,zh-CN,哆啦A梦：大雄的月球探险记,《哆啦A梦：大雄的月球探险记》是《哆啦A梦》剧场版，大雄一行人在月球的冒险。本作围绕月球背面的秘密展开，大雄与哆啦A梦在月球展开大冒险，作品以冒险、科幻与友情为主题，动画的氛围欢乐，结局充满感动，是哆啦A梦系列的剧场版。世界观设定丰富而自成体系，随着冒险推进，更多奇妙的种族、地点与力量体系逐一展开，角色们在旅途中收获成长与羁绊，画面与配乐共同营造出充满想象力的奇幻氛围，令人沉浸其中。整体而言，该作在题材表达与情感渲染上均有可取之处，剧情张弛有度，角色令人印象深刻，是一部完成度较高、值得推荐的作品。
1327,primary,zh-CN,剧场版 Fate/stay night [Heaven's Feel] II.lost butterfly,《剧场版 Fate/stay night [Heaven's Feel] II.lost butterfly》是Fate系列的剧场版，间桐樱的物语继续。本作樱与卫宫士郎的关系进一步展开，作品以Fate世界观、战斗与黑暗为特色，动画的战斗场面华丽，樱的悲剧命运充满张力，是Heaven's Feel线的第二部。动画的节奏把控张弛有度，战斗场面的分镜与作画都相当扎实，主角在与强敌的较量中不断突破自我，和同伴之间建立的信任与羁绊也为剧情增添了温度，热血与感动并存，值得一看。
1328,primary,zh-CN,剧场版 幼女战记,《剧场版 幼女战记》是《幼女战记》的剧场版，谭雅在战争中的战斗。本作围绕新的战局展开，作品以战争、转生与黑色幽默为特色，动画的战争场面华丽，谭雅那冷静而疯狂的战斗方式充满魅力，是幼女战记系列的剧场版。动作设计与演出张力俱佳，随着剧情推进，主角面对的敌人越来越强，战斗方式与自身局限的突破层层升级，配乐与画面配合出色，将热血少年向作品应有的爽快感与成长感都演绎得十分到位。整体而言，该作在题材表达与情感渲染上均有可取之处，剧情张弛有度，角色令人印象深刻，是一部完成度较高、值得推荐的作品。
1329,primary,zh-CN,心理测量者 Sinners of the System Case.1 罪与罚,《心理测量者 Sinners of the System Case.1 罪与罚》是《心理测量者》的剧场版，执行官的物语。本作围绕罪的惩罚与心理测量者系统的真相展开，作品以科幻、悬疑与群像为特色，动画的氛围沉重，是一部硬核的科幻作品。剧情层层递进、伏笔密布，随着线索的不断拼合，真相逐渐浮出水面，每一次反转都在意料之外又情理之中，细节经得起推敲，氛围营造到位，是喜欢烧脑故事的观众不可错过之作。整体而言，该作在题材表达与情感渲染上均有可取之处，剧情张弛有度，角色令人印象深刻，是一部完成度较高、值得推荐的作品。
1330,primary,zh-CN,心理测量者 Sinners of the System Case.2 First Guardian,《心理测量者 Sinners of the System Case.2 First Guardian》是《心理测量者》的剧场版，讲述监视官须乡的物语。本作围绕新的案件展开，作品以科幻、悬疑与群像为特色，动画的氛围沉重，是一部硬核的科幻作品。剧情层层递进、伏笔密布，随着线索的不断拼合，真相逐渐浮出水面，每一次反转都在意料之外又情理之中，细节经得起推敲，氛围营造到位，是喜欢烧脑故事的观众不可错过之作。
1331,primary,zh-CN,心理测量者 Sinners of the System Case.3 在恩怨的彼方＿＿,《心理测量者 Sinners of the System Case.3 在恩怨的彼方＿＿》是《心理测量者》的剧场版，讲述少女们的物语。本作围绕恩怨与救赎展开，作品以科幻、悬疑与群像为特色，动画的氛围沉重，是一部硬核的科幻作品。悬疑氛围铺垫扎实，人物之间暗流涌动的博弈与隐藏的秘密交织出复杂的叙事网络，叙事节奏收放自如，高潮部分的揭示震撼有力，看完之后依然值得反复回味其中的细节。整体而言，该作在题材表达与情感渲染上均有可取之处，剧情张弛有度，角色令人印象深刻，是一部完成度较高、值得推荐的作品。
1332,primary,zh-CN,机动战士高达 THE ORIGIN 前夜 红色彗星,《机动战士高达 THE ORIGIN 前夜 红色彗星》是《高达THE ORIGIN》的续作，夏亚的物语继续。本作围绕红色彗星的诞生展开，作品以机战、战争与史诗为特色，动画的制作精良、作画细腻，夏亚的成长与悲剧充满感染力，是高达系列的经典前传。动作设计与演出张力俱佳，随着剧情推进，主角面对的敌人越来越强，战斗方式与自身局限的突破层层升级，配乐与画面配合出色，将热血少年向作品应有的爽快感与成长感都演绎得十分到位。
1333,primary,zh-CN,为了女儿，我说不定连魔王都能干掉。,《为了女儿，我说不定连魔王都能干掉。》改编自同名轻小说。冒险者拉提娜在捡到魔王的女儿后将她养大。作品以日常、治愈与亲情为特色，拉提娜与少女的父女情充满温馨，动画的氛围温暖，是一部治愈系的作品。作品没有强烈的戏剧冲突，却以细腻的笔触捕捉日常中的微小幸福，角色的喜怒哀乐真实可感，在平实的叙述中悄然传递着生活的温度，适合在忙碌之余放松心情慢慢欣赏。整体而言，该作在题材表达与情感渲染上均有可取之处，剧情张弛有度，角色令人印象深刻，是一部完成度较高、值得推荐的作品。
1334,primary,zh-CN,在地下城寻求邂逅是否搞错了什么 第二季,《在地下城寻求邂逅是否搞错了什么 第二季》延续第一季，贝尔的冒险继续。本作贝尔在地下城中迎接新的挑战与眷族的纷争，作品以奇幻、冒险与战斗为特色，动画的战斗场面华丽，贝尔的成长令人动容，是地错系列的续作。动作设计与演出张力俱佳，随着剧情推进，主角面对的敌人越来越强，战斗方式与自身局限的突破层层升级，配乐与画面配合出色，将热血少年向作品应有的爽快感与成长感都演绎得十分到位。整体而言，该作在题材表达与情感渲染上均有可取之处，剧情张弛有度，角色令人印象深刻，是一部完成度较高、值得推荐的作品。
1335,primary,zh-CN,战姬绝唱SYMPHOGEAR XV,《战姬绝唱SYMPHOGEAR XV》延续系列，歌姬们的战斗继续。本作响与伙伴们面对新的敌人与真相，作品以音乐、战斗与热血为特色，动画的歌曲充满感染力，战斗场面华丽，是战姬绝唱系列的续作。动作设计与演出张力俱佳，随着剧情推进，主角面对的敌人越来越强，战斗方式与自身局限的突破层层升级，配乐与画面配合出色，将热血少年向作品应有的爽快感与成长感都演绎得十分到位。整体而言，该作在题材表达与情感渲染上均有可取之处，剧情张弛有度，角色令人印象深刻，是一部完成度较高、值得推荐的作品。
1336,primary,zh-CN,某科学的一方通行,《某科学的一方通行》是魔禁系列的外传，讲述一方通行的故事。本作一方通行为了保护少女而战斗，作品以超能力、战斗与群像为特色，动画的战斗场面华丽，一方通行的力量与内心充满看点，是魔禁系列的衍生作品。动画的节奏把控张弛有度，战斗场面的分镜与作画都相当扎实，主角在与强敌的较量中不断突破自我，和同伴之间建立的信任与羁绊也为剧情增添了温度，热血与感动并存，值得一看。整体而言，该作在题材表达与情感渲染上均有可取之处，剧情张弛有度，角色令人印象深刻，是一部完成度较高、值得推荐的作品。
1337,primary,zh-CN,普通攻击是全体攻击而且能二次攻击的妈妈你喜欢吗？,《普通攻击是全体攻击而且能二次攻击的妈妈你喜欢吗？》改编自同名轻小说。少年大好真真在游戏世界中与妈妈冒险。作品以异世界、搞笑与家庭为特色，妈妈强大的战斗力充满笑料，动画的氛围轻松，是一部让人捧腹的作品。动作设计与演出张力俱佳，随着剧情推进，主角面对的敌人越来越强，战斗方式与自身局限的突破层层升级，配乐与画面配合出色，将热血少年向作品应有的爽快感与成长感都演绎得十分到位。整体而言，该作在题材表达与情感渲染上均有可取之处，剧情张弛有度，角色令人印象深刻，是一部完成度较高、值得推荐的作品。
1338,primary,zh-CN,擅长捉弄的高木同学 第二季,《擅长捉弄的高木同学 第二季》延续第一季，高木与西片的日常继续。本作高木的捉弄与西片的反应依旧充满笑料，作品以恋爱、日常与搞笑为特色，动画的氛围轻松甜蜜，是一部让人心动的校园恋爱作品。角色间的互动刻画得细腻自然，那些欲言又止的心意、别扭又真诚的靠近都真实而动人，情感线与日常情节交织，让观众在会心一笑与怦然心动之间反复横跳，是一部让人回味无穷的恋爱物语。整体而言，该作在题材表达与情感渲染上均有可取之处，剧情张弛有度，角色令人印象深刻，是一部完成度较高、值得推荐的作品。
1339,primary,zh-CN,女高中生的无所事事,《女高中生的无所事事》改编自同名漫画。三位女高中生的无所事事日常。作品以搞笑、日常与吐槽为特色，少女们的无聊日常充满笑料，动画的演出夸张、节奏明快，是一部让人捧腹的日常喜剧。作品没有强烈的戏剧冲突，却以细腻的笔触捕捉日常中的微小幸福，角色的喜怒哀乐真实可感，在平实的叙述中悄然传递着生活的温度，适合在忙碌之余放松心情慢慢欣赏。整体而言，该作在题材表达与情感渲染上均有可取之处，剧情张弛有度，角色令人印象深刻，是一部完成度较高、值得推荐的作品。
1340,primary,zh-CN,只要可爱即使是变态你也会喜欢我吧？,《只要可爱即使是变态你也会喜欢我吧？》改编自同名轻小说。少年桐生慧辉与古怪的少女们相遇。作品以恋爱、搞笑与日常为特色，慧辉与变态少女们的互动充满笑料，动画的氛围轻松，是一部欢乐的恋爱喜剧。作品在甜蜜之余也保留了青春特有的青涩与迷茫，主角在感情中的成长与抉择贯穿始终，配乐温润、画面明丽，将恋爱中的忐忑、欢喜与遗憾都拿捏得恰到好处，适合慢慢品味。整体而言，该作在题材表达与情感渲染上均有可取之处，剧情张弛有度，角色令人印象深刻，是一部完成度较高、值得推荐的作品。
1341,primary,zh-CN,平凡职业造就世界最强,《平凡职业造就世界最强》改编自同名轻小说。被背叛的少年南云始在深渊中变强。作品以异世界、热血与后宫为特色，始的成长与复仇充满看点，动画的战斗场面华丽，是一部标准的异世界作品。动作设计与演出张力俱佳，随着剧情推进，主角面对的敌人越来越强，战斗方式与自身局限的突破层层升级，配乐与画面配合出色，将热血少年向作品应有的爽快感与成长感都演绎得十分到位。整体而言，该作在题材表达与情感渲染上均有可取之处，剧情张弛有度，角色令人印象深刻，是一部完成度较高、值得推荐的作品。
1342,primary,zh-CN,异世界超能魔术师,《异世界超能魔术师》改编自同名轻小说。少年少女在异世界中觉醒魔术才能。作品以异世界、冒险与热血为特色，主角们的强大与冒险充满看点，动画的氛围轻松，是一部标准的异世界作品。动画的节奏把控张弛有度，战斗场面的分镜与作画都相当扎实，主角在与强敌的较量中不断突破自我，和同伴之间建立的信任与羁绊也为剧情增添了温度，热血与感动并存，值得一看。整体而言，该作在题材表达与情感渲染上均有可取之处，剧情张弛有度，角色令人印象深刻，是一部完成度较高、值得推荐的作品。
1343,primary,zh-CN,重来吧、魔王大人！,《重来吧、魔王大人！》改编自同名轻小说。游戏管理员转生为魔王。作品以异世界、轻松冒险与后宫为特色，魔王大人的日常充满笑料，动画的氛围轻松，是一部轻松愉快的异世界作品。画风清新、节奏舒缓，人物之间的相处自然而温暖，那些平凡琐碎的片段在动画的演绎下变得闪闪发光，传递出一种治愈人心的宁静力量，是治愈系爱好者不容错过的作品。整体而言，该作在题材表达与情感渲染上均有可取之处，剧情张弛有度，角色令人印象深刻，是一部完成度较高、值得推荐的作品。
1344,primary,zh-CN,流汗吧！健身少女,《流汗吧！健身少女》改编自同名漫画。少女们在健身房的搞笑日常。作品以健身、搞笑与日常为特色，少女们的健身过程充满笑料，动画的氛围轻松，是一部让人捧腹的日常喜剧。作品没有强烈的戏剧冲突，却以细腻的笔触捕捉日常中的微小幸福，角色的喜怒哀乐真实可感，在平实的叙述中悄然传递着生活的温度，适合在忙碌之余放松心情慢慢欣赏。整体而言，该作在题材表达与情感渲染上均有可取之处，剧情张弛有度，角色令人印象深刻，是一部完成度较高、值得推荐的作品。
1345,primary,zh-CN,中之人基因组【实况中】,《中之人基因组【实况中】》改编自同名漫画。少年少女们在游戏实况中求生。作品以游戏、悬疑与群像为特色，动画的氛围介于游戏与生存之间，角色们的挑战充满看点，是一部风格独特的作品。剧情层层递进、伏笔密布，随着线索的不断拼合，真相逐渐浮出水面，每一次反转都在意料之外又情理之中，细节经得起推敲，氛围营造到位，是喜欢烧脑故事的观众不可错过之作。整体而言，该作在题材表达与情感渲染上均有可取之处，剧情张弛有度，角色令人印象深刻，是一部完成度较高、值得推荐的作品。
1346,primary,zh-CN,魔术学姐,《魔术学姐》改编自同名漫画。魔术部学姐的笨拙魔术与学弟的吐槽。作品以搞笑、日常与恋爱为特色，学姐的魔术失败充满笑料，动画的氛围轻松，是一部让人捧腹的日常喜剧。作品在甜蜜之余也保留了青春特有的青涩与迷茫，主角在感情中的成长与抉择贯穿始终，配乐温润、画面明丽，将恋爱中的忐忑、欢喜与遗憾都拿捏得恰到好处，适合慢慢品味。整体而言，该作在题材表达与情感渲染上均有可取之处，剧情张弛有度，角色令人印象深刻，是一部完成度较高、值得推荐的作品。
1347,primary,zh-CN,你遭难了吗？,《你遭难了吗？》改编自同名漫画。少女们在无人岛上的求生。作品以生存、搞笑与日常为特色，少女们的求生技巧与欢乐的日常并存，动画的氛围轻松，是一部独特的生存喜剧。作品没有强烈的戏剧冲突，却以细腻的笔触捕捉日常中的微小幸福，角色的喜怒哀乐真实可感，在平实的叙述中悄然传递着生活的温度，适合在忙碌之余放松心情慢慢欣赏。整体而言，该作在题材表达与情感渲染上均有可取之处，剧情张弛有度，角色令人印象深刻，是一部完成度较高、值得推荐的作品。
1348,primary,zh-CN,满月之战,《满月之战》是原创动画，讲述魔术师少女们的战斗。少女们在满月之战中展开魔术对决，作品以战斗、奇幻与群像为特色，动画的战斗场面华丽，少女们的命运充满张力，是一部硬核的作品。动画的节奏把控张弛有度，战斗场面的分镜与作画都相当扎实，主角在与强敌的较量中不断突破自我，和同伴之间建立的信任与羁绊也为剧情增添了温度，热血与感动并存，值得一看。整体而言，该作在题材表达与情感渲染上均有可取之处，剧情张弛有度，角色令人印象深刻，是一部完成度较高、值得推荐的作品。
1349,primary,zh-CN,骚动时节的少女们啊,《骚动时节的少女们啊》改编自同名漫画。文学部少女们在青春期的烦恼。作品以恋爱、青春与群像为特色，少女们对性的探索与困惑充满看点，动画的氛围细腻，是一部面向青年的作品。作品在甜蜜之余也保留了青春特有的青涩与迷茫，主角在感情中的成长与抉择贯穿始终，配乐温润、画面明丽，将恋爱中的忐忑、欢喜与遗憾都拿捏得恰到好处，适合慢慢品味。整体而言，该作在题材表达与情感渲染上均有可取之处，剧情张弛有度，角色令人印象深刻，是一部完成度较高、值得推荐的作品。
1350,primary,zh-CN,炎炎消防队,《炎炎消防队》改编自同名漫画。以火焰为力量的消防队与焰人战斗。少年森罗日下部在特殊消防队中成长，作品以热血、战斗与群像为特色，动画的战斗场面华丽，森罗的成长令人动容，是一部现象级的作品。动作设计与演出张力俱佳，随着剧情推进，主角面对的敌人越来越强，战斗方式与自身局限的突破层层升级，配乐与画面配合出色，将热血少年向作品应有的爽快感与成长感都演绎得十分到位。整体而言，该作在题材表达与情感渲染上均有可取之处，剧情张弛有度，角色令人印象深刻，是一部完成度较高、值得推荐的作品。
1351,primary,zh-CN,致曾为神之众兽,《致曾为神之众兽》改编自同名漫画。在变身士兵的战争后，少年汉克追捕发狂的兽兵。作品以战争、奇幻与悲壮为主题，动画的氛围沉重，汉克的信念与兽兵们的命运充满张力，是一部硬核的作品。动画的节奏把控张弛有度，战斗场面的分镜与作画都相当扎实，主角在与强敌的较量中不断突破自我，和同伴之间建立的信任与羁绊也为剧情增添了温度，热血与感动并存，值得一看。整体而言，该作在题材表达与情感渲染上均有可取之处，剧情张弛有度，角色令人印象深刻，是一部完成度较高、值得推荐的作品。
1352,primary,zh-CN,石纪元,《石纪元》改编自同名漫画。全人类被石化的世界，少年千空以科学之力复兴文明。作品以科学、冒险与热血为特色，千空的科学知识与伙伴们的冒险充满魅力，动画的氛围热血，是一部独特的作品。动作设计与演出张力俱佳，随着剧情推进，主角面对的敌人越来越强，战斗方式与自身局限的突破层层升级，配乐与画面配合出色，将热血少年向作品应有的爽快感与成长感都演绎得十分到位。整体而言，该作在题材表达与情感渲染上均有可取之处，剧情张弛有度，角色令人印象深刻，是一部完成度较高、值得推荐的作品。
1353,primary,zh-CN,Re:Stage！Dream Days♪,《Re:Stage！Dream Days♪》改编自同名企划，少女们的偶像物语。本作少女们在偶像舞台上追逐梦想，作品以音乐、偶像与群像为特色，歌曲与舞台演出华丽，角色们的成长令人动容，是偶像动画的作品。角色的个性塑造鲜明，舞台上的自信与生活中的可爱形成反差，团队协作与个人成长双线并进，歌舞编排赏心悦目，让观众既能享受视听盛宴，也能为少女们的梦想与坚持而感动。整体而言，该作在题材表达与情感渲染上均有可取之处，剧情张弛有度，角色令人印象深刻，是一部完成度较高、值得推荐的作品。
1354,primary,zh-CN,偶像梦幻祭,《偶像梦幻祭》改编自同名游戏，少年偶像们的物语。本作以梦之咲学园的偶像们为主角，作品以音乐、偶像与群像为特色，歌曲与舞台演出华丽，角色们各具魅力，是女性向偶像动画的作品。歌舞演出的画面制作精良，每一首歌都与角色心境和剧情推进紧密呼应，少女们在聚光灯下的闪耀与幕后流下的汗水同样动人，传递出追逐梦想、不懈努力的正能量，感染力十足。整体而言，该作在题材表达与情感渲染上均有可取之处，剧情张弛有度，角色令人印象深刻，是一部完成度较高、值得推荐的作品。
1355,primary,zh-CN,街角魔族,《街角魔族》改编自同名漫画。魔族少女吉田优子在街角展开日常。作品以日常、魔法与搞笑为特色，优子与魔法少女的互动充满萌点，动画画风可爱、氛围轻松，是一部治愈系的作品。画风清新、节奏舒缓，人物之间的相处自然而温暖，那些平凡琐碎的片段在动画的演绎下变得闪闪发光，传递出一种治愈人心的宁静力量，是治愈系爱好者不容错过的作品。整体而言，该作在题材表达与情感渲染上均有可取之处，剧情张弛有度，角色令人印象深刻，是一部完成度较高、值得推荐的作品。
1356,primary,zh-CN,彼方的阿斯特拉,《彼方的阿斯特拉》改编自同名漫画。少年少女们在宇宙中漂流求生。作品以科幻、生存与群像为特色，动画的氛围紧张，少年少女们的冒险充满悬念，是一部硬核的科幻作品。世界观设定丰富而自成体系，随着冒险推进，更多奇妙的种族、地点与力量体系逐一展开，角色们在旅途中收获成长与羁绊，画面与配乐共同营造出充满想象力的奇幻氛围，令人沉浸其中。整体而言，该作在题材表达与情感渲染上均有可取之处，剧情张弛有度，角色令人印象深刻，是一部完成度较高、值得推荐的作品。
1357,primary,zh-CN,COP CRAFT,《COP CRAFT》改编自同名轻小说。刑警桂与异世界少女缇拉娜搭档办案。作品以科幻、警察与群像为特色，动画的氛围轻松，桂与缇拉娜的搭档充满笑料，是一部风格独特的作品。作品没有强烈的戏剧冲突，却以细腻的笔触捕捉日常中的微小幸福，角色的喜怒哀乐真实可感，在平实的叙述中悄然传递着生活的温度，适合在忙碌之余放松心情慢慢欣赏。整体而言，该作在题材表达与情感渲染上均有可取之处，剧情张弛有度，角色令人印象深刻，是一部完成度较高、值得推荐的作品。
1358,primary,zh-CN,指尖传出的真挚热情-青梅竹马是消防员-,《指尖传出的真挚热情-青梅竹马是消防员-》是短篇成人向动画，讲述青梅竹马的恋爱。作品以恋爱、成年向与日常为特色，动画的氛围暧昧，两人的互动充满张力，是一部面向成人的恋爱作品。作品在甜蜜之余也保留了青春特有的青涩与迷茫，主角在感情中的成长与抉择贯穿始终，配乐温润、画面明丽，将恋爱中的忐忑、欢喜与遗憾都拿捏得恰到好处，适合慢慢品味。整体而言，该作在题材表达与情感渲染上均有可取之处，剧情张弛有度，角色令人印象深刻，是一部完成度较高、值得推荐的作品。
1359,primary,zh-CN,高校星歌剧 第三季,《高校星歌剧 第三季》延续系列，星路学园音乐科学生们的成长继续。本作少年们在音乐之路上迎接新的挑战，作品以音乐、青春与群像为特色，歌舞场面充满感染力，角色们的努力与羁绊令人动容，是一部充满正能量的音乐作品。角色的个性塑造鲜明，舞台上的自信与生活中的可爱形成反差，团队协作与个人成长双线并进，歌舞编排赏心悦目，让观众既能享受视听盛宴，也能为少女们的梦想与坚持而感动。整体而言，该作在题材表达与情感渲染上均有可取之处，剧情张弛有度，角色令人印象深刻，是一部完成度较高、值得推荐的作品。
1360,primary,zh-CN,GIVEN 被赠与的未来,《GIVEN 被赠与的未来》改编自同名漫画。吉他少年佐藤真冬与乐队成员的物语。作品以音乐、恋爱与青春为特色，动画的歌曲动人，真冬在音乐中的成长令人动容，是一部充满音乐魅力的作品。角色间的互动刻画得细腻自然，那些欲言又止的心意、别扭又真诚的靠近都真实而动人，情感线与日常情节交织，让观众在会心一笑与怦然心动之间反复横跳，是一部让人回味无穷的恋爱物语。整体而言，该作在题材表达与情感渲染上均有可取之处，剧情张弛有度，角色令人印象深刻，是一部完成度较高、值得推荐的作品。
1361,primary,zh-CN,BEM,《BEM》是《妖怪人间贝姆》的重制动画，讲述妖怪人间们的物语。作品以妖怪、战斗与群像为特色，动画的氛围黑暗，妖怪人间们的孤独与战斗充满张力，是经典作品的现代演绎。动作设计与演出张力俱佳，随着剧情推进，主角面对的敌人越来越强，战斗方式与自身局限的突破层层升级，配乐与画面配合出色，将热血少年向作品应有的爽快感与成长感都演绎得十分到位。整体而言，该作在题材表达与情感渲染上均有可取之处，剧情张弛有度，角色令人印象深刻，是一部完成度较高、值得推荐的作品。
1362,primary,zh-CN,蝴蝶绮 ～少年信长～,《蝴蝶绮 ～少年信长～》是原创动画，讲述少年织田信长的物语。本作描绘信长在乱世中的成长，作品以战国、战斗与群像为特色，动画的氛围沉重，信长的命运充满张力，是一部历史题材的作品。动作设计与演出张力俱佳，随着剧情推进，主角面对的敌人越来越强，战斗方式与自身局限的突破层层升级，配乐与画面配合出色，将热血少年向作品应有的爽快感与成长感都演绎得十分到位。整体而言，该作在题材表达与情感渲染上均有可取之处，剧情张弛有度，角色令人印象深刻，是一部完成度较高、值得推荐的作品。
1363,primary,zh-CN,暗芝居 第七季,《暗芝居 第七季》是恐怖短篇动画系列，继续以纸芝居的形式讲述各种怪谈。作品以怀旧的画风、猎奇的剧情与细思极恐的氛围著称，每一话都在短短几分钟内营造出强烈的恐怖感，各种扭曲的都市传说让人不寒而栗，是恐怖动画爱好者的必看之作。作品没有强烈的戏剧冲突，却以细腻的笔触捕捉日常中的微小幸福，角色的喜怒哀乐真实可感，在平实的叙述中悄然传递着生活的温度，适合在忙碌之余放松心情慢慢欣赏。整体而言，该作在题材表达与情感渲染上均有可取之处，剧情张弛有度，角色令人印象深刻，是一部完成度较高、值得推荐的作品。
1364,primary,zh-CN,噬血狂袭 女武神的王国篇,《噬血狂袭 女武神的王国篇》是《噬血狂袭》的OVA，晓古城与姬柊雪菜的战斗。本作围绕女武神的王国展开，作品以吸血鬼、战斗与后宫为特色，动画的战斗场面华丽，福利与热血并存，是噬血狂袭系列的番外作品。动作设计与演出张力俱佳，随着剧情推进，主角面对的敌人越来越强，战斗方式与自身局限的突破层层升级，配乐与画面配合出色，将热血少年向作品应有的爽快感与成长感都演绎得十分到位。整体而言，该作在题材表达与情感渲染上均有可取之处，剧情张弛有度，角色令人印象深刻，是一部完成度较高、值得推荐的作品。
1365,primary,zh-CN,冰海战记,《冰海战记》改编自幸村诚的同名漫画。维京战士托尔芬在战乱中的成长。作品以历史、战争与群像为主题，动画的氛围沉重，托尔芬的复仇与赎罪充满张力，是近年来的硬核历史佳作。动作设计与演出张力俱佳，随着剧情推进，主角面对的敌人越来越强，战斗方式与自身局限的突破层层升级，配乐与画面配合出色，将热血少年向作品应有的爽快感与成长感都演绎得十分到位。整体而言，该作在题材表达与情感渲染上均有可取之处，剧情张弛有度，角色令人印象深刻，是一部完成度较高、值得推荐的作品。
1366,primary,zh-CN,荒野的寿飞行队 外传 天空的春风飞行队,《荒野的寿飞行队 外传 天空的春风飞行队》是《荒野的寿飞行队》的外传，少女们的飞行物语。本作围绕新角色的成长展开，作品以空战、热血与群像为特色，动画的3DCG空战场面华丽，是荒野的寿飞行队系列的衍生作品。动画的节奏把控张弛有度，战斗场面的分镜与作画都相当扎实，主角在与强敌的较量中不断突破自我，和同伴之间建立的信任与羁绊也为剧情增添了温度，热血与感动并存，值得一看。整体而言，该作在题材表达与情感渲染上均有可取之处，剧情张弛有度，角色令人印象深刻，是一部完成度较高、值得推荐的作品。
1367,primary,zh-CN,夏生整备班长的战斗机讲座,《夏生整备班长的战斗机讲座》是《荒野的寿飞行队》的番外动画，整备班长夏生的讲座。本作以轻松的方式讲解战斗机知识，作品以军事、科普与搞笑为特色，动画篇幅短小、氛围轻松，是一部寓教于乐的泡面番。动作设计与演出张力俱佳，随着剧情推进，主角面对的敌人越来越强，战斗方式与自身局限的突破层层升级，配乐与画面配合出色，将热血少年向作品应有的爽快感与成长感都演绎得十分到位。整体而言，该作在题材表达与情感渲染上均有可取之处，剧情张弛有度，角色令人印象深刻，是一部完成度较高、值得推荐的作品。
1368,primary,zh-CN,幻海奇情,《幻海奇情》改编自同名漫画。在突然崩坏的东京，少年们展开求生。作品以科幻、悬疑与生存为主题，动画的氛围紧张，少年们的冒险与世界的真相层层展开，是一部硬核的作品。剧情层层递进、伏笔密布，随着线索的不断拼合，真相逐渐浮出水面，每一次反转都在意料之外又情理之中，细节经得起推敲，氛围营造到位，是喜欢烧脑故事的观众不可错过之作。整体而言，该作在题材表达与情感渲染上均有可取之处，剧情张弛有度，角色令人印象深刻，是一部完成度较高、值得推荐的作品。
1369,primary,zh-CN,关于我转生变成史莱姆这档事 OAD,《关于我转生变成史莱姆这档事 OAD》是系列的OVA，利姆露的日常番外。本作以轻松的日常为主，作品以异世界、轻松冒险与群像为特色，动画的氛围轻松，利姆露与伙伴们的互动充满趣味，是史莱姆系列的番外作品。作品没有强烈的戏剧冲突，却以细腻的笔触捕捉日常中的微小幸福，角色的喜怒哀乐真实可感，在平实的叙述中悄然传递着生活的温度，适合在忙碌之余放松心情慢慢欣赏。整体而言，该作在题材表达与情感渲染上均有可取之处，剧情张弛有度，角色令人印象深刻，是一部完成度较高、值得推荐的作品。
1370,primary,zh-CN,超次元游戏 海王星 ～涅普的暑假～,《超次元游戏 海王星 ～涅普的暑假～》是《超次元游戏》的OVA，女神们的暑假日常。本作以轻松的日常为主，作品以游戏、搞笑与日常为特色，动画的氛围轻松，女神们的互动充满萌点，是海王星系列的番外作品。画风清新、节奏舒缓，人物之间的相处自然而温暖，那些平凡琐碎的片段在动画的演绎下变得闪闪发光，传递出一种治愈人心的宁静力量，是治愈系爱好者不容错过的作品。整体而言，该作在题材表达与情感渲染上均有可取之处，剧情张弛有度，角色令人印象深刻，是一部完成度较高、值得推荐的作品。
1371,primary,zh-CN,SD高达世界 三国创杰传,《SD高达世界 三国创杰传》是SD高达系列的动画，高达与三国武将的物语。本作围绕三国创杰传的设定展开，作品以高达模型、战斗与热血为特色，动画的战斗场面华丽，是SD高达系列的衍生作品。动作设计与演出张力俱佳，随着剧情推进，主角面对的敌人越来越强，战斗方式与自身局限的突破层层升级，配乐与画面配合出色，将热血少年向作品应有的爽快感与成长感都演绎得十分到位。整体而言，该作在题材表达与情感渲染上均有可取之处，剧情张弛有度，角色令人印象深刻，是一部完成度较高、值得推荐的作品。
1372,primary,zh-CN,诺亚 方舟救世主,《诺亚 方舟救世主》是原创动画，讲述少年与方舟的物语。本作围绕方舟与救世主题展开，作品以科幻、战斗与群像为特色，动画的战斗场面华丽，角色们的成长与羁绊贯穿始终，是一部风格独特的作品。动画的节奏把控张弛有度，战斗场面的分镜与作画都相当扎实，主角在与强敌的较量中不断突破自我，和同伴之间建立的信任与羁绊也为剧情增添了温度，热血与感动并存，值得一看。整体而言，该作在题材表达与情感渲染上均有可取之处，剧情张弛有度，角色令人印象深刻，是一部完成度较高、值得推荐的作品。
1373,primary,zh-CN,Fate/Grand Order -绝对魔兽战线巴比伦尼亚-,《Fate/Grand Order -绝对魔兽战线巴比伦尼亚-》是FGO系列的动画，藤丸立香与玛修在美索不达米亚的冒险。本作围绕绝对魔兽战线展开，作品以Fate世界观、战斗与群像为特色，动画的战斗场面华丽，立香的成长令人动容，是FGO系列的重要作品。作品在热血的打斗之外，也细致刻画了角色们各自的信念与选择，每一次战斗都不仅是力量的较量，更是意志的碰撞，高潮部分张力十足，让观众在肾上腺素飙升的同时也为之动容。
1374,primary,zh-CN,TRY KNIGHTS,《TRY KNIGHTS》改编自同名漫画。少年们在橄榄球部的物语。作品以橄榄球、青春与群像为特色，动画的氛围青春，少年们的训练与成长充满活力，是一部扎实的运动作品。竞技之外的成长与人物塑造同样出色，角色们在胜负之外的坚持与热爱令人敬佩，节奏紧凑、情感饱满，将运动番应有的激情与感动都发挥得淋漓尽致，极具感染力。整体而言，该作在题材表达与情感渲染上均有可取之处，剧情张弛有度，角色令人印象深刻，是一部完成度较高、值得推荐的作品。
1375,primary,zh-CN,拳愿阿修罗,《拳愿阿修罗》改编自同名漫画。地下格斗竞技场中，格斗家们的战斗。作品以格斗、热血与群像为特色，动画的战斗场面华丽，格斗家们的对决充满魄力，是网飞的硬核格斗作品。动画的节奏把控张弛有度，战斗场面的分镜与作画都相当扎实，主角在与强敌的较量中不断突破自我，和同伴之间建立的信任与羁绊也为剧情增添了温度，热血与感动并存，值得一看。整体而言，该作在题材表达与情感渲染上均有可取之处，剧情张弛有度，角色令人印象深刻，是一部完成度较高、值得推荐的作品。
1376,primary,zh-CN,请问您今天要来点兔子吗？？～Sing for You～,《请问您今天要来点兔子吗？？～Sing for You～》是《请问您今天要来点兔子吗？》的OVA，少女们的音乐物语。本作以轻松的日常与歌声为主，作品以可爱的角色、温馨的日常与音乐为主题，画面明亮治愈，是一部让人心情愉悦的治愈作品。画风清新、节奏舒缓，人物之间的相处自然而温暖，那些平凡琐碎的片段在动画的演绎下变得闪闪发光，传递出一种治愈人心的宁静力量，是治愈系爱好者不容错过的作品。整体而言，该作在题材表达与情感渲染上均有可取之处，剧情张弛有度，角色令人印象深刻，是一部完成度较高、值得推荐的作品。
1377,primary,zh-CN,名侦探柯南 绀青之拳,《名侦探柯南 绀青之拳》是《名侦探柯南》剧场版，柯南在狮城新加坡的冒险。本作围绕绀青之拳的宝石与事件展开，作品以推理、动作(与悬疑为特色，动画的氛围紧张，柯南与怪盗基德的对决充满看点，是柯南系列的高人气剧场版。剧情层层递进、伏笔密布，随着线索的不断拼合，真相逐渐浮出水面，每一次反转都在意料之外又情理之中，细节经得起推敲，氛围营造到位，是喜欢烧脑故事的观众不可错过之作。整体而言，该作在题材表达与情感渲染上均有可取之处，剧情张弛有度，角色令人印象深刻，是一部完成度较高、值得推荐的作品。
1378,primary,zh-CN,CENCOROLL CONNECT,《CENCOROLL CONNECT》是剧场版动画，讲述少年与谜之生物的战斗。作品以科幻、战斗与群像为特色，动画的战斗场面华丽，少年的冒险与世界的真相层层展开，是一部风格独特的作品。动画的节奏把控张弛有度，战斗场面的分镜与作画都相当扎实，主角在与强敌的较量中不断突破自我，和同伴之间建立的信任与羁绊也为剧情增添了温度，热血与感动并存，值得一看。整体而言，该作在题材表达与情感渲染上均有可取之处，剧情张弛有度，角色令人印象深刻，是一部完成度较高、值得推荐的作品。
1379,primary,zh-CN,潘多拉和小哈欠 前篇,《潘多拉和小哈欠 前篇》是剧场版动画，讲述少女与谜之生物的物语。作品以奇幻、治愈与冒险为特色，动画画风精美、氛围独特，少女与哈欠的互动充满温馨，是一部风格新颖的作品。画风清新、节奏舒缓，人物之间的相处自然而温暖，那些平凡琐碎的片段在动画的演绎下变得闪闪发光，传递出一种治愈人心的宁静力量，是治愈系爱好者不容错过的作品。整体而言，该作在题材表达与情感渲染上均有可取之处，剧情张弛有度，角色令人印象深刻，是一部完成度较高、值得推荐的作品。
1380,primary,zh-CN,剧场版 城市猎人 新宿私家侦探,《剧场版 城市猎人 新宿私家侦探》是《城市猎人》的剧场版，冴羽獠在东京的冒险。本作围绕新宿的委托事件展开，作品以动作(、搞笑与恋爱为特色，动画的氛围轻松，獠的行动充满魄力，是城市猎人系列的剧场版。角色间的互动刻画得细腻自然，那些欲言又止的心意、别扭又真诚的靠近都真实而动人，情感线与日常情节交织，让观众在会心一笑与怦然心动之间反复横跳，是一部让人回味无穷的恋爱物语。整体而言，该作在题材表达与情感渲染上均有可取之处，剧情张弛有度，角色令人印象深刻，是一部完成度较高、值得推荐的作品。
1381,primary,zh-CN,生日乐园,《生日乐园》是剧场版动画，讲述少女在生日乐园中的冒险。少女在偶然的机会下进入生日乐园，展开奇幻的旅程，作品以奇幻、冒险与治愈为主题，动画的画面精美，少女的冒险充满想象力，是一部温馨的作品。作品没有强烈的戏剧冲突，却以细腻的笔触捕捉日常中的微小幸福，角色的喜怒哀乐真实可感，在平实的叙述中悄然传递着生活的温度，适合在忙碌之余放松心情慢慢欣赏。整体而言，该作在题材表达与情感渲染上均有可取之处，剧情张弛有度，角色令人印象深刻，是一部完成度较高、值得推荐的作品。
1382,primary,zh-CN,青春猪头少年不会梦到怀梦美少女,《青春猪头少年不会梦到怀梦美少女》是《青春猪头少年》的剧场版，咲太与麻衣的物语。本作围绕麻衣的梦与青春的烦恼展开，作品以恋爱、日常与奇幻为特色，动画的氛围温暖，咲太与麻衣的羁绊令人动容，是青春猪头少年系列的剧场版。作品在甜蜜之余也保留了青春特有的青涩与迷茫，主角在感情中的成长与抉择贯穿始终，配乐温润、画面明丽，将恋爱中的忐忑、欢喜与遗憾都拿捏得恰到好处，适合慢慢品味。整体而言，该作在题材表达与情感渲染上均有可取之处，剧情张弛有度，角色令人印象深刻，是一部完成度较高、值得推荐的作品。
1383,primary,zh-CN,Code Geass 复活的鲁路修,《Code Geass 复活的鲁路修》是《Code Geass》的剧场版，鲁路修的物语迎来新篇章。本作围绕鲁路修的复活展开，作品以战略、机战与群像为特色，动画的战斗场面华丽，鲁路修的智谋令人震撼，是鲁路修系列的剧场版。动作设计与演出张力俱佳，随着剧情推进，主角面对的敌人越来越强，战斗方式与自身局限的突破层层升级，配乐与画面配合出色，将热血少年向作品应有的爽快感与成长感都演绎得十分到位。整体而言，该作在题材表达与情感渲染上均有可取之处，剧情张弛有度，角色令人印象深刻，是一部完成度较高、值得推荐的作品。
1384,primary,zh-CN,机甲少女 FRAME ARMS GIRL～高高兴兴的幻境～,《机甲少女 FRAME ARMS GIRL～高高兴兴的幻境～》是《机甲少女》的OVA，机甲少女们的日常。本作以轻松的日常为主，作品以机甲、日常与搞笑为特色，动画的氛围轻松，机甲少女们的互动充满萌点，是FRAME ARMS GIRL系列的番外作品。作品没有强烈的戏剧冲突，却以细腻的笔触捕捉日常中的微小幸福，角色的喜怒哀乐真实可感，在平实的叙述中悄然传递着生活的温度，适合在忙碌之余放松心情慢慢欣赏。整体而言，该作在题材表达与情感渲染上均有可取之处，剧情张弛有度，角色令人印象深刻，是一部完成度较高、值得推荐的作品。
1385,primary,zh-CN,迷你百合,《迷你百合》是短篇动画，讲述少女们的百合日常。作品以百合、日常与治愈为特色，动画画风可爱、篇幅短小，在轻松的日常中展现少女们的互动，是一部轻松解压的泡面番。画风清新、节奏舒缓，人物之间的相处自然而温暖，那些平凡琐碎的片段在动画的演绎下变得闪闪发光，传递出一种治愈人心的宁静力量，是治愈系爱好者不容错过的作品。整体而言，该作在题材表达与情感渲染上均有可取之处，剧情张弛有度，角色令人印象深刻，是一部完成度较高、值得推荐的作品。
1386,primary,zh-CN,旗扬！兽道,《旗扬！兽道》改编自同名漫画。最强摔角手转生到异世界。作品以异世界、搞笑与热血为特色，主角的摔角与异世界的冒险充满笑料，动画的氛围轻松，是一部让人捧腹的作品。动作设计与演出张力俱佳，随着剧情推进，主角面对的敌人越来越强，战斗方式与自身局限的突破层层升级，配乐与画面配合出色，将热血少年向作品应有的爽快感与成长感都演绎得十分到位。整体而言，该作在题材表达与情感渲染上均有可取之处，剧情张弛有度，角色令人印象深刻，是一部完成度较高、值得推荐的作品。
1387,primary,zh-CN,高分少女 第二季,《高分少女 第二季》延续第一季，春雄与大野的物语继续。本作两人的关系进一步发展，作品以格斗游戏、恋爱与怀旧为特色，动画将游戏文化的魅力与青春结合，是一部充满情怀的作品。动画的节奏把控张弛有度，战斗场面的分镜与作画都相当扎实，主角在与强敌的较量中不断突破自我，和同伴之间建立的信任与羁绊也为剧情增添了温度，热血与感动并存，值得一看。整体而言，该作在题材表达与情感渲染上均有可取之处，剧情张弛有度，角色令人印象深刻，是一部完成度较高、值得推荐的作品。
1388,primary,zh-CN,刀剑神域 爱丽丝篇 异界战争,《刀剑神域 爱丽丝篇 异界战争》延续爱丽丝篇，桐人在Underworld的战斗继续。本作围绕人界与暗之国的战争展开，作品以科幻、战斗与羁绊为主题，动画的战斗场面华丽，桐人与爱丽丝的羁绊充满张力，是SAO系列的重要篇章。动作设计与演出张力俱佳，随着剧情推进，主角面对的敌人越来越强，战斗方式与自身局限的突破层层升级，配乐与画面配合出色，将热血少年向作品应有的爽快感与成长感都演绎得十分到位。整体而言，该作在题材表达与情感渲染上均有可取之处，剧情张弛有度，角色令人印象深刻，是一部完成度较高、值得推荐的作品。
1389,primary,zh-CN,慎重勇者 ～这个勇者明明超强却过分慎重～,《慎重勇者 ～这个勇者明明超强却过分慎重～》改编自同名轻小说。女神莉丝塔召唤了过度慎重的勇者龙宫院圣哉。作品以异世界、搞笑与热血为特色，圣哉的慎重与爆笑冒险充满看点，动画的氛围轻松，是一部欢乐的作品。动作设计与演出张力俱佳，随着剧情推进，主角面对的敌人越来越强，战斗方式与自身局限的突破层层升级，配乐与画面配合出色，将热血少年向作品应有的爽快感与成长感都演绎得十分到位。整体而言，该作在题材表达与情感渲染上均有可取之处，剧情张弛有度，角色令人印象深刻，是一部完成度较高、值得推荐的作品。
1390,primary,zh-CN,喜欢本大爷的竟然就你一个？,《喜欢本大爷的竟然就你一个？》改编自同名轻小说。普通男生如月雨露与少女们的恋爱喜剧。作品以恋爱、搞笑与日常为特色，雨露的感情纠葛充满笑料，动画的氛围轻松，是一部欢乐的恋爱喜剧。角色间的互动刻画得细腻自然，那些欲言又止的心意、别扭又真诚的靠近都真实而动人，情感线与日常情节交织，让观众在会心一笑与怦然心动之间反复横跳，是一部让人回味无穷的恋爱物语。整体而言，该作在题材表达与情感渲染上均有可取之处，剧情张弛有度，角色令人印象深刻，是一部完成度较高、值得推荐的作品。
1391,primary,zh-CN,我们真的学不来！,《我们真的学不来！》延续第一季，唯我成幸与天才少女们的日常继续。本作成幸与少女们的互动进一步发展，作品以恋爱、校园与搞笑为特色，动画的氛围轻松，是一部欢乐的恋爱喜剧。作品在甜蜜之余也保留了青春特有的青涩与迷茫，主角在感情中的成长与抉择贯穿始终，配乐温润、画面明丽，将恋爱中的忐忑、欢喜与遗憾都拿捏得恰到好处，适合慢慢品味。整体而言，该作在题材表达与情感渲染上均有可取之处，剧情张弛有度，角色令人印象深刻，是一部完成度较高、值得推荐的作品。
1392,primary,zh-CN,我，不是说了能力要平均值么！,《我，不是说了能力要平均值么！》改编自同名轻小说。转生少女在异世界的冒险。作品以异世界、轻松冒险与搞笑为特色，少女的能力平均值设定充满笑料，动画的氛围轻松，是一部欢乐的作品。作品没有强烈的戏剧冲突，却以细腻的笔触捕捉日常中的微小幸福，角色的喜怒哀乐真实可感，在平实的叙述中悄然传递着生活的温度，适合在忙碌之余放松心情慢慢欣赏。整体而言，该作在题材表达与情感渲染上均有可取之处，剧情张弛有度，角色令人印象深刻，是一部完成度较高、值得推荐的作品。
1393,primary,zh-CN,食戟之灵  神之皿,《食戟之灵 神之皿》是《食戟之灵》第四季，幸平创真的料理战斗继续。本作创真在研修与食戟中面对新的挑战，作品以美食、热血与竞技为特色，动画对料理的描绘令人垂涎欲滴，比赛场面紧张刺激，是美食题材动画的经典。动画的节奏把控张弛有度，战斗场面的分镜与作画都相当扎实，主角在与强敌的较量中不断突破自我，和同伴之间建立的信任与羁绊也为剧情增添了温度，热血与感动并存，值得一看。整体而言，该作在题材表达与情感渲染上均有可取之处，剧情张弛有度，角色令人印象深刻，是一部完成度较高、值得推荐的作品。
1394,primary,zh-CN,美妙射击部,《美妙射击部》改编自同名漫画。少女们在光线枪竞技部的物语。作品以竞技、日常与群像为特色，动画的氛围轻松，少女们的训练与成长充满活力，是一部独特的竞技作品。画风清新、节奏舒缓，人物之间的相处自然而温暖，那些平凡琐碎的片段在动画的演绎下变得闪闪发光，传递出一种治愈人心的宁静力量，是治愈系爱好者不容错过的作品。整体而言，该作在题材表达与情感渲染上均有可取之处，剧情张弛有度，角色令人印象深刻，是一部完成度较高、值得推荐的作品。
1395,primary,zh-CN,小书痴的下克上 〜为了成为图书管理员而不择手段〜,《小书痴的下克上 〜为了成为图书管理员而不择手段〜》改编自同名小说。爱书少女转生到中世纪世界。作品以异世界、日常与成长为主题，少女为了读书而努力的执着充满看点，动画的氛围温暖，是一部独特的作品。作品没有强烈的戏剧冲突，却以细腻的笔触捕捉日常中的微小幸福，角色的喜怒哀乐真实可感，在平实的叙述中悄然传递着生活的温度，适合在忙碌之余放松心情慢慢欣赏。整体而言，该作在题材表达与情感渲染上均有可取之处，剧情张弛有度，角色令人印象深刻，是一部完成度较高、值得推荐的作品。
1396,primary,zh-CN,放学后桌游俱乐部,《放学后桌游俱乐部》改编自同名漫画。少女们在桌游部的日常。作品以日常、治愈与群像为特色，动画的氛围轻松，少女们的桌游互动充满趣味，是一部轻松治愈的作品。作品没有强烈的戏剧冲突，却以细腻的笔触捕捉日常中的微小幸福，角色的喜怒哀乐真实可感，在平实的叙述中悄然传递着生活的温度，适合在忙碌之余放松心情慢慢欣赏。整体而言，该作在题材表达与情感渲染上均有可取之处，剧情张弛有度，角色令人印象深刻，是一部完成度较高、值得推荐的作品。
1397,primary,zh-CN,超人高校生在异世界也可以活的风生水起！,《超人高校生在异世界也可以活的风生水起！》改编自同名轻小说。超能力高中生们在异世界的冒险。作品以异世界、轻松冒险与后宫为特色，少年们的强大充满看点，动画的氛围轻松，是一部标准的异世界作品。画风清新、节奏舒缓，人物之间的相处自然而温暖，那些平凡琐碎的片段在动画的演绎下变得闪闪发光，传递出一种治愈人心的宁静力量，是治愈系爱好者不容错过的作品。整体而言，该作在题材表达与情感渲染上均有可取之处，剧情张弛有度，角色令人印象深刻，是一部完成度较高、值得推荐的作品。
1398,primary,zh-CN,战×恋,《战×恋》改编自同名漫画。少女们为了拯救人类与恶魔战斗。作品以恋爱、战斗与搞笑为特色，少女们的战斗与恋爱充满笑料，动画的氛围轻松，是一部欢乐的作品。动作设计与演出张力俱佳，随着剧情推进，主角面对的敌人越来越强，战斗方式与自身局限的突破层层升级，配乐与画面配合出色，将热血少年向作品应有的爽快感与成长感都演绎得十分到位。整体而言，该作在题材表达与情感渲染上均有可取之处，剧情张弛有度，角色令人印象深刻，是一部完成度较高、值得推荐的作品。
1399,primary,zh-CN,刺客守则,《刺客守则》改编自同名轻小说。少女梅莉达与刺客库法的师徒物语。作品以奇幻、战斗与学园为特色，动画的战斗场面华丽，库法的守护与梅莉达的成长充满魅力，是一部轻改作品。动画的节奏把控张弛有度，战斗场面的分镜与作画都相当扎实，主角在与强敌的较量中不断突破自我，和同伴之间建立的信任与羁绊也为剧情增添了温度，热血与感动并存，值得一看。整体而言，该作在题材表达与情感渲染上均有可取之处，剧情张弛有度，角色令人印象深刻，是一部完成度较高、值得推荐的作品。
1400,primary,zh-CN,鸭子的天空,《鸭子的天空》改编自同名漫画。矮小的篮球少年车谷空的篮球物语。作品以篮球、热血与青春为特色，动画的比赛场面充满激情，空的篮球之路充满看点，是一部扎实的运动作品。动作设计与演出张力俱佳，随着剧情推进，主角面对的敌人越来越强，战斗方式与自身局限的突破层层升级，配乐与画面配合出色，将热血少年向作品应有的爽快感与成长感都演绎得十分到位。整体而言，该作在题材表达与情感渲染上均有可取之处，剧情张弛有度，角色令人印象深刻，是一部完成度较高、值得推荐的作品。
1401,primary,zh-CN,碧蓝幻想 第二季,《碧蓝幻想 第二季》延续第一季，格兰与露莉亚的冒险继续。本作格兰在空之世界中迎接新的挑战，作品以冒险、奇幻与热血为特色，动画的画风精美，格兰的成长与伙伴们的羁绊贯穿始终，是游戏改编动画的佳作。动作设计与演出张力俱佳，随着剧情推进，主角面对的敌人越来越强，战斗方式与自身局限的突破层层升级，配乐与画面配合出色，将热血少年向作品应有的爽快感与成长感都演绎得十分到位。整体而言，该作在题材表达与情感渲染上均有可取之处，剧情张弛有度，角色令人印象深刻，是一部完成度较高、值得推荐的作品。
1402,primary,zh-CN,警视厅 特务部 特殊凶恶犯对策室 第七课,《警视厅 特务部 特殊凶恶犯对策室 第七课》是原创动画，讲述特殊部队第七课的战斗。本作围绕凶恶犯的对策展开，作品以警察、战斗与群像为特色，动画的氛围独特，队员们的行动充满张力，是一部风格新颖的作品。动画的节奏把控张弛有度，战斗场面的分镜与作画都相当扎实，主角在与强敌的较量中不断突破自我，和同伴之间建立的信任与羁绊也为剧情增添了温度，热血与感动并存，值得一看。整体而言，该作在题材表达与情感渲染上均有可取之处，剧情张弛有度，角色令人印象深刻，是一部完成度较高、值得推荐的作品。
1403,primary,zh-CN,巴比伦,《巴比伦》改编自同名小说。在合法化的世界中，检察官正崎善追查真相。作品以悬疑、政治与哲学为主题，动画的氛围沉重，善的追查与世界的真相充满冲击力，是一部引人深思的作品。悬疑氛围铺垫扎实，人物之间暗流涌动的博弈与隐藏的秘密交织出复杂的叙事网络，叙事节奏收放自如，高潮部分的揭示震撼有力，看完之后依然值得反复回味其中的细节。整体而言，该作在题材表达与情感渲染上均有可取之处，剧情张弛有度，角色令人印象深刻，是一部完成度较高、值得推荐的作品。
1404,primary,zh-CN,Z/X Code reunion,《Z/X Code reunion》改编自同名游戏，讲述少女们的战斗。少女们与Z/X的物语展开，作品以卡牌、战斗与群像为特色，动画的战斗场面华丽，少女们的成长与羁绊贯穿始终，是游戏改编动画的作品。动作设计与演出张力俱佳，随着剧情推进，主角面对的敌人越来越强，战斗方式与自身局限的突破层层升级，配乐与画面配合出色，将热血少年向作品应有的爽快感与成长感都演绎得十分到位。整体而言，该作在题材表达与情感渲染上均有可取之处，剧情张弛有度，角色令人印象深刻，是一部完成度较高、值得推荐的作品。
1405,primary,zh-CN,非洲的动物上班族,《非洲的动物上班族》是短篇动画，讲述非洲动物们的职场日常。作品以动物拟人、搞笑与职场为特色，动画篇幅短小、笑点密集，在轻松的日常中展现动物上班族的趣事，是一部轻松解压的泡面番。作品没有强烈的戏剧冲突，却以细腻的笔触捕捉日常中的微小幸福，角色的喜怒哀乐真实可感，在平实的叙述中悄然传递着生活的温度，适合在忙碌之余放松心情慢慢欣赏。整体而言，该作在题材表达与情感渲染上均有可取之处，剧情张弛有度，角色令人印象深刻，是一部完成度较高、值得推荐的作品。
1406,primary,zh-CN,厨病激发BOY,《厨病激发BOY》改编自同名漫画。热血少年的中二病日常。作品以搞笑、日常与吐槽为特色，少年的厨二行为充满笑料，动画的氛围轻松，是一部让人捧腹的日常喜剧。动作设计与演出张力俱佳，随着剧情推进，主角面对的敌人越来越强，战斗方式与自身局限的突破层层升级，配乐与画面配合出色，将热血少年向作品应有的爽快感与成长感都演绎得十分到位。整体而言，该作在题材表达与情感渲染上均有可取之处，剧情张弛有度，角色令人印象深刻，是一部完成度较高、值得推荐的作品。
1407,primary,zh-CN,虚空魔境 第二季,《虚空魔境 第二季》延续第一季，少年塞特的冒险继续。本作塞特在魔法世界中迎接新的挑战，作品以奇幻、冒险与热血为特色，动画的战斗场面华丽，塞特的成长与伙伴们的羁绊贯穿始终，是一部标准的冒险作品。动作设计与演出张力俱佳，随着剧情推进，主角面对的敌人越来越强，战斗方式与自身局限的突破层层升级，配乐与画面配合出色，将热血少年向作品应有的爽快感与成长感都演绎得十分到位。整体而言，该作在题材表达与情感渲染上均有可取之处，剧情张弛有度，角色令人印象深刻，是一部完成度较高、值得推荐的作品。
1408,primary,zh-CN,入间同学入魔了,《入间同学入魔了》改编自同名漫画。善良少年入间在魔界学校的日常。作品以搞笑、日常与魔界为特色，入间的善良与魔界的反差充满笑料，动画的氛围轻松，是一部欢乐的作品。作品没有强烈的戏剧冲突，却以细腻的笔触捕捉日常中的微小幸福，角色的喜怒哀乐真实可感，在平实的叙述中悄然传递着生活的温度，适合在忙碌之余放松心情慢慢欣赏。整体而言，该作在题材表达与情感渲染上均有可取之处，剧情张弛有度，角色令人印象深刻，是一部完成度较高、值得推荐的作品。
1409,primary,zh-CN,偶像活动 on Parade,《偶像活动 on Parade》是偶像活动系列的动画，少女们的偶像生活继续。本作少女们在新的舞台展开活动，作品以华丽的舞台演出、时尚搭配与少女追梦为主题，歌舞场面充满感染力，是少女向偶像动画的经典系列。画风清新、节奏舒缓，人物之间的相处自然而温暖，那些平凡琐碎的片段在动画的演绎下变得闪闪发光，传递出一种治愈人心的宁静力量，是治愈系爱好者不容错过的作品。整体而言，该作在题材表达与情感渲染上均有可取之处，剧情张弛有度，角色令人印象深刻，是一部完成度较高、值得推荐的作品。
1410,primary,zh-CN,歌舞伎町夏洛克,《歌舞伎町夏洛克》是原创动画，讲述夏洛克在歌舞伎町的推理。本作以新宿歌舞伎町为舞台，夏洛克与伙伴们解决各种事件，作品以推理、悬疑与群像为特色，动画的氛围独特，是一部风格新颖的推理作品。角色的个性塑造鲜明，舞台上的自信与生活中的可爱形成反差，团队协作与个人成长双线并进，歌舞编排赏心悦目，让观众既能享受视听盛宴，也能为少女们的梦想与坚持而感动。整体而言，该作在题材表达与情感渲染上均有可取之处，剧情张弛有度，角色令人印象深刻，是一部完成度较高、值得推荐的作品。
1411,primary,zh-CN,碧蓝航线 THE ANIMATION,《碧蓝航线 THE ANIMATION》改编自同名游戏，舰娘们的战斗。本作围绕塞壬的威胁展开，作品以舰娘、战斗与群像为特色，动画的战斗场面华丽，舰娘们的羁绊贯穿始终，是游戏改编动画的作品。动画的节奏把控张弛有度，战斗场面的分镜与作画都相当扎实，主角在与强敌的较量中不断突破自我，和同伴之间建立的信任与羁绊也为剧情增添了温度，热血与感动并存，值得一看。整体而言，该作在题材表达与情感渲染上均有可取之处，剧情张弛有度，角色令人印象深刻，是一部完成度较高、值得推荐的作品。
1412,primary,zh-CN,梦幻之星 神谕篇,《梦幻之星 神谕篇》是《梦幻之星》系列动画，冒险者们的物语。本作围绕神谕与世界的危机展开，作品以冒险、战斗与群像为特色，动画的战斗场面华丽，角色们的成长与羁绊贯穿始终，是梦幻之星系列的动画化。动作设计与演出张力俱佳，随着剧情推进，主角面对的敌人越来越强，战斗方式与自身局限的突破层层升级，配乐与画面配合出色，将热血少年向作品应有的爽快感与成长感都演绎得十分到位。整体而言，该作在题材表达与情感渲染上均有可取之处，剧情张弛有度，角色令人印象深刻，是一部完成度较高、值得推荐的作品。
1413,primary,zh-CN,动物狂想曲,《动物狂想曲》改编自同名漫画。在肉食动物与草食动物共存的世界，狼雷格西的物语。作品以群像、青春与深度为特色，动画探讨欲望与社会的命题，雷格西的成长充满张力，是风格独特的作品。作品在整体完成度上表现出色，叙事流畅、角色立体，主题的表达清晰而有深度，既有轻松愉悦的观赏性，也留有值得回味的余韵，是一部质量扎实、诚意满满的作品。整体而言，该作在题材表达与情感渲染上均有可取之处，剧情张弛有度，角色令人印象深刻，是一部完成度较高、值得推荐的作品。
1414,primary,zh-CN,七大罪 诸神的逆鳞,《七大罪 诸神的逆鳞》延续系列，梅利奥达斯与七大罪们的战斗继续。本作围绕诸神的威胁与梅利奥达斯的过去展开，作品以奇幻冒险、热血战斗与伙伴羁绊为特色，动画的战斗场面华丽，是七大罪系列的续作。动画的节奏把控张弛有度，战斗场面的分镜与作画都相当扎实，主角在与强敌的较量中不断突破自我，和同伴之间建立的信任与羁绊也为剧情增添了温度，热血与感动并存，值得一看。整体而言，该作在题材表达与情感渲染上均有可取之处，剧情张弛有度，角色令人印象深刻，是一部完成度较高、值得推荐的作品。
1415,primary,zh-CN,神田川JET GIRLS,《神田川JET GIRLS》改编自同名游戏。少女们在神田川的竞速战斗。作品以竞技、日常与群像为特色，动画的氛围轻松，少女们的比赛与日常充满活力，是游戏改编动画的作品。动作设计与演出张力俱佳，随着剧情推进，主角面对的敌人越来越强，战斗方式与自身局限的突破层层升级，配乐与画面配合出色，将热血少年向作品应有的爽快感与成长感都演绎得十分到位。整体而言，该作在题材表达与情感渲染上均有可取之处，剧情张弛有度，角色令人印象深刻，是一部完成度较高、值得推荐的作品。
1416,primary,zh-CN,厨神小当家,《厨神小当家》是《中华小当家》的重制动画，少年厨师刘昴星的料理之旅。本作重新演绎小当家的料理对决，作品以美食、热血与竞技为特色，动画对料理的描绘令人垂涎，是一部经典作品的重新动画化。动作设计与演出张力俱佳，随着剧情推进，主角面对的敌人越来越强，战斗方式与自身局限的突破层层升级，配乐与画面配合出色，将热血少年向作品应有的爽快感与成长感都演绎得十分到位。整体而言，该作在题材表达与情感渲染上均有可取之处，剧情张弛有度，角色令人印象深刻，是一部完成度较高、值得推荐的作品。
1417,primary,zh-CN,STAND MY HEROES PIECE OF TRUTH,《STAND MY HEROES PIECE OF TRUTH》改编自同名游戏。少年们在麻药取缔部的物语。作品以警察、日常与群像为特色，动画的氛围独特，少年们的互动充满魅力，是女性向动画的作品。作品没有强烈的戏剧冲突，却以细腻的笔触捕捉日常中的微小幸福，角色的喜怒哀乐真实可感，在平实的叙述中悄然传递着生活的温度，适合在忙碌之余放松心情慢慢欣赏。整体而言，该作在题材表达与情感渲染上均有可取之处，剧情张弛有度，角色令人印象深刻，是一部完成度较高、值得推荐的作品。
1418,primary,zh-CN,歌牌情缘 第三季,《歌牌情缘 第三季》延续系列，绫濑千早的歌牌竞技继续。本作千早与歌牌部的伙伴们在比赛中迎接新的挑战，作品以竞技、青春与热血为特色，动画的歌牌比赛充满张力，千早的成长令人动容，是歌牌情缘系列的续作。动作设计与演出张力俱佳，随着剧情推进，主角面对的敌人越来越强，战斗方式与自身局限的突破层层升级，配乐与画面配合出色，将热血少年向作品应有的爽快感与成长感都演绎得十分到位。整体而言，该作在题材表达与情感渲染上均有可取之处，剧情张弛有度，角色令人印象深刻，是一部完成度较高、值得推荐的作品。
1419,primary,zh-CN,天华百剑 ～欢迎来到铭治馆！～,《天华百剑 ～欢迎来到铭治馆！～》是短篇动画，刀剑拟人化的少女们的日常。作品以拟人、日常与治愈为特色，动画画风可爱、篇幅短小，在轻松的日常中展现少女们的互动，是轻松解压的泡面番。作品没有强烈的戏剧冲突，却以细腻的笔触捕捉日常中的微小幸福，角色的喜怒哀乐真实可感，在平实的叙述中悄然传递着生活的温度，适合在忙碌之余放松心情慢慢欣赏。整体而言，该作在题材表达与情感渲染上均有可取之处，剧情张弛有度，角色令人印象深刻，是一部完成度较高、值得推荐的作品。
1420,primary,zh-CN,NULL & PETA,《NULL & PETA》是短篇动画，讲述少女与机器人姐姐的日常。作品以日常、治愈与搞笑为特色，动画画风可爱、篇幅短小，在轻松的日常中展现姐妹的互动，是一部轻松治愈的作品。动画的节奏把控张弛有度，战斗场面的分镜与作画都相当扎实，主角在与强敌的较量中不断突破自我，和同伴之间建立的信任与羁绊也为剧情增添了温度，热血与感动并存，值得一看。整体而言，该作在题材表达与情感渲染上均有可取之处，剧情张弛有度，角色令人印象深刻，是一部完成度较高、值得推荐的作品。
1421,primary,zh-CN,非枪人生,《非枪人生》改编自同名漫画。以头为枪的男人乾十三在都市中的战斗。作品以科幻、战斗与群像为特色，动画的氛围冷峻，十三的力量与都市的真相层层展开，是一部硬核的作品。动作设计与演出张力俱佳，随着剧情推进，主角面对的敌人越来越强，战斗方式与自身局限的突破层层升级，配乐与画面配合出色，将热血少年向作品应有的爽快感与成长感都演绎得十分到位。整体而言，该作在题材表达与情感渲染上均有可取之处，剧情张弛有度，角色令人印象深刻，是一部完成度较高、值得推荐的作品。
1422,primary,zh-CN,星合之空,《星合之空》是原创动画，讲述少年们的故事。以软式网球部的少年们为中心，展开关于青春与家庭的物语，作品以运动、青春与群像为特色，动画的氛围细腻，角色们的成长与羁绊贯穿始终，是一部有深度的作品。竞技之外的成长与人物塑造同样出色，角色们在胜负之外的坚持与热爱令人敬佩，节奏紧凑、情感饱满，将运动番应有的激情与感动都发挥得淋漓尽致，极具感染力。整体而言，该作在题材表达与情感渲染上均有可取之处，剧情张弛有度，角色令人印象深刻，是一部完成度较高、值得推荐的作品。
1423,primary,zh-CN,我的英雄学院 第四季,《我的英雄学院 第四季》延续系列，绿谷出久的英雄之路继续。本作围绕黑道与红黑黄的对决展开，出久的成长面临新的考验，作品以英雄、热血与成长为主题，动画的战斗场面华丽，出久的信念令人动容，是近年来极具人气的作品。动画的节奏把控张弛有度，战斗场面的分镜与作画都相当扎实，主角在与强敌的较量中不断突破自我，和同伴之间建立的信任与羁绊也为剧情增添了温度，热血与感动并存，值得一看。整体而言，该作在题材表达与情感渲染上均有可取之处，剧情张弛有度，角色令人印象深刻，是一部完成度较高、值得推荐的作品。
1424,primary,zh-CN,银河英雄传说 Die Neue These 星乱 第1章,《银河英雄传说 Die Neue These 星乱 第1章》是银河英雄传说的剧场版，莱因哈特与杨威利的对决继续。本作围绕星乱展开，作品以太空歌剧、战略与群像为特色，动画的制作精良，英雄们的对决充满魄力，是银河英雄传说的现代演绎。作品将未来科技与人性议题巧妙结合，在冰冷的机械与数据背后，角色的温度与羁绊成为最动人的部分，悬念与哲思交织，收尾干脆有力，值得科幻爱好者反复品味。整体而言，该作在题材表达与情感渲染上均有可取之处，剧情张弛有度，角色令人印象深刻，是一部完成度较高、值得推荐的作品。
1425,primary,zh-CN,香蕉喵 不可思议的伙伴们,《香蕉喵 不可思议的伙伴们》延续系列，藏在香蕉皮里的猫咪们的日常继续。本作香蕉喵们与新的伙伴相遇，作品以萌宠、日常与治愈为特色，动画画风软萌、氛围轻松，是一部让人心情愉悦的治愈泡面番。作品没有强烈的戏剧冲突，却以细腻的笔触捕捉日常中的微小幸福，角色的喜怒哀乐真实可感，在平实的叙述中悄然传递着生活的温度，适合在忙碌之余放松心情慢慢欣赏。整体而言，该作在题材表达与情感渲染上均有可取之处，剧情张弛有度，角色令人印象深刻，是一部完成度较高、值得推荐的作品。
1426,primary,zh-CN,路西法 结婚游戏,《路西法 结婚游戏》是短篇动画，讲述路西法的恋爱物语。作品以奇幻、恋爱与日常为特色，动画画风精美、氛围宁静，在轻松的日常中展现堕天使的恋爱，是一部风格新颖的泡面番。角色间的互动刻画得细腻自然，那些欲言又止的心意、别扭又真诚的靠近都真实而动人，情感线与日常情节交织，让观众在会心一笑与怦然心动之间反复横跳，是一部让人回味无穷的恋爱物语。整体而言，该作在题材表达与情感渲染上均有可取之处，剧情张弛有度，角色令人印象深刻，是一部完成度较高、值得推荐的作品。
1427,primary,zh-CN,黑狐,《黑狐》是剧场版动画，讲述忍者少女的战斗。本作围绕黑狐的传承展开，作品以忍者、战斗与热血为特色，动画的战斗场面华丽，少女的成长令人动容，是一部扎实的动作作品。动作设计与演出张力俱佳，随着剧情推进，主角面对的敌人越来越强，战斗方式与自身局限的突破层层升级，配乐与画面配合出色，将热血少年向作品应有的爽快感与成长感都演绎得十分到位。整体而言，该作在题材表达与情感渲染上均有可取之处，剧情张弛有度，角色令人印象深刻，是一部完成度较高、值得推荐的作品。
1428,primary,zh-CN,Fairy gone 2,《Fairy gone 2》延续第一季，玛利亚的战斗继续。本作围绕妖精战争的后日谈展开，作品以战斗、群像与奇幻为特色，动画的战斗场面华丽，玛利亚的成长与世界的真相层层展开，是一部硬核的作品。动作设计与演出张力俱佳，随着剧情推进，主角面对的敌人越来越强，战斗方式与自身局限的突破层层升级，配乐与画面配合出色，将热血少年向作品应有的爽快感与成长感都演绎得十分到位。整体而言，该作在题材表达与情感渲染上均有可取之处，剧情张弛有度，角色令人印象深刻，是一部完成度较高、值得推荐的作品。
1429,primary,zh-CN,心理测量者3,《心理测量者3》延续系列，监视官与执行官的物语继续。本作新的主角在心理测量者系统中追查案件，作品以科幻、悬疑与群像为特色，动画的氛围沉重，是一部硬核的科幻作品。剧情层层递进、伏笔密布，随着线索的不断拼合，真相逐渐浮出水面，每一次反转都在意料之外又情理之中，细节经得起推敲，氛围营造到位，是喜欢烧脑故事的观众不可错过之作。整体而言，该作在题材表达与情感渲染上均有可取之处，剧情张弛有度，角色令人印象深刻，是一部完成度较高、值得推荐的作品。
1430,primary,zh-CN,XL上司。,《XL上司。》是短篇成人向动画，讲述OL与上司的恋爱。作品以恋爱、成年向与日常为特色，动画的氛围暧昧，两人的互动充满张力，是一部面向成人的恋爱作品。作品在甜蜜之余也保留了青春特有的青涩与迷茫，主角在感情中的成长与抉择贯穿始终，配乐温润、画面明丽，将恋爱中的忐忑、欢喜与遗憾都拿捏得恰到好处，适合慢慢品味。整体而言，该作在题材表达与情感渲染上均有可取之处，剧情张弛有度，角色令人印象深刻，是一部完成度较高、值得推荐的作品。
1431,primary,zh-CN,一弦定音！第2部分,《一弦定音！第2部分》延续第一季，久远爱的筝曲物语继续。本作爱在筝曲部迎接新的挑战，作品以筝曲、青春与群像为特色，动画的筝曲演奏场面优美，爱的成长令人动容，是一部充满艺术气息的作品。作品在整体完成度上表现出色，叙事流畅、角色立体，主题的表达清晰而有深度，既有轻松愉悦的观赏性，也留有值得回味的余韵，是一部质量扎实、诚意满满的作品。整体而言，该作在题材表达与情感渲染上均有可取之处，剧情张弛有度，角色令人印象深刻，是一部完成度较高、值得推荐的作品。
1432,primary,zh-CN,无限之住人-IMMORTAL-,《无限之住人-IMMORTAL-》改编自沙村广明的同名漫画。不死的剑客万次与少女凛的复仇之旅。作品以时代剧、战斗与黑暗为主题，动画的氛围沉重，万次的战斗与凛的复仇充满张力，是沙村广明作品的动画化。动画的节奏把控张弛有度，战斗场面的分镜与作画都相当扎实，主角在与强敌的较量中不断突破自我，和同伴之间建立的信任与羁绊也为剧情增添了温度，热血与感动并存，值得一看。整体而言，该作在题材表达与情感渲染上均有可取之处，剧情张弛有度，角色令人印象深刻，是一部完成度较高、值得推荐的作品。
1433,primary,zh-CN,超级小白,《超级小白》是《蜡笔小新》的衍生动画，小白的超级英雄冒险。本作小白作为超级英雄保护春日部，作品以搞笑、冒险与宠物为特色，动画的氛围欢乐，小白的冒险充满趣味，是蜡笔小新系列的衍生作品。作品在幻想的外衣下探讨着真实的情感与抉择，主角的成长线扎实有力，与伙伴们的情谊在一次次考验中愈发深厚，冒险的紧张感与日常的温情交替呈现，故事层次丰富、后劲十足。整体而言，该作在题材表达与情感渲染上均有可取之处，剧情张弛有度，角色令人印象深刻，是一部完成度较高、值得推荐的作品。
1434,primary,zh-CN,少女☆寸剧 All Starlight,《少女☆寸剧 All Starlight》是《少女☆歌剧》的短篇动画，舞台少女们的Q版日常。作品以音乐、搞笑与日常为特色，动画画风可爱、篇幅短小，在轻松的日常中展现舞台少女们的互动，是少女歌剧系列的番外作品。作品没有强烈的戏剧冲突，却以细腻的笔触捕捉日常中的微小幸福，角色的喜怒哀乐真实可感，在平实的叙述中悄然传递着生活的温度，适合在忙碌之余放松心情慢慢欣赏。整体而言，该作在题材表达与情感渲染上均有可取之处，剧情张弛有度，角色令人印象深刻，是一部完成度较高、值得推荐的作品。
1435,primary,zh-CN,苍穹之法芙娜 THE BEYOND,《苍穹之法芙娜 THE BEYOND》延续系列，法芙娜的战斗继续。本作围绕新的敌人与驾驶员们的命运展开，作品以机战、悲壮的战争与深刻的生死探讨著称，动画的机战场面精良，是硬核科幻动画的经典。动画的节奏把控张弛有度，战斗场面的分镜与作画都相当扎实，主角在与强敌的较量中不断突破自我，和同伴之间建立的信任与羁绊也为剧情增添了温度，热血与感动并存，值得一看。整体而言，该作在题材表达与情感渲染上均有可取之处，剧情张弛有度，角色令人印象深刻，是一部完成度较高、值得推荐的作品。
1436,primary,zh-CN,摇曳百合、,《摇曳百合、》是《摇曳百合》系列的动画，七森中学娱乐部少女们的日常。本作以轻松的日常为主，作品以百合、日常与搞笑为特色，少女们的互动充满萌点与笑料，是百合日常动画的经典系列。画风清新、节奏舒缓，人物之间的相处自然而温暖，那些平凡琐碎的片段在动画的演绎下变得闪闪发光，传递出一种治愈人心的宁静力量，是治愈系爱好者不容错过的作品。整体而言，该作在题材表达与情感渲染上均有可取之处，剧情张弛有度，角色令人印象深刻，是一部完成度较高、值得推荐的作品。
1437,primary,zh-CN,我们真的学不来 OVA,《我们真的学不来 OVA》是《我们真的学不来》的OVA，成幸与天才少女们的恋爱番外。本作以轻松的日常为主，作品以恋爱、校园与搞笑为特色，动画的氛围轻松，是学不来系列的番外作品。角色间的互动刻画得细腻自然，那些欲言又止的心意、别扭又真诚的靠近都真实而动人，情感线与日常情节交织，让观众在会心一笑与怦然心动之间反复横跳，是一部让人回味无穷的恋爱物语。整体而言，该作在题材表达与情感渲染上均有可取之处，剧情张弛有度，角色令人印象深刻，是一部完成度较高、值得推荐的作品。
1438,primary,zh-CN,女神异闻录5 Stars and Ours,《女神异闻录5 Stars and Ours》是《女神异闻录5》的特别篇动画，怪盗团的物语。本作围绕怪盗团的活动展开，作品以Persona战斗、青春与群像为特色，动画的风格独特，是P5系列的衍生作品。动画的节奏把控张弛有度，战斗场面的分镜与作画都相当扎实，主角在与强敌的较量中不断突破自我，和同伴之间建立的信任与羁绊也为剧情增添了温度，热血与感动并存，值得一看。整体而言，该作在题材表达与情感渲染上均有可取之处，剧情张弛有度，角色令人印象深刻，是一部完成度较高、值得推荐的作品。
1439,primary,zh-CN,宝可梦 旅途,《宝可梦 旅途》是宝可梦动画系列，小智与皮卡丘的新冒险。本作小智在伽勒尔地区展开旅程，与新的伙伴们相遇，作品以冒险、战斗与羁绊为特色，动画的战斗场面华丽，宝可梦之间的深厚感情令人动容，是宝可梦动画的新篇章。动作设计与演出张力俱佳，随着剧情推进，主角面对的敌人越来越强，战斗方式与自身局限的突破层层升级，配乐与画面配合出色，将热血少年向作品应有的爽快感与成长感都演绎得十分到位。整体而言，该作在题材表达与情感渲染上均有可取之处，剧情张弛有度，角色令人印象深刻，是一部完成度较高、值得推荐的作品。
1440,primary,zh-CN,一脸嫌弃表情的妹子给你看胖次2,《一脸嫌弃表情的妹子给你看胖次2》延续第一季，少女们一脸嫌弃地展示福利的场景。作品以福利、日常与搞笑为特色，动画篇幅短小，是一部以视觉服务为主的泡面番。作品没有强烈的戏剧冲突，却以细腻的笔触捕捉日常中的微小幸福，角色的喜怒哀乐真实可感，在平实的叙述中悄然传递着生活的温度，适合在忙碌之余放松心情慢慢欣赏。整体而言，该作在题材表达与情感渲染上均有可取之处，剧情张弛有度，角色令人印象深刻，是一部完成度较高、值得推荐的作品。
1441,primary,zh-CN,ANOTHER WORLD,《ANOTHER WORLD》是《你好世界》的衍生动画，讲述另一个世界的物语。本作围绕倒流的物语展开，作品以科幻、恋爱与群像为特色，动画的氛围独特，是一部风格新颖的作品。角色间的互动刻画得细腻自然，那些欲言又止的心意、别扭又真诚的靠近都真实而动人，情感线与日常情节交织，让观众在会心一笑与怦然心动之间反复横跳，是一部让人回味无穷的恋爱物语。整体而言，该作在题材表达与情感渲染上均有可取之处，剧情张弛有度，角色令人印象深刻，是一部完成度较高、值得推荐的作品。
1442,primary,zh-CN,普罗米亚 前日谭,《普罗米亚 前日谭》是《普罗米亚》的前日谈动画，讲述火灾灭火队的物语。本作围绕前日谭的剧情展开，作品以机战、热血与群像为特色，动画的画风独特、战斗场面华丽，是普罗米亚系列的衍生作品。动作设计与演出张力俱佳，随着剧情推进，主角面对的敌人越来越强，战斗方式与自身局限的突破层层升级，配乐与画面配合出色，将热血少年向作品应有的爽快感与成长感都演绎得十分到位。整体而言，该作在题材表达与情感渲染上均有可取之处，剧情张弛有度，角色令人印象深刻，是一部完成度较高、值得推荐的作品。
1443,primary,zh-CN,无节操☆Bitch社,《无节操☆Bitch社》是短篇动画，讲述男高中生们的无节操日常。作品以BL、搞笑与日常为特色，动画篇幅短小、氛围轻松，在轻松的日常中展现角色们的互动，是女性向的轻松作品。作品没有强烈的戏剧冲突，却以细腻的笔触捕捉日常中的微小幸福，角色的喜怒哀乐真实可感，在平实的叙述中悄然传递着生活的温度，适合在忙碌之余放松心情慢慢欣赏。整体而言，该作在题材表达与情感渲染上均有可取之处，剧情张弛有度，角色令人印象深刻，是一部完成度较高、值得推荐的作品。
1444,primary,zh-CN,高达创形者 再起,《高达创形者 再起》延续系列，高达模型对战的物语继续。本作新的少年们在模型对战世界中成长，作品以高达模型、战斗与热血为特色，动画的战斗场面华丽，角色们的成长与羁绊贯穿始终，是高达创形者系列的续作。动画的节奏把控张弛有度，战斗场面的分镜与作画都相当扎实，主角在与强敌的较量中不断突破自我，和同伴之间建立的信任与羁绊也为剧情增添了温度，热血与感动并存，值得一看。整体而言，该作在题材表达与情感渲染上均有可取之处，剧情张弛有度，角色令人印象深刻，是一部完成度较高、值得推荐的作品。
1445,primary,zh-CN,红白黑黄 第七季,《红白黑黄 第七季》是《RWBY》系列第七季，少女们的战斗继续。本作围绕新的篇章展开，作品以战斗、群像与奇幻为特色，动画的动作场面华丽，角色们的成长与羁绊贯穿始终，是RWBY系列的续作。动作设计与演出张力俱佳，随着剧情推进，主角面对的敌人越来越强，战斗方式与自身局限的突破层层升级，配乐与画面配合出色，将热血少年向作品应有的爽快感与成长感都演绎得十分到位。整体而言，该作在题材表达与情感渲染上均有可取之处，剧情张弛有度，角色令人印象深刻，是一部完成度较高、值得推荐的作品。
1446,primary,zh-CN,红白黑黄 第四季,《红白黑黄 第四季》是《RWBY》系列第四季，少女们的战斗继续。本作围绕新的篇章展开，作品以战斗、群像与奇幻为特色，动画的动作场面华丽，角色们的成长与羁绊贯穿始终，是RWBY系列的续作。动作设计与演出张力俱佳，随着剧情推进，主角面对的敌人越来越强，战斗方式与自身局限的突破层层升级，配乐与画面配合出色，将热血少年向作品应有的爽快感与成长感都演绎得十分到位。整体而言，该作在题材表达与情感渲染上均有可取之处，剧情张弛有度，角色令人印象深刻，是一部完成度较高、值得推荐的作品。
1447,primary,zh-CN,RWBY Chibi,《RWBY Chibi》是《RWBY》的Q版短篇动画，角色们的搞笑日常。作品以搞笑、日常与群像为特色，动画画风可爱、篇幅短小，在轻松的日常中展现RWBY角色们的互动，是RWBY系列的番外作品。作品没有强烈的戏剧冲突，却以细腻的笔触捕捉日常中的微小幸福，角色的喜怒哀乐真实可感，在平实的叙述中悄然传递着生活的温度，适合在忙碌之余放松心情慢慢欣赏。整体而言，该作在题材表达与情感渲染上均有可取之处，剧情张弛有度，角色令人印象深刻，是一部完成度较高、值得推荐的作品。
1448,primary,zh-CN,房间露营△,《房间露营△》是《摇曳露营》的短篇动画，少女们的室内露营日常。本作以轻松的日常为主，作品以露营、日常与治愈为特色，动画画风清新、氛围温暖，是一部治愈系的作品。画风清新、节奏舒缓，人物之间的相处自然而温暖，那些平凡琐碎的片段在动画的演绎下变得闪闪发光，传递出一种治愈人心的宁静力量，是治愈系爱好者不容错过的作品。整体而言，该作在题材表达与情感渲染上均有可取之处，剧情张弛有度，角色令人印象深刻，是一部完成度较高、值得推荐的作品。
1449,primary,zh-CN,若能与你共乘海浪之上,《若能与你共乘海浪之上》是汤浅政明的剧场版动画，讲述少年港与少女日菜子的恋爱。日菜子在港死后仍与他共处，作品以恋爱、奇幻与催泪为主题，动画的画面充满想象力，日菜子的情感令人动容，是一部感人至深的作品。角色间的互动刻画得细腻自然，那些欲言又止的心意、别扭又真诚的靠近都真实而动人，情感线与日常情节交织，让观众在会心一笑与怦然心动之间反复横跳，是一部让人回味无穷的恋爱物语。整体而言，该作在题材表达与情感渲染上均有可取之处，剧情张弛有度，角色令人印象深刻，是一部完成度较高、值得推荐的作品。
1450,primary,zh-CN,宝可梦：超梦的逆袭 进化,《宝可梦：超梦的逆袭 进化》是《超梦的逆袭》的重制剧场版，超梦的物语。本作围绕超梦的诞生与人类的矛盾展开，作品以冒险、战斗与羁绊为特色，动画的战斗场面华丽，超梦的孤独与成长令人动容，是宝可梦系列的剧场版。动画的节奏把控张弛有度，战斗场面的分镜与作画都相当扎实，主角在与强敌的较量中不断突破自我，和同伴之间建立的信任与羁绊也为剧情增添了温度，热血与感动并存，值得一看。整体而言，该作在题材表达与情感渲染上均有可取之处，剧情张弛有度，角色令人印象深刻，是一部完成度较高、值得推荐的作品。
1451,primary,zh-CN,剧场版 歌之王子殿下 真爱王国,《剧场版 歌之王子殿下 真爱王国》是《歌之王子殿下》的剧场版，七海春歌与偶像们的物语。本作春歌与六位偶像在音乐道路上迎接新的挑战，作品以音乐、恋爱与偶像为特色，华丽的舞台演出与动人的歌曲贯穿全片，是女性向偶像动画的剧场版。作品在甜蜜之余也保留了青春特有的青涩与迷茫，主角在感情中的成长与抉择贯穿始终，配乐温润、画面明丽，将恋爱中的忐忑、欢喜与遗憾都拿捏得恰到好处，适合慢慢品味。整体而言，该作在题材表达与情感渲染上均有可取之处，剧情张弛有度，角色令人印象深刻，是一部完成度较高、值得推荐的作品。
1452,primary,zh-CN,强袭魔女 剧场版 501部队起飞！,《强袭魔女 剧场版 501部队起飞！》是强袭魔女系列的剧场版，501部队的日常。本作以轻松的日常为主，作品以战斗、日常与搞笑为特色，动画画风可爱、氛围轻松，是强袭魔女系列的剧场版。动作设计与演出张力俱佳，随着剧情推进，主角面对的敌人越来越强，战斗方式与自身局限的突破层层升级，配乐与画面配合出色，将热血少年向作品应有的爽快感与成长感都演绎得十分到位。整体而言，该作在题材表达与情感渲染上均有可取之处，剧情张弛有度，角色令人印象深刻，是一部完成度较高、值得推荐的作品。
1453,primary,zh-CN,海兽之子,《海兽之子》改编自五十岚大介的漫画。少女琉花与海兽少年们的物语。作品以自然、奇幻与哲学为主题，动画的画面美到极致，琉花与海兽们的冒险充满想象力，是一部充满诗意的作品。世界观设定丰富而自成体系，随着冒险推进，更多奇妙的种族、地点与力量体系逐一展开，角色们在旅途中收获成长与羁绊，画面与配乐共同营造出充满想象力的奇幻氛围，令人沉浸其中。整体而言，该作在题材表达与情感渲染上均有可取之处，剧情张弛有度，角色令人印象深刻，是一部完成度较高、值得推荐的作品。
1454,primary,zh-CN,普罗米亚,《普罗米亚》是剧场版动画，讲述火灾灭火队与燃焰人的战斗。本作围绕燃烧者与灭火队的对决展开，作品以机战、热血与群像为特色，动画的画风独特、战斗场面华丽，是今石洋之的代表作。动作设计与演出张力俱佳，随着剧情推进，主角面对的敌人越来越强，战斗方式与自身局限的突破层层升级，配乐与画面配合出色，将热血少年向作品应有的爽快感与成长感都演绎得十分到位。整体而言，该作在题材表达与情感渲染上均有可取之处，剧情张弛有度，角色令人印象深刻，是一部完成度较高、值得推荐的作品。
1455,primary,zh-CN,剧场版 吹响吧！上低音号～誓言的终章～,《剧场版 吹响吧！上低音号～誓言的终章～》是《吹响吧！上低音号》的剧场版，北宇治高中吹奏乐部的新篇章。本作久美子与部员们在新的合奏比赛中成长，作品以音乐、青春与群像为特色，动画的演奏场面充满感染力，是京都动画的经典作品。角色的个性塑造鲜明，舞台上的自信与生活中的可爱形成反差，团队协作与个人成长双线并进，歌舞编排赏心悦目，让观众既能享受视听盛宴，也能为少女们的梦想与坚持而感动。整体而言，该作在题材表达与情感渲染上均有可取之处，剧情张弛有度，角色令人印象深刻，是一部完成度较高、值得推荐的作品。
1456,primary,zh-CN,少女与战车 最终章 第2话,《少女与战车 最终章 第2话》延续最终章，少女们的战车战继续。本作大洗女子学园面对新的对手，作品以战车、热血与群像为特色，动画的战斗场面华丽震撼，少女们的团队协作充满魅力，是战车题材的经典。动画的节奏把控张弛有度，战斗场面的分镜与作画都相当扎实，主角在与强敌的较量中不断突破自我，和同伴之间建立的信任与羁绊也为剧情增添了温度，热血与感动并存，值得一看。整体而言，该作在题材表达与情感渲染上均有可取之处，剧情张弛有度，角色令人印象深刻，是一部完成度较高、值得推荐的作品。
1457,primary,zh-CN,航海王：狂热行动,《航海王：狂热行动》是《航海王》剧场版，路飞一行人与全明星的祭典。本作围绕狂热行动的大事件展开，草帽一伙与众多角色集结，作品以冒险、热血与伙伴羁绊为主题，动画的战斗场面华丽，是航海王系列的高人气剧场版。动作设计与演出张力俱佳，随着剧情推进，主角面对的敌人越来越强，战斗方式与自身局限的突破层层升级，配乐与画面配合出色，将热血少年向作品应有的爽快感与成长感都演绎得十分到位。整体而言，该作在题材表达与情感渲染上均有可取之处，剧情张弛有度，角色令人印象深刻，是一部完成度较高、值得推荐的作品。
1458,primary,zh-CN,电影 为美好的世界献上祝福！红传说,《电影 为美好的世界献上祝福！红传说》是《为美好的世界献上祝福》的剧场版，和真与队友们的冒险。本作围绕红魔族与惠惠的故乡展开，作品以异世界、搞笑与热血为特色，和真与队友们的奇葩组合充满笑料，是异世界喜剧的经典剧场版。动作设计与演出张力俱佳，随着剧情推进，主角面对的敌人越来越强，战斗方式与自身局限的突破层层升级，配乐与画面配合出色，将热血少年向作品应有的爽快感与成长感都演绎得十分到位。整体而言，该作在题材表达与情感渲染上均有可取之处，剧情张弛有度，角色令人印象深刻，是一部完成度较高、值得推荐的作品。
1459,primary,zh-CN,这如果叫作爱情 感觉会很恶心,《这如果叫作爱情 感觉会很恶心》改编自同名漫画。OL有马一花与高中生天草亮的关系。作品以恋爱、搞笑与日常为特色，天草的直球告白与一花的吐槽充满笑料，动画的氛围轻松，是一部欢乐的恋爱喜剧。角色间的互动刻画得细腻自然，那些欲言又止的心意、别扭又真诚的靠近都真实而动人，情感线与日常情节交织，让观众在会心一笑与怦然心动之间反复横跳，是一部让人回味无穷的恋爱物语。整体而言，该作在题材表达与情感渲染上均有可取之处，剧情张弛有度，角色令人印象深刻，是一部完成度较高、值得推荐的作品。
1460,primary,zh-CN,Overflow,《Overflow》是短篇成人向动画，讲述大学生与青梅竹马的恋爱。作品以恋爱、成年向与日常为特色，动画的氛围暧昧，两人的互动充满张力，是一部面向成人的恋爱作品。作品在甜蜜之余也保留了青春特有的青涩与迷茫，主角在感情中的成长与抉择贯穿始终，配乐温润、画面明丽，将恋爱中的忐忑、欢喜与遗憾都拿捏得恰到好处，适合慢慢品味。整体而言，该作在题材表达与情感渲染上均有可取之处，剧情张弛有度，角色令人印象深刻，是一部完成度较高、值得推荐的作品。
1461,primary,zh-CN,恋爱小行星,《恋爱小行星》改编自同名漫画。少女们在天文部与地质部的物语。作品以天文、日常与群像为特色，动画画风可爱、氛围轻松，少女们的梦想与羁绊充满温馨，是一部治愈系的作品。角色间的互动刻画得细腻自然，那些欲言又止的心意、别扭又真诚的靠近都真实而动人，情感线与日常情节交织，让观众在会心一笑与怦然心动之间反复横跳，是一部让人回味无穷的恋爱物语。整体而言，该作在题材表达与情感渲染上均有可取之处，剧情张弛有度，角色令人印象深刻，是一部完成度较高、值得推荐的作品。
1462,primary,zh-CN,达尔文游戏,《达尔文游戏》改编自同名漫画。少年须藤要被卷入达尔文游戏的生死战。作品以生存、战斗与群像为特色，动画的氛围紧张，须藤要的战斗与游戏的真相层层展开，是一部硬核的作品。动画的节奏把控张弛有度，战斗场面的分镜与作画都相当扎实，主角在与强敌的较量中不断突破自我，和同伴之间建立的信任与羁绊也为剧情增添了温度，热血与感动并存，值得一看。整体而言，该作在题材表达与情感渲染上均有可取之处，剧情张弛有度，角色令人印象深刻，是一部完成度较高、值得推荐的作品。
1463,primary,zh-CN,魔法纪录 魔法少女小圆外传,《魔法纪录 魔法少女小圆外传》是《魔法少女小圆》的外传，讲述魔法少女们的物语。本作围绕魔法纪录的展开，作品以魔法少女、黑暗与群像为特色，动画的氛围沉重，魔法少女们的命运充满张力，是魔法少女小圆系列的外传。作品在幻想的外衣下探讨着真实的情感与抉择，主角的成长线扎实有力，与伙伴们的情谊在一次次考验中愈发深厚，冒险的紧张感与日常的温情交替呈现，故事层次丰富、后劲十足。整体而言，该作在题材表达与情感渲染上均有可取之处，剧情张弛有度，角色令人印象深刻，是一部完成度较高、值得推荐的作品。
1464,primary,zh-CN,异度侵入,《异度侵入》是原创动画，讲述通过潜入犯人的深层心理侦破案件。警官鸣瓢秋人在井中的推理与追踪，作品以科幻、推理与心理为特色，动画的氛围紧张，秋人的推理充满智谋，是一部口碑极佳的悬疑作品。剧情层层递进、伏笔密布，随着线索的不断拼合，真相逐渐浮出水面，每一次反转都在意料之外又情理之中，细节经得起推敲，氛围营造到位，是喜欢烧脑故事的观众不可错过之作。整体而言，该作在题材表达与情感渲染上均有可取之处，剧情张弛有度，角色令人印象深刻，是一部完成度较高、值得推荐的作品。
1465,primary,zh-CN,思维覆写,《思维覆写》是原创动画，讲述操纵记忆的幻想术使的战斗。少年们在追查中展开脑内的冒险，作品以科幻、悬疑与群像为特色，动画的氛围独特，记忆的世界充满想象力，是一部风格新颖的作品。动画的节奏把控张弛有度，战斗场面的分镜与作画都相当扎实，主角在与强敌的较量中不断突破自我，和同伴之间建立的信任与羁绊也为剧情增添了温度，热血与感动并存，值得一看。整体而言，该作在题材表达与情感渲染上均有可取之处，剧情张弛有度，角色令人印象深刻，是一部完成度较高、值得推荐的作品。
1466,primary,zh-CN,魔术士奥芬的无赖之旅,《魔术士奥芬的无赖之旅》改编自同名轻小说。魔术士奥芬为了寻找老师而展开旅程。作品以奇幻、冒险与热血为特色，奥芬的强大与无赖充满魅力，动画的氛围轻松，是一部经典的奇幻作品。动作设计与演出张力俱佳，随着剧情推进，主角面对的敌人越来越强，战斗方式与自身局限的突破层层升级，配乐与画面配合出色，将热血少年向作品应有的爽快感与成长感都演绎得十分到位。整体而言，该作在题材表达与情感渲染上均有可取之处，剧情张弛有度，角色令人印象深刻，是一部完成度较高、值得推荐的作品。
1467,primary,zh-CN,因为太怕痛就全点防御力了。,《因为太怕痛就全点防御力了。》改编自同名轻小说。少女梅普露在VRMMO中全点防御力。作品以游戏、轻松冒险与搞笑为特色，梅普露的变态防御力充满笑料，动画的氛围轻松，是一部欢乐的作品。作品没有强烈的戏剧冲突，却以细腻的笔触捕捉日常中的微小幸福，角色的喜怒哀乐真实可感，在平实的叙述中悄然传递着生活的温度，适合在忙碌之余放松心情慢慢欣赏。整体而言，该作在题材表达与情感渲染上均有可取之处，剧情张弛有度，角色令人印象深刻，是一部完成度较高、值得推荐的作品。
1468,primary,zh-CN,NEKOPARA,《NEKOPARA》改编自同名游戏，讲述水无月家猫娘们的日常。男主人与猫娘们在咖啡厅的生活充满温馨，作品以萌宠、日常与治愈为特色，动画画风精美、氛围轻松，猫娘们的可爱令人心动，是一部治愈系的作品。角色间的互动刻画得细腻自然，那些欲言又止的心意、别扭又真诚的靠近都真实而动人，情感线与日常情节交织，让观众在会心一笑与怦然心动之间反复横跳，是一部让人回味无穷的恋爱物语。整体而言，该作在题材表达与情感渲染上均有可取之处，剧情张弛有度，角色令人印象深刻，是一部完成度较高、值得推荐的作品。
1469,primary,zh-CN,无限系统树,《无限系统树》改编自同名轻小说。少年玲在VRMMO无限系统中展开冒险。作品以游戏、冒险与群像为特色，动画的战斗场面华丽，玲的成长与羁绊贯穿始终，是一部标准的轻改作品。动作设计与演出张力俱佳，随着剧情推进，主角面对的敌人越来越强，战斗方式与自身局限的突破层层升级，配乐与画面配合出色，将热血少年向作品应有的爽快感与成长感都演绎得十分到位。整体而言，该作在题材表达与情感渲染上均有可取之处，剧情张弛有度，角色令人印象深刻，是一部完成度较高、值得推荐的作品。
1470,primary,zh-CN,宝石商人理查德的谜鉴定,《宝石商人理查德的谜鉴定》改编自同名小说。宝石商人理查德与大学生中田正义的相遇。作品以宝石、日常与推理为特色，理查德的鉴定与客人们的故事充满魅力，动画的氛围优雅，是一部风格独特的作品。作品没有强烈的戏剧冲突，却以细腻的笔触捕捉日常中的微小幸福，角色的喜怒哀乐真实可感，在平实的叙述中悄然传递着生活的温度，适合在忙碌之余放松心情慢慢欣赏。整体而言，该作在题材表达与情感渲染上均有可取之处，剧情张弛有度，角色令人印象深刻，是一部完成度较高、值得推荐的作品。
1471,primary,zh-CN,number24,《number24》改编自同名游戏。大学橄榄球部的少年们的物语。作品以橄榄球、青春与群像为特色，动画的氛围青春，少年们的训练与成长充满活力，是游戏改编动画的作品。作品在整体完成度上表现出色，叙事流畅、角色立体，主题的表达清晰而有深度，既有轻松愉悦的观赏性，也留有值得回味的余韵，是一部质量扎实、诚意满满的作品。整体而言，该作在题材表达与情感渲染上均有可取之处，剧情张弛有度，角色令人印象深刻，是一部完成度较高、值得推荐的作品。
1472,primary,zh-CN,SHOW BY ROCK!! Mashumairesh!!,《SHOW BY ROCK!! Mashumairesh!!》延续系列，乐队少女们的物语继续。本作新的乐队登场，作品以音乐、可爱角色与搞笑为特色，动画的演奏场面充满感染力，是一部轻松愉快的音乐番。画风清新、节奏舒缓，人物之间的相处自然而温暖，那些平凡琐碎的片段在动画的演绎下变得闪闪发光，传递出一种治愈人心的宁静力量，是治愈系爱好者不容错过的作品。整体而言，该作在题材表达与情感渲染上均有可取之处，剧情张弛有度，角色令人印象深刻，是一部完成度较高、值得推荐的作品。
1473,primary,zh-CN,某科学的超电磁炮T,《某科学的超电磁炮T》是魔禁系列的外传，御坂美琴的战斗继续。本作美琴在学园都市中迎接新的挑战，作品以超能力、战斗与群像为特色，动画的战斗场面华丽，美琴的电击充满魄力，是魔禁系列的衍生作品。动作设计与演出张力俱佳，随着剧情推进，主角面对的敌人越来越强，战斗方式与自身局限的突破层层升级，配乐与画面配合出色，将热血少年向作品应有的爽快感与成长感都演绎得十分到位。整体而言，该作在题材表达与情感渲染上均有可取之处，剧情张弛有度，角色令人印象深刻，是一部完成度较高、值得推荐的作品。
1474,primary,zh-CN,八十龟酱观察日记 第二册,《八十龟酱观察日记 第二册》延续第一季，少年与名古屋少女的日常继续。本作八十龟酱的方言与文化依旧充满魅力，作品以日常、地域文化为特色，动画篇幅短小，是一部轻松解压的泡面番。作品没有强烈的戏剧冲突，却以细腻的笔触捕捉日常中的微小幸福，角色的喜怒哀乐真实可感，在平实的叙述中悄然传递着生活的温度，适合在忙碌之余放松心情慢慢欣赏。整体而言，该作在题材表达与情感渲染上均有可取之处，剧情张弛有度，角色令人印象深刻，是一部完成度较高、值得推荐的作品。
1475,primary,zh-CN,星掠者,《星掠者》改编自同名漫画。在数字支配的世界，掠夺者离人的冒险。作品以冒险、战斗与热血为特色，动画的战斗场面华丽，离人的成长与羁绊贯穿始终，是一部标准的奇幻冒险作品。动作设计与演出张力俱佳，随着剧情推进，主角面对的敌人越来越强，战斗方式与自身局限的突破层层升级，配乐与画面配合出色，将热血少年向作品应有的爽快感与成长感都演绎得十分到位。整体而言，该作在题材表达与情感渲染上均有可取之处，剧情张弛有度，角色令人印象深刻，是一部完成度较高、值得推荐的作品。
1476,primary,zh-CN,理科生坠入情网，故尝试证明。,《理科生坠入情网，故尝试证明。》改编自同名漫画。理科大学生用科学方法证明恋爱。作品以恋爱、搞笑与科普为特色，主角们的科学恋爱实验充满笑料，动画的氛围轻松，是一部让人捧腹的作品。角色间的互动刻画得细腻自然，那些欲言又止的心意、别扭又真诚的靠近都真实而动人，情感线与日常情节交织，让观众在会心一笑与怦然心动之间反复横跳，是一部让人回味无穷的恋爱物语。整体而言，该作在题材表达与情感渲染上均有可取之处，剧情张弛有度，角色令人印象深刻，是一部完成度较高、值得推荐的作品。
1477,primary,zh-CN,暗黑破坏神在身边,《暗黑破坏神在身边。》改编自同名漫画。中二病少年的搞笑日常。作品以搞笑、日常与吐槽为特色，少年的中二病行为充满笑料，动画的氛围轻松，是一部让人捧腹的日常喜剧。作品没有强烈的戏剧冲突，却以细腻的笔触捕捉日常中的微小幸福，角色的喜怒哀乐真实可感，在平实的叙述中悄然传递着生活的温度，适合在忙碌之余放松心情慢慢欣赏。整体而言，该作在题材表达与情感渲染上均有可取之处，剧情张弛有度，角色令人印象深刻，是一部完成度较高、值得推荐的作品。
1478,primary,zh-CN,织田肉桂信长,《织田肉桂信长》改编自同名漫画。战国武将转生为狗狗的日常。作品以搞笑、日常与萌宠为特色，信长等武将的狗狗生活充满笑料，动画的氛围轻松，是一部让人捧腹的作品。画风清新、节奏舒缓，人物之间的相处自然而温暖，那些平凡琐碎的片段在动画的演绎下变得闪闪发光，传递出一种治愈人心的宁静力量，是治愈系爱好者不容错过的作品。整体而言，该作在题材表达与情感渲染上均有可取之处，剧情张弛有度，角色令人印象深刻，是一部完成度较高、值得推荐的作品。
1479,primary,zh-CN,异种族风俗娘评鉴指南,《异种族风俗娘评鉴指南》改编自同名漫画。冒险者们在异种族风俗店的评鉴。作品以搞笑、冒险与成人向为特色，动画的氛围轻松，评鉴的冒险充满笑料，是一部面向成人的搞笑作品。作品没有强烈的戏剧冲突，却以细腻的笔触捕捉日常中的微小幸福，角色的喜怒哀乐真实可感，在平实的叙述中悄然传递着生活的温度，适合在忙碌之余放松心情慢慢欣赏。整体而言，该作在题材表达与情感渲染上均有可取之处，剧情张弛有度，角色令人印象深刻，是一部完成度较高、值得推荐的作品。
1480,primary,zh-CN,请在T台上微笑,《请在T台上微笑》改编自同名漫画。矮小的少女藤户千雪为了成为模特而努力。作品以时尚、青春与励志为特色，千雪的成长与T台的梦想令人动容，动画的氛围温暖，是一部励志的作品。角色设计可爱讨喜，性格各异的少女们互动起来萌点十足，画风明快、色彩柔和，在轻松愉快的氛围中传递着友情与温情，治愈力满满，是闲暇时光里的最佳陪伴。整体而言，该作在题材表达与情感渲染上均有可取之处，剧情张弛有度，角色令人印象深刻，是一部完成度较高、值得推荐的作品。
1481,primary,zh-CN,虚构推理,《虚构推理》改编自同名小说。拥有怪异体质的少女岩永琴子以推理解决怪谈。作品以推理、怪谈与群像为特色，琴子的虚构推理充满魅力，动画的氛围独特，是一部风格新颖的推理作品。悬疑氛围铺垫扎实，人物之间暗流涌动的博弈与隐藏的秘密交织出复杂的叙事网络，叙事节奏收放自如，高潮部分的揭示震撼有力，看完之后依然值得反复回味其中的细节。整体而言，该作在题材表达与情感渲染上均有可取之处，剧情张弛有度，角色令人印象深刻，是一部完成度较高、值得推荐的作品。
1482,primary,zh-CN,异世界四重奏 第二季,《异世界四重奏 第二季》延续第一季，多部异世界作品的角色集结。本作各作品的设定继续碰撞出笑料，作品以恶搞、吐槽与群像为特色，动画的氛围欢乐，是一部让人捧腹的搞笑作品。世界观设定丰富而自成体系，随着冒险推进，更多奇妙的种族、地点与力量体系逐一展开，角色们在旅途中收获成长与羁绊，画面与配乐共同营造出充满想象力的奇幻氛围，令人沉浸其中。整体而言，该作在题材表达与情感渲染上均有可取之处，剧情张弛有度，角色令人印象深刻，是一部完成度较高、值得推荐的作品。
1483,primary,zh-CN,BanG Dream! 第三季,《BanG Dream! 第三季》延续系列，少女乐队的物语继续。本作少女们在音乐道路上迎接新的挑战与舞台，作品以音乐、青春与群像为特色，动画的歌曲动人、演奏场面充满感染力，是BanG Dream企划的续作。歌舞演出的画面制作精良，每一首歌都与角色心境和剧情推进紧密呼应，少女们在聚光灯下的闪耀与幕后流下的汗水同样动人，传递出追逐梦想、不懈努力的正能量，感染力十足。整体而言，该作在题材表达与情感渲染上均有可取之处，剧情张弛有度，角色令人印象深刻，是一部完成度较高、值得推荐的作品。
1484,primary,zh-CN,22/7,《22/7》是偶像企划的动画，讲述少女们在偶像舞台上的物语。本作围绕22/7组合的成长展开，作品以音乐、偶像与群像为特色，歌曲与舞台演出华丽，少女们的成长令人动容，是偶像动画的作品。角色的个性塑造鲜明，舞台上的自信与生活中的可爱形成反差，团队协作与个人成长双线并进，歌舞编排赏心悦目，让观众既能享受视听盛宴，也能为少女们的梦想与坚持而感动。整体而言，该作在题材表达与情感渲染上均有可取之处，剧情张弛有度，角色令人印象深刻，是一部完成度较高、值得推荐的作品。
1485,primary,zh-CN,别对映像研出手！,《别对映像研出手！》改编自同名漫画。三位少女在映像研制作动画的物语。作品以创作、青春与群像为特色，少女们的想象力与制作过程充满魅力，动画的氛围热血，是一部口碑极佳的创作作品。动作设计与演出张力俱佳，随着剧情推进，主角面对的敌人越来越强，战斗方式与自身局限的突破层层升级，配乐与画面配合出色，将热血少年向作品应有的爽快感与成长感都演绎得十分到位。整体而言，该作在题材表达与情感渲染上均有可取之处，剧情张弛有度，角色令人印象深刻，是一部完成度较高、值得推荐的作品。
1486,primary,zh-CN,群聚一堂！西顿学园,《群聚一堂！西顿学园》改编自同名漫画。在动物们共存的学园中，少年的物语。作品以搞笑、日常与动物拟人为特色，动物们的学园生活充满笑料，动画的氛围轻松，是一部让人捧腹的作品。作品没有强烈的戏剧冲突，却以细腻的笔触捕捉日常中的微小幸福，角色的喜怒哀乐真实可感，在平实的叙述中悄然传递着生活的温度，适合在忙碌之余放松心情慢慢欣赏。整体而言，该作在题材表达与情感渲染上均有可取之处，剧情张弛有度，角色令人印象深刻，是一部完成度较高、值得推荐的作品。
1487,primary,zh-CN,奇幻☆怪盗,《奇幻☆怪盗》改编自同名轻小说。魔术师少年不知火真的物语。作品以奇幻、恋爱与日常为特色，真的魔术与少女们的互动充满魅力，动画的氛围轻松，是一部标准的轻改作品。作品在甜蜜之余也保留了青春特有的青涩与迷茫，主角在感情中的成长与抉择贯穿始终，配乐温润、画面明丽，将恋爱中的忐忑、欢喜与遗憾都拿捏得恰到好处，适合慢慢品味。整体而言，该作在题材表达与情感渲染上均有可取之处，剧情张弛有度，角色令人印象深刻，是一部完成度较高、值得推荐的作品。
1488,primary,zh-CN,地缚少年花子君,《地缚少年花子君》改编自同名漫画。七大不可思议之一的花子君与少女宁宁的物语。作品以灵异、恋爱与搞笑为特色，花子君与宁宁的互动充满萌点，动画画风精美、氛围独特，是一部受欢迎的作品。角色间的互动刻画得细腻自然，那些欲言又止的心意、别扭又真诚的靠近都真实而动人，情感线与日常情节交织，让观众在会心一笑与怦然心动之间反复横跳，是一部让人回味无穷的恋爱物语。整体而言，该作在题材表达与情感渲染上均有可取之处，剧情张弛有度，角色令人印象深刻，是一部完成度较高、值得推荐的作品。
1489,primary,zh-CN,A3！满开剧团 春&夏,《A3！满开剧团 春&夏》改编自同名游戏。剧团的管理人与少年们的物语。作品以舞台、青春与群像为特色，动画的氛围温暖，少年们的剧团活动充满魅力，是女性向动画的作品。歌舞演出的画面制作精良，每一首歌都与角色心境和剧情推进紧密呼应，少女们在聚光灯下的闪耀与幕后流下的汗水同样动人，传递出追逐梦想、不懈努力的正能量，感染力十足。整体而言，该作在题材表达与情感渲染上均有可取之处，剧情张弛有度，角色令人印象深刻，是一部完成度较高、值得推荐的作品。
1490,primary,zh-CN,异兽魔都,《异兽魔都》改编自林田球的同名漫画。在洞穴与魔都之间，魔法师与受害者们的战斗。作品以黑暗、暴力与搞笑为特色，动画的画面充满冲击力，角色的战斗与日常充满张力，是一部风格独特的作品。动作设计与演出张力俱佳，随着剧情推进，主角面对的敌人越来越强，战斗方式与自身局限的突破层层升级，配乐与画面配合出色，将热血少年向作品应有的爽快感与成长感都演绎得十分到位。整体而言，该作在题材表达与情感渲染上均有可取之处，剧情张弛有度，角色令人印象深刻，是一部完成度较高、值得推荐的作品。
1491,primary,zh-CN,索玛丽与森林之神,《索玛丽与森林之神》改编自同名漫画。人类少女索玛丽与森林之神格雷姆的旅行。作品以奇幻、治愈与亲情为主题，索玛丽与格雷姆的旅程充满温暖，动画的画面精美，两人的羁绊令人动容，是一部治愈系的作品。作品没有强烈的戏剧冲突，却以细腻的笔触捕捉日常中的微小幸福，角色的喜怒哀乐真实可感，在平实的叙述中悄然传递着生活的温度，适合在忙碌之余放松心情慢慢欣赏。整体而言，该作在题材表达与情感渲染上均有可取之处，剧情张弛有度，角色令人印象深刻，是一部完成度较高、值得推荐的作品。
1492,primary,zh-CN,神推偶像登上武道馆我就死而无憾,《神推偶像登上武道馆我就死而无憾》改编自同名漫画。狂热粉丝绘里飘与偶像舞菜的物语。作品以偶像、百合与日常为特色，绘里飘的狂热应援充满笑料，动画的氛围轻松，是一部欢乐的作品。作品没有强烈的戏剧冲突，却以细腻的笔触捕捉日常中的微小幸福，角色的喜怒哀乐真实可感，在平实的叙述中悄然传递着生活的温度，适合在忙碌之余放松心情慢慢欣赏。整体而言，该作在题材表达与情感渲染上均有可取之处，剧情张弛有度，角色令人印象深刻，是一部完成度较高、值得推荐的作品。
1493,primary,zh-CN,猎龙飞船,《猎龙飞船》改编自同名漫画。少女们驾驶飞船猎龙的冒险。作品以冒险、战斗与群像为特色，动画的氛围独特，少女们的猎龙之旅充满张力，是一部风格新颖的作品。动作设计与演出张力俱佳，随着剧情推进，主角面对的敌人越来越强，战斗方式与自身局限的突破层层升级，配乐与画面配合出色，将热血少年向作品应有的爽快感与成长感都演绎得十分到位。整体而言，该作在题材表达与情感渲染上均有可取之处，剧情张弛有度，角色令人印象深刻，是一部完成度较高、值得推荐的作品。
1494,primary,zh-CN,排球少年 TO THE TOP,《排球少年 TO THE TOP》延续系列，乌野高中的排球战斗继续。本作全国大赛的激烈竞争展开，作品以排球、热血与团队成长为主题，动画的比赛场面令人窒息，乌野全员的拼搏令人动容，是运动题材动画的巅峰之作。动作设计与演出张力俱佳，随着剧情推进，主角面对的敌人越来越强，战斗方式与自身局限的突破层层升级，配乐与画面配合出色，将热血少年向作品应有的爽快感与成长感都演绎得十分到位。整体而言，该作在题材表达与情感渲染上均有可取之处，剧情张弛有度，角色令人印象深刻，是一部完成度较高、值得推荐的作品。
1495,primary,zh-CN,Re：从零开始的异世界生活 新编集版,《Re：从零开始的异世界生活 新编集版》是《Re：从零开始的异世界生活》的重制版，菜月昴的物语重新编排。本作将第一季的剧情重新剪辑，作品以异世界、悬疑与催泪为主题，昴的绝望与坚持令人动容，是异世界题材的代表作。作品没有强烈的戏剧冲突，却以细腻的笔触捕捉日常中的微小幸福，角色的喜怒哀乐真实可感，在平实的叙述中悄然传递着生活的温度，适合在忙碌之余放松心情慢慢欣赏。整体而言，该作在题材表达与情感渲染上均有可取之处，剧情张弛有度，角色令人印象深刻，是一部完成度较高、值得推荐的作品。
1496,primary,zh-CN,齐木楠雄的灾难 再始动篇,《齐木楠雄的灾难 再始动篇》延续系列，超能力者齐木楠雄的日常继续。本作齐木依旧渴望平静生活却麻烦不断，作品以搞笑、吐槽与超能力为特色，齐木的内心独白与身边人的奇葩行为形成反差，笑点密集，是齐木楠雄系列的作品。画风清新、节奏舒缓，人物之间的相处自然而温暖，那些平凡琐碎的片段在动画的演绎下变得闪闪发光，传递出一种治愈人心的宁静力量，是治愈系爱好者不容错过的作品。整体而言，该作在题材表达与情感渲染上均有可取之处，剧情张弛有度，角色令人印象深刻，是一部完成度较高、值得推荐的作品。
1497,primary,zh-CN,Fate/kaleid liner 魔法少女☆伊莉雅 Prisma☆Phantasm,《Fate/kaleid liner 魔法少女☆伊莉雅 Prisma☆Phantasm》是Fate系列的搞笑动画，魔法少女们的日常。本作以恶搞与欢乐为主，作品以魔法少女、Fate世界观与搞笑为特色，动画的氛围轻松，是Fate系列风格独特的作品。作品没有强烈的戏剧冲突，却以细腻的笔触捕捉日常中的微小幸福，角色的喜怒哀乐真实可感，在平实的叙述中悄然传递着生活的温度，适合在忙碌之余放松心情慢慢欣赏。整体而言，该作在题材表达与情感渲染上均有可取之处，剧情张弛有度，角色令人印象深刻，是一部完成度较高、值得推荐的作品。
1498,primary,zh-CN,Rebirth,《Rebirth》是短篇动画，讲述少年少女们在网络世界的物语。作品以网络、恋爱与群像为特色，动画的氛围独特，角色们的情感细腻，是一部风格新颖的作品。角色间的互动刻画得细腻自然，那些欲言又止的心意、别扭又真诚的靠近都真实而动人，情感线与日常情节交织，让观众在会心一笑与怦然心动之间反复横跳，是一部让人回味无穷的恋爱物语。整体而言，该作在题材表达与情感渲染上均有可取之处，剧情张弛有度，角色令人印象深刻，是一部完成度较高、值得推荐的作品。
1499,primary,zh-CN,Healin' Good ♥ 光之美少女,《Healin' Good ♥ 光之美少女》是光之美少女系列动画，少女们以治愈的力量战斗。本作少女们在与敌人的战斗中成长，作品以魔法少女、战斗与日常为特色，变装与战斗场面华丽，角色们的羁绊温暖感人，是少女向魔法少女动画的作品。动作设计与演出张力俱佳，随着剧情推进，主角面对的敌人越来越强，战斗方式与自身局限的突破层层升级，配乐与画面配合出色，将热血少年向作品应有的爽快感与成长感都演绎得十分到位。整体而言，该作在题材表达与情感渲染上均有可取之处，剧情张弛有度，角色令人印象深刻，是一部完成度较高、值得推荐的作品。
1500,primary,zh-CN,外星人狙击战,《外星人狙击战》是短篇动画，讲述外星人狙击的物语。作品以科幻、动作(与搞笑为特色，动画篇幅短小、氛围独特，在狙击的设定中展现外星人的故事，是一部风格新颖的泡面番。作品没有强烈的戏剧冲突，却以细腻的笔触捕捉日常中的微小幸福，角色的喜怒哀乐真实可感，在平实的叙述中悄然传递着生活的温度，适合在忙碌之余放松心情慢慢欣赏。整体而言，该作在题材表达与情感渲染上均有可取之处，剧情张弛有度，角色令人印象深刻，是一部完成度较高、值得推荐的作品。
1501,primary,zh-CN,缘结熊本,《缘结熊本》是短篇动画，讲述少女们在熊本县的物语。以熊本为舞台，少女们的相遇与羁绊充满温暖，作品以日常、治愈与地域为特色，动画画风清新、氛围宁静，是一部轻松治愈的作品。作品没有强烈的戏剧冲突，却以细腻的笔触捕捉日常中的微小幸福，角色的喜怒哀乐真实可感，在平实的叙述中悄然传递着生活的温度，适合在忙碌之余放松心情慢慢欣赏。整体而言，该作在题材表达与情感渲染上均有可取之处，剧情张弛有度，角色令人印象深刻，是一部完成度较高、值得推荐的作品。
1502,primary,zh-CN,破晓之翼,《破晓之翼》是宝可梦的短篇动画，讲述少年在伽勒尔地区的物语。以宝可梦对战的梦想为主题，少年的成长与伙伴们的羁绊展开，作品以冒险、青春与宝可梦为特色，动画画风精美，是一部充满梦想的作品。动作设计与演出张力俱佳，随着剧情推进，主角面对的敌人越来越强，战斗方式与自身局限的突破层层升级，配乐与画面配合出色，将热血少年向作品应有的爽快感与成长感都演绎得十分到位。整体而言，该作在题材表达与情感渲染上均有可取之处，剧情张弛有度，角色令人印象深刻，是一部完成度较高、值得推荐的作品。
1503,primary,zh-CN,巨虫列岛,《巨虫列岛》改编自同名漫画。少女们在巨虫盘踞的孤岛上的求生。作品以生存、恐怖与悬疑为主题，动画的氛围紧张，少女们在巨虫威胁下的挣扎充满看点，是一部让人毛骨悚然的生存恐怖作品。剧情层层递进、伏笔密布，随着线索的不断拼合，真相逐渐浮出水面，每一次反转都在意料之外又情理之中，细节经得起推敲，氛围营造到位，是喜欢烧脑故事的观众不可错过之作。整体而言，该作在题材表达与情感渲染上均有可取之处，剧情张弛有度，角色令人印象深刻，是一部完成度较高、值得推荐的作品。
1504,primary,zh-CN,噬血狂袭 消失的圣枪篇,《噬血狂袭 消失的圣枪篇》是《噬血狂袭》的OVA，晓古城与姬柊雪菜的战斗。本作围绕消失的圣枪展开，作品以吸血鬼、战斗与后宫为特色，动画的战斗场面华丽，福利与热血并存，是噬血狂袭系列的番外作品。动画的节奏把控张弛有度，战斗场面的分镜与作画都相当扎实，主角在与强敌的较量中不断突破自我，和同伴之间建立的信任与羁绊也为剧情增添了温度，热血与感动并存，值得一看。整体而言，该作在题材表达与情感渲染上均有可取之处，剧情张弛有度，角色令人印象深刻，是一部完成度较高、值得推荐的作品。
1505,primary,zh-CN,ACCA13区监察课 Regards,《ACCA13区监察课 Regards》是《ACCA13区监察课》的OVA，吉恩的监察物语。本作以轻松的日常为主，作品以政治、日常与美食为特色，动画的氛围沉静优雅，是ACCA13区监察课系列的番外作品。画风清新、节奏舒缓，人物之间的相处自然而温暖，那些平凡琐碎的片段在动画的演绎下变得闪闪发光，传递出一种治愈人心的宁静力量，是治愈系爱好者不容错过的作品。整体而言，该作在题材表达与情感渲染上均有可取之处，剧情张弛有度，角色令人印象深刻，是一部完成度较高、值得推荐的作品。
1506,primary,zh-CN,薄暮,《薄暮》是剧场版动画，讲述少年与少女在福岛的物语。在震灾后的福岛，少年少女的相遇充满温暖，作品以恋爱、治愈与日常为主题，动画的画面精美，两人的情感细腻动人，是一部温馨的作品。角色间的互动刻画得细腻自然，那些欲言又止的心意、别扭又真诚的靠近都真实而动人，情感线与日常情节交织，让观众在会心一笑与怦然心动之间反复横跳，是一部让人回味无穷的恋爱物语。整体而言，该作在题材表达与情感渲染上均有可取之处，剧情张弛有度，角色令人印象深刻，是一部完成度较高、值得推荐的作品。
1507,primary,zh-CN,紫罗兰永恒花园 外传 - 永远与自动手记人偶 -,《紫罗兰永恒花园 外传 - 永远与自动手记人偶 -》是《紫罗兰永恒花园》的外传剧场版，薇尔莉特的物语。本作薇尔莉特接受新的委托，在代笔中传递温暖，作品以治愈、成长与人文为主题，动画的画面精美到极致，是一部感人至深的作品。作品没有强烈的戏剧冲突，却以细腻的笔触捕捉日常中的微小幸福，角色的喜怒哀乐真实可感，在平实的叙述中悄然传递着生活的温度，适合在忙碌之余放松心情慢慢欣赏。整体而言，该作在题材表达与情感渲染上均有可取之处，剧情张弛有度，角色令人印象深刻，是一部完成度较高、值得推荐的作品。
1508,primary,zh-CN,天晴烂漫！,《天晴烂漫！》是原创动画，讲述少年们在赛车中的物语。天才工程师空与武士一之濑在赛车比赛中展开旅程，作品以赛车、热血与群像为特色，动画的画风独特，少年们的冒险充满魄力，是一部风格独特的作品。动作设计与演出张力俱佳，随着剧情推进，主角面对的敌人越来越强，战斗方式与自身局限的突破层层升级，配乐与画面配合出色，将热血少年向作品应有的爽快感与成长感都演绎得十分到位。整体而言，该作在题材表达与情感渲染上均有可取之处，剧情张弛有度，角色令人印象深刻，是一部完成度较高、值得推荐的作品。
1509,primary,zh-CN,动物新世代,《动物新世代》是TRIGGER的原创动画，讲述少女与野兽的物语。少女在成为兽人后卷入兽人们的斗争，作品以战斗、群像与热血为特色，动画的画风充满活力，少女的成长令人动容，是TRIGGER的作品。动作设计与演出张力俱佳，随着剧情推进，主角面对的敌人越来越强，战斗方式与自身局限的突破层层升级，配乐与画面配合出色，将热血少年向作品应有的爽快感与成长感都演绎得十分到位。整体而言，该作在题材表达与情感渲染上均有可取之处，剧情张弛有度，角色令人印象深刻，是一部完成度较高、值得推荐的作品。
1510,primary,zh-CN,我们的七日战争,《我们的七日战争》是剧场版动画，改编自宗田理的同名小说。少年们以废工厂为据点展开七日战争，作品以青春、反抗与冒险为主题，动画的氛围热血，少年们的斗争充满青春气息，是一部充满活力的作品。动画的节奏把控张弛有度，战斗场面的分镜与作画都相当扎实，主角在与强敌的较量中不断突破自我，和同伴之间建立的信任与羁绊也为剧情增添了温度，热血与感动并存，值得一看。整体而言，该作在题材表达与情感渲染上均有可取之处，剧情张弛有度，角色令人印象深刻，是一部完成度较高、值得推荐的作品。
1511,primary,zh-CN,圣诞老人公司～圣诞节的秘密～,《圣诞老人公司～圣诞节的秘密～》是剧场版动画，讲述圣诞老人公司的物语。少年在圣诞老人公司中的冒险，作品以奇幻、冒险与治愈为主题，动画的画风温暖，圣诞节的秘密充满想象力，是一部温馨的作品。画风清新、节奏舒缓，人物之间的相处自然而温暖，那些平凡琐碎的片段在动画的演绎下变得闪闪发光，传递出一种治愈人心的宁静力量，是治愈系爱好者不容错过的作品。整体而言，该作在题材表达与情感渲染上均有可取之处，剧情张弛有度，角色令人印象深刻，是一部完成度较高、值得推荐的作品。
1512,primary,zh-CN,心理测量者3 FIRST INSPECTOR,《心理测量者3 FIRST INSPECTOR》是《心理测量者》的剧场版，监视官与执行官的物语。本作围绕First Inspector的真相展开，作品以科幻、悬疑与群像为特色，动画的氛围沉重，是一部硬核的科幻作品。剧情层层递进、伏笔密布，随着线索的不断拼合，真相逐渐浮出水面，每一次反转都在意料之外又情理之中，细节经得起推敲，氛围营造到位，是喜欢烧脑故事的观众不可错过之作。整体而言，该作在题材表达与情感渲染上均有可取之处，剧情张弛有度，角色令人印象深刻，是一部完成度较高、值得推荐的作品。
1513,primary,zh-CN,电影 角落小伙伴 魔法绘本里的新朋友,《电影 角落小伙伴 魔法绘本里的新朋友》是角落小伙伴的剧场版，角落生物们的冒险。本作角落生物们在魔法绘本中的旅程，作品以萌系、治愈与冒险为特色，动画画风软萌、氛围温暖，是一部让人心情愉悦的治愈作品。作品没有强烈的戏剧冲突，却以细腻的笔触捕捉日常中的微小幸福，角色的喜怒哀乐真实可感，在平实的叙述中悄然传递着生活的温度，适合在忙碌之余放松心情慢慢欣赏。整体而言，该作在题材表达与情感渲染上均有可取之处，剧情张弛有度，角色令人印象深刻，是一部完成度较高、值得推荐的作品。
1514,primary,zh-CN,昨日之歌,《昨日之歌》改编自同名漫画。在都市中生活的青年男女们的恋爱物语。作品以恋爱、日常与群像为特色，动画的氛围沉静，角色们的情感细腻真实，是一部充满真实感的青年恋爱作品。作品在甜蜜之余也保留了青春特有的青涩与迷茫，主角在感情中的成长与抉择贯穿始终，配乐温润、画面明丽，将恋爱中的忐忑、欢喜与遗憾都拿捏得恰到好处，适合慢慢品味。整体而言，该作在题材表达与情感渲染上均有可取之处，剧情张弛有度，角色令人印象深刻，是一部完成度较高、值得推荐的作品。
1515,primary,zh-CN,你好 世界,《你好 世界》是剧场版动画，讲述少年在虚拟世界中的冒险。少年直实在虚拟世界中为了拯救未来的恋人而行动，作品以科幻、恋爱与冒险为主题，动画的画面精美，直实的旅程充满震撼，是一部充满想象力的作品。角色间的互动刻画得细腻自然，那些欲言又止的心意、别扭又真诚的靠近都真实而动人，情感线与日常情节交织，让观众在会心一笑与怦然心动之间反复横跳，是一部让人回味无穷的恋爱物语。整体而言，该作在题材表达与情感渲染上均有可取之处，剧情张弛有度，角色令人印象深刻，是一部完成度较高、值得推荐的作品。
1516,primary,zh-CN,知晓天空之蓝的人啊,《知晓天空之蓝的人啊》是剧场版动画，讲述少女与乐队的物语。在地方都市中，少女与青年们的音乐与青春，作品以恋爱、音乐与青春为主题，动画的画面精美，角色们的情感细腻动人，是一部温馨的作品。角色间的互动刻画得细腻自然，那些欲言又止的心意、别扭又真诚的靠近都真实而动人，情感线与日常情节交织，让观众在会心一笑与怦然心动之间反复横跳，是一部让人回味无穷的恋爱物语。整体而言，该作在题材表达与情感渲染上均有可取之处，剧情张弛有度，角色令人印象深刻，是一部完成度较高、值得推荐的作品。
1517,primary,zh-CN,为谁而炼金,《为谁而炼金》改编自同名游戏，讲述少年们在炼金世界的冒险。作品以奇幻、冒险与热血为特色，动画的战斗场面华丽，少年们的成长与羁绊贯穿始终，是游戏改编动画的作品。动作设计与演出张力俱佳，随着剧情推进，主角面对的敌人越来越强，战斗方式与自身局限的突破层层升级，配乐与画面配合出色，将热血少年向作品应有的爽快感与成长感都演绎得十分到位。整体而言，该作在题材表达与情感渲染上均有可取之处，剧情张弛有度，角色令人印象深刻，是一部完成度较高、值得推荐的作品。
1518,primary,zh-CN,天气之子,《天气之子》是新海诚的剧场版动画，讲述少年与拥有改变天气能力的少女的物语。帆高在东京与天野阳菜相遇，作品以恋爱、奇幻与成长为主题，动画的画面美到极致，两人的羁绊令人动容，是现象级的动画电影。角色间的互动刻画得细腻自然，那些欲言又止的心意、别扭又真诚的靠近都真实而动人，情感线与日常情节交织，让观众在会心一笑与怦然心动之间反复横跳，是一部让人回味无穷的恋爱物语。整体而言，该作在题材表达与情感渲染上均有可取之处，剧情张弛有度，角色令人印象深刻，是一部完成度较高、值得推荐的作品。
1519,primary,zh-CN,鲁邦三世 THE FIRST,《鲁邦三世 THE FIRST》是《鲁邦三世》的3DCG剧场版，怪盗鲁邦的冒险。本作鲁邦与谜之宝物展开对决，作品以怪盗、冒险与搞笑为特色，动画的3DCG画面华丽，鲁邦的机智与魅力令人着迷，是鲁邦系列的剧场版。世界观设定丰富而自成体系，随着冒险推进，更多奇妙的种族、地点与力量体系逐一展开，角色们在旅途中收获成长与羁绊，画面与配乐共同营造出充满想象力的奇幻氛围，令人沉浸其中。整体而言，该作在题材表达与情感渲染上均有可取之处，剧情张弛有度，角色令人印象深刻，是一部完成度较高、值得推荐的作品。
1520,primary,zh-CN,剧场版 新干线变形机器人 来自未来的神速ALFA-X,《剧场版 新干线变形机器人 来自未来的神速ALFA-X》是新干线变形机器人系列的剧场版，少年们的战斗。本作围绕来自未来的神速ALFA-X展开，作品以机战、热血与群像为特色，动画的战斗场面华丽，是适合少年观众的作品。动作设计与演出张力俱佳，随着剧情推进，主角面对的敌人越来越强，战斗方式与自身局限的突破层层升级，配乐与画面配合出色，将热血少年向作品应有的爽快感与成长感都演绎得十分到位。整体而言，该作在题材表达与情感渲染上均有可取之处，剧情张弛有度，角色令人印象深刻，是一部完成度较高、值得推荐的作品。
1521,primary,zh-CN,八男？别闹了！,《八男？别闹了！》改编自同名轻小说。转生少年一宫在异世界中成长。作品以异世界、轻松冒险与后宫为特色，一宫的强大与冒险充满看点，动画的氛围轻松，是一部标准的异世界作品。作品没有强烈的戏剧冲突，却以细腻的笔触捕捉日常中的微小幸福，角色的喜怒哀乐真实可感，在平实的叙述中悄然传递着生活的温度，适合在忙碌之余放松心情慢慢欣赏。整体而言，该作在题材表达与情感渲染上均有可取之处，剧情张弛有度，角色令人印象深刻，是一部完成度较高、值得推荐的作品。
1522,primary,zh-CN,我的青春恋爱物语果然有问题 完,《我的青春恋爱物语果然有问题 完》是《我的青春恋爱物语》的完结篇，比企谷八幡的青春物语迎来结局。本作八幡在侍奉部与少女们的关系迎来最终章，作品以校园、恋爱与吐槽为特色，八幡的内心独白依旧犀利，是春物系列的完结篇。角色间的互动刻画得细腻自然，那些欲言又止的心意、别扭又真诚的靠近都真实而动人，情感线与日常情节交织，让观众在会心一笑与怦然心动之间反复横跳，是一部让人回味无穷的恋爱物语。整体而言，该作在题材表达与情感渲染上均有可取之处，剧情张弛有度，角色令人印象深刻，是一部完成度较高、值得推荐的作品。
1523,primary,zh-CN,辉夜大小姐想让我告白?～天才们的恋爱头脑战～,《辉夜大小姐想让我告白?～天才们的恋爱头脑战～》是《辉夜大小姐》第二季，白银与辉夜的恋爱头脑战继续。本作两人的恋爱博弈更加激烈，作品以恋爱、搞笑与头脑战为特色，动画的演出夸张、笑点密集，是近年来口碑极佳的恋爱喜剧。作品在甜蜜之余也保留了青春特有的青涩与迷茫，主角在感情中的成长与抉择贯穿始终，配乐温润、画面明丽，将恋爱中的忐忑、欢喜与遗憾都拿捏得恰到好处，适合慢慢品味。整体而言，该作在题材表达与情感渲染上均有可取之处，剧情张弛有度，角色令人印象深刻，是一部完成度较高、值得推荐的作品。
1524,primary,zh-CN,隐瞒之事,《隐瞒之事》改编自久米田康治的同名漫画。漫画家后藤可久士隐瞒自己的工作照顾女儿。作品以日常、亲情与搞笑为特色，可久士的隐瞒充满笑料与温情，动画的氛围温暖，是一部治愈系的作品。作品没有强烈的戏剧冲突，却以细腻的笔触捕捉日常中的微小幸福，角色的喜怒哀乐真实可感，在平实的叙述中悄然传递着生活的温度，适合在忙碌之余放松心情慢慢欣赏。整体而言，该作在题材表达与情感渲染上均有可取之处，剧情张弛有度，角色令人印象深刻，是一部完成度较高、值得推荐的作品。
1525,primary,zh-CN,小书痴的下克上 〜为了成为图书管理员而不择手段〜 第二季,《小书痴的下克上 第二季》延续第一季，爱书少女的物语继续。本作少女为了成为图书管理员继续努力，作品以异世界、日常与成长为主题，少女的执着充满看点，动画的氛围温暖，是一部独特的作品。作品没有强烈的戏剧冲突，却以细腻的笔触捕捉日常中的微小幸福，角色的喜怒哀乐真实可感，在平实的叙述中悄然传递着生活的温度，适合在忙碌之余放松心情慢慢欣赏。整体而言，该作在题材表达与情感渲染上均有可取之处，剧情张弛有度，角色令人印象深刻，是一部完成度较高、值得推荐的作品。
1526,primary,zh-CN,邪神与厨二病少女’,《邪神与厨二病少女'》延续系列，邪神酱与花园百合铃的日常继续。本作邪神酱的恶搞与百合铃的暴力依旧充满笑料，作品以搞笑、日常与魔界为特色，动画的氛围轻松，是一部让人捧腹的日常喜剧。画风清新、节奏舒缓，人物之间的相处自然而温暖，那些平凡琐碎的片段在动画的演绎下变得闪闪发光，传递出一种治愈人心的宁静力量，是治愈系爱好者不容错过的作品。整体而言，该作在题材表达与情感渲染上均有可取之处，剧情张弛有度，角色令人印象深刻，是一部完成度较高、值得推荐的作品。
1527,primary,zh-CN,公主连结 Re:Dive,《公主连结 Re:Dive》改编自同名游戏，讲述少年在异世界的冒险。失忆的少年与公主们在兰德索尔的冒险，作品以奇幻、轻松冒险与群像为特色，动画的氛围轻松，角色们的互动充满萌点，是游戏改编动画的作品。作品没有强烈的戏剧冲突，却以细腻的笔触捕捉日常中的微小幸福，角色的喜怒哀乐真实可感，在平实的叙述中悄然传递着生活的温度，适合在忙碌之余放松心情慢慢欣赏。整体而言，该作在题材表达与情感渲染上均有可取之处，剧情张弛有度，角色令人印象深刻，是一部完成度较高、值得推荐的作品。
1528,primary,zh-CN,刀剑神域 爱丽丝篇 异界战争 -终章-,《刀剑神域 爱丽丝篇 异界战争 -终章-》是《刀剑神域》爱丽丝篇的最终章，桐人的战斗迎来高潮。本作围绕人界与暗之国的决战展开，作品以科幻、战斗与羁绊为主题，动画的战斗场面华丽，桐人与爱丽丝的羁绊充满张力，是SAO系列的重要篇章。动画的节奏把控张弛有度，战斗场面的分镜与作画都相当扎实，主角在与强敌的较量中不断突破自我，和同伴之间建立的信任与羁绊也为剧情增添了温度，热血与感动并存，值得一看。整体而言，该作在题材表达与情感渲染上均有可取之处，剧情张弛有度，角色令人印象深刻，是一部完成度较高、值得推荐的作品。
1529,primary,zh-CN,IDOLiSH7-偶像星愿- Second BEAT!,《IDOLiSH7-偶像星愿- Second BEAT!》延续系列，偶像组合IDOLiSH7的物语继续。本作少年们在偶像舞台上迎接新的挑战，作品以音乐、偶像与群像为特色，歌曲与舞台演出华丽，是偶像动画的佳作。角色的个性塑造鲜明，舞台上的自信与生活中的可爱形成反差，团队协作与个人成长双线并进，歌舞编排赏心悦目，让观众既能享受视听盛宴，也能为少女们的梦想与坚持而感动。整体而言，该作在题材表达与情感渲染上均有可取之处，剧情张弛有度，角色令人印象深刻，是一部完成度较高、值得推荐的作品。
1530,primary,zh-CN,食戟之灵 豪之皿,《食戟之灵 豪之皿》是《食戟之灵》第五季，幸平创真的料理战斗继续。本作创真在BLUE的料理对决中迎接挑战，作品以美食、热血与竞技为特色，动画对料理的描绘令人垂涎欲滴，比赛场面紧张刺激，是美食题材动画的经典。动作设计与演出张力俱佳，随着剧情推进，主角面对的敌人越来越强，战斗方式与自身局限的突破层层升级，配乐与画面配合出色，将热血少年向作品应有的爽快感与成长感都演绎得十分到位。整体而言，该作在题材表达与情感渲染上均有可取之处，剧情张弛有度，角色令人印象深刻，是一部完成度较高、值得推荐的作品。
1531,primary,zh-CN,水果篮子 第二季,《水果篮子 第二季》延续第一季，本田透在草摩家的日常继续。本作草摩家的诅咒与透的羁绊进一步展开，作品以治愈、群像与奇幻为特色，动画的氛围温暖，是经典作品的重新动画化。作品没有强烈的戏剧冲突，却以细腻的笔触捕捉日常中的微小幸福，角色的喜怒哀乐真实可感，在平实的叙述中悄然传递着生活的温度，适合在忙碌之余放松心情慢慢欣赏。整体而言，该作在题材表达与情感渲染上均有可取之处，剧情张弛有度，角色令人印象深刻，是一部完成度较高、值得推荐的作品。
1532,primary,zh-CN,游戏王 七星,《游戏王 七星》是游戏王系列动画，讲述决斗者们的战斗。本作围绕新篇章展开，作品以卡牌、热血与决斗为特色，动画的决斗场面华丽，是游戏王系列的衍生作品。动作设计与演出张力俱佳，随着剧情推进，主角面对的敌人越来越强，战斗方式与自身局限的突破层层升级，配乐与画面配合出色，将热血少年向作品应有的爽快感与成长感都演绎得十分到位。整体而言，该作在题材表达与情感渲染上均有可取之处，剧情张弛有度，角色令人印象深刻，是一部完成度较高、值得推荐的作品。
1533,primary,zh-CN,甜梦猫,《甜梦猫》是少女向动画，讲述小猫与少女的物语。少女与谜之小猫的相遇展开温馨的日常，作品以萌宠、魔法与治愈为特色，动画画风可爱、氛围温暖，是适合少女观众的治愈作品。作品没有强烈的戏剧冲突，却以细腻的笔触捕捉日常中的微小幸福，角色的喜怒哀乐真实可感，在平实的叙述中悄然传递着生活的温度，适合在忙碌之余放松心情慢慢欣赏。整体而言，该作在题材表达与情感渲染上均有可取之处，剧情张弛有度，角色令人印象深刻，是一部完成度较高、值得推荐的作品。
1534,primary,zh-CN,棒球大联盟2nd 第二季,《棒球大联盟2nd 第二季》延续第一季，大吾的棒球物语继续。本作大吾在棒球场上迎接新的挑战，作品以棒球、热血与青春为特色，动画的比赛场面充满激情，大吾的成长令人动容，是棒球大联盟系列的续作。动画的节奏把控张弛有度，战斗场面的分镜与作画都相当扎实，主角在与强敌的较量中不断突破自我，和同伴之间建立的信任与羁绊也为剧情增添了温度，热血与感动并存，值得一看。整体而言，该作在题材表达与情感渲染上均有可取之处，剧情张弛有度，角色令人印象深刻，是一部完成度较高、值得推荐的作品。
1535,primary,zh-CN,文豪与炼金术师 ～审判的齿轮～,《文豪与炼金术师 ～审判的齿轮～》改编自同名游戏。文豪们在与侵蚀者战斗中守护文学。作品以文豪拟人、战斗与群像为特色，动画的画风华丽，文豪们的战斗充满魅力，是游戏改编动画的作品。动作设计与演出张力俱佳，随着剧情推进，主角面对的敌人越来越强，战斗方式与自身局限的突破层层升级，配乐与画面配合出色，将热血少年向作品应有的爽快感与成长感都演绎得十分到位。整体而言，该作在题材表达与情感渲染上均有可取之处，剧情张弛有度，角色令人印象深刻，是一部完成度较高、值得推荐的作品。
1536,primary,zh-CN,继 怪怪守护神,《继 怪怪守护神》延续第一季，加贺见一也与桐叶的物语继续。本作一也作为主人的责任进一步展开，作品以战斗、奇幻与后宫为特色，动画的战斗场面华丽，人设精美，是一部轻松与热血并存的作品。动作设计与演出张力俱佳，随着剧情推进，主角面对的敌人越来越强，战斗方式与自身局限的突破层层升级，配乐与画面配合出色，将热血少年向作品应有的爽快感与成长感都演绎得十分到位。整体而言，该作在题材表达与情感渲染上均有可取之处，剧情张弛有度，角色令人印象深刻，是一部完成度较高、值得推荐的作品。
1537,primary,zh-CN,社长，战斗时间到！,《社长，战斗时间到！》改编自同名游戏。少年们作为社长与魔物战斗。作品以搞笑、战斗与日常为特色，动画的氛围轻松，社长们的战斗充满趣味，是游戏改编动画的作品。动画的节奏把控张弛有度，战斗场面的分镜与作画都相当扎实，主角在与强敌的较量中不断突破自我，和同伴之间建立的信任与羁绊也为剧情增添了温度，热血与感动并存，值得一看。整体而言，该作在题材表达与情感渲染上均有可取之处，剧情张弛有度，角色令人印象深刻，是一部完成度较高、值得推荐的作品。
1538,primary,zh-CN,转生成为了只有乙女游戏破灭Flag的邪恶大小姐,《转生成为了只有乙女游戏破灭Flag的邪恶大小姐》改编自同名轻小说。少女转生为游戏中的反派大小姐，为避开破灭而行动。作品以异世界、搞笑与恋爱为特色，卡塔莉娜的反差充满萌点，动画的氛围轻松，是一部欢乐的作品。作品在甜蜜之余也保留了青春特有的青涩与迷茫，主角在感情中的成长与抉择贯穿始终，配乐温润、画面明丽，将恋爱中的忐忑、欢喜与遗憾都拿捏得恰到好处，适合慢慢品味。整体而言，该作在题材表达与情感渲染上均有可取之处，剧情张弛有度，角色令人印象深刻，是一部完成度较高、值得推荐的作品。
1539,primary,zh-CN,白猫计划 零之纪元,《白猫计划 零之纪元》改编自同名游戏，讲述王国的物语。少女们在王国的冒险与战斗，作品以冒险、战斗与群像为特色，动画的战斗场面华丽，角色们的成长与羁绊贯穿始终，是游戏改编动画的作品。动作设计与演出张力俱佳，随着剧情推进，主角面对的敌人越来越强，战斗方式与自身局限的突破层层升级，配乐与画面配合出色，将热血少年向作品应有的爽快感与成长感都演绎得十分到位。整体而言，该作在题材表达与情感渲染上均有可取之处，剧情张弛有度，角色令人印象深刻，是一部完成度较高、值得推荐的作品。
1540,primary,zh-CN,放学后海堤日记,《放学后海堤日记》改编自同名漫画。少女们在海堤部的钓鱼日常。作品以日常、治愈与钓鱼为特色，动画画风清新、氛围轻松，少女们的钓鱼活动充满趣味，是一部治愈系的作品。作品没有强烈的戏剧冲突，却以细腻的笔触捕捉日常中的微小幸福，角色的喜怒哀乐真实可感，在平实的叙述中悄然传递着生活的温度，适合在忙碌之余放松心情慢慢欣赏。整体而言，该作在题材表达与情感渲染上均有可取之处，剧情张弛有度，角色令人印象深刻，是一部完成度较高、值得推荐的作品。
1541,primary,zh-CN,聆听者,《聆听者》是原创动画，讲述在声音被剥夺的世界中，少年的物语。少年艾克与谜之少女在音乐的世界中冒险，作品以音乐、科幻与群像为特色，动画的氛围独特，是一部风格新颖的作品。角色的个性塑造鲜明，舞台上的自信与生活中的可爱形成反差，团队协作与个人成长双线并进，歌舞编排赏心悦目，让观众既能享受视听盛宴，也能为少女们的梦想与坚持而感动。整体而言，该作在题材表达与情感渲染上均有可取之处，剧情张弛有度，角色令人印象深刻，是一部完成度较高、值得推荐的作品。
1542,primary,zh-CN,听着这电波,《听着这电波》改编自同名漫画。在深夜电台的节目中，女主播的搞笑日常。作品以搞笑、职场与群像为特色，动画的氛围轻松，女主播的电台生活充满笑料，是一部让人捧腹的作品。作品没有强烈的戏剧冲突，却以细腻的笔触捕捉日常中的微小幸福，角色的喜怒哀乐真实可感，在平实的叙述中悄然传递着生活的温度，适合在忙碌之余放松心情慢慢欣赏。整体而言，该作在题材表达与情感渲染上均有可取之处，剧情张弛有度，角色令人印象深刻，是一部完成度较高、值得推荐的作品。
1543,primary,zh-CN,阿尔蒂,《阿尔蒂》改编自同名漫画。在女性难以成为画家的时代，少女阿尔蒂追求绘画梦想。作品以艺术、励志与群像为主题，阿尔蒂的执着与成长令人动容，动画的氛围温暖，是一部励志的作品。作品对历史背景的还原细致入微，时代的风貌与人物命运交织，角色在历史的洪流中做出抉择、书写传奇，史诗感与人物塑造并重，让观众在感受厚重历史的同时也被其中的情怀打动。整体而言，该作在题材表达与情感渲染上均有可取之处，剧情张弛有度，角色令人印象深刻，是一部完成度较高、值得推荐的作品。
1544,primary,zh-CN,影之诗,《影之诗》改编自同名游戏，讲述少年们的卡牌对战。主角们在影之诗的卡牌战斗中成长，作品以卡牌、热血与竞技为特色，动画的战斗场面华丽，是游戏改编动画的作品。动作设计与演出张力俱佳，随着剧情推进，主角面对的敌人越来越强，战斗方式与自身局限的突破层层升级，配乐与画面配合出色，将热血少年向作品应有的爽快感与成长感都演绎得十分到位。整体而言，该作在题材表达与情感渲染上均有可取之处，剧情张弛有度，角色令人印象深刻，是一部完成度较高、值得推荐的作品。
1545,primary,zh-CN,数码宝贝大冒险：,《数码宝贝大冒险：》是数码宝贝系列的新作，被选召的孩子们与数码宝贝的冒险。本作重新演绎经典的物语，作品以冒险、友情与成长为主题，动画的战斗场面华丽，是数码宝贝系列的新篇章。动作设计与演出张力俱佳，随着剧情推进，主角面对的敌人越来越强，战斗方式与自身局限的突破层层升级，配乐与画面配合出色，将热血少年向作品应有的爽快感与成长感都演绎得十分到位。整体而言，该作在题材表达与情感渲染上均有可取之处，剧情张弛有度，角色令人印象深刻，是一部完成度较高、值得推荐的作品。
1546,primary,zh-CN,新樱花大战 the Animation,《新樱花大战 the Animation》是《樱花大战》的新作动画，帝国华击团的战斗。本作少女们在帝都的战斗与日常，作品以战斗、群像与蒸汽朋克为特色，动画的氛围华丽，是樱花大战系列的续作。动画的节奏把控张弛有度，战斗场面的分镜与作画都相当扎实，主角在与强敌的较量中不断突破自我，和同伴之间建立的信任与羁绊也为剧情增添了温度，热血与感动并存，值得一看。整体而言，该作在题材表达与情感渲染上均有可取之处，剧情张弛有度，角色令人印象深刻，是一部完成度较高、值得推荐的作品。
1547,primary,zh-CN,辣妹与恐龙,《辣妹与恐龙》改编自同名漫画。辣妹与穿越到现代的恐龙的同居日常。作品以搞笑、日常与萌宠为特色，恐龙与辣妹的互动充满笑料，动画的氛围轻松，是一部让人捧腹的作品。画风清新、节奏舒缓，人物之间的相处自然而温暖，那些平凡琐碎的片段在动画的演绎下变得闪闪发光，传递出一种治愈人心的宁静力量，是治愈系爱好者不容错过的作品。整体而言，该作在题材表达与情感渲染上均有可取之处，剧情张弛有度，角色令人印象深刻，是一部完成度较高、值得推荐的作品。
1548,primary,zh-CN,神之塔,《神之塔》改编自同名漫画。少年夜为了寻找朋友而挑战神之塔。作品以冒险、战斗与群像为特色，动画的氛围独特，夜的攀登与塔的真相层层展开，是一部风格新颖的作品。动作设计与演出张力俱佳，随着剧情推进，主角面对的敌人越来越强，战斗方式与自身局限的突破层层升级，配乐与画面配合出色，将热血少年向作品应有的爽快感与成长感都演绎得十分到位。整体而言，该作在题材表达与情感渲染上均有可取之处，剧情张弛有度，角色令人印象深刻，是一部完成度较高、值得推荐的作品。
1549,primary,zh-CN,格莱普尼尔,《格莱普尼尔》改编自同名漫画。少年加贺谷修一与少女青木红爱的战斗。作品以战斗、悬疑与奇幻为特色，动画的氛围紧张，修一的变身与真相层层展开，是一部硬核的作品。动画的节奏把控张弛有度，战斗场面的分镜与作画都相当扎实，主角在与强敌的较量中不断突破自我，和同伴之间建立的信任与羁绊也为剧情增添了温度，热血与感动并存，值得一看。整体而言，该作在题材表达与情感渲染上均有可取之处，剧情张弛有度，角色令人印象深刻，是一部完成度较高、值得推荐的作品。
1550,primary,zh-CN,ARGONAVIS from BanG Dream! ANIMATION,《ARGONAVIS from BanG Dream! ANIMATION》是BanG Dream企划的男性乐队动画，少年们的乐队物语。本作少年们在音乐中追逐梦想，作品以音乐、青春与群像为特色，动画的歌曲动人，是BanG Dream企划的衍生作品。角色的个性塑造鲜明，舞台上的自信与生活中的可爱形成反差，团队协作与个人成长双线并进，歌舞编排赏心悦目，让观众既能享受视听盛宴，也能为少女们的梦想与坚持而感动。
1551,primary,zh-CN,被我的手指扰乱吧。~在闭店后二人独处的沙龙…~,《被我的手指扰乱吧。~在闭店后二人独处的沙龙…~》是短篇成人向动画，讲述美发师与客人的恋爱。作品以恋爱、成年向与日常为特色，动画的氛围暧昧，两人的互动充满张力，是一部面向成人的恋爱作品。角色间的互动刻画得细腻自然，那些欲言又止的心意、别扭又真诚的靠近都真实而动人，情感线与日常情节交织，让观众在会心一笑与怦然心动之间反复横跳，是一部让人回味无穷的恋爱物语。整体而言，该作在题材表达与情感渲染上均有可取之处，剧情张弛有度，角色令人印象深刻，是一部完成度较高、值得推荐的作品。
1552,primary,zh-CN,王者天下 第三季,《王者天下 第三季》延续系列，信与嬴政的统一之路继续。本作围绕合纵连横的战争展开，作品以历史、战争与热血为特色，动画的战争场面宏大，信的成长令人动容，是王者天下系列的续作。动画的节奏把控张弛有度，战斗场面的分镜与作画都相当扎实，主角在与强敌的较量中不断突破自我，和同伴之间建立的信任与羁绊也为剧情增添了温度，热血与感动并存，值得一看。整体而言，该作在题材表达与情感渲染上均有可取之处，剧情张弛有度，角色令人印象深刻，是一部完成度较高、值得推荐的作品。
1553,primary,zh-CN,球咏,《球咏》改编自同名漫画。少女们在高中棒球部的物语。作品以棒球、青春与群像为特色，动画的氛围青春，少女们的训练与比赛充满活力，是一部扎实的运动作品。角色的成长与友情线索贯穿始终，校园场景的描绘充满生活气息，那些关于梦想、竞争与陪伴的片段真实动人，在轻松愉快的基调里传递着积极向上的力量，令人会心一笑。整体而言，该作在题材表达与情感渲染上均有可取之处，剧情张弛有度，角色令人印象深刻，是一部完成度较高、值得推荐的作品。
1554,primary,zh-CN,非枪人生 第2部分,《非枪人生 第2部分》延续第一季，乾十三的战斗继续。本作十三在都市中的行动进一步展开，作品以科幻、战斗与群像为特色，动画的氛围冷峻，十三的力量与都市的真相层层展开，是一部硬核的作品。动作设计与演出张力俱佳，随着剧情推进，主角面对的敌人越来越强，战斗方式与自身局限的突破层层升级，配乐与画面配合出色，将热血少年向作品应有的爽快感与成长感都演绎得十分到位。整体而言，该作在题材表达与情感渲染上均有可取之处，剧情张弛有度，角色令人印象深刻，是一部完成度较高、值得推荐的作品。
1555,primary,zh-CN,GIRL学。～圣GIRLS²学园～,《GIRL学。～圣GIRLS²学园～》是偶像题材的短篇动画，少女们的偶像学园日常。作品以偶像、日常与群像为特色，动画画风可爱、篇幅短小，在轻松的日常中展现少女们的互动，是一部轻松解压的泡面番。作品没有强烈的戏剧冲突，却以细腻的笔触捕捉日常中的微小幸福，角色的喜怒哀乐真实可感，在平实的叙述中悄然传递着生活的温度，适合在忙碌之余放松心情慢慢欣赏。整体而言，该作在题材表达与情感渲染上均有可取之处，剧情张弛有度，角色令人印象深刻，是一部完成度较高、值得推荐的作品。
1556,primary,zh-CN,Re：从零开始的异世界生活 冰结之绊,《Re：从零开始的异世界生活 冰结之绊》是《Re：从零开始的异世界生活》的OVA，爱蜜莉雅的物语。本作围绕爱蜜莉雅的过去展开，作品以异世界、悬疑与治愈为特色，动画的氛围温暖，是Re零系列的番外作品。画风清新、节奏舒缓，人物之间的相处自然而温暖，那些平凡琐碎的片段在动画的演绎下变得闪闪发光，传递出一种治愈人心的宁静力量，是治愈系爱好者不容错过的作品。整体而言，该作在题材表达与情感渲染上均有可取之处，剧情张弛有度，角色令人印象深刻，是一部完成度较高、值得推荐的作品。
1557,primary,zh-CN,偶像大师 灰姑娘女孩剧场 Extra Stage,《偶像大师 灰姑娘女孩剧场 Extra Stage》延续系列，灰姑娘女孩偶像们的Q版日常继续。作品以偶像、搞笑与日常为特色，动画画风可爱、篇幅短小，在轻松的日常中展现偶像们的互动，是灰姑娘女孩系列的番外作品。作品没有强烈的戏剧冲突，却以细腻的笔触捕捉日常中的微小幸福，角色的喜怒哀乐真实可感，在平实的叙述中悄然传递着生活的温度，适合在忙碌之余放松心情慢慢欣赏。整体而言，该作在题材表达与情感渲染上均有可取之处，剧情张弛有度，角色令人印象深刻，是一部完成度较高、值得推荐的作品。
1558,primary,zh-CN,旭日,《旭日》是短篇动画，讲述少女们的日常。作品以日常、治愈与群像为特色，动画画风精美、氛围宁静，在轻松的日常中展现少女们的情感，是一部短小却温馨的作品。作品没有强烈的戏剧冲突，却以细腻的笔触捕捉日常中的微小幸福，角色的喜怒哀乐真实可感，在平实的叙述中悄然传递着生活的温度，适合在忙碌之余放松心情慢慢欣赏。整体而言，该作在题材表达与情感渲染上均有可取之处，剧情张弛有度，角色令人印象深刻，是一部完成度较高、值得推荐的作品。
1559,primary,zh-CN,富豪刑事 Balance:UNLIMITED,《富豪刑事 Balance:UNLIMITED》改编自筒井康隆的小说。富豪刑警大助与搭档加藤的办案日常。作品以警察、搞笑与群像为特色，大助的财大气粗与加藤的吐槽充满笑料，动画的氛围轻松，是一部欢乐的作品。画风清新、节奏舒缓，人物之间的相处自然而温暖，那些平凡琐碎的片段在动画的演绎下变得闪闪发光，传递出一种治愈人心的宁静力量，是治愈系爱好者不容错过的作品。整体而言，该作在题材表达与情感渲染上均有可取之处，剧情张弛有度，角色令人印象深刻，是一部完成度较高、值得推荐的作品。
1560,primary,zh-CN,座敷童子榻榻米酱,《座敷童子榻榻米酱》是短篇动画，讲述座敷童子与青年的日常。作品以妖怪、日常与治愈为特色，动画画风可爱、氛围温暖，在轻松的日常中展现座敷童子的互动，是一部治愈系的泡面番。作品没有强烈的戏剧冲突，却以细腻的笔触捕捉日常中的微小幸福，角色的喜怒哀乐真实可感，在平实的叙述中悄然传递着生活的温度，适合在忙碌之余放松心情慢慢欣赏。整体而言，该作在题材表达与情感渲染上均有可取之处，剧情张弛有度，角色令人印象深刻，是一部完成度较高、值得推荐的作品。
1561,primary,zh-CN,魔神英雄传 七魂的龙神丸,《魔神英雄传 七魂的龙神丸》延续系列，战部渡与龙神丸的冒险继续。本作围绕七魂的龙神丸展开，作品以机战、冒险与热血为特色，动画的战斗场面华丽，是魔神英雄传系列的续作。动画的节奏把控张弛有度，战斗场面的分镜与作画都相当扎实，主角在与强敌的较量中不断突破自我，和同伴之间建立的信任与羁绊也为剧情增添了温度，热血与感动并存，值得一看。整体而言，该作在题材表达与情感渲染上均有可取之处，剧情张弛有度，角色令人印象深刻，是一部完成度较高、值得推荐的作品。
1562,primary,zh-CN,噬血狂袭 IV,《噬血狂袭 IV》延续系列，晓古城的吸血鬼战斗继续。本作古城与姬柊雪菜的羁绊进一步加深，作品以吸血鬼、战斗与后宫为特色，动画的战斗场面华丽，福利与热血并存，是噬血狂袭系列的衍生作品。动作设计与演出张力俱佳，随着剧情推进，主角面对的敌人越来越强，战斗方式与自身局限的突破层层升级，配乐与画面配合出色，将热血少年向作品应有的爽快感与成长感都演绎得十分到位。整体而言，该作在题材表达与情感渲染上均有可取之处，剧情张弛有度，角色令人印象深刻，是一部完成度较高、值得推荐的作品。
1563,primary,zh-CN,高达创形者 再起 2nd Season,《高达创形者 再起 2nd Season》延续系列，高达模型对战的物语继续。本作少年们在模型对战世界中迎接新的挑战，作品以高达模型、战斗与热血为特色，动画的战斗场面华丽，是高达创形者系列的续作。动作设计与演出张力俱佳，随着剧情推进，主角面对的敌人越来越强，战斗方式与自身局限的突破层层升级，配乐与画面配合出色，将热血少年向作品应有的爽快感与成长感都演绎得十分到位。整体而言，该作在题材表达与情感渲染上均有可取之处，剧情张弛有度，角色令人印象深刻，是一部完成度较高、值得推荐的作品。
1564,primary,zh-CN,岸边露伴一动不动 OVA,《岸边露伴一动不动 OVA》是《JOJO的奇妙冒险》的番外动画，漫画家岸边露伴的奇妙体验。本作露伴在取材中遭遇诡异的事件，作品以悬疑、猎奇与JOJO的世界观为特色，动画的氛围诡异，是JOJO系列的番外作品。剧情层层递进、伏笔密布，随着线索的不断拼合，真相逐渐浮出水面，每一次反转都在意料之外又情理之中，细节经得起推敲，氛围营造到位，是喜欢烧脑故事的观众不可错过之作。整体而言，该作在题材表达与情感渲染上均有可取之处，剧情张弛有度，角色令人印象深刻，是一部完成度较高、值得推荐的作品。
1565,primary,zh-CN,普通攻击是全体攻击而且能二次攻击的妈妈你喜欢吗？ OVA,《普通攻击是全体攻击而且能二次攻击的妈妈你喜欢吗？ OVA》是系列的OVA，大好真真与妈妈的冒险番外。本作以轻松的日常为主，作品以异世界、搞笑与家庭为特色，妈妈强大的战斗力充满笑料，是系列作品的番外。动作设计与演出张力俱佳，随着剧情推进，主角面对的敌人越来越强，战斗方式与自身局限的突破层层升级，配乐与画面配合出色，将热血少年向作品应有的爽快感与成长感都演绎得十分到位。整体而言，该作在题材表达与情感渲染上均有可取之处，剧情张弛有度，角色令人印象深刻，是一部完成度较高、值得推荐的作品。
1566,primary,zh-CN,啄木鸟侦探社,《啄木鸟侦探社》改编自同名小说。诗人石川啄木在侦探社中的推理。作品以推理、时代与群像为特色，动画的氛围优雅，啄木的推理与诗才充满魅力，是一部风格独特的作品。剧情层层递进、伏笔密布，随着线索的不断拼合，真相逐渐浮出水面，每一次反转都在意料之外又情理之中，细节经得起推敲，氛围营造到位，是喜欢烧脑故事的观众不可错过之作。整体而言，该作在题材表达与情感渲染上均有可取之处，剧情张弛有度，角色令人印象深刻，是一部完成度较高、值得推荐的作品。
1567,primary,zh-CN,攻壳机动队 SAC_2045,《攻壳机动队 SAC_2045》是《攻壳机动队》的新作，草薙素子与公安九课的物语。本作围绕2045年的世界展开，作品以科幻、悬疑与群像为特色，动画的3DCG画面精美，是一部硬核的科幻作品。剧情层层递进、伏笔密布，随着线索的不断拼合，真相逐渐浮出水面，每一次反转都在意料之外又情理之中，细节经得起推敲，氛围营造到位，是喜欢烧脑故事的观众不可错过之作。整体而言，该作在题材表达与情感渲染上均有可取之处，剧情张弛有度，角色令人印象深刻，是一部完成度较高、值得推荐的作品。
1568,primary,zh-CN,别册奥林匹克之环,《别册奥林匹克之环》是短篇动画，讲述古代与现代的交流。以奥林匹克为主题的搞笑故事，作品以历史、搞笑与日常为特色，动画篇幅短小、笑点密集，是一部轻松解压的泡面番。画风清新、节奏舒缓，人物之间的相处自然而温暖，那些平凡琐碎的片段在动画的演绎下变得闪闪发光，传递出一种治愈人心的宁静力量，是治愈系爱好者不容错过的作品。整体而言，该作在题材表达与情感渲染上均有可取之处，剧情张弛有度，角色令人印象深刻，是一部完成度较高、值得推荐的作品。
1569,primary,zh-CN,来自深渊 深沉灵魂的黎明,《来自深渊 深沉灵魂的黎明》是《来自深渊》的剧场版，莉可与雷古的冒险继续。本作围绕黎明卿的物语展开，作品以冒险、奇幻与黑暗为主题，动画的画面精美，莉可的旅程充满震撼，是来自深渊系列的剧场版。世界观设定丰富而自成体系，随着冒险推进，更多奇妙的种族、地点与力量体系逐一展开，角色们在旅途中收获成长与羁绊，画面与配乐共同营造出充满想象力的奇幻氛围，令人沉浸其中。整体而言，该作在题材表达与情感渲染上均有可取之处，剧情张弛有度，角色令人印象深刻，是一部完成度较高、值得推荐的作品。
1570,primary,zh-CN,来自深渊 启程之拂晓,《来自深渊 启程之拂晓》是《来自深渊》的剧场版总集篇，莉可与雷古的冒险重新编排。本作回顾第一季的剧情，作品以冒险、奇幻与黑暗为主题，动画的画面精美，是来自深渊系列的剧场版。世界观设定丰富而自成体系，随着冒险推进，更多奇妙的种族、地点与力量体系逐一展开，角色们在旅途中收获成长与羁绊，画面与配乐共同营造出充满想象力的奇幻氛围，令人沉浸其中。整体而言，该作在题材表达与情感渲染上均有可取之处，剧情张弛有度，角色令人印象深刻，是一部完成度较高、值得推荐的作品。
1571,primary,zh-CN,时光碎片,《时光碎片》是剧场版动画，讲述少女们的物语。以时光为主题，少女们的回忆与情感展开，作品以恋爱、百合与青春为特色，动画的氛围细腻，是一部充满文艺气息的作品。作品在甜蜜之余也保留了青春特有的青涩与迷茫，主角在感情中的成长与抉择贯穿始终，配乐温润、画面明丽，将恋爱中的忐忑、欢喜与遗憾都拿捏得恰到好处，适合慢慢品味。整体而言，该作在题材表达与情感渲染上均有可取之处，剧情张弛有度，角色令人印象深刻，是一部完成度较高、值得推荐的作品。
1572,primary,zh-CN,大欺诈师,《大欺诈师》是原创动画，讲述欺诈师罗兰的骗局。以世界为舞台，欺诈师们展开各种骗局，作品以悬疑、搞笑与群像为特色，动画的画风鲜艳、剧情充满反转，是一部风格独特的作品。角色的个性塑造鲜明，舞台上的自信与生活中的可爱形成反差，团队协作与个人成长双线并进，歌舞编排赏心悦目，让观众既能享受视听盛宴，也能为少女们的梦想与坚持而感动。整体而言，该作在题材表达与情感渲染上均有可取之处，剧情张弛有度，角色令人印象深刻，是一部完成度较高、值得推荐的作品。
1573,primary,zh-CN,刃牙 大擂台赛篇,《刃牙 大擂台赛篇》是《刃牙》的续作，格斗家们的对决继续。本作围绕大擂台赛展开，作品以格斗、热血与群像为特色，动画的战斗场面充满魄力，刃牙的成长令人热血沸腾，是格斗题材动画的经典。动画的节奏把控张弛有度，战斗场面的分镜与作画都相当扎实，主角在与强敌的较量中不断突破自我，和同伴之间建立的信任与羁绊也为剧情增添了温度，热血与感动并存，值得一看。整体而言，该作在题材表达与情感渲染上均有可取之处，剧情张弛有度，角色令人印象深刻，是一部完成度较高、值得推荐的作品。
1574,primary,zh-CN,想哭的我戴上了猫的面具,《想哭的我戴上了猫的面具》是剧场版动画，讲述少女与猫的物语。少女戴上猫的面具后变成猫，展开奇妙的旅程，作品以恋爱、奇幻与治愈为主题，动画的画面精美，少女的成长令人动容，是一部温馨的作品。作品在甜蜜之余也保留了青春特有的青涩与迷茫，主角在感情中的成长与抉择贯穿始终，配乐温润、画面明丽，将恋爱中的忐忑、欢喜与遗憾都拿捏得恰到好处，适合慢慢品味。整体而言，该作在题材表达与情感渲染上均有可取之处，剧情张弛有度，角色令人印象深刻，是一部完成度较高、值得推荐的作品。
1575,primary,zh-CN,没落要塞,《没落要塞》是原创动画，讲述在没落世界中的少年们的物语。少年们在与谜之怪物的战斗中生存，作品以科幻、悬疑与群像为特色，动画的氛围独特，世界的真相层层展开，是一部风格新颖的作品。动作设计与演出张力俱佳，随着剧情推进，主角面对的敌人越来越强，战斗方式与自身局限的突破层层升级，配乐与画面配合出色，将热血少年向作品应有的爽快感与成长感都演绎得十分到位。整体而言，该作在题材表达与情感渲染上均有可取之处，剧情张弛有度，角色令人印象深刻，是一部完成度较高、值得推荐的作品。
1576,primary,zh-CN,宝石幻想 光芒重现,《宝石幻想 光芒重现》改编自同名企划，少女们的偶像物语。本作少女们在魔法的世界中追逐梦想，作品以音乐、偶像与群像为特色，歌曲与舞台演出华丽，是偶像动画的作品。歌舞演出的画面制作精良，每一首歌都与角色心境和剧情推进紧密呼应，少女们在聚光灯下的闪耀与幕后流下的汗水同样动人，传递出追逐梦想、不懈努力的正能量，感染力十足。整体而言，该作在题材表达与情感渲染上均有可取之处，剧情张弛有度，角色令人印象深刻，是一部完成度较高、值得推荐的作品。
1577,primary,zh-CN,宇崎学妹想要玩！,《宇崎学妹想要玩！》改编自同名漫画。大学生樱井与学妹宇崎的日常。作品以恋爱、搞笑与日常为特色，宇崎的强势与樱井的吐槽充满笑料，动画的氛围轻松，是一部欢乐的恋爱喜剧。作品在甜蜜之余也保留了青春特有的青涩与迷茫，主角在感情中的成长与抉择贯穿始终，配乐温润、画面明丽，将恋爱中的忐忑、欢喜与遗憾都拿捏得恰到好处，适合慢慢品味。整体而言，该作在题材表达与情感渲染上均有可取之处，剧情张弛有度，角色令人印象深刻，是一部完成度较高、值得推荐的作品。
1578,primary,zh-CN,租借女友,《租借女友》改编自同名漫画。大学生木之下和也与租借女友水原千鹤的关系。作品以恋爱、搞笑与日常为特色，和也与千鹤的复杂关系充满看点，动画的氛围轻松，是一部欢乐的恋爱喜剧。角色间的互动刻画得细腻自然，那些欲言又止的心意、别扭又真诚的靠近都真实而动人，情感线与日常情节交织，让观众在会心一笑与怦然心动之间反复横跳，是一部让人回味无穷的恋爱物语。整体而言，该作在题材表达与情感渲染上均有可取之处，剧情张弛有度，角色令人印象深刻，是一部完成度较高、值得推荐的作品。
1579,primary,zh-CN,魔王学院的不适任者～史上最强的魔王始祖，转生就读子孙们的学校～,《魔王学院的不适任者～史上最强的魔王始祖，转生就读子孙们的学校～》改编自同名轻小说。魔王始祖阿诺斯转生到魔族的学园。作品以异世界、热血与爽快为特色，阿诺斯的强大充满魅力，动画的战斗场面华丽，是一部标准的异世界作品。动画的节奏把控张弛有度，战斗场面的分镜与作画都相当扎实，主角在与强敌的较量中不断突破自我，和同伴之间建立的信任与羁绊也为剧情增添了温度，热血与感动并存，值得一看。整体而言，该作在题材表达与情感渲染上均有可取之处，剧情张弛有度，角色令人印象深刻，是一部完成度较高、值得推荐的作品。
1580,primary,zh-CN,魔物娘的医生,《魔物娘的医生》改编自同名轻小说。医生葛伦为魔物娘们治疗。作品以医疗、奇幻与日常为特色，葛伦的医术与魔物娘们的互动充满趣味，动画的氛围轻松，是一部独特的医疗作品。画风清新、节奏舒缓，人物之间的相处自然而温暖，那些平凡琐碎的片段在动画的演绎下变得闪闪发光，传递出一种治愈人心的宁静力量，是治愈系爱好者不容错过的作品。整体而言，该作在题材表达与情感渲染上均有可取之处，剧情张弛有度，角色令人印象深刻，是一部完成度较高、值得推荐的作品。
1581,primary,zh-CN,弩级战队HXEROS,《弩级战队HXEROS》改编自同名漫画。少年少女们与吞噬羞耻心的敌人战斗。作品以战斗、搞笑与福利为特色，HXEROS的战斗充满笑料，动画的氛围轻松，是一部面向成人的搞笑作品。动作设计与演出张力俱佳，随着剧情推进，主角面对的敌人越来越强，战斗方式与自身局限的突破层层升级，配乐与画面配合出色，将热血少年向作品应有的爽快感与成长感都演绎得十分到位。整体而言，该作在题材表达与情感渲染上均有可取之处，剧情张弛有度，角色令人印象深刻，是一部完成度较高、值得推荐的作品。
1582,primary,zh-CN,恋与制作人,《恋与制作人》改编自同名游戏。少女与制作人们的故事。作品以恋爱、都市与群像为特色，动画的氛围华丽，少女与男性角色们的互动充满浪漫，是乙女向动画的作品。角色间的互动刻画得细腻自然，那些欲言又止的心意、别扭又真诚的靠近都真实而动人，情感线与日常情节交织，让观众在会心一笑与怦然心动之间反复横跳，是一部让人回味无穷的恋爱物语。整体而言，该作在题材表达与情感渲染上均有可取之处，剧情张弛有度，角色令人印象深刻，是一部完成度较高、值得推荐的作品。
1583,primary,zh-CN,彼得·格里尔和贤者的时间,《彼得·格里尔和贤者的时间》改编自同名漫画。最强战士彼得在恋爱中的搞笑日常。作品以恋爱、搞笑与福利为特色，彼得的烦恼与女人们的追求充满笑料，动画的氛围轻松，是一部面向成人的搞笑作品。作品在甜蜜之余也保留了青春特有的青涩与迷茫，主角在感情中的成长与抉择贯穿始终，配乐温润、画面明丽，将恋爱中的忐忑、欢喜与遗憾都拿捏得恰到好处，适合慢慢品味。整体而言，该作在题材表达与情感渲染上均有可取之处，剧情张弛有度，角色令人印象深刻，是一部完成度较高、值得推荐的作品。
1584,primary,zh-CN,路人女主的养成方法 Fine,《路人女主的养成方法 Fine》是《路人女主的养成方法》的剧场版，伦也与少女们的物语迎来结局。本作围绕galgame制作与感情的最终章展开，作品以恋爱、吐槽与业界为特色，动画的演出细腻，是恋爱喜剧的佳作。角色间的互动刻画得细腻自然，那些欲言又止的心意、别扭又真诚的靠近都真实而动人，情感线与日常情节交织，让观众在会心一笑与怦然心动之间反复横跳，是一部让人回味无穷的恋爱物语。整体而言，该作在题材表达与情感渲染上均有可取之处，剧情张弛有度，角色令人印象深刻，是一部完成度较高、值得推荐的作品。
1585,primary,zh-CN,Re：从零开始的异世界生活 第二季,《Re：从零开始的异世界生活 第二季》延续第一季，菜月昴的物语继续。本作围绕圣域篇与新的危机展开，昴在绝望与轮回中挣扎，作品以异世界、悬疑与催泪为主题，昴的坚持令人动容，是异世界题材的代表作。作品没有强烈的戏剧冲突，却以细腻的笔触捕捉日常中的微小幸福，角色的喜怒哀乐真实可感，在平实的叙述中悄然传递着生活的温度，适合在忙碌之余放松心情慢慢欣赏。整体而言，该作在题材表达与情感渲染上均有可取之处，剧情张弛有度，角色令人印象深刻，是一部完成度较高、值得推荐的作品。
1586,primary,zh-CN,鸣鸟不飞 The clouds gather,《鸣鸟不飞 The clouds gather》是BL动画剧场版，讲述黑道男人矢代与百目鬼的物语。作品以BL恋爱、黑道与情感为主题，动画的氛围沉重，矢代的过去与两人的关系充满张力，是BL动画的佳作。作品在甜蜜之余也保留了青春特有的青涩与迷茫，主角在感情中的成长与抉择贯穿始终，配乐温润、画面明丽，将恋爱中的忐忑、欢喜与遗憾都拿捏得恰到好处，适合慢慢品味。整体而言，该作在题材表达与情感渲染上均有可取之处，剧情张弛有度，角色令人印象深刻，是一部完成度较高、值得推荐的作品。
1587,primary,zh-CN,高校之神,《高校之神》改编自同名漫画。少年们在高校之神的大赛中战斗。作品以格斗、热血与群像为特色，动画的战斗场面华丽，少年们的对决充满魄力，是一部风格独特的格斗作品。动作设计与演出张力俱佳，随着剧情推进，主角面对的敌人越来越强，战斗方式与自身局限的突破层层升级，配乐与画面配合出色，将热血少年向作品应有的爽快感与成长感都演绎得十分到位。整体而言，该作在题材表达与情感渲染上均有可取之处，剧情张弛有度，角色令人印象深刻，是一部完成度较高、值得推荐的作品。
1588,primary,zh-CN,哥布林杀手 哥布林的王冠,《哥布林杀手 哥布林的王冠》是《哥布林杀手》的剧场版，哥布林杀手的战斗。本作围绕哥布林的王冠展开，作品以黑暗奇幻、战斗与群像为特色，动画的氛围沉重，哥布林杀手的信念充满震撼，是哥布林杀手系列的剧场版。动画的节奏把控张弛有度，战斗场面的分镜与作画都相当扎实，主角在与强敌的较量中不断突破自我，和同伴之间建立的信任与羁绊也为剧情增添了温度，热血与感动并存，值得一看。整体而言，该作在题材表达与情感渲染上均有可取之处，剧情张弛有度，角色令人印象深刻，是一部完成度较高、值得推荐的作品。
1589,primary,zh-CN,我的英雄学院 英雄:崛起,《我的英雄学院 英雄:崛起》是《我的英雄学院》的剧场版，绿谷出久与爆豪的物语。本作围绕英雄的崛起与新的危机展开，作品以英雄、热血与成长为主题，动画的战斗场面华丽，出久的信念令人动容，是我的英雄学院系列的剧场版。动作设计与演出张力俱佳，随着剧情推进，主角面对的敌人越来越强，战斗方式与自身局限的突破层层升级，配乐与画面配合出色，将热血少年向作品应有的爽快感与成长感都演绎得十分到位。整体而言，该作在题材表达与情感渲染上均有可取之处，剧情张弛有度，角色令人印象深刻，是一部完成度较高、值得推荐的作品。
1590,primary,zh-CN,世界第一初恋～求婚篇～,《世界第一初恋～求婚篇～》是《世界第一初恋》的剧场版，编辑们与作者的恋爱。本作围绕求婚篇展开，作品以BL恋爱、编辑业界与日常为特色，动画的氛围温暖，是BL动画的经典系列。角色间的互动刻画得细腻自然，那些欲言又止的心意、别扭又真诚的靠近都真实而动人，情感线与日常情节交织，让观众在会心一笑与怦然心动之间反复横跳，是一部让人回味无穷的恋爱物语。整体而言，该作在题材表达与情感渲染上均有可取之处，剧情张弛有度，角色令人印象深刻，是一部完成度较高、值得推荐的作品。
1591,primary,zh-CN,赛马娘四格,《赛马娘四格》是《赛马娘》的短篇动画，马娘们的Q版日常。作品以竞技、搞笑与日常为特色，动画画风可爱、篇幅短小，在轻松的日常中展现马娘们的互动，是赛马娘系列的番外作品。作品没有强烈的戏剧冲突，却以细腻的笔触捕捉日常中的微小幸福，角色的喜怒哀乐真实可感，在平实的叙述中悄然传递着生活的温度，适合在忙碌之余放松心情慢慢欣赏。整体而言，该作在题材表达与情感渲染上均有可取之处，剧情张弛有度，角色令人印象深刻，是一部完成度较高、值得推荐的作品。
1592,primary,zh-CN,炎炎消防队 二之章,《炎炎消防队 二之章》延续第一季，森罗日下部的战斗继续。本作围绕新篇章与消防队的真相展开，作品以热血、战斗与群像为特色，动画的战斗场面华丽，森罗的成长令人动容，是炎炎消防队系列的续作。动作设计与演出张力俱佳，随着剧情推进，主角面对的敌人越来越强，战斗方式与自身局限的突破层层升级，配乐与画面配合出色，将热血少年向作品应有的爽快感与成长感都演绎得十分到位。整体而言，该作在题材表达与情感渲染上均有可取之处，剧情张弛有度，角色令人印象深刻，是一部完成度较高、值得推荐的作品。
1593,primary,zh-CN,数码宝贝大冒险：最后的进化·羁绊,《数码宝贝大冒险：最后的进化·羁绊》是数码宝贝系列的剧场版，被选召的孩子们的成长。本作围绕成长的告别与羁绊展开，作品以冒险、友情与成长为主题，动画的氛围感人，是数码宝贝系列的剧场版。世界观设定丰富而自成体系，随着冒险推进，更多奇妙的种族、地点与力量体系逐一展开，角色们在旅途中收获成长与羁绊，画面与配乐共同营造出充满想象力的奇幻氛围，令人沉浸其中。整体而言，该作在题材表达与情感渲染上均有可取之处，剧情张弛有度，角色令人印象深刻，是一部完成度较高、值得推荐的作品。
1594,primary,zh-CN,猎魔武士,《猎魔武士》是短篇动画，讲述武士与魔物的战斗。作品以战斗、时代与热血为特色，动画的画风独特，武士们的战斗充满魄力，是一部风格独特的作品。动画的节奏把控张弛有度，战斗场面的分镜与作画都相当扎实，主角在与强敌的较量中不断突破自我，和同伴之间建立的信任与羁绊也为剧情增添了温度，热血与感动并存，值得一看。整体而言，该作在题材表达与情感渲染上均有可取之处，剧情张弛有度，角色令人印象深刻，是一部完成度较高、值得推荐的作品。
1595,primary,zh-CN,巨人族的新娘,《巨人族的新娘》是短篇动画，讲述少年与巨人族青年的物语。作品以恋爱、BL与异世界为特色，动画的氛围暧昧，两人的互动充满张力，是面向成人的BL作品。作品在甜蜜之余也保留了青春特有的青涩与迷茫，主角在感情中的成长与抉择贯穿始终，配乐温润、画面明丽，将恋爱中的忐忑、欢喜与遗憾都拿捏得恰到好处，适合慢慢品味。整体而言，该作在题材表达与情感渲染上均有可取之处，剧情张弛有度，角色令人印象深刻，是一部完成度较高、值得推荐的作品。
1596,primary,zh-CN,妖怪图鉴,《妖怪图鉴》是短篇动画，讲述妖怪们的物语。作品以妖怪、日常与治愈为特色，动画画风精美、氛围宁静，在轻松的日常中展现妖怪们的互动，是一部治愈系的作品。作品没有强烈的戏剧冲突，却以细腻的笔触捕捉日常中的微小幸福，角色的喜怒哀乐真实可感，在平实的叙述中悄然传递着生活的温度，适合在忙碌之余放松心情慢慢欣赏。整体而言，该作在题材表达与情感渲染上均有可取之处，剧情张弛有度，角色令人印象深刻，是一部完成度较高、值得推荐的作品。
1597,primary,zh-CN,魔法律事务所 第二季,《魔法律事务所 第二季》延续第一季，魔法律执笔人六冰的战斗继续。本作六冰与助手解决更多灵异事件，作品以灵异、战斗与日常为特色，动画的氛围轻松，是一部灵异题材的作品。动画的节奏把控张弛有度，战斗场面的分镜与作画都相当扎实，主角在与强敌的较量中不断突破自我，和同伴之间建立的信任与羁绊也为剧情增添了温度，热血与感动并存，值得一看。整体而言，该作在题材表达与情感渲染上均有可取之处，剧情张弛有度，角色令人印象深刻，是一部完成度较高、值得推荐的作品。
1598,primary,zh-CN,日本沉没2020,《日本沉没2020》是剧场版动画，讲述日本沉没时的生存物语。一家人在灾难中挣扎求生，作品以灾难、生存与家庭为主题，动画的氛围沉重，角色的命运充满张力，是一部引人深思的作品。作品风格鲜明、辨识度高，在同类题材中走出了自己的路子，角色与故事的结合恰到好处，整体观感流畅自然，无论是题材爱好者还是路人观众都能乐在其中。整体而言，该作在题材表达与情感渲染上均有可取之处，剧情张弛有度，角色令人印象深刻，是一部完成度较高、值得推荐的作品。
1599,primary,zh-CN,在地下城寻求邂逅是否搞错了什么 第二季 OVA,《在地下城寻求邂逅是否搞错了什么 第二季 OVA》是《在地下城寻求邂逅》第二季的OVA，贝尔的日常番外。本作以轻松的日常为主，作品以奇幻、冒险与后宫为特色，动画的氛围欢乐，是地错系列的番外作品。作品没有强烈的戏剧冲突，却以细腻的笔触捕捉日常中的微小幸福，角色的喜怒哀乐真实可感，在平实的叙述中悄然传递着生活的温度，适合在忙碌之余放松心情慢慢欣赏。整体而言，该作在题材表达与情感渲染上均有可取之处，剧情张弛有度，角色令人印象深刻，是一部完成度较高、值得推荐的作品。
1600,primary,zh-CN,忍者收藏,《忍者收藏》是短篇动画，讲述忍者们的日常。作品以忍者、搞笑与日常为特色，动画篇幅短小、节奏明快，在轻松的日常中展现忍者的生活，是一部轻松解压的泡面番。动画的节奏把控张弛有度，战斗场面的分镜与作画都相当扎实，主角在与强敌的较量中不断突破自我，和同伴之间建立的信任与羁绊也为剧情增添了温度，热血与感动并存，值得一看。整体而言，该作在题材表达与情感渲染上均有可取之处，剧情张弛有度，角色令人印象深刻，是一部完成度较高、值得推荐的作品。
1601,primary,zh-CN,超普通都市柏传说R,《超普通都市柏传说R》是短篇动画，讲述柏市传说的搞笑故事。作品以地域、搞笑与日常为特色，动画篇幅短小、氛围轻松，在轻松的日常中展现柏市的传说，是一部轻松解压的泡面番。画风清新、节奏舒缓，人物之间的相处自然而温暖，那些平凡琐碎的片段在动画的演绎下变得闪闪发光，传递出一种治愈人心的宁静力量，是治愈系爱好者不容错过的作品。整体而言，该作在题材表达与情感渲染上均有可取之处，剧情张弛有度，角色令人印象深刻，是一部完成度较高、值得推荐的作品。
1602,primary,zh-CN,天地无用! 魉皇鬼 第5期,《天地无用! 魉皇鬼 第5期》延续系列，天地与少女们的物语继续。本作围绕新的冒险展开，作品以恋爱、科幻与后宫为特色，动画的氛围轻松，是天地无用系列的续作。角色间的互动刻画得细腻自然，那些欲言又止的心意、别扭又真诚的靠近都真实而动人，情感线与日常情节交织，让观众在会心一笑与怦然心动之间反复横跳，是一部让人回味无穷的恋爱物语。整体而言，该作在题材表达与情感渲染上均有可取之处，剧情张弛有度，角色令人印象深刻，是一部完成度较高、值得推荐的作品。
1603,primary,zh-CN,喜欢本大爷的竟然就你一个？～我们的比赛结束～,《喜欢本大爷的竟然就你一个？～我们的比赛结束～》是《喜欢本大爷》的OVA，如月雨露的恋爱番外。本作以轻松的日常为主，作品以恋爱、搞笑与日常为特色，动画的氛围轻松，是系列的番外作品。角色间的互动刻画得细腻自然，那些欲言又止的心意、别扭又真诚的靠近都真实而动人，情感线与日常情节交织，让观众在会心一笑与怦然心动之间反复横跳，是一部让人回味无穷的恋爱物语。整体而言，该作在题材表达与情感渲染上均有可取之处，剧情张弛有度，角色令人印象深刻，是一部完成度较高、值得推荐的作品。
1604,primary,zh-CN,大神小姐想被吃掉,《大神小姐想被吃掉》是短篇动画，讲述大神与狼的恋爱。作品以恋爱、搞笑与日常为特色，动画画风精美、氛围轻松，在轻松的日常中展现大神与狼的互动，是一部轻松解压的泡面番。作品在甜蜜之余也保留了青春特有的青涩与迷茫，主角在感情中的成长与抉择贯穿始终，配乐温润、画面明丽，将恋爱中的忐忑、欢喜与遗憾都拿捏得恰到好处，适合慢慢品味。整体而言，该作在题材表达与情感渲染上均有可取之处，剧情张弛有度，角色令人印象深刻，是一部完成度较高、值得推荐的作品。
1605,primary,zh-CN,熊熊勇闯异世界,《熊熊勇闯异世界》改编自同名轻小说。少女优奈在异世界中穿着熊装冒险。作品以异世界、轻松冒险与萌系为特色，优奈的熊装与冒险充满趣味，动画的氛围轻松，是一部欢乐的作品。作品没有强烈的戏剧冲突，却以细腻的笔触捕捉日常中的微小幸福，角色的喜怒哀乐真实可感，在平实的叙述中悄然传递着生活的温度，适合在忙碌之余放松心情慢慢欣赏。整体而言，该作在题材表达与情感渲染上均有可取之处，剧情张弛有度，角色令人印象深刻，是一部完成度较高、值得推荐的作品。
1606,primary,zh-CN,樱花革命～花开时的少女们～,《樱花革命～花开时的少女们～》改编自同名游戏，讲述少女们的战斗。本作围绕樱花的革命展开，作品以战斗、群像与热血为特色，动画的战斗场面华丽，是游戏改编动画的作品。动画的节奏把控张弛有度，战斗场面的分镜与作画都相当扎实，主角在与强敌的较量中不断突破自我，和同伴之间建立的信任与羁绊也为剧情增添了温度，热血与感动并存，值得一看。整体而言，该作在题材表达与情感渲染上均有可取之处，剧情张弛有度，角色令人印象深刻，是一部完成度较高、值得推荐的作品。
1607,primary,zh-CN,咒术回战,《咒术回战》改编自同名漫画。少年虎杖悠仁吞下特级咒物，成为咒术师。作品以战斗、热血与群像为特色，动画的战斗场面华丽，虎杖的成长与伙伴们的羁绊贯穿始终，是近年来现象级的作品。动作设计与演出张力俱佳，随着剧情推进，主角面对的敌人越来越强，战斗方式与自身局限的突破层层升级，配乐与画面配合出色，将热血少年向作品应有的爽快感与成长感都演绎得十分到位。整体而言，该作在题材表达与情感渲染上均有可取之处，剧情张弛有度，角色令人印象深刻，是一部完成度较高、值得推荐的作品。
1608,primary,zh-CN,铁路浪漫谭,《铁路浪漫谭》改编自同名游戏。铁路拟人化的少女们的日常。作品以铁路、日常与治愈为特色，动画画风可爱、氛围轻松，在轻松的日常中展现铁路少女们的互动，是游戏改编动画的作品。作品没有强烈的戏剧冲突，却以细腻的笔触捕捉日常中的微小幸福，角色的喜怒哀乐真实可感，在平实的叙述中悄然传递着生活的温度，适合在忙碌之余放松心情慢慢欣赏。整体而言，该作在题材表达与情感渲染上均有可取之处，剧情张弛有度，角色令人印象深刻，是一部完成度较高、值得推荐的作品。
1609,primary,zh-CN,总之就是非常可爱,《总之就是非常可爱》改编自同名漫画。少年由崎星空与妻子司的婚姻日常。作品以恋爱、日常与治愈为特色，星空与司的甜蜜生活充满温馨，动画的氛围轻松，是一部让人心动的恋爱作品。角色间的互动刻画得细腻自然，那些欲言又止的心意、别扭又真诚的靠近都真实而动人，情感线与日常情节交织，让观众在会心一笑与怦然心动之间反复横跳，是一部让人回味无穷的恋爱物语。整体而言，该作在题材表达与情感渲染上均有可取之处，剧情张弛有度，角色令人印象深刻，是一部完成度较高、值得推荐的作品。
1610,primary,zh-CN,在魔王城说晚安,《在魔王城说晚安》改编自同名漫画。被掳走的公主栖夜莉丝在魔王城的日常。作品以搞笑、日常与治愈为特色，公主的随心所欲充满笑料，动画的氛围轻松，是一部让人捧腹的作品。画风清新、节奏舒缓，人物之间的相处自然而温暖，那些平凡琐碎的片段在动画的演绎下变得闪闪发光，传递出一种治愈人心的宁静力量，是治愈系爱好者不容错过的作品。整体而言，该作在题材表达与情感渲染上均有可取之处，剧情张弛有度，角色令人印象深刻，是一部完成度较高、值得推荐的作品。
1611,primary,zh-CN,全员恶玉,《全员恶玉》是原创动画，讲述恶人们的大逃杀。被集结的恶人们展开疯狂的行动，作品以悬疑、动作(与群像为特色，动画的氛围紧张，恶人们的命运充满冲击力，是一部风格独特的作品。剧情层层递进、伏笔密布，随着线索的不断拼合，真相逐渐浮出水面，每一次反转都在意料之外又情理之中，细节经得起推敲，氛围营造到位，是喜欢烧脑故事的观众不可错过之作。整体而言，该作在题材表达与情感渲染上均有可取之处，剧情张弛有度，角色令人印象深刻，是一部完成度较高、值得推荐的作品。
1612,primary,zh-CN,你与我最后的战场，亦或是世界起始的圣战,《你与我最后的战场，亦或是世界起始的圣战》改编自同名轻小说。敌对的帝国与皇国的两人展开恋爱。作品以恋爱、战斗与奇幻为特色，两人的立场与感情充满张力，动画的氛围华丽，是一部奇幻恋爱作品。动画的节奏把控张弛有度，战斗场面的分镜与作画都相当扎实，主角在与强敌的较量中不断突破自我，和同伴之间建立的信任与羁绊也为剧情增添了温度，热血与感动并存，值得一看。整体而言，该作在题材表达与情感渲染上均有可取之处，剧情张弛有度，角色令人印象深刻，是一部完成度较高、值得推荐的作品。
1613,primary,zh-CN,池袋西口公园,《池袋西口公园》改编自同名小说。少年真岛诚在池袋解决各种事件。作品以都市、悬疑与群像为特色，动画的氛围独特，真岛诚的冒险充满张力，是一部风格新颖的作品。悬疑氛围铺垫扎实，人物之间暗流涌动的博弈与隐藏的秘密交织出复杂的叙事网络，叙事节奏收放自如，高潮部分的揭示震撼有力，看完之后依然值得反复回味其中的细节。整体而言，该作在题材表达与情感渲染上均有可取之处，剧情张弛有度，角色令人印象深刻，是一部完成度较高、值得推荐的作品。
1614,primary,zh-CN,前说！,《前说！》改编自同名漫画。立志成为漫才师的少女们的物语。作品以搞笑、青春与群像为特色，少女们的漫才梦想充满活力，动画的氛围轻松，是一部欢乐的作品。作品没有强烈的戏剧冲突，却以细腻的笔触捕捉日常中的微小幸福，角色的喜怒哀乐真实可感，在平实的叙述中悄然传递着生活的温度，适合在忙碌之余放松心情慢慢欣赏。整体而言，该作在题材表达与情感渲染上均有可取之处，剧情张弛有度，角色令人印象深刻，是一部完成度较高、值得推荐的作品。
1615,primary,zh-CN,无能的奈奈,《无能的奈奈》改编自同名漫画。少女奈奈在能力者学校的真相。作品以悬疑、战斗与黑暗为主题，动画的氛围沉重，奈奈的行动与真相充满反转，是一部让人细思极恐的作品。动画的节奏把控张弛有度，战斗场面的分镜与作画都相当扎实，主角在与强敌的较量中不断突破自我，和同伴之间建立的信任与羁绊也为剧情增添了温度，热血与感动并存，值得一看。整体而言，该作在题材表达与情感渲染上均有可取之处，剧情张弛有度，角色令人印象深刻，是一部完成度较高、值得推荐的作品。
1616,primary,zh-CN,阿松 第三季,《阿松 第三季》延续系列，松野家六胞胎的搞笑日常继续。本作六胞胎在废柴生活中继续闹出各种笑话，作品以恶搞、吐槽与社会讽刺为特色，动画的演出大胆奔放，是现象级的搞笑动画。画风清新、节奏舒缓，人物之间的相处自然而温暖，那些平凡琐碎的片段在动画的演绎下变得闪闪发光，传递出一种治愈人心的宁静力量，是治愈系爱好者不容错过的作品。整体而言，该作在题材表达与情感渲染上均有可取之处，剧情张弛有度，角色令人印象深刻，是一部完成度较高、值得推荐的作品。
1617,primary,zh-CN,催眠麦克风,《催眠麦克风》改编自同名企划。在音乐支配的涩谷，Rap组合们的战斗。作品以音乐、战斗与群像为特色，动画的Rap充满魄力，角色们的对决充满张力，是风格独特的作品。动作设计与演出张力俱佳，随着剧情推进，主角面对的敌人越来越强，战斗方式与自身局限的突破层层升级，配乐与画面配合出色，将热血少年向作品应有的爽快感与成长感都演绎得十分到位。整体而言，该作在题材表达与情感渲染上均有可取之处，剧情张弛有度，角色令人印象深刻，是一部完成度较高、值得推荐的作品。
1618,primary,zh-CN,魔女之旅,《魔女之旅》改编自同名轻小说。魔女伊蕾娜在世界各地的旅行。作品以旅行、单元剧与治愈为特色，伊蕾娜在每个国家的见闻充满哲理，动画的画风精美，是一部充满诗意的作品。作品没有强烈的戏剧冲突，却以细腻的笔触捕捉日常中的微小幸福，角色的喜怒哀乐真实可感，在平实的叙述中悄然传递着生活的温度，适合在忙碌之余放松心情慢慢欣赏。整体而言，该作在题材表达与情感渲染上均有可取之处，剧情张弛有度，角色令人印象深刻，是一部完成度较高、值得推荐的作品。
1619,primary,zh-CN,突击莉莉 BOUQUET,《突击莉莉 BOUQUET》是百合战斗题材动画，少女们在莉莉学园的战斗。作品以战斗、百合与群像为特色，动画的战斗场面华丽，少女们的羁绊贯穿始终，是一部硬核的作品。动作设计与演出张力俱佳，随着剧情推进，主角面对的敌人越来越强，战斗方式与自身局限的突破层层升级，配乐与画面配合出色，将热血少年向作品应有的爽快感与成长感都演绎得十分到位。整体而言，该作在题材表达与情感渲染上均有可取之处，剧情张弛有度，角色令人印象深刻，是一部完成度较高、值得推荐的作品。
1620,primary,zh-CN,攀岩！ -Sport Climbing Girls-,《攀岩！ -Sport Climbing Girls-》改编自同名漫画。少女们在攀岩竞技中的物语。作品以运动、青春与群像为特色，动画的比赛场面充满张力，少女们的成长令人动容，是一部独特的运动作品。竞技之外的成长与人物塑造同样出色，角色们在胜负之外的坚持与热爱令人敬佩，节奏紧凑、情感饱满，将运动番应有的激情与感动都发挥得淋漓尽致，极具感染力。整体而言，该作在题材表达与情感渲染上均有可取之处，剧情张弛有度，角色令人印象深刻，是一部完成度较高、值得推荐的作品。
1621,primary,zh-CN,战翼的希格德莉法,《战翼的希格德莉法》是原创动画，讲述女武神们的战斗。少女们驾驶机体与异界敌人战斗，作品以机战、热血与群像为特色，动画的战斗场面华丽，少女们的羁绊贯穿始终，是一部扎实的作品。动画的节奏把控张弛有度，战斗场面的分镜与作画都相当扎实，主角在与强敌的较量中不断突破自我，和同伴之间建立的信任与羁绊也为剧情增添了温度，热血与感动并存，值得一看。整体而言，该作在题材表达与情感渲染上均有可取之处，剧情张弛有度，角色令人印象深刻，是一部完成度较高、值得推荐的作品。
1622,primary,zh-CN,我立于百万生命之上,《我立于百万生命之上》改编自同名漫画。少年们在游戏世界中冒险。作品以冒险、生存与群像为特色，动画的氛围独特，少年们在游戏中的挑战充满张力，是一部风格新颖的作品。作品在幻想的外衣下探讨着真实的情感与抉择，主角的成长线扎实有力，与伙伴们的情谊在一次次考验中愈发深厚，冒险的紧张感与日常的温情交替呈现，故事层次丰富、后劲十足。整体而言，该作在题材表达与情感渲染上均有可取之处，剧情张弛有度，角色令人印象深刻，是一部完成度较高、值得推荐的作品。
1623,primary,zh-CN,寒蝉鸣泣之时 业,《寒蝉鸣泣之时 业》是《寒蝉鸣泣之时》的新作，雏见泽村的物语。本作围绕新的轮回展开，作品以悬疑、恐怖与群像为特色，动画的氛围压抑，少女们的命运充满冲击力，是寒蝉系列的续作。剧情层层递进、伏笔密布，随着线索的不断拼合，真相逐渐浮出水面，每一次反转都在意料之外又情理之中，细节经得起推敲，氛围营造到位，是喜欢烧脑故事的观众不可错过之作。整体而言，该作在题材表达与情感渲染上均有可取之处，剧情张弛有度，角色令人印象深刻，是一部完成度较高、值得推荐的作品。
1624,primary,zh-CN,养猫养狗每天很开心,《养猫养狗每天很开心》改编自同名漫画，讲述少年与猫狗的生活。作品以萌宠、日常与治愈为特色，动画画风可爱、氛围轻松，在轻松的日常中展现宠物的可爱，是一部治愈系的作品。作品没有强烈的戏剧冲突，却以细腻的笔触捕捉日常中的微小幸福，角色的喜怒哀乐真实可感，在平实的叙述中悄然传递着生活的温度，适合在忙碌之余放松心情慢慢欣赏。整体而言，该作在题材表达与情感渲染上均有可取之处，剧情张弛有度，角色令人印象深刻，是一部完成度较高、值得推荐的作品。
1625,primary,zh-CN,忧国的莫里亚蒂,《忧国的莫里亚蒂》改编自同名漫画。莫里亚蒂与福尔摩斯在伦敦的对决。作品以推理、悬疑与群像为特色，动画的氛围优雅，莫里亚蒂的智谋充满魅力，是一部风格独特的作品。悬疑氛围铺垫扎实，人物之间暗流涌动的博弈与隐藏的秘密交织出复杂的叙事网络，叙事节奏收放自如，高潮部分的揭示震撼有力，看完之后依然值得反复回味其中的细节。整体而言，该作在题材表达与情感渲染上均有可取之处，剧情张弛有度，角色令人印象深刻，是一部完成度较高、值得推荐的作品。
1626,primary,zh-CN,被神捡到的男人,《被神捡到的男人》改编自同名轻小说。中年上班族转生到异世界。作品以异世界、轻松冒险与治愈为特色，主人公的温柔与异世界的生活充满温馨，动画的氛围温暖，是一部治愈的作品。作品没有强烈的戏剧冲突，却以细腻的笔触捕捉日常中的微小幸福，角色的喜怒哀乐真实可感，在平实的叙述中悄然传递着生活的温度，适合在忙碌之余放松心情慢慢欣赏。整体而言，该作在题材表达与情感渲染上均有可取之处，剧情张弛有度，角色令人印象深刻，是一部完成度较高、值得推荐的作品。
1627,primary,zh-CN,强袭魔女 通往柏林之路,《强袭魔女 通往柏林之路》延续系列，501部队的战斗继续。本作魔女们在通往柏林的道路上战斗，作品以战斗、百合与日常为特色，动画的空战场面华丽，少女们的羁绊贯穿始终，是强袭魔女系列的续作。动画的节奏把控张弛有度，战斗场面的分镜与作画都相当扎实，主角在与强敌的较量中不断突破自我，和同伴之间建立的信任与羁绊也为剧情增添了温度，热血与感动并存，值得一看。整体而言，该作在题材表达与情感渲染上均有可取之处，剧情张弛有度，角色令人印象深刻，是一部完成度较高、值得推荐的作品。
1628,primary,zh-CN,A3！满开剧团 秋&冬,《A3！满开剧团 秋&冬》延续系列，剧团的管理人与少年们的物语继续。本作秋组与冬组的故事展开，作品以舞台、青春与群像为特色，动画的氛围温暖，是女性向动画的作品。角色的个性塑造鲜明，舞台上的自信与生活中的可爱形成反差，团队协作与个人成长双线并进，歌舞编排赏心悦目，让观众既能享受视听盛宴，也能为少女们的梦想与坚持而感动。整体而言，该作在题材表达与情感渲染上均有可取之处，剧情张弛有度，角色令人印象深刻，是一部完成度较高、值得推荐的作品。
1629,primary,zh-CN,One Room 第三季,《One Room 第三季》延续系列，以第一人称视角讲述少女们的日常。观众以主角的视角与少女们互动，作品以日常、恋爱与治愈为特色，动画画风精美、氛围温馨，是一部沉浸感强的作品。角色间的互动刻画得细腻自然，那些欲言又止的心意、别扭又真诚的靠近都真实而动人，情感线与日常情节交织，让观众在会心一笑与怦然心动之间反复横跳，是一部让人回味无穷的恋爱物语。整体而言，该作在题材表达与情感渲染上均有可取之处，剧情张弛有度，角色令人印象深刻，是一部完成度较高、值得推荐的作品。
1630,primary,zh-CN,体操武士,《体操武士》是原创动画，讲述体操选手的物语。退役体操选手荒垣城太郎与女儿的生活，作品以运动、家庭与日常为特色，动画的氛围温暖，城太郎的回归充满感动，是一部温馨的作品。作品没有强烈的戏剧冲突，却以细腻的笔触捕捉日常中的微小幸福，角色的喜怒哀乐真实可感，在平实的叙述中悄然传递着生活的温度，适合在忙碌之余放松心情慢慢欣赏。整体而言，该作在题材表达与情感渲染上均有可取之处，剧情张弛有度，角色令人印象深刻，是一部完成度较高、值得推荐的作品。
1631,primary,zh-CN,王之逆袭：意志的继承者,《王之逆袭：意志的继承者》改编自同名游戏。少年们在王国的冒险与战斗。作品以冒险、战斗与群像为特色，动画的战斗场面华丽，角色们的成长与羁绊贯穿始终，是游戏改编动画的作品。动作设计与演出张力俱佳，随着剧情推进，主角面对的敌人越来越强，战斗方式与自身局限的突破层层升级，配乐与画面配合出色，将热血少年向作品应有的爽快感与成长感都演绎得十分到位。整体而言，该作在题材表达与情感渲染上均有可取之处，剧情张弛有度，角色令人印象深刻，是一部完成度较高、值得推荐的作品。
1632,primary,zh-CN,试着用土下座来拜托她们吧,《试着用土下座来拜托她们吧》是短篇动画，讲述少年以土下座拜托少女们。作品以搞笑、日常与福利为特色，动画篇幅短小、节奏明快，是一部轻松解压的泡面番。作品没有强烈的戏剧冲突，却以细腻的笔触捕捉日常中的微小幸福，角色的喜怒哀乐真实可感，在平实的叙述中悄然传递着生活的温度，适合在忙碌之余放松心情慢慢欣赏。整体而言，该作在题材表达与情感渲染上均有可取之处，剧情张弛有度，角色令人印象深刻，是一部完成度较高、值得推荐的作品。
1633,primary,zh-CN,D4DJ First Mix,《D4DJ First Mix》是D4DJ企划的动画，DJ少女们的物语。本作少女们在DJ的道路上成长，作品以音乐、青春与群像为特色，动画的歌曲动人，是D4DJ企划的动画化。歌舞演出的画面制作精良，每一首歌都与角色心境和剧情推进紧密呼应，少女们在聚光灯下的闪耀与幕后流下的汗水同样动人，传递出追逐梦想、不懈努力的正能量，感染力十足。整体而言，该作在题材表达与情感渲染上均有可取之处，剧情张弛有度，角色令人印象深刻，是一部完成度较高、值得推荐的作品。
1634,primary,zh-CN,大贵族,《大贵族》改编自同名漫画。贵族吸血鬼卡迪斯在现代的日常。作品以吸血鬼、战斗与群像为特色，动画的氛围华丽，卡迪斯的强大与日常充满魅力，是一部风格独特的作品。动作设计与演出张力俱佳，随着剧情推进，主角面对的敌人越来越强，战斗方式与自身局限的突破层层升级，配乐与画面配合出色，将热血少年向作品应有的爽快感与成长感都演绎得十分到位。整体而言，该作在题材表达与情感渲染上均有可取之处，剧情张弛有度，角色令人印象深刻，是一部完成度较高、值得推荐的作品。
1635,primary,zh-CN,月歌2,《月歌2》延续第一季，偶像组合Six Gravity与Procellarum的物语继续。本作少年们在偶像舞台上迎接新的挑战，作品以音乐、偶像与群像为特色，歌曲与舞台演出华丽，是女性向偶像动画的作品。角色的个性塑造鲜明，舞台上的自信与生活中的可爱形成反差，团队协作与个人成长双线并进，歌舞编排赏心悦目，让观众既能享受视听盛宴，也能为少女们的梦想与坚持而感动。整体而言，该作在题材表达与情感渲染上均有可取之处，剧情张弛有度，角色令人印象深刻，是一部完成度较高、值得推荐的作品。
1636,primary,zh-CN,成年人不懂如何恋爱！,《成年人不懂如何恋爱！》是短篇动画，讲述成年人的恋爱。作品以恋爱、日常与搞笑为特色，动画篇幅短小、氛围轻松，在轻松的日常中展现成年人的恋爱，是一部轻松解压的泡面番。角色间的互动刻画得细腻自然，那些欲言又止的心意、别扭又真诚的靠近都真实而动人，情感线与日常情节交织，让观众在会心一笑与怦然心动之间反复横跳，是一部让人回味无穷的恋爱物语。整体而言，该作在题材表达与情感渲染上均有可取之处，剧情张弛有度，角色令人印象深刻，是一部完成度较高、值得推荐的作品。
1637,primary,zh-CN,灾祸的真理 -ZUERST-,《灾祸的真理 -ZUERST-》改编自同名游戏。在魔导兵器发达的世界，少年们的战斗。作品以科幻、战斗与群像为特色，动画的氛围沉重，少年们的命运充满张力，是游戏改编动画的作品。动作设计与演出张力俱佳，随着剧情推进，主角面对的敌人越来越强，战斗方式与自身局限的突破层层升级，配乐与画面配合出色，将热血少年向作品应有的爽快感与成长感都演绎得十分到位。整体而言，该作在题材表达与情感渲染上均有可取之处，剧情张弛有度，角色令人印象深刻，是一部完成度较高、值得推荐的作品。
1638,primary,zh-CN,半妖的夜叉姬,《半妖的夜叉姬》是《犬夜叉》的续作，讲述半妖少女们的冒险。本作围绕永远、刹那与诸叶的物语展开，作品以冒险、战斗与热血为特色，动画的氛围轻松，是犬夜叉系列的续作。动作设计与演出张力俱佳，随着剧情推进，主角面对的敌人越来越强，战斗方式与自身局限的突破层层升级，配乐与画面配合出色，将热血少年向作品应有的爽快感与成长感都演绎得十分到位。整体而言，该作在题材表达与情感渲染上均有可取之处，剧情张弛有度，角色令人印象深刻，是一部完成度较高、值得推荐的作品。
1639,primary,zh-CN,排球少年 TO THE TOP 第二期,《排球少年 TO THE TOP 第二期》延续系列，乌野高中的排球战斗继续。本作全国大赛的激烈竞争进入高潮，作品以排球、热血与团队成长为主题，动画的比赛场面令人窒息，乌野全员的拼搏令人动容，是运动题材动画的巅峰之作。动画的节奏把控张弛有度，战斗场面的分镜与作画都相当扎实，主角在与强敌的较量中不断突破自我，和同伴之间建立的信任与羁绊也为剧情增添了温度，热血与感动并存，值得一看。整体而言，该作在题材表达与情感渲染上均有可取之处，剧情张弛有度，角色令人印象深刻，是一部完成度较高、值得推荐的作品。
1640,primary,zh-CN,Love Live! 虹咲学园校园偶像同好会,《Love Live! 虹咲学园校园偶像同好会》是Love Live系列动画，虹咲学园的偶像们。本作少女们在校园偶像同好会中追逐梦想，作品以音乐、追梦与群像为特色，歌曲动人、舞台演出华丽，是LoveLive系列的续作。角色的个性塑造鲜明，舞台上的自信与生活中的可爱形成反差，团队协作与个人成长双线并进，歌舞编排赏心悦目，让观众既能享受视听盛宴，也能为少女们的梦想与坚持而感动。整体而言，该作在题材表达与情感渲染上均有可取之处，剧情张弛有度，角色令人印象深刻，是一部完成度较高、值得推荐的作品。
1641,primary,zh-CN,勇者斗恶龙 达伊的大冒险,《勇者斗恶龙 达伊的大冒险》改编自同名漫画。少年达伊以勇者为目标的冒险。作品以冒险、热血与群像为特色，达伊的成长与伙伴们的羁绊贯穿始终，动画的战斗场面华丽，是经典作品的重新动画化。动作设计与演出张力俱佳，随着剧情推进，主角面对的敌人越来越强，战斗方式与自身局限的突破层层升级，配乐与画面配合出色，将热血少年向作品应有的爽快感与成长感都演绎得十分到位。整体而言，该作在题材表达与情感渲染上均有可取之处，剧情张弛有度，角色令人印象深刻，是一部完成度较高、值得推荐的作品。
1642,primary,zh-CN,成神之日,《成神之日》是Key社的原创动画，讲述少女与少年的物语。拥有神秘力量的少女雏与少年的日常，作品以日常、悬疑与情感为主题，动画的氛围独特，剧情的展开充满冲击力，是一部引人深思的作品。作品没有强烈的戏剧冲突，却以细腻的笔触捕捉日常中的微小幸福，角色的喜怒哀乐真实可感，在平实的叙述中悄然传递着生活的温度，适合在忙碌之余放松心情慢慢欣赏。整体而言，该作在题材表达与情感渲染上均有可取之处，剧情张弛有度，角色令人印象深刻，是一部完成度较高、值得推荐的作品。
1643,primary,zh-CN,魔法科高校的劣等生 来访者篇,《魔法科高校的劣等生 来访者篇》延续系列，司波达也的物语继续。本作围绕来访者篇与新的敌人展开，作品以魔法、战斗与兄妹为特色，动画的战斗场面华丽，达也的强大令人震撼，是魔法科系列的续作。动作设计与演出张力俱佳，随着剧情推进，主角面对的敌人越来越强，战斗方式与自身局限的突破层层升级，配乐与画面配合出色，将热血少年向作品应有的爽快感与成长感都演绎得十分到位。整体而言，该作在题材表达与情感渲染上均有可取之处，剧情张弛有度，角色令人印象深刻，是一部完成度较高、值得推荐的作品。
1644,primary,zh-CN,黄金神威 第三季,《黄金神威 第三季》延续系列，杉元佐一在北海道的冒险继续。本作围绕黄金的争夺与新的展开，作品以冒险、美食与群像为特色，动画将北海道的自然与阿伊努文化描绘得细致，杉元的冒险充满趣味，是黄金神威系列的续作。世界观设定丰富而自成体系，随着冒险推进，更多奇妙的种族、地点与力量体系逐一展开，角色们在旅途中收获成长与羁绊，画面与配乐共同营造出充满想象力的奇幻氛围，令人沉浸其中。整体而言，该作在题材表达与情感渲染上均有可取之处，剧情张弛有度，角色令人印象深刻，是一部完成度较高、值得推荐的作品。
1645,primary,zh-CN,满溢的水果挞,《满溢的水果挞》改编自同名漫画。少女们在偶像事务所的物语。作品以偶像、日常与群像为特色，动画画风可爱、氛围轻松，少女们的互动充满萌点，是一部轻松治愈的作品。作品没有强烈的戏剧冲突，却以细腻的笔触捕捉日常中的微小幸福，角色的喜怒哀乐真实可感，在平实的叙述中悄然传递着生活的温度，适合在忙碌之余放松心情慢慢欣赏。整体而言，该作在题材表达与情感渲染上均有可取之处，剧情张弛有度，角色令人印象深刻，是一部完成度较高、值得推荐的作品。
1646,primary,zh-CN,在地下城寻求邂逅是否搞错了什么 第三季,《在地下城寻求邂逅是否搞错了什么 第三季》延续系列，贝尔的冒险继续。本作贝尔与异端儿的邂逅展开新的篇章，作品以奇幻、冒险与战斗为特色，动画的战斗场面华丽，贝尔的成长令人动容，是地错系列的续作。动作设计与演出张力俱佳，随着剧情推进，主角面对的敌人越来越强，战斗方式与自身局限的突破层层升级，配乐与画面配合出色，将热血少年向作品应有的爽快感与成长感都演绎得十分到位。整体而言，该作在题材表达与情感渲染上均有可取之处，剧情张弛有度，角色令人印象深刻，是一部完成度较高、值得推荐的作品。
1647,primary,zh-CN,安达与岛村,《安达与岛村》改编自同名漫画。女高中生安达与岛村的日常。作品以百合、日常与治愈为特色，安达与岛村的互动充满温馨，动画的氛围细腻，是一部轻松治愈的作品。作品没有强烈的戏剧冲突，却以细腻的笔触捕捉日常中的微小幸福，角色的喜怒哀乐真实可感，在平实的叙述中悄然传递着生活的温度，适合在忙碌之余放松心情慢慢欣赏。整体而言，该作在题材表达与情感渲染上均有可取之处，剧情张弛有度，角色令人印象深刻，是一部完成度较高、值得推荐的作品。
1648,primary,zh-CN,请问您今天要来点兔子吗？BLOOM,《请问您今天要来点兔子吗？BLOOM》是《请问您今天要来点兔子吗？》第三季，少女们在Rabbit House的日常继续。本作心爱与智乃等少女们的时光更加丰富，作品以可爱的角色、温馨的日常与甜点为主题，画面明亮治愈，是萌系日常动画的代表作。作品没有强烈的戏剧冲突，却以细腻的笔触捕捉日常中的微小幸福，角色的喜怒哀乐真实可感，在平实的叙述中悄然传递着生活的温度，适合在忙碌之余放松心情慢慢欣赏。整体而言，该作在题材表达与情感渲染上均有可取之处，剧情张弛有度，角色令人印象深刻，是一部完成度较高、值得推荐的作品。
1649,primary,zh-CN,龙与魔女,《龙与魔女》是剧场版动画，讲述龙与魔女的物语。本作围绕魔女与龙的关系展开，作品以奇幻、战斗与群像为特色，动画的画面精美，是一部风格独特的作品。动作设计与演出张力俱佳，随着剧情推进，主角面对的敌人越来越强，战斗方式与自身局限的突破层层升级，配乐与画面配合出色，将热血少年向作品应有的爽快感与成长感都演绎得十分到位。整体而言，该作在题材表达与情感渲染上均有可取之处，剧情张弛有度，角色令人印象深刻，是一部完成度较高、值得推荐的作品。
1650,primary,zh-CN,剧场版 高校舰队,《剧场版 高校舰队》是《高校舰队》的剧场版，少女们的舰船战斗。本作围绕新的危机展开，作品以舰船、学园与群像为特色，动画的战斗场面华丽，少女们的成长与羁绊充满魅力，是高校舰队系列的剧场版。动作设计与演出张力俱佳，随着剧情推进，主角面对的敌人越来越强，战斗方式与自身局限的突破层层升级，配乐与画面配合出色，将热血少年向作品应有的爽快感与成长感都演绎得十分到位。整体而言，该作在题材表达与情感渲染上均有可取之处，剧情张弛有度，角色令人印象深刻，是一部完成度较高、值得推荐的作品。
1651,primary,zh-CN,音乐,《音乐》是剧场版动画，讲述少年们组建乐队的物语。作品以音乐、青春与搞笑为特色，动画的风格独特，少年们的乐队之路充满笑料，是一部风格新颖的作品。歌舞演出的画面制作精良，每一首歌都与角色心境和剧情推进紧密呼应，少女们在聚光灯下的闪耀与幕后流下的汗水同样动人，传递出追逐梦想、不懈努力的正能量，感染力十足。整体而言，该作在题材表达与情感渲染上均有可取之处，剧情张弛有度，角色令人印象深刻，是一部完成度较高、值得推荐的作品。
1652,primary,zh-CN,小碧蓝幻想！,《小碧蓝幻想！》是《碧蓝幻想》的短篇动画，角色们的Q版日常。作品以冒险、搞笑与日常为特色，动画画风可爱、篇幅短小，在轻松的日常中展现角色的互动，是碧蓝幻想系列的番外作品。画风清新、节奏舒缓，人物之间的相处自然而温暖，那些平凡琐碎的片段在动画的演绎下变得闪闪发光，传递出一种治愈人心的宁静力量，是治愈系爱好者不容错过的作品。整体而言，该作在题材表达与情感渲染上均有可取之处，剧情张弛有度，角色令人印象深刻，是一部完成度较高、值得推荐的作品。
1653,primary,zh-CN,面包超人,《面包超人》是经典长寿动画，讲述正义的面包超人保护世界的物语。面包超人与伙伴们与细菌人战斗，作品以英雄、冒险与教育为特色，动画的氛围温暖，是日本国民级的儿童动画。动作设计与演出张力俱佳，随着剧情推进，主角面对的敌人越来越强，战斗方式与自身局限的突破层层升级，配乐与画面配合出色，将热血少年向作品应有的爽快感与成长感都演绎得十分到位。整体而言，该作在题材表达与情感渲染上均有可取之处，剧情张弛有度，角色令人印象深刻，是一部完成度较高、值得推荐的作品。
1654,primary,zh-CN,剧场版 BEM ～BECOME HUMAN～,《剧场版 BEM ～BECOME HUMAN～》是《BEM》的剧场版，妖怪人间的物语。本作围绕BECOME HUMAN的真相展开，作品以妖怪、战斗与群像为特色，动画的氛围黑暗，是BEM系列的剧场版。动画的节奏把控张弛有度，战斗场面的分镜与作画都相当扎实，主角在与强敌的较量中不断突破自我，和同伴之间建立的信任与羁绊也为剧情增添了温度，热血与感动并存，值得一看。整体而言，该作在题材表达与情感渲染上均有可取之处，剧情张弛有度，角色令人印象深刻，是一部完成度较高、值得推荐的作品。
1655,primary,zh-CN,刀使巫女 刻印一闪的灯火 OVA,《刀使巫女 刻印一闪的灯火 OVA》是《刀使的巫女》的OVA，巫女们的战斗番外。本作以轻松的日常为主，作品以战斗、学园与群像为特色，动画的氛围欢乐，是刀使的巫女系列的番外作品。动作设计与演出张力俱佳，随着剧情推进，主角面对的敌人越来越强，战斗方式与自身局限的突破层层升级，配乐与画面配合出色，将热血少年向作品应有的爽快感与成长感都演绎得十分到位。整体而言，该作在题材表达与情感渲染上均有可取之处，剧情张弛有度，角色令人印象深刻，是一部完成度较高、值得推荐的作品。
1656,primary,zh-CN,Eternity ～深夜的濡恋频道♡～,《Eternity ～深夜的濡恋频道♡～》是短篇成人向动画，讲述深夜频道的恋爱。作品以恋爱、成年向与日常为特色，动画的氛围暧昧，两人的互动充满张力，是一部面向成人的恋爱作品。角色间的互动刻画得细腻自然，那些欲言又止的心意、别扭又真诚的靠近都真实而动人，情感线与日常情节交织，让观众在会心一笑与怦然心动之间反复横跳，是一部让人回味无穷的恋爱物语。整体而言，该作在题材表达与情感渲染上均有可取之处，剧情张弛有度，角色令人印象深刻，是一部完成度较高、值得推荐的作品。
1657,primary,zh-CN,泽塔奥特曼,《泽塔奥特曼》是奥特曼系列的TV动画，奥特战士泽塔的战斗。本作围绕泽塔与地球防卫队的物语展开，作品以特摄、战斗与热血为特色，动画的战斗场面华丽，是奥特曼系列的续作。动画的节奏把控张弛有度，战斗场面的分镜与作画都相当扎实，主角在与强敌的较量中不断突破自我，和同伴之间建立的信任与羁绊也为剧情增添了温度，热血与感动并存，值得一看。整体而言，该作在题材表达与情感渲染上均有可取之处，剧情张弛有度，角色令人印象深刻，是一部完成度较高、值得推荐的作品。
1658,primary,zh-CN,进击的巨人 最终季,《进击的巨人 最终季》延续系列，艾伦与调查兵团的战斗迎来终章。本作围绕玛莱篇与巨人的真相展开，作品以战斗、悬疑与绝望为主题，动画的制作精良，巨人的威胁与人类的挣扎充满张力，是进击的巨人系列的完结篇。动作设计与演出张力俱佳，随着剧情推进，主角面对的敌人越来越强，战斗方式与自身局限的突破层层升级，配乐与画面配合出色，将热血少年向作品应有的爽快感与成长感都演绎得十分到位。整体而言，该作在题材表达与情感渲染上均有可取之处，剧情张弛有度，角色令人印象深刻，是一部完成度较高、值得推荐的作品。
1659,primary,zh-CN,剧场版 库特wafter,《剧场版 库特wafter》是Key社作品的剧场版，库特的物语。本作围绕库特与直枝理树的日常展开，作品以日常、治愈与恋爱为特色，动画的氛围温暖，是一部治愈系的作品。角色间的互动刻画得细腻自然，那些欲言又止的心意、别扭又真诚的靠近都真实而动人，情感线与日常情节交织，让观众在会心一笑与怦然心动之间反复横跳，是一部让人回味无穷的恋爱物语。整体而言，该作在题材表达与情感渲染上均有可取之处，剧情张弛有度，角色令人印象深刻，是一部完成度较高、值得推荐的作品。
1660,primary,zh-CN,埃及神明们的日常,《埃及神明们的日常》是短篇动画，讲述埃及神明的日常。作品以神话题材、搞笑与日常为特色，动画画风精美、篇幅短小，在轻松的日常中展现埃及神明的互动，是一部轻松解压的泡面番。作品没有强烈的戏剧冲突，却以细腻的笔触捕捉日常中的微小幸福，角色的喜怒哀乐真实可感，在平实的叙述中悄然传递着生活的温度，适合在忙碌之余放松心情慢慢欣赏。整体而言，该作在题材表达与情感渲染上均有可取之处，剧情张弛有度，角色令人印象深刻，是一部完成度较高、值得推荐的作品。
1661,primary,zh-CN,剧场版 白箱,《剧场版 白箱》是《白箱》的剧场版，动画制作人们的物语。本作宫森葵与伙伴们在动画制作行业的日常，作品以职场、创作与群像为特色，动画的氛围温暖，是一部充满人情味的作品。画风清新、节奏舒缓，人物之间的相处自然而温暖，那些平凡琐碎的片段在动画的演绎下变得闪闪发光，传递出一种治愈人心的宁静力量，是治愈系爱好者不容错过的作品。整体而言，该作在题材表达与情感渲染上均有可取之处，剧情张弛有度，角色令人印象深刻，是一部完成度较高、值得推荐的作品。
1662,primary,zh-CN,灰色：幻影扳机 观星者,《灰色：幻影扳机 观星者》是《灰色》系列的剧场版，特工少女们的战斗。本作围绕观星者展开，作品以战斗、学园与群像为特色，动画的战斗场面华丽，是灰色系列的剧场版。动作设计与演出张力俱佳，随着剧情推进，主角面对的敌人越来越强，战斗方式与自身局限的突破层层升级，配乐与画面配合出色，将热血少年向作品应有的爽快感与成长感都演绎得十分到位。整体而言，该作在题材表达与情感渲染上均有可取之处，剧情张弛有度，角色令人印象深刻，是一部完成度较高、值得推荐的作品。
1663,primary,zh-CN,吸血鬼之爱,《吸血鬼之爱》是剧场版动画，讲述少女吸血鬼与友人的物语。作品以吸血鬼、恋爱与治愈为特色，动画的画风精美、氛围独特，少女的日常充满温馨，是一部风格新颖的作品。角色间的互动刻画得细腻自然，那些欲言又止的心意、别扭又真诚的靠近都真实而动人，情感线与日常情节交织，让观众在会心一笑与怦然心动之间反复横跳，是一部让人回味无穷的恋爱物语。整体而言，该作在题材表达与情感渲染上均有可取之处，剧情张弛有度，角色令人印象深刻，是一部完成度较高、值得推荐的作品。
1664,primary,zh-CN,花样滑冰stars,《花样滑冰stars》是原创动画，讲述花样滑冰少年们的物语。少年们在花样滑冰中追逐梦想，作品以滑冰、青春与群像为特色，动画的滑冰场面优美，角色们的成长令人动容，是一部运动题材的作品。作品对竞技细节的还原相当用心，每一次攻防都充满张力，主角从青涩到成熟的成长轨迹真实可感，与队友和对手的羁绊贯穿始终，汗水与泪水交织出热血沸腾的青春物语。整体而言，该作在题材表达与情感渲染上均有可取之处，剧情张弛有度，角色令人印象深刻，是一部完成度较高、值得推荐的作品。
1665,primary,zh-CN,碧蓝航线：微速前行！,《碧蓝航线：微速前行！》是《碧蓝航线》的短篇动画，舰娘们的日常。作品以舰娘、日常与治愈为特色，动画画风可爱、篇幅短小，在轻松的日常中展现舰娘们的互动，是碧蓝航线系列的番外作品。作品没有强烈的戏剧冲突，却以细腻的笔触捕捉日常中的微小幸福，角色的喜怒哀乐真实可感，在平实的叙述中悄然传递着生活的温度，适合在忙碌之余放松心情慢慢欣赏。整体而言，该作在题材表达与情感渲染上均有可取之处，剧情张弛有度，角色令人印象深刻，是一部完成度较高、值得推荐的作品。
1666,primary,zh-CN,顺其自然的日子,《顺其自然的日子》是短篇动画，讲述几组情侣的物语。作品以恋爱、群像与日常为特色，动画的氛围细腻，各组情侣的故事充满真实感，是一部风格独特的作品。角色间的互动刻画得细腻自然，那些欲言又止的心意、别扭又真诚的靠近都真实而动人，情感线与日常情节交织，让观众在会心一笑与怦然心动之间反复横跳，是一部让人回味无穷的恋爱物语。整体而言，该作在题材表达与情感渲染上均有可取之处，剧情张弛有度，角色令人印象深刻，是一部完成度较高、值得推荐的作品。
1667,primary,zh-CN,幼女社长,《幼女社长》是短篇动画，讲述幼女社长的职场物语。作品以职场、搞笑与日常为特色，幼女社长的反差充满笑料，动画篇幅短小、节奏明快，是一部轻松解压的泡面番。画风清新、节奏舒缓，人物之间的相处自然而温暖，那些平凡琐碎的片段在动画的演绎下变得闪闪发光，传递出一种治愈人心的宁静力量，是治愈系爱好者不容错过的作品。整体而言，该作在题材表达与情感渲染上均有可取之处，剧情张弛有度，角色令人印象深刻，是一部完成度较高、值得推荐的作品。
1668,primary,zh-CN,摇曳露营△ 第二季,《摇曳露营△ 第二季》延续第一季，少女们的露营日常继续。本作抚子与凛在露营中迎接新的季节，作品以露营、日常与治愈为特色，动画的画风清新、氛围宁静，是近年来的治愈佳作。作品没有强烈的戏剧冲突，却以细腻的笔触捕捉日常中的微小幸福，角色的喜怒哀乐真实可感，在平实的叙述中悄然传递着生活的温度，适合在忙碌之余放松心情慢慢欣赏。整体而言，该作在题材表达与情感渲染上均有可取之处，剧情张弛有度，角色令人印象深刻，是一部完成度较高、值得推荐的作品。
1669,primary,zh-CN,七大罪 愤怒的审判,《七大罪 愤怒的审判》延续系列，梅利奥达斯与七大罪们的战斗迎来高潮。本作围绕愤怒的审判与最终的决战展开，作品以奇幻冒险、热血战斗与伙伴羁绊为特色，动画的战斗场面华丽，是七大罪系列的续作。动画的节奏把控张弛有度，战斗场面的分镜与作画都相当扎实，主角在与强敌的较量中不断突破自我，和同伴之间建立的信任与羁绊也为剧情增添了温度，热血与感动并存，值得一看。整体而言，该作在题材表达与情感渲染上均有可取之处，剧情张弛有度，角色令人印象深刻，是一部完成度较高、值得推荐的作品。
1670,primary,zh-CN,WIXOSS DIVA(A)LIVE,《WIXOSS DIVA(A)LIVE》是WIXOSS系列动画，卡片战斗的物语继续。本作围绕新的规则与少女们的命运展开，作品以卡牌、悬疑与心理博弈为特色，动画延续系列的暗黑氛围，是一部风格独特的作品。动作设计与演出张力俱佳，随着剧情推进，主角面对的敌人越来越强，战斗方式与自身局限的突破层层升级，配乐与画面配合出色，将热血少年向作品应有的爽快感与成长感都演绎得十分到位。整体而言，该作在题材表达与情感渲染上均有可取之处，剧情张弛有度，角色令人印象深刻，是一部完成度较高、值得推荐的作品。
1671,primary,zh-CN,Re：从零开始的异世界生活 第二季 后半部分,《Re：从零开始的异世界生活 第二季 后半部分》延续第二季，菜月昴的物语继续。本作围绕圣域篇的高潮展开，昴在绝望与轮回中迎来转折，作品以异世界、悬疑与催泪为主题，昴的坚持令人动容，是异世界题材的代表作。作品没有强烈的戏剧冲突，却以细腻的笔触捕捉日常中的微小幸福，角色的喜怒哀乐真实可感，在平实的叙述中悄然传递着生活的温度，适合在忙碌之余放松心情慢慢欣赏。整体而言，该作在题材表达与情感渲染上均有可取之处，剧情张弛有度，角色令人印象深刻，是一部完成度较高、值得推荐的作品。
1672,primary,zh-CN,五等分的新娘∬,《五等分的新娘∬》延续第一季，上杉风太郎与五胞胎的恋爱继续。本作风太郎与五胞胎的关系进一步发展，作品以恋爱、校园与搞笑为特色，动画的氛围轻松，是一部欢乐的恋爱喜剧。角色间的互动刻画得细腻自然，那些欲言又止的心意、别扭又真诚的靠近都真实而动人，情感线与日常情节交织，让观众在会心一笑与怦然心动之间反复横跳，是一部让人回味无穷的恋爱物语。整体而言，该作在题材表达与情感渲染上均有可取之处，剧情张弛有度，角色令人印象深刻，是一部完成度较高、值得推荐的作品。
1673,primary,zh-CN,文豪野犬 汪！,《文豪野犬 汪！》是《文豪野犬》的短篇动画，角色们的Q版日常。作品以异能力、搞笑与日常为特色，动画画风可爱、篇幅短小，在轻松的日常中展现角色们的互动，是文豪野犬系列的番外作品。画风清新、节奏舒缓，人物之间的相处自然而温暖，那些平凡琐碎的片段在动画的演绎下变得闪闪发光，传递出一种治愈人心的宁静力量，是治愈系爱好者不容错过的作品。整体而言，该作在题材表达与情感渲染上均有可取之处，剧情张弛有度，角色令人印象深刻，是一部完成度较高、值得推荐的作品。
1674,primary,zh-CN,世界魔女 起飞！,《世界魔女 起飞！》是强袭魔女系列的短篇动画，魔女们的Q版日常。作品以战斗、日常与搞笑为特色，动画画风可爱、篇幅短小，在轻松的日常中展现魔女们的互动，是强袭魔女系列的番外作品。动作设计与演出张力俱佳，随着剧情推进，主角面对的敌人越来越强，战斗方式与自身局限的突破层层升级，配乐与画面配合出色，将热血少年向作品应有的爽快感与成长感都演绎得十分到位。整体而言，该作在题材表达与情感渲染上均有可取之处，剧情张弛有度，角色令人印象深刻，是一部完成度较高、值得推荐的作品。
1675,primary,zh-CN,堀与宫村,《堀与宫村》改编自同名漫画。优等生堀京子与阴沉少年宫村伊澄的恋爱。作品以恋爱、日常与青春为特色，两人的反差与互动充满温馨，动画的氛围温暖，是一部让人心动的校园恋爱作品。角色间的互动刻画得细腻自然，那些欲言又止的心意、别扭又真诚的靠近都真实而动人，情感线与日常情节交织，让观众在会心一笑与怦然心动之间反复横跳，是一部让人回味无穷的恋爱物语。整体而言，该作在题材表达与情感渲染上均有可取之处，剧情张弛有度，角色令人印象深刻，是一部完成度较高、值得推荐的作品。
1676,primary,zh-CN,无职转生～到了异世界就拿出真本事～,《无职转生～到了异世界就拿出真本事～》改编自同名轻小说。家里蹲青年转生到异世界，重新开始人生。作品以异世界、成长与群像为主题，鲁迪乌斯的新人生充满冒险与温情，动画的制作精良，是异世界题材的代表作。作品在幻想的外衣下探讨着真实的情感与抉择，主角的成长线扎实有力，与伙伴们的情谊在一次次考验中愈发深厚，冒险的紧张感与日常的温情交替呈现，故事层次丰富、后劲十足。整体而言，该作在题材表达与情感渲染上均有可取之处，剧情张弛有度，角色令人印象深刻，是一部完成度较高、值得推荐的作品。
1677,primary,zh-CN,SHOW BY ROCK!! STARS!!,《SHOW BY ROCK!! STARS!!》延续系列，乐队少女们的物语继续。本作少女们在音乐世界中迎接新的挑战，作品以音乐、可爱角色与搞笑为特色，动画的演奏场面充满感染力，是一部轻松愉快的音乐番。作品没有强烈的戏剧冲突，却以细腻的笔触捕捉日常中的微小幸福，角色的喜怒哀乐真实可感，在平实的叙述中悄然传递着生活的温度，适合在忙碌之余放松心情慢慢欣赏。整体而言，该作在题材表达与情感渲染上均有可取之处，剧情张弛有度，角色令人印象深刻，是一部完成度较高、值得推荐的作品。
1678,primary,zh-CN,工作细胞BLACK,《工作细胞BLACK》是《工作细胞》的衍生作品，讲述不健康身体中的细胞们。作品以科普、战斗与日常为特色，动画的氛围沉重，细胞们在恶劣环境中的工作充满张力，是一部独特的教育作品。动画的节奏把控张弛有度，战斗场面的分镜与作画都相当扎实，主角在与强敌的较量中不断突破自我，和同伴之间建立的信任与羁绊也为剧情增添了温度，热血与感动并存，值得一看。整体而言，该作在题材表达与情感渲染上均有可取之处，剧情张弛有度，角色令人印象深刻，是一部完成度较高、值得推荐的作品。
1679,primary,zh-CN,工作细胞！！,《工作细胞！！》延续第一季，身体细胞们的日常继续。本作红血球、白血球等细胞继续辛勤工作，作品以科普、战斗与日常为特色，动画画风可爱、氛围轻松，是一部寓教于乐的佳作。动作设计与演出张力俱佳，随着剧情推进，主角面对的敌人越来越强，战斗方式与自身局限的突破层层升级，配乐与画面配合出色，将热血少年向作品应有的爽快感与成长感都演绎得十分到位。整体而言，该作在题材表达与情感渲染上均有可取之处，剧情张弛有度，角色令人印象深刻，是一部完成度较高、值得推荐的作品。
1680,primary,zh-CN,天地创造设计部,《天地创造设计部》改编自同名漫画。神在创造动物时委托设计部。作品以科普、搞笑与职场为特色，设计部的动物设计充满笑料，动画的氛围轻松，是一部寓教于乐的作品。作品没有强烈的戏剧冲突，却以细腻的笔触捕捉日常中的微小幸福，角色的喜怒哀乐真实可感，在平实的叙述中悄然传递着生活的温度，适合在忙碌之余放松心情慢慢欣赏。整体而言，该作在题材表达与情感渲染上均有可取之处，剧情张弛有度，角色令人印象深刻，是一部完成度较高、值得推荐的作品。
1681,primary,zh-CN,石纪元 石之战争,《石纪元 石之战争》延续第一季，千空的科学复兴继续。本作围绕石之战争展开，作品以科学、冒险与热血为特色，千空的科学知识与伙伴们的冒险充满魅力，是石纪元系列的续作。动画的节奏把控张弛有度，战斗场面的分镜与作画都相当扎实，主角在与强敌的较量中不断突破自我，和同伴之间建立的信任与羁绊也为剧情增添了温度，热血与感动并存，值得一看。整体而言，该作在题材表达与情感渲染上均有可取之处，剧情张弛有度，角色令人印象深刻，是一部完成度较高、值得推荐的作品。
1682,primary,zh-CN,关于我转生变成史莱姆这档事 第二季,《关于我转生变成史莱姆这档事 第二季》延续第一季，利姆露的物语继续。本作利姆露在魔国联邦的建设与纷争中成长，作品以异世界、轻松冒险与群像为特色，动画的氛围轻松，是异世界题材的代表作。画风清新、节奏舒缓，人物之间的相处自然而温暖，那些平凡琐碎的片段在动画的演绎下变得闪闪发光，传递出一种治愈人心的宁静力量，是治愈系爱好者不容错过的作品。整体而言，该作在题材表达与情感渲染上均有可取之处，剧情张弛有度，角色令人印象深刻，是一部完成度较高、值得推荐的作品。
1683,primary,zh-CN,只有我进入的隐藏地下城,《只有我进入的隐藏地下城》改编自同名轻小说。少年诺尔在隐藏地下城中获得力量。作品以异世界、冒险与后宫为特色，诺尔的成长与冒险充满看点，动画的氛围轻松，是一部标准的轻改作品。作品没有强烈的戏剧冲突，却以细腻的笔触捕捉日常中的微小幸福，角色的喜怒哀乐真实可感，在平实的叙述中悄然传递着生活的温度，适合在忙碌之余放松心情慢慢欣赏。整体而言，该作在题材表达与情感渲染上均有可取之处，剧情张弛有度，角色令人印象深刻，是一部完成度较高、值得推荐的作品。
1684,primary,zh-CN,装甲娘战机,《装甲娘战机》改编自同名企划。少女们驾驶装甲娘战机战斗。作品以机战、战斗与群像为特色，动画的战斗场面华丽，少女们的成长与羁绊贯穿始终，是企划改编动画的作品。动画的节奏把控张弛有度，战斗场面的分镜与作画都相当扎实，主角在与强敌的较量中不断突破自我，和同伴之间建立的信任与羁绊也为剧情增添了温度，热血与感动并存，值得一看。整体而言，该作在题材表达与情感渲染上均有可取之处，剧情张弛有度，角色令人印象深刻，是一部完成度较高、值得推荐的作品。
1685,primary,zh-CN,里世界郊游,《里世界郊游》改编自同名漫画。少女们在里世界的探险。作品以怪谈、悬疑与群像为特色，动画的氛围诡异，两人的探险充满张力，是一部风格新颖的作品。悬疑氛围铺垫扎实，人物之间暗流涌动的博弈与隐藏的秘密交织出复杂的叙事网络，叙事节奏收放自如，高潮部分的揭示震撼有力，看完之后依然值得反复回味其中的细节。整体而言，该作在题材表达与情感渲染上均有可取之处，剧情张弛有度，角色令人印象深刻，是一部完成度较高、值得推荐的作品。
1686,primary,zh-CN,2.43 清阴高校男子排球部,《2.43 清阴高校男子排球部》改编自同名小说。排球少年们在清阴高校的物语。作品以排球、青春与群像为特色，动画的比赛场面充满张力，少年们的成长令人动容，是一部扎实的运动作品。竞技之外的成长与人物塑造同样出色，角色们在胜负之外的坚持与热爱令人敬佩，节奏紧凑、情感饱满，将运动番应有的激情与感动都发挥得淋漓尽致，极具感染力。整体而言，该作在题材表达与情感渲染上均有可取之处，剧情张弛有度，角色令人印象深刻，是一部完成度较高、值得推荐的作品。
1687,primary,zh-CN,Praeter之伤,《Praeter之伤》是原创动画，讲述少年们在东京的战斗。本作围绕东京的守护者展开，作品以战斗、群像与热血为特色，动画的战斗场面华丽，少年们的羁绊贯穿始终，是一部风格独特的作品。动画的节奏把控张弛有度，战斗场面的分镜与作画都相当扎实，主角在与强敌的较量中不断突破自我，和同伴之间建立的信任与羁绊也为剧情增添了温度，热血与感动并存，值得一看。整体而言，该作在题材表达与情感渲染上均有可取之处，剧情张弛有度，角色令人印象深刻，是一部完成度较高、值得推荐的作品。
1688,primary,zh-CN,无限滑板,《无限滑板》是原创动画，讲述少年们在滑板竞技中的物语。作品以滑板、热血与青春为特色，动画的滑板场面充满魄力，角色们的对决令人热血沸腾，是风格独特的作品。动作设计与演出张力俱佳，随着剧情推进，主角面对的敌人越来越强，战斗方式与自身局限的突破层层升级，配乐与画面配合出色，将热血少年向作品应有的爽快感与成长感都演绎得十分到位。整体而言，该作在题材表达与情感渲染上均有可取之处，剧情张弛有度，角色令人印象深刻，是一部完成度较高、值得推荐的作品。
1689,primary,zh-CN,巴克·亚罗,《巴克·亚罗》是原创动画，讲述少年们在环形世界的战斗。本作围绕谜之世界与机体战斗展开，作品以机战、热血与群像为特色，动画的战斗场面华丽，少年们的冒险充满魄力，是一部扎实的作品。动作设计与演出张力俱佳，随着剧情推进，主角面对的敌人越来越强，战斗方式与自身局限的突破层层升级，配乐与画面配合出色，将热血少年向作品应有的爽快感与成长感都演绎得十分到位。整体而言，该作在题材表达与情感渲染上均有可取之处，剧情张弛有度，角色令人印象深刻，是一部完成度较高、值得推荐的作品。
1690,primary,zh-CN,境界触发者 第二季,《境界触发者 第二季》延续第一季，三云修与伙伴们的战斗继续。本作围绕新的篇章与近界民展开，作品以战斗、热血与群像为特色，动画的战斗场面华丽，三云修的成长令人动容，是境界触发者系列的续作。动画的节奏把控张弛有度，战斗场面的分镜与作画都相当扎实，主角在与强敌的较量中不断突破自我，和同伴之间建立的信任与羁绊也为剧情增添了温度，热血与感动并存，值得一看。整体而言，该作在题材表达与情感渲染上均有可取之处，剧情张弛有度，角色令人印象深刻，是一部完成度较高、值得推荐的作品。
1691,primary,zh-CN,怪物事变,《怪物事变》改编自同名漫画。少年夏羽与怪物们的物语。作品以妖怪、悬疑与战斗为特色，动画的氛围独特，夏羽的身世与怪物们的真相层层展开，是一部风格新颖的作品。动作设计与演出张力俱佳，随着剧情推进，主角面对的敌人越来越强，战斗方式与自身局限的突破层层升级，配乐与画面配合出色，将热血少年向作品应有的爽快感与成长感都演绎得十分到位。整体而言，该作在题材表达与情感渲染上均有可取之处，剧情张弛有度，角色令人印象深刻，是一部完成度较高、值得推荐的作品。
1692,primary,zh-CN,EX-ARM,《EX-ARM》改编自同名漫画。少年在EX-ARM的世界中的战斗。作品以科幻、战斗与群像为特色，动画的战斗场面华丽，少年们的成长与羁绊贯穿始终，是漫画改编动画的作品。动作设计与演出张力俱佳，随着剧情推进，主角面对的敌人越来越强，战斗方式与自身局限的突破层层升级，配乐与画面配合出色，将热血少年向作品应有的爽快感与成长感都演绎得十分到位。整体而言，该作在题材表达与情感渲染上均有可取之处，剧情张弛有度，角色令人印象深刻，是一部完成度较高、值得推荐的作品。
1693,primary,zh-CN,苍之骑士团,《苍之骑士团》改编自同名游戏。骑士们在王国的战斗与冒险。作品以冒险、战斗与群像为特色，动画的战斗场面华丽，角色们的成长与羁绊贯穿始终，是游戏改编动画的作品。动画的节奏把控张弛有度，战斗场面的分镜与作画都相当扎实，主角在与强敌的较量中不断突破自我，和同伴之间建立的信任与羁绊也为剧情增添了温度，热血与感动并存，值得一看。整体而言，该作在题材表达与情感渲染上均有可取之处，剧情张弛有度，角色令人印象深刻，是一部完成度较高、值得推荐的作品。
1694,primary,zh-CN,奇蛋物语,《奇蛋物语》是原创动画，讲述少女们在异世界中的战斗。少女们在谜之世界中的冒险与成长，作品以奇幻、悬疑与群像为特色，动画的氛围独特，少女们的命运充满张力，是一部风格新颖的作品。动作设计与演出张力俱佳，随着剧情推进，主角面对的敌人越来越强，战斗方式与自身局限的突破层层升级，配乐与画面配合出色，将热血少年向作品应有的爽快感与成长感都演绎得十分到位。整体而言，该作在题材表达与情感渲染上均有可取之处，剧情张弛有度，角色令人印象深刻，是一部完成度较高、值得推荐的作品。
1695,primary,zh-CN,偶像荣耀,《偶像荣耀》改编自同名企划，少女们的偶像物语。本作少女们在偶像舞台上追逐梦想，作品以音乐、偶像与群像为特色，歌曲与舞台演出华丽，是偶像动画的作品。角色的个性塑造鲜明，舞台上的自信与生活中的可爱形成反差，团队协作与个人成长双线并进，歌舞编排赏心悦目，让观众既能享受视听盛宴，也能为少女们的梦想与坚持而感动。整体而言，该作在题材表达与情感渲染上均有可取之处，剧情张弛有度，角色令人印象深刻，是一部完成度较高、值得推荐的作品。
1696,primary,zh-CN,来冲浪吧！！美少年！！,《来冲浪吧！！美少年！！》改编自同名漫画。少年们在冲浪部的物语。作品以冲浪、青春与群像为特色，动画的氛围青春，少年们的冲浪与训练充满活力，是一部轻松的运动作品。作品没有强烈的戏剧冲突，却以细腻的笔触捕捉日常中的微小幸福，角色的喜怒哀乐真实可感，在平实的叙述中悄然传递着生活的温度，适合在忙碌之余放松心情慢慢欣赏。整体而言，该作在题材表达与情感渲染上均有可取之处，剧情张弛有度，角色令人印象深刻，是一部完成度较高、值得推荐的作品。
1697,primary,zh-CN,ICHU偶像进行曲,《ICHU偶像进行曲》改编自同名游戏，少年偶像们的物语。本作以偶像学院的少年们为主角，作品以音乐、偶像与群像为特色，歌曲与舞台演出华丽，是女性向偶像动画的作品。角色的个性塑造鲜明，舞台上的自信与生活中的可爱形成反差，团队协作与个人成长双线并进，歌舞编排赏心悦目，让观众既能享受视听盛宴，也能为少女们的梦想与坚持而感动。整体而言，该作在题材表达与情感渲染上均有可取之处，剧情张弛有度，角色令人印象深刻，是一部完成度较高、值得推荐的作品。
1698,primary,zh-CN,弱角友崎同学,《弱角友崎同学》改编自同名轻小说。游戏玩家友崎文也在现实中的恋爱游戏。作品以恋爱、校园与群像为特色，友崎的攻略与成长充满看点，动画的氛围轻松，是一部欢乐的作品。角色间的互动刻画得细腻自然，那些欲言又止的心意、别扭又真诚的靠近都真实而动人，情感线与日常情节交织，让观众在会心一笑与怦然心动之间反复横跳，是一部让人回味无穷的恋爱物语。整体而言，该作在题材表达与情感渲染上均有可取之处，剧情张弛有度，角色令人印象深刻，是一部完成度较高、值得推荐的作品。
1699,primary,zh-CN,赛马娘 Pretty Derby 第二季,《赛马娘 Pretty Derby 第二季》延续第一季，马娘们的物语继续。本作东海帝王与目白麦昆的物语展开，作品以竞技、群像与励志为特色，动画的比赛场面充满激情，马娘们的梦想与羁绊令人动容，是口碑极佳的作品。作品对竞技细节的还原相当用心，每一次攻防都充满张力，主角从青涩到成熟的成长轨迹真实可感，与队友和对手的羁绊贯穿始终，汗水与泪水交织出热血沸腾的青春物语。整体而言，该作在题材表达与情感渲染上均有可取之处，剧情张弛有度，角色令人印象深刻，是一部完成度较高、值得推荐的作品。
1700,primary,zh-CN,地味变!!～改变土妹子的纯洁异性交往～,《地味变!!～改变土妹子的纯洁异性交往～》是短篇成人向动画，讲述土妹子与男生的恋爱。作品以恋爱、成年向与日常为特色，动画的氛围暧昧，两人的互动充满张力，是一部面向成人的恋爱作品。作品在甜蜜之余也保留了青春特有的青涩与迷茫，主角在感情中的成长与抉择贯穿始终，配乐温润、画面明丽，将恋爱中的忐忑、欢喜与遗憾都拿捏得恰到好处，适合慢慢品味。整体而言，该作在题材表达与情感渲染上均有可取之处，剧情张弛有度，角色令人印象深刻，是一部完成度较高、值得推荐的作品。
1701,primary,zh-CN,记录的地平线 圆桌崩坏,《记录的地平线 圆桌崩坏》延续系列，城惠与冒险者们的物语继续。本作围绕圆桌崩坏与新的危机展开，作品以游戏、冒险与群像为特色，动画的氛围独特，城惠的智谋充满魅力，是记录的地平线系列的续作。世界观设定丰富而自成体系，随着冒险推进，更多奇妙的种族、地点与力量体系逐一展开，角色们在旅途中收获成长与羁绊，画面与配乐共同营造出充满想象力的奇幻氛围，令人沉浸其中。整体而言，该作在题材表达与情感渲染上均有可取之处，剧情张弛有度，角色令人印象深刻，是一部完成度较高、值得推荐的作品。
1702,primary,zh-CN,魔术士奥芬的无赖之旅 基姆拉克篇,《魔术士奥芬的无赖之旅 基姆拉克篇》延续系列，魔术士奥芬的旅程继续。本作奥芬在基姆拉克篇中面对新的挑战，作品以奇幻、冒险与热血为特色，奥芬的强大与无赖充满魅力，是一部经典的奇幻作品。动画的节奏把控张弛有度，战斗场面的分镜与作画都相当扎实，主角在与强敌的较量中不断突破自我，和同伴之间建立的信任与羁绊也为剧情增添了温度，热血与感动并存，值得一看。整体而言，该作在题材表达与情感渲染上均有可取之处，剧情张弛有度，角色令人印象深刻，是一部完成度较高、值得推荐的作品。
1703,primary,zh-CN,大人的防具店 第二季,《大人的防具店 第二季》延续第一季，防具店的搞笑日常继续。本作防具店的店员与客人们的互动依旧充满笑料，作品以搞笑、恶搞与日常为特色，动画篇幅短小、笑点密集，是一部轻松解压的泡面番。画风清新、节奏舒缓，人物之间的相处自然而温暖，那些平凡琐碎的片段在动画的演绎下变得闪闪发光，传递出一种治愈人心的宁静力量，是治愈系爱好者不容错过的作品。整体而言，该作在题材表达与情感渲染上均有可取之处，剧情张弛有度，角色令人印象深刻，是一部完成度较高、值得推荐的作品。
1704,primary,zh-CN,怪病医拉姆尼,《怪病医拉姆尼》改编自同名漫画。怪病医拉姆尼治疗奇异的疾病。作品以医疗、怪谈与单元剧为特色，拉姆尼的医术与患者们的故事充满魅力，动画的氛围独特，是一部风格新颖的作品。剧情层层递进、伏笔密布，随着线索的不断拼合，真相逐渐浮出水面，每一次反转都在意料之外又情理之中，细节经得起推敲，氛围营造到位，是喜欢烧脑故事的观众不可错过之作。整体而言，该作在题材表达与情感渲染上均有可取之处，剧情张弛有度，角色令人印象深刻，是一部完成度较高、值得推荐的作品。
1705,primary,zh-CN,约定的梦幻岛 第二季,《约定的梦幻岛 第二季》延续第一季，孩子们的逃亡继续。本作孩子们在鬼的世界中的生存与战斗，作品以悬疑、生存与热血为主题，动画的氛围紧张，是一部口碑佳作。动画的节奏把控张弛有度，战斗场面的分镜与作画都相当扎实，主角在与强敌的较量中不断突破自我，和同伴之间建立的信任与羁绊也为剧情增添了温度，热血与感动并存，值得一看。整体而言，该作在题材表达与情感渲染上均有可取之处，剧情张弛有度，角色令人印象深刻，是一部完成度较高、值得推荐的作品。
1706,primary,zh-CN,剧偶像,《剧偶像》是原创动画，讲述少女们在戏剧中的物语。本作围绕戏剧与少女们的成长展开，作品以舞台、悬疑与群像为特色，动画的氛围独特，少女们的命运充满张力，是一部风格新颖的作品。角色的个性塑造鲜明，舞台上的自信与生活中的可爱形成反差，团队协作与个人成长双线并进，歌舞编排赏心悦目，让观众既能享受视听盛宴，也能为少女们的梦想与坚持而感动。整体而言，该作在题材表达与情感渲染上均有可取之处，剧情张弛有度，角色令人印象深刻，是一部完成度较高、值得推荐的作品。
1707,primary,zh-CN,回复术士的重来人生,《回复术士的重来人生》改编自同名轻小说。回复术士凯亚尔的重来复仇。作品以异世界、复仇与黑暗为主题，动画的氛围沉重，凯亚尔的复仇充满震撼，是一部面向成人的作品。世界观设定丰富而自成体系，随着冒险推进，更多奇妙的种族、地点与力量体系逐一展开，角色们在旅途中收获成长与羁绊，画面与配乐共同营造出充满想象力的奇幻氛围，令人沉浸其中。整体而言，该作在题材表达与情感渲染上均有可取之处，剧情张弛有度，角色令人印象深刻，是一部完成度较高、值得推荐的作品。
1708,primary,zh-CN,转生成蜘蛛又怎样！,《转生成蜘蛛又怎样！》改编自同名轻小说。转生为蜘蛛的少女在迷宫中的生存。作品以异世界、生存与成长为主题，蜘蛛少女的挣扎与进化充满看点，动画的氛围独特，是一部风格新颖的作品。世界观设定丰富而自成体系，随着冒险推进，更多奇妙的种族、地点与力量体系逐一展开，角色们在旅途中收获成长与羁绊，画面与配乐共同营造出充满想象力的奇幻氛围，令人沉浸其中。整体而言，该作在题材表达与情感渲染上均有可取之处，剧情张弛有度，角色令人印象深刻，是一部完成度较高、值得推荐的作品。
1709,primary,zh-CN,天空侵犯,《天空侵犯》改编自同名漫画。少女们在天空中的生存游戏。作品以生存、恐怖与悬疑为主题，动画的氛围紧张，少女们的挣扎充满看点，是一部让人不寒而栗的生存恐怖作品。悬疑氛围铺垫扎实，人物之间暗流涌动的博弈与隐藏的秘密交织出复杂的叙事网络，叙事节奏收放自如，高潮部分的揭示震撼有力，看完之后依然值得反复回味其中的细节。整体而言，该作在题材表达与情感渲染上均有可取之处，剧情张弛有度，角色令人印象深刻，是一部完成度较高、值得推荐的作品。
1710,primary,zh-CN,好比是最终迷宫前的少年到新手村生活一般的故事,《好比是最终迷宫前的少年到新手村生活一般的故事》改编自同名轻小说。在魔界边缘生活的少年与伙伴们。作品以异世界、轻松冒险与搞笑为特色，少年的强大与日常充满笑料，动画的氛围轻松，是一部欢乐的作品。作品没有强烈的戏剧冲突，却以细腻的笔触捕捉日常中的微小幸福，角色的喜怒哀乐真实可感，在平实的叙述中悄然传递着生活的温度，适合在忙碌之余放松心情慢慢欣赏。整体而言，该作在题材表达与情感渲染上均有可取之处，剧情张弛有度，角色令人印象深刻，是一部完成度较高、值得推荐的作品。
1711,primary,zh-CN,BanG Dream! FILM LIVE,《BanG Dream! FILM LIVE》是《BanG Dream!》的剧场版，少女们的现场演出。本作以演唱会的live为主，作品以音乐、青春与群像为特色，动画的演出场面华丽，是BanG Dream企划的剧场版。歌舞演出的画面制作精良，每一首歌都与角色心境和剧情推进紧密呼应，少女们在聚光灯下的闪耀与幕后流下的汗水同样动人，传递出追逐梦想、不懈努力的正能量，感染力十足。整体而言，该作在题材表达与情感渲染上均有可取之处，剧情张弛有度，角色令人印象深刻，是一部完成度较高、值得推荐的作品。
1712,primary,zh-CN,海边的异邦人,《海边的异邦人》是BL动画剧场版，讲述少年与青年在海边的物语。作品以BL恋爱、日常与治愈为特色，动画的画风精美、氛围温暖，两人的情感发展细腻动人，是BL动画的佳作。作品在甜蜜之余也保留了青春特有的青涩与迷茫，主角在感情中的成长与抉择贯穿始终，配乐温润、画面明丽，将恋爱中的忐忑、欢喜与遗憾都拿捏得恰到好处，适合慢慢品味。整体而言，该作在题材表达与情感渲染上均有可取之处，剧情张弛有度，角色令人印象深刻，是一部完成度较高、值得推荐的作品。
1713,primary,zh-CN,约会大作战 赤黑新章：虚或实,《约会大作战 赤黑新章：虚或实》是《约会大作战》的剧场版，时崎狂三的物语。本作围绕狂三的过去展开，作品以恋爱、战斗与后宫为特色，动画的战斗场面华丽，狂三的魅力令人着迷，是约会大作战系列的剧场版。动作设计与演出张力俱佳，随着剧情推进，主角面对的敌人越来越强，战斗方式与自身局限的突破层层升级，配乐与画面配合出色，将热血少年向作品应有的爽快感与成长感都演绎得十分到位。整体而言，该作在题材表达与情感渲染上均有可取之处，剧情张弛有度，角色令人印象深刻，是一部完成度较高、值得推荐的作品。
1714,primary,zh-CN,工作细胞：细胞大作战,《工作细胞：细胞大作战》是《工作细胞》的剧场版，细胞们的战斗。本作围绕新的敌人与危机展开，作品以科普、战斗与日常为特色，动画画风可爱、氛围轻松，是一部寓教于乐的佳作。动画的节奏把控张弛有度，战斗场面的分镜与作画都相当扎实，主角在与强敌的较量中不断突破自我，和同伴之间建立的信任与羁绊也为剧情增添了温度，热血与感动并存，值得一看。整体而言，该作在题材表达与情感渲染上均有可取之处，剧情张弛有度，角色令人印象深刻，是一部完成度较高、值得推荐的作品。
1715,primary,zh-CN,约会大作战 赤黑新章：红或白,《约会大作战 赤黑新章：红或白》是《约会大作战》的剧场版，时崎狂三的物语。本作围绕狂三的战斗与真相展开，作品以恋爱、战斗与后宫为特色，动画的战斗场面华丽，是约会大作战系列的剧场版。动作设计与演出张力俱佳，随着剧情推进，主角面对的敌人越来越强，战斗方式与自身局限的突破层层升级，配乐与画面配合出色，将热血少年向作品应有的爽快感与成长感都演绎得十分到位。整体而言，该作在题材表达与情感渲染上均有可取之处，剧情张弛有度，角色令人印象深刻，是一部完成度较高、值得推荐的作品。
1716,primary,zh-CN,剧场版 Fate/stay night [Heaven's Feel] III.spring song,《剧场版 Fate/stay night [Heaven's Feel] III.spring song》是Fate系列的剧场版最终章，间桐樱的物语迎来结局。本作围绕樱的救赎与圣杯战争的终局展开，作品以Fate世界观、战斗与黑暗为特色，动画的战斗场面华丽，是Heaven's Feel线的最终章。动作设计与演出张力俱佳，随着剧情推进，主角面对的敌人越来越强，战斗方式与自身局限的突破层层升级，配乐与画面配合出色，将热血少年向作品应有的爽快感与成长感都演绎得十分到位。
1717,primary,zh-CN,动物狂想曲 第二季,《动物狂想曲 第二季》延续第一季，狼雷格西的物语继续。本作围绕雷格西的成长与新的危机展开，作品以群像、青春与深度为特色，动画探讨欲望与社会的命题，是风格独特的作品。作品在整体完成度上表现出色，叙事流畅、角色立体，主题的表达清晰而有深度，既有轻松愉悦的观赏性，也留有值得回味的余韵，是一部质量扎实、诚意满满的作品。整体而言，该作在题材表达与情感渲染上均有可取之处，剧情张弛有度，角色令人印象深刻，是一部完成度较高、值得推荐的作品。
1718,primary,zh-CN,偶像活动Planet！,《偶像活动Planet！》是偶像活动系列的动画，少女们的偶像生活继续。本作新的主角与舞台登场，少女们在偶像道路上追逐梦想，作品以华丽的舞台演出、时尚搭配与少女追梦为主题，是少女向偶像动画的经典系列。画风清新、节奏舒缓，人物之间的相处自然而温暖，那些平凡琐碎的片段在动画的演绎下变得闪闪发光，传递出一种治愈人心的宁静力量，是治愈系爱好者不容错过的作品。整体而言，该作在题材表达与情感渲染上均有可取之处，剧情张弛有度，角色令人印象深刻，是一部完成度较高、值得推荐的作品。
1719,primary,zh-CN,八十龟酱观察日记 第三册,《八十龟酱观察日记 第三册》延续系列，少年与名古屋少女的日常继续。本作八十龟酱的方言与文化依旧充满魅力，作品以日常、地域文化为特色，动画篇幅短小，是一部轻松解压的泡面番。作品没有强烈的戏剧冲突，却以细腻的笔触捕捉日常中的微小幸福，角色的喜怒哀乐真实可感，在平实的叙述中悄然传递着生活的温度，适合在忙碌之余放松心情慢慢欣赏。整体而言，该作在题材表达与情感渲染上均有可取之处，剧情张弛有度，角色令人印象深刻，是一部完成度较高、值得推荐的作品。
1720,primary,zh-CN,悠哉日常大王 Nonstop,《悠哉日常大王 Nonstop》是《悠哉日常大王》第三季，乡村小学少女们的悠闲日常继续。本作宫内莲华与伙伴们在四季更迭中的时光更加丰富，作品以治愈、日常与乡村风光为特色，舒缓的节奏令人会心一笑，是治愈系日常动画的代表作。作品没有强烈的戏剧冲突，却以细腻的笔触捕捉日常中的微小幸福，角色的喜怒哀乐真实可感，在平实的叙述中悄然传递着生活的温度，适合在忙碌之余放松心情慢慢欣赏。整体而言，该作在题材表达与情感渲染上均有可取之处，剧情张弛有度，角色令人印象深刻，是一部完成度较高、值得推荐的作品。
1721,primary,zh-CN,哆啦A梦：大雄的新恐龙,《哆啦A梦：大雄的新恐龙》是《哆啦A梦》剧场版，大雄与两只恐龙的故事。本作围绕新恐龙与伙伴的羁绊展开，大雄与哆啦A梦在白垩纪展开大冒险，作品以冒险、科幻与友情为主题，动画的氛围欢乐，结局充满感动，是哆啦A梦系列的剧场版。作品在幻想的外衣下探讨着真实的情感与抉择，主角的成长线扎实有力，与伙伴们的情谊在一次次考验中愈发深厚，冒险的紧张感与日常的温情交替呈现，故事层次丰富、后劲十足。整体而言，该作在题材表达与情感渲染上均有可取之处，剧情张弛有度，角色令人印象深刻，是一部完成度较高、值得推荐的作品。
1722,primary,zh-CN,Fate/Grand Carnival,《Fate/Grand Carnival》是FGO系列的搞笑动画，从者们的狂欢日常。作品以搞笑、恶搞与Fate世界观为特色，动画的氛围轻松，从者们的互动充满笑料，是FGO系列的番外作品。作品没有强烈的戏剧冲突，却以细腻的笔触捕捉日常中的微小幸福，角色的喜怒哀乐真实可感，在平实的叙述中悄然传递着生活的温度，适合在忙碌之余放松心情慢慢欣赏。整体而言，该作在题材表达与情感渲染上均有可取之处，剧情张弛有度，角色令人印象深刻，是一部完成度较高、值得推荐的作品。
1723,primary,zh-CN,鬼灯的冷彻 第二季 OAD,《鬼灯的冷彻 第二季 OAD》是《鬼灯的冷彻》的OVA，地狱的日常番外。本作以轻松的日常为主，作品以搞笑、日常与黑色幽默为特色，动画的氛围欢乐，鬼灯的互动充满笑料，是鬼灯系列的番外作品。作品没有强烈的戏剧冲突，却以细腻的笔触捕捉日常中的微小幸福，角色的喜怒哀乐真实可感，在平实的叙述中悄然传递着生活的温度，适合在忙碌之余放松心情慢慢欣赏。整体而言，该作在题材表达与情感渲染上均有可取之处，剧情张弛有度，角色令人印象深刻，是一部完成度较高、值得推荐的作品。
1724,primary,zh-CN,鬼灭之刃 柱合会议・蝶屋敷篇,《鬼灭之刃 柱合会议・蝶屋敷篇》是《鬼灭之刃》的特别篇，炭治郎与柱们的物语。本作围绕柱合会议与蝶屋敷的日常展开，作品以热血、战斗与羁绊为主题，动画的制作精良，是鬼灭之刃系列的特别篇。动作设计与演出张力俱佳，随着剧情推进，主角面对的敌人越来越强，战斗方式与自身局限的突破层层升级，配乐与画面配合出色，将热血少年向作品应有的爽快感与成长感都演绎得十分到位。整体而言，该作在题材表达与情感渲染上均有可取之处，剧情张弛有度，角色令人印象深刻，是一部完成度较高、值得推荐的作品。
1725,primary,zh-CN,厨神小当家 续篇,《厨神小当家 续篇》延续《厨神小当家》，刘昴星的料理之旅继续。本作小当家面对新的料理对决，作品以美食、热血与竞技为特色，动画对料理的描绘令人垂涎，是经典作品的重新动画化。动作设计与演出张力俱佳，随着剧情推进，主角面对的敌人越来越强，战斗方式与自身局限的突破层层升级，配乐与画面配合出色，将热血少年向作品应有的爽快感与成长感都演绎得十分到位。整体而言，该作在题材表达与情感渲染上均有可取之处，剧情张弛有度，角色令人印象深刻，是一部完成度较高、值得推荐的作品。
1726,primary,zh-CN,暗芝居 第八季,《暗芝居 第八季》是恐怖短篇动画系列，继续以纸芝居的形式讲述各种怪谈。作品以怀旧的画风、猎奇的剧情与细思极恐的氛围著称，每一话都在短短几分钟内营造出强烈的恐怖感，各种扭曲的都市传说让人不寒而栗，是恐怖动画爱好者的必看之作。作品没有强烈的戏剧冲突，却以细腻的笔触捕捉日常中的微小幸福，角色的喜怒哀乐真实可感，在平实的叙述中悄然传递着生活的温度，适合在忙碌之余放松心情慢慢欣赏。整体而言，该作在题材表达与情感渲染上均有可取之处，剧情张弛有度，角色令人印象深刻，是一部完成度较高、值得推荐的作品。
1727,primary,zh-CN,安雅与魔女,《安雅与魔女》是吉卜力的剧场版动画，讲述少女安雅与魔女的物语。安雅被魔女收养后展开奇妙的生活，作品以奇幻、冒险与搞笑为主题，动画的画面精美，安雅的冒险充满活力，是一部温馨的作品。画风清新、节奏舒缓，人物之间的相处自然而温暖，那些平凡琐碎的片段在动画的演绎下变得闪闪发光，传递出一种治愈人心的宁静力量，是治愈系爱好者不容错过的作品。整体而言，该作在题材表达与情感渲染上均有可取之处，剧情张弛有度，角色令人印象深刻，是一部完成度较高、值得推荐的作品。
1728,primary,zh-CN,PUI PUI 天竺鼠车车,《PUI PUI 天竺鼠车车》是停格动画，讲述天竺鼠变成的车车们的日常。作品以萌宠、搞笑与治愈为特色，天竺鼠车车的可爱与冒险充满趣味，动画篇幅短小、氛围轻松，是一部现象级的治愈作品。作品没有强烈的戏剧冲突，却以细腻的笔触捕捉日常中的微小幸福，角色的喜怒哀乐真实可感，在平实的叙述中悄然传递着生活的温度，适合在忙碌之余放松心情慢慢欣赏。整体而言，该作在题材表达与情感渲染上均有可取之处，剧情张弛有度，角色令人印象深刻，是一部完成度较高、值得推荐的作品。
1729,primary,zh-CN,ぷっちみく♪ D4DJ Petit Mix,《ぷっちみく♪ D4DJ Petit Mix》是D4DJ的短篇动画，DJ少女们的Q版日常。作品以音乐、搞笑与日常为特色，动画画风可爱、篇幅短小，在轻松的日常中展现少女们的互动，是D4DJ系列的番外作品。作品没有强烈的戏剧冲突，却以细腻的笔触捕捉日常中的微小幸福，角色的喜怒哀乐真实可感，在平实的叙述中悄然传递着生活的温度，适合在忙碌之余放松心情慢慢欣赏。整体而言，该作在题材表达与情感渲染上均有可取之处，剧情张弛有度，角色令人印象深刻，是一部完成度较高、值得推荐的作品。
1730,primary,zh-CN,变身成黑辣妹之后就和死党上床了。,《变身成黑辣妹之后就和死党上床了。》是短篇成人向动画，讲述变身与死党的恋爱。作品以恋爱、成年向与日常为特色，动画的氛围暧昧，两人的互动充满张力，是一部面向成人的恋爱作品。作品在甜蜜之余也保留了青春特有的青涩与迷茫，主角在感情中的成长与抉择贯穿始终，配乐温润、画面明丽，将恋爱中的忐忑、欢喜与遗憾都拿捏得恰到好处，适合慢慢品味。整体而言，该作在题材表达与情感渲染上均有可取之处，剧情张弛有度，角色令人印象深刻，是一部完成度较高、值得推荐的作品。
1731,primary,zh-CN,鬼灭之刃 初高一体!!鬼灭学园物语,《鬼灭之刃 初高一体!!鬼灭学园物语》是《鬼灭之刃》的特别篇，角色们的学园日常。本作以恶搞与日常为主，作品以热血、搞笑与日常为特色，动画的氛围轻松，是鬼灭之刃系列的番外作品。动作设计与演出张力俱佳，随着剧情推进，主角面对的敌人越来越强，战斗方式与自身局限的突破层层升级，配乐与画面配合出色，将热血少年向作品应有的爽快感与成长感都演绎得十分到位。整体而言，该作在题材表达与情感渲染上均有可取之处，剧情张弛有度，角色令人印象深刻，是一部完成度较高、值得推荐的作品。
1732,primary,zh-CN,ABC修业日记,《ABC修业日记》是短篇动画，讲述少女们的修业物语。作品以日常、治愈与群像为特色，动画画风精美、氛围宁静，在轻松的日常中展现少女们的成长，是一部短小却温馨的作品。作品没有强烈的戏剧冲突，却以细腻的笔触捕捉日常中的微小幸福，角色的喜怒哀乐真实可感，在平实的叙述中悄然传递着生活的温度，适合在忙碌之余放松心情慢慢欣赏。整体而言，该作在题材表达与情感渲染上均有可取之处，剧情张弛有度，角色令人印象深刻，是一部完成度较高、值得推荐的作品。
1733,primary,zh-CN,异能的艾希斯,《异能的艾希斯》改编自同名漫画。拥有异能的少女艾希斯的战斗。作品以战斗、奇幻与群像为特色，动画的战斗场面华丽，艾希斯的成长与羁绊贯穿始终，是漫画改编动画的作品。动作设计与演出张力俱佳，随着剧情推进，主角面对的敌人越来越强，战斗方式与自身局限的突破层层升级，配乐与画面配合出色，将热血少年向作品应有的爽快感与成长感都演绎得十分到位。整体而言，该作在题材表达与情感渲染上均有可取之处，剧情张弛有度，角色令人印象深刻，是一部完成度较高、值得推荐的作品。
1734,primary,zh-CN,星之梦～雪圏球～,《星之梦～雪圏球～》是《星之梦》的OVA，星野梦美的物语。本作围绕雪圏球的日常展开，作品以科幻、催泪与温暖为主题，梦美的纯真与人性光辉令人动容，是星之梦系列的番外作品。作品没有强烈的戏剧冲突，却以细腻的笔触捕捉日常中的微小幸福，角色的喜怒哀乐真实可感，在平实的叙述中悄然传递着生活的温度，适合在忙碌之余放松心情慢慢欣赏。整体而言，该作在题材表达与情感渲染上均有可取之处，剧情张弛有度，角色令人印象深刻，是一部完成度较高、值得推荐的作品。
1735,primary,zh-CN,舞伎家的料理人,《舞伎家的料理人》改编自同名漫画。少女季代在京都舞伎家的料理日常。作品以美食、治愈与日常为特色，季代的料理与舞伎们的生活充满温馨，动画画风精美、氛围宁静，是一部治愈系的作品。作品没有强烈的戏剧冲突，却以细腻的笔触捕捉日常中的微小幸福，角色的喜怒哀乐真实可感，在平实的叙述中悄然传递着生活的温度，适合在忙碌之余放松心情慢慢欣赏。整体而言，该作在题材表达与情感渲染上均有可取之处，剧情张弛有度，角色令人印象深刻，是一部完成度较高、值得推荐的作品。
1736,primary,zh-CN,爱情可以分割吗？,《爱情可以分割吗？》是BL动画，讲述模特与上班族的恋爱。作品以BL恋爱、演艺圈与日常为特色，动画的氛围暧昧，两人的情感发展细腻动人，是BL动画的佳作。作品在甜蜜之余也保留了青春特有的青涩与迷茫，主角在感情中的成长与抉择贯穿始终，配乐温润、画面明丽，将恋爱中的忐忑、欢喜与遗憾都拿捏得恰到好处，适合慢慢品味。整体而言，该作在题材表达与情感渲染上均有可取之处，剧情张弛有度，角色令人印象深刻，是一部完成度较高、值得推荐的作品。
1737,primary,zh-CN,热情闪耀！光之美少女,《热情闪耀！光之美少女》是光之美少女系列动画，少女们以热情的力量战斗。本作少女们在与敌人的战斗中成长，作品以魔法少女、战斗与日常为特色，变装与战斗场面华丽，角色们的羁绊温暖感人，是少女向魔法少女动画的作品。动作设计与演出张力俱佳，随着剧情推进，主角面对的敌人越来越强，战斗方式与自身局限的突破层层升级，配乐与画面配合出色，将热血少年向作品应有的爽快感与成长感都演绎得十分到位。整体而言，该作在题材表达与情感渲染上均有可取之处，剧情张弛有度，角色令人印象深刻，是一部完成度较高、值得推荐的作品。
1738,primary,zh-CN,环太平洋：黑色禁区,《环太平洋：黑色禁区》是《环太平洋》的动画，讲述少年少女们在怪兽横行的世界中的生存。本作少年们驾驶机甲与怪兽战斗，作品以机战、生存与热血为特色，动画的战斗场面华丽，是环太平洋系列的动画。动画的节奏把控张弛有度，战斗场面的分镜与作画都相当扎实，主角在与强敌的较量中不断突破自我，和同伴之间建立的信任与羁绊也为剧情增添了温度，热血与感动并存，值得一看。整体而言，该作在题材表达与情感渲染上均有可取之处，剧情张弛有度，角色令人印象深刻，是一部完成度较高、值得推荐的作品。
1739,primary,zh-CN,水果篮子 最终季,《水果篮子 最终季》延续系列，本田透在草摩家的物语迎来结局。本作草摩家的诅咒与透的羁绊迎来终章，作品以治愈、群像与奇幻为特色，动画的氛围温暖，是经典作品的重新动画化。画风清新、节奏舒缓，人物之间的相处自然而温暖，那些平凡琐碎的片段在动画的演绎下变得闪闪发光，传递出一种治愈人心的宁静力量，是治愈系爱好者不容错过的作品。整体而言，该作在题材表达与情感渲染上均有可取之处，剧情张弛有度，角色令人印象深刻，是一部完成度较高、值得推荐的作品。
1740,primary,zh-CN,我的英雄学院 第五季,《我的英雄学院 第五季》延续系列，绿谷出久的英雄之路继续。本作围绕超常共存的战斗展开，出久与A班的成长迎来新的考验，作品以英雄、热血与成长为主题，动画的战斗场面华丽，出久的信念令人动容，是近年来极具人气的作品。动作设计与演出张力俱佳，随着剧情推进，主角面对的敌人越来越强，战斗方式与自身局限的突破层层升级，配乐与画面配合出色，将热血少年向作品应有的爽快感与成长感都演绎得十分到位。整体而言，该作在题材表达与情感渲染上均有可取之处，剧情张弛有度，角色令人印象深刻，是一部完成度较高、值得推荐的作品。
1741,primary,zh-CN,MARS RED,《MARS RED》改编自同名舞台剧。在吸血鬼蔓延的明治时代，少年们的战斗。作品以吸血鬼、时代与群像为特色，动画的氛围华丽，少年们的命运充满张力，是一部风格独特的作品。动画的节奏把控张弛有度，战斗场面的分镜与作画都相当扎实，主角在与强敌的较量中不断突破自我，和同伴之间建立的信任与羁绊也为剧情增添了温度，热血与感动并存，值得一看。整体而言，该作在题材表达与情感渲染上均有可取之处，剧情张弛有度，角色令人印象深刻，是一部完成度较高、值得推荐的作品。
1742,primary,zh-CN,忧国的莫里亚蒂 第二季,《忧国的莫里亚蒂 第二季》延续第一季，莫里亚蒂与福尔摩斯的对决继续。本作莫里亚蒂的计划进一步展开，作品以推理、悬疑与群像为特色，动画的氛围优雅，是忧国的莫里亚蒂系列的续作。悬疑氛围铺垫扎实，人物之间暗流涌动的博弈与隐藏的秘密交织出复杂的叙事网络，叙事节奏收放自如，高潮部分的揭示震撼有力，看完之后依然值得反复回味其中的细节。整体而言，该作在题材表达与情感渲染上均有可取之处，剧情张弛有度，角色令人印象深刻，是一部完成度较高、值得推荐的作品。
1743,primary,zh-CN,扰乱 THE PRINCESS OF SNOW AND BLOOD,《扰乱 THE PRINCESS OF SNOW AND BLOOD》是原创动画，讲述少女在明治时代的战斗。少女雪的战斗与国家的阴谋展开，作品以动作(、时代与群像为特色，动画的氛围沉重，是风格独特的作品。动作设计与演出张力俱佳，随着剧情推进，主角面对的敌人越来越强，战斗方式与自身局限的突破层层升级，配乐与画面配合出色，将热血少年向作品应有的爽快感与成长感都演绎得十分到位。整体而言，该作在题材表达与情感渲染上均有可取之处，剧情张弛有度，角色令人印象深刻，是一部完成度较高、值得推荐的作品。
1744,primary,zh-CN,哥斯拉：奇点,《哥斯拉：奇点》是剧场版动画，讲述少年少女与哥斯拉的物语。本作围绕奇点的展开与未知的威胁，作品以科幻、悬疑与群像为特色，动画的氛围独特，是一部硬核的科幻作品。剧情层层递进、伏笔密布，随着线索的不断拼合，真相逐渐浮出水面，每一次反转都在意料之外又情理之中，细节经得起推敲，氛围营造到位，是喜欢烧脑故事的观众不可错过之作。整体而言，该作在题材表达与情感渲染上均有可取之处，剧情张弛有度，角色令人印象深刻，是一部完成度较高、值得推荐的作品。
1745,primary,zh-CN,东京复仇者,《东京复仇者》改编自同名漫画。青年花垣武道穿越回过去，为了拯救恋人而行动。作品以时间旅行、热血与群像为特色，武道的改变与战斗充满看点，动画的氛围热血，是一部受欢迎的作品。动作设计与演出张力俱佳，随着剧情推进，主角面对的敌人越来越强，战斗方式与自身局限的突破层层升级，配乐与画面配合出色，将热血少年向作品应有的爽快感与成长感都演绎得十分到位。整体而言，该作在题材表达与情感渲染上均有可取之处，剧情张弛有度，角色令人印象深刻，是一部完成度较高、值得推荐的作品。
1746,primary,zh-CN,青梅竹马绝对不会输的恋爱喜剧,《青梅竹马绝对不会输的恋爱喜剧》改编自同名轻小说。少年与青梅竹马的恋爱喜剧。作品以恋爱、搞笑与日常为特色，主角与少女们的互动充满笑料，动画的氛围轻松，是一部欢乐的恋爱喜剧。角色间的互动刻画得细腻自然，那些欲言又止的心意、别扭又真诚的靠近都真实而动人，情感线与日常情节交织，让观众在会心一笑与怦然心动之间反复横跳，是一部让人回味无穷的恋爱物语。整体而言，该作在题材表达与情感渲染上均有可取之处，剧情张弛有度，角色令人印象深刻，是一部完成度较高、值得推荐的作品。
1747,primary,zh-CN,SSSS.电光机王,《SSSS.电光机王》是《SSSS.古立特》系列的续作，少年与少女的物语。本作围绕电光机王与新的危机展开，作品以特摄、机战与青春为特色，动画的战斗场面华丽，是一部扎实的作品。动画的节奏把控张弛有度，战斗场面的分镜与作画都相当扎实，主角在与强敌的较量中不断突破自我，和同伴之间建立的信任与羁绊也为剧情增添了温度，热血与感动并存，值得一看。整体而言，该作在题材表达与情感渲染上均有可取之处，剧情张弛有度，角色令人印象深刻，是一部完成度较高、值得推荐的作品。
1748,primary,zh-CN,通灵王,《通灵王》改编自同名漫画。通灵人麻仓叶在通灵王大赛中的战斗。作品以灵异、热血与群像为特色，叶的成长与伙伴们的羁绊贯穿始终，动画的战斗场面华丽，是经典作品的重新动画化。动作设计与演出张力俱佳，随着剧情推进，主角面对的敌人越来越强，战斗方式与自身局限的突破层层升级，配乐与画面配合出色，将热血少年向作品应有的爽快感与成长感都演绎得十分到位。整体而言，该作在题材表达与情感渲染上均有可取之处，剧情张弛有度，角色令人印象深刻，是一部完成度较高、值得推荐的作品。
1749,primary,zh-CN,奇巧计程车,《奇巧计程车》是原创动画，讲述出租车司机小户川的日常。围绕小户川的乘客们展开的悬疑物语，作品以悬疑、都市与群像为特色，动画的氛围独特，剧情的反转充满魅力，是近年来的口碑佳作。作品没有强烈的戏剧冲突，却以细腻的笔触捕捉日常中的微小幸福，角色的喜怒哀乐真实可感，在平实的叙述中悄然传递着生活的温度，适合在忙碌之余放松心情慢慢欣赏。整体而言，该作在题材表达与情感渲染上均有可取之处，剧情张弛有度，角色令人印象深刻，是一部完成度较高、值得推荐的作品。
1750,primary,zh-CN,灼热卡巴迪,《灼热卡巴迪》改编自同名漫画。少年们在卡巴迪竞技中的物语。作品以运动、热血与群像为特色，动画的比赛场面充满张力，少年们的成长令人动容，是一部独特的运动作品。动画的节奏把控张弛有度，战斗场面的分镜与作画都相当扎实，主角在与强敌的较量中不断突破自我，和同伴之间建立的信任与羁绊也为剧情增添了温度，热血与感动并存，值得一看。整体而言，该作在题材表达与情感渲染上均有可取之处，剧情张弛有度，角色令人印象深刻，是一部完成度较高、值得推荐的作品。
1751,primary,zh-CN,派遣战斗员！,《派遣战斗员！》改编自同名轻小说。战斗员六号与机器人爱丽丝被派遣到异世界。作品以异世界、搞笑与战斗为特色，六号的无厘头与爱丽丝的吐槽充满笑料，动画的氛围轻松，是一部欢乐的异世界喜剧。动作设计与演出张力俱佳，随着剧情推进，主角面对的敌人越来越强，战斗方式与自身局限的突破层层升级，配乐与画面配合出色，将热血少年向作品应有的爽快感与成长感都演绎得十分到位。整体而言，该作在题材表达与情感渲染上均有可取之处，剧情张弛有度，角色令人印象深刻，是一部完成度较高、值得推荐的作品。
1752,primary,zh-CN,如果究极进化的完全沉浸RPG比现实更垃圾的话,《如果究极进化的完全沉浸RPG比现实更垃圾的话》改编自同名轻小说。少年在完全沉浸的RPG中展开冒险，作品以游戏、搞笑与吐槽为特色，主角在游戏中的烦恼充满笑料，动画的氛围轻松，是一部欢乐的作品。作品没有强烈的戏剧冲突，却以细腻的笔触捕捉日常中的微小幸福，角色的喜怒哀乐真实可感，在平实的叙述中悄然传递着生活的温度，适合在忙碌之余放松心情慢慢欣赏。整体而言，该作在题材表达与情感渲染上均有可取之处，剧情张弛有度，角色令人印象深刻，是一部完成度较高、值得推荐的作品。
1753,primary,zh-CN,龙族买房,《龙族买房》改编自同名漫画。胆小的龙族少女在买房中的冒险。作品以奇幻、搞笑与日常为特色，龙族少女与房产中介的互动充满笑料，动画的氛围轻松，是一部让人捧腹的作品。作品没有强烈的戏剧冲突，却以细腻的笔触捕捉日常中的微小幸福，角色的喜怒哀乐真实可感，在平实的叙述中悄然传递着生活的温度，适合在忙碌之余放松心情慢慢欣赏。整体而言，该作在题材表达与情感渲染上均有可取之处，剧情张弛有度，角色令人印象深刻，是一部完成度较高、值得推荐的作品。
1754,primary,zh-CN,本田小狼与我,《本田小狼与我》改编自同名小说。少女小熊与本田小狼摩托车的物语。作品以日常、治愈与机车为特色，小熊骑行的成长充满温馨，动画的氛围宁静，是一部治愈系的作品。画风清新、节奏舒缓，人物之间的相处自然而温暖，那些平凡琐碎的片段在动画的演绎下变得闪闪发光，传递出一种治愈人心的宁静力量，是治愈系爱好者不容错过的作品。整体而言，该作在题材表达与情感渲染上均有可取之处，剧情张弛有度，角色令人印象深刻，是一部完成度较高、值得推荐的作品。
1755,primary,zh-CN,美少年侦探团,《美少年侦探团》改编自西尾维新的小说。少年们组成美少年侦探团解决委托。作品以推理、群像与华丽为特色，动画的氛围独特，美少年们的推理充满魅力，是一部风格新颖的作品。剧情层层递进、伏笔密布，随着线索的不断拼合，真相逐渐浮出水面，每一次反转都在意料之外又情理之中，细节经得起推敲，氛围营造到位，是喜欢烧脑故事的观众不可错过之作。整体而言，该作在题材表达与情感渲染上均有可取之处，剧情张弛有度，角色令人印象深刻，是一部完成度较高、值得推荐的作品。
1756,primary,zh-CN,打了300年的史莱姆，不知不觉就练到了满级,《打了300年的史莱姆，不知不觉就练到了满级》改编自同名轻小说。魔女相泽梓转生后在异世界悠闲生活。作品以异世界、轻松冒险与搞笑为特色，梓的日常与战斗充满趣味，动画的氛围轻松，是一部欢乐的作品。动画的节奏把控张弛有度，战斗场面的分镜与作画都相当扎实，主角在与强敌的较量中不断突破自我，和同伴之间建立的信任与羁绊也为剧情增添了温度，热血与感动并存，值得一看。整体而言，该作在题材表达与情感渲染上均有可取之处，剧情张弛有度，角色令人印象深刻，是一部完成度较高、值得推荐的作品。
1757,primary,zh-CN,转生史莱姆日记,《转生史莱姆日记》是《关于我转生变成史莱姆这档事》的衍生作品，利姆露的日常。本作以轻松的日常为主，作品以异世界、日常与治愈为特色，利姆露与伙伴们的互动充满温馨，是史莱姆系列的番外作品。画风清新、节奏舒缓，人物之间的相处自然而温暖，那些平凡琐碎的片段在动画的演绎下变得闪闪发光，传递出一种治愈人心的宁静力量，是治愈系爱好者不容错过的作品。整体而言，该作在题材表达与情感渲染上均有可取之处，剧情张弛有度，角色令人印象深刻，是一部完成度较高、值得推荐的作品。
1758,primary,zh-CN,圣女的魔力是万能的,《圣女的魔力是万能的》改编自同名轻小说。转生少女圣在异世界中发挥治疗能力。作品以异世界、日常与恋爱为特色，圣的圣女生活与宫廷的日常充满温馨，动画的氛围温暖，是一部治愈系的作品。角色间的互动刻画得细腻自然，那些欲言又止的心意、别扭又真诚的靠近都真实而动人，情感线与日常情节交织，让观众在会心一笑与怦然心动之间反复横跳，是一部让人回味无穷的恋爱物语。整体而言，该作在题材表达与情感渲染上均有可取之处，剧情张弛有度，角色令人印象深刻，是一部完成度较高、值得推荐的作品。
1759,primary,zh-CN,纯白之音,《纯白之音》改编自同名漫画。三味线少年泽村雪的音乐物语。作品以音乐、青春与成长为主题，雪的三味线演奏充满感染力，动画的氛围独特，雪的成长令人动容，是一部充满艺术气息的作品。歌舞演出的画面制作精良，每一首歌都与角色心境和剧情推进紧密呼应，少女们在聚光灯下的闪耀与幕后流下的汗水同样动人，传递出追逐梦想、不懈努力的正能量，感染力十足。整体而言，该作在题材表达与情感渲染上均有可取之处，剧情张弛有度，角色令人印象深刻，是一部完成度较高、值得推荐的作品。
1760,primary,zh-CN,剃须。然后捡到女高中生。,《剃须。然后捡到女高中生。》改编自同名轻小说。上班族吉田在捡到离家出走的少女。作品以恋爱、日常与群像为特色，吉田与少女的共同生活充满温馨，动画的氛围温暖，是一部充满人情味的作品。作品在甜蜜之余也保留了青春特有的青涩与迷茫，主角在感情中的成长与抉择贯穿始终，配乐温润、画面明丽，将恋爱中的忐忑、欢喜与遗憾都拿捏得恰到好处，适合慢慢品味。整体而言，该作在题材表达与情感渲染上均有可取之处，剧情张弛有度，角色令人印象深刻，是一部完成度较高、值得推荐的作品。
1761,primary,zh-CN,异世界魔王与召唤少女的奴隶魔术Ω,《异世界魔王与召唤少女的奴隶魔术Ω》延续系列，拓真与奴隶少女们的冒险继续。本作拓真在异世界中的战斗与日常更加丰富，作品以异世界、后宫与轻松冒险为特色，动画的氛围轻松，是一部标准的异世界作品。动作设计与演出张力俱佳，随着剧情推进，主角面对的敌人越来越强，战斗方式与自身局限的突破层层升级，配乐与画面配合出色，将热血少年向作品应有的爽快感与成长感都演绎得十分到位。整体而言，该作在题材表达与情感渲染上均有可取之处，剧情张弛有度，角色令人印象深刻，是一部完成度较高、值得推荐的作品。
1762,primary,zh-CN,卡片战斗先导者overDress,《卡片战斗先导者overDress》是卡片战斗先导者系列动画，少年们的卡牌战斗。本作围绕新的篇章展开，作品以卡牌、热血与竞技为特色，动画的战斗场面华丽，是先导者系列的新篇章。动画的节奏把控张弛有度，战斗场面的分镜与作画都相当扎实，主角在与强敌的较量中不断突破自我，和同伴之间建立的信任与羁绊也为剧情增添了温度，热血与感动并存，值得一看。整体而言，该作在题材表达与情感渲染上均有可取之处，剧情张弛有度，角色令人印象深刻，是一部完成度较高、值得推荐的作品。
1763,primary,zh-CN,佐贺偶像是传奇 复仇,《佐贺偶像是传奇 复仇》延续第一季，僵尸少女们的偶像物语继续。本作少女们在佐贺的复兴中迎接新的挑战，作品以偶像、搞笑与反差为特色，动画的演出大胆、笑点密集，少女们的成长充满感动，是近年来的黑马作品。角色的个性塑造鲜明，舞台上的自信与生活中的可爱形成反差，团队协作与个人成长双线并进，歌舞编排赏心悦目，让观众既能享受视听盛宴，也能为少女们的梦想与坚持而感动。整体而言，该作在题材表达与情感渲染上均有可取之处，剧情张弛有度，角色令人印象深刻，是一部完成度较高、值得推荐的作品。
1764,primary,zh-CN,致不灭的你,《致不灭的你》改编自同名漫画。不死之身的少年在旅途中的成长。作品以奇幻、治愈与悲壮为主题，少年的旅程与相遇充满感动，动画的氛围沉重，是一部引人深思的作品。作品没有强烈的戏剧冲突，却以细腻的笔触捕捉日常中的微小幸福，角色的喜怒哀乐真实可感，在平实的叙述中悄然传递着生活的温度，适合在忙碌之余放松心情慢慢欣赏。整体而言，该作在题材表达与情感渲染上均有可取之处，剧情张弛有度，角色令人印象深刻，是一部完成度较高、值得推荐的作品。
1765,primary,zh-CN,美妙世界,《美妙世界》改编自同名游戏。少年音操在涩谷的生存游戏。作品以悬疑、战斗与群像为特色，动画的氛围独特，音操的冒险与真相层层展开，是游戏改编动画的作品。动画的节奏把控张弛有度，战斗场面的分镜与作画都相当扎实，主角在与强敌的较量中不断突破自我，和同伴之间建立的信任与羁绊也为剧情增添了温度，热血与感动并存，值得一看。整体而言，该作在题材表达与情感渲染上均有可取之处，剧情张弛有度，角色令人印象深刻，是一部完成度较高、值得推荐的作品。
1766,primary,zh-CN,后空翻!!,《后空翻!!》改编自同名漫画。少年们在男子艺术体操中的物语。作品以运动、青春与群像为特色，动画的比赛场面优美，少年们的成长令人动容，是一部扎实的运动作品。作品对竞技细节的还原相当用心，每一次攻防都充满张力，主角从青涩到成熟的成长轨迹真实可感，与队友和对手的羁绊贯穿始终，汗水与泪水交织出热血沸腾的青春物语。整体而言，该作在题材表达与情感渲染上均有可取之处，剧情张弛有度，角色令人印象深刻，是一部完成度较高、值得推荐的作品。
1767,primary,zh-CN,NOMAD MEGALO BOX 2,《NOMAD MEGALO BOX 2》延续系列，拳击手JNK DOG的物语继续。本作乔在退役后的生活与新的战斗，作品以拳击、热血与格调为特色，动画的画面充满复古感，是一部风格独特的作品。动作设计与演出张力俱佳，随着剧情推进，主角面对的敌人越来越强，战斗方式与自身局限的突破层层升级，配乐与画面配合出色，将热血少年向作品应有的爽快感与成长感都演绎得十分到位。整体而言，该作在题材表达与情感渲染上均有可取之处，剧情张弛有度，角色令人印象深刻，是一部完成度较高、值得推荐的作品。
1768,primary,zh-CN,伊甸星原,《伊甸星原》改编自真岛浩的同名漫画。少年四季在宇宙中的冒险。作品以冒险、热血与群像为特色，动画的战斗场面华丽，四季的成长与伙伴们的羁绊贯穿始终，是一部王道的冒险作品。动画的节奏把控张弛有度，战斗场面的分镜与作画都相当扎实，主角在与强敌的较量中不断突破自我，和同伴之间建立的信任与羁绊也为剧情增添了温度，热血与感动并存，值得一看。整体而言，该作在题材表达与情感渲染上均有可取之处，剧情张弛有度，角色令人印象深刻，是一部完成度较高、值得推荐的作品。
1769,primary,zh-CN,七骑士 革命 -英雄的继承者-,《七骑士 革命 -英雄的继承者-》改编自同名游戏。少年们在七骑士的世界中的战斗。作品以冒险、战斗与群像为特色，动画的战斗场面华丽，角色们的成长与羁绊贯穿始终，是游戏改编动画的作品。动作设计与演出张力俱佳，随着剧情推进，主角面对的敌人越来越强，战斗方式与自身局限的突破层层升级，配乐与画面配合出色，将热血少年向作品应有的爽快感与成长感都演绎得十分到位。整体而言，该作在题材表达与情感渲染上均有可取之处，剧情张弛有度，角色令人印象深刻，是一部完成度较高、值得推荐的作品。
1770,primary,zh-CN,薇薇 -萤石眼之歌-,《薇薇 -萤石眼之歌-》是原创动画，讲述AI歌姬薇薇的物语。薇薇为了改变人类的未来而展开旅程，作品以科幻、音乐与悲壮为主题，动画的氛围沉重，薇薇的旅程令人动容，是一部口碑极佳的原创作品。角色的个性塑造鲜明，舞台上的自信与生活中的可爱形成反差，团队协作与个人成长双线并进，歌舞编排赏心悦目，让观众既能享受视听盛宴，也能为少女们的梦想与坚持而感动。整体而言，该作在题材表达与情感渲染上均有可取之处，剧情张弛有度，角色令人印象深刻，是一部完成度较高、值得推荐的作品。
1771,primary,zh-CN,搏斗运动员们 大运动会 重启！,《搏斗运动员们 大运动会 重启！》延续系列，搏斗运动员们的物语。本作围绕大运动会展开，作品以搞笑、战斗与群像为特色，动画的氛围轻松，是系列的重启作品。动画的节奏把控张弛有度，战斗场面的分镜与作画都相当扎实，主角在与强敌的较量中不断突破自我，和同伴之间建立的信任与羁绊也为剧情增添了温度，热血与感动并存，值得一看。整体而言，该作在题材表达与情感渲染上均有可取之处，剧情张弛有度，角色令人印象深刻，是一部完成度较高、值得推荐的作品。
1772,primary,zh-CN,86 -不存在的战区-,《86 -不存在的战区-》改编自同名轻小说。在共和国，被当作非人类的86们驾驶机体战斗。少年辛与少女蕾娜的物语，作品以机战、战争与悲壮为主题，动画的氛围沉重，辛与蕾娜的羁绊令人动容，是近年来的硬核佳作。动作设计与演出张力俱佳，随着剧情推进，主角面对的敌人越来越强，战斗方式与自身局限的突破层层升级，配乐与画面配合出色，将热血少年向作品应有的爽快感与成长感都演绎得十分到位。整体而言，该作在题材表达与情感渲染上均有可取之处，剧情张弛有度，角色令人印象深刻，是一部完成度较高、值得推荐的作品。
1773,primary,zh-CN,影宅,《影宅》改编自同名漫画。在影宅中，影族与活人偶的物语。少女凯特与活人偶艾米丽可的日常与真相，作品以悬疑、群像与黑暗为主题，动画的氛围独特，是一部风格新颖的作品。作品没有强烈的戏剧冲突，却以细腻的笔触捕捉日常中的微小幸福，角色的喜怒哀乐真实可感，在平实的叙述中悄然传递着生活的温度，适合在忙碌之余放松心情慢慢欣赏。整体而言，该作在题材表达与情感渲染上均有可取之处，剧情张弛有度，角色令人印象深刻，是一部完成度较高、值得推荐的作品。
1774,primary,zh-CN,Fairy兰丸～让我来帮助你的心～,《Fairy兰丸～让我来帮助你的心～》改编自同名企划。少年们在援助者的物语。作品以搞笑、日常与群像为特色，动画的氛围轻松，少年们的互动充满魅力，是企划改编动画的作品。作品没有强烈的戏剧冲突，却以细腻的笔触捕捉日常中的微小幸福，角色的喜怒哀乐真实可感，在平实的叙述中悄然传递着生活的温度，适合在忙碌之余放松心情慢慢欣赏。整体而言，该作在题材表达与情感渲染上均有可取之处，剧情张弛有度，角色令人印象深刻，是一部完成度较高、值得推荐的作品。
1775,primary,zh-CN,蔚蓝反射 澪,《蔚蓝反射 澪》改编自同名游戏。少女们在镜面世界中的战斗。作品以战斗、魔法少女与群像为特色，动画的战斗场面华丽，少女们的成长与羁绊贯穿始终，是游戏改编动画的作品。动作设计与演出张力俱佳，随着剧情推进，主角面对的敌人越来越强，战斗方式与自身局限的突破层层升级，配乐与画面配合出色，将热血少年向作品应有的爽快感与成长感都演绎得十分到位。整体而言，该作在题材表达与情感渲染上均有可取之处，剧情张弛有度，角色令人印象深刻，是一部完成度较高、值得推荐的作品。
1776,primary,zh-CN,再见了，我的克拉默,《再见了，我的克拉默》改编自同名漫画。女足少女们的物语。少女们在足球场上的成长与梦想，作品以足球、青春与群像为特色，动画的比赛场面充满张力，少女们的成长令人动容，是一部扎实的运动作品。竞技之外的成长与人物塑造同样出色，角色们在胜负之外的坚持与热爱令人敬佩，节奏紧凑、情感饱满，将运动番应有的激情与感动都发挥得淋漓尽致，极具感染力。整体而言，该作在题材表达与情感渲染上均有可取之处，剧情张弛有度，角色令人印象深刻，是一部完成度较高、值得推荐的作品。
1777,primary,zh-CN,不要欺负我，长瀞同学,《不要欺负我，长瀞同学》改编自同名漫画。内向少年与毒舌少女长瀞的日常。作品以恋爱、搞笑与日常为特色，长瀞的欺负与少年的反应充满笑料，动画的氛围轻松，是一部欢乐的恋爱喜剧。角色间的互动刻画得细腻自然，那些欲言又止的心意、别扭又真诚的靠近都真实而动人，情感线与日常情节交织，让观众在会心一笑与怦然心动之间反复横跳，是一部让人回味无穷的恋爱物语。整体而言，该作在题材表达与情感渲染上均有可取之处，剧情张弛有度，角色令人印象深刻，是一部完成度较高、值得推荐的作品。
1778,primary,zh-CN,如果烧陶的话也做个马克杯吧,《如果烧陶的话也做个马克杯吧》改编自同名漫画。少女们在陶艺部的物语。作品以陶艺、日常与群像为特色，动画的氛围温馨，少女们的陶艺活动充满趣味，是一部治愈系的作品。画风清新、节奏舒缓，人物之间的相处自然而温暖，那些平凡琐碎的片段在动画的演绎下变得闪闪发光，传递出一种治愈人心的宁静力量，是治愈系爱好者不容错过的作品。整体而言，该作在题材表达与情感渲染上均有可取之处，剧情张弛有度，角色令人印象深刻，是一部完成度较高、值得推荐的作品。
1779,primary,zh-CN,恐龙日和,《恐龙日和》是短篇动画，讲述恐龙的日常。作品以萌宠、搞笑与治愈为特色，动画画风可爱、篇幅短小，在轻松的日常中展现恐龙的互动，是一部轻松解压的泡面番。作品没有强烈的戏剧冲突，却以细腻的笔触捕捉日常中的微小幸福，角色的喜怒哀乐真实可感，在平实的叙述中悄然传递着生活的温度，适合在忙碌之余放松心情慢慢欣赏。整体而言，该作在题材表达与情感渲染上均有可取之处，剧情张弛有度，角色令人印象深刻，是一部完成度较高、值得推荐的作品。
1780,primary,zh-CN,结城友奈是勇者 啾噜！,《结城友奈是勇者 啾噜！》是《结城友奈是勇者》的短篇动画，勇者们的Q版日常。作品以战斗、搞笑与日常为特色，动画画风可爱、篇幅短小，在轻松的日常中展现勇者们的互动，是结城友奈系列的番外作品。动画的节奏把控张弛有度，战斗场面的分镜与作画都相当扎实，主角在与强敌的较量中不断突破自我，和同伴之间建立的信任与羁绊也为剧情增添了温度，热血与感动并存，值得一看。整体而言，该作在题材表达与情感渲染上均有可取之处，剧情张弛有度，角色令人印象深刻，是一部完成度较高、值得推荐的作品。
1781,primary,zh-CN,剧场版 Fate/Grand Order 神圣圆桌领域卡美洛 前篇 漂泊的银之臂,《剧场版 Fate/Grand Order 神圣圆桌领域卡美洛 前篇 漂泊的银之臂》是FGO系列的剧场版，藤丸立香的冒险。本作围绕卡美洛篇展开，作品以Fate世界观、战斗与群像为特色，动画的战斗场面华丽，是FGO系列的重要作品。动作设计与演出张力俱佳，随着剧情推进，主角面对的敌人越来越强，战斗方式与自身局限的突破层层升级，配乐与画面配合出色，将热血少年向作品应有的爽快感与成长感都演绎得十分到位。整体而言，该作在题材表达与情感渲染上均有可取之处，剧情张弛有度，角色令人印象深刻，是一部完成度较高、值得推荐的作品。
1782,primary,zh-CN,剧场版 鬼灭之刃 无限列车篇,《剧场版 鬼灭之刃 无限列车篇》是《鬼灭之刃》的剧场版，炭治郎与炎柱炼狱杏寿郎的战斗。本作围绕无限列车的事件展开，作品以热血、战斗与羁绊为主题，动画的制作精良，炼狱的信念令人动容，是现象级的剧场版。动作设计与演出张力俱佳，随着剧情推进，主角面对的敌人越来越强，战斗方式与自身局限的突破层层升级，配乐与画面配合出色，将热血少年向作品应有的爽快感与成长感都演绎得十分到位。整体而言，该作在题材表达与情感渲染上均有可取之处，剧情张弛有度，角色令人印象深刻，是一部完成度较高、值得推荐的作品。
1783,primary,zh-CN,东京七姐妹 我们化作青空,《东京七姐妹 我们化作青空》是偶像题材的剧场版，少女们的偶像物语。本作围绕七姐妹的成长展开，作品以音乐、偶像与群像为特色，歌曲与舞台演出华丽，是偶像动画的剧场版。歌舞演出的画面制作精良，每一首歌都与角色心境和剧情推进紧密呼应，少女们在聚光灯下的闪耀与幕后流下的汗水同样动人，传递出追逐梦想、不懈努力的正能量，感染力十足。整体而言，该作在题材表达与情感渲染上均有可取之处，剧情张弛有度，角色令人印象深刻，是一部完成度较高、值得推荐的作品。
1784,primary,zh-CN,恋途未卜,《恋途未卜》是剧场版动画，讲述两对恋人的青春物语。本作围绕少女们的恋爱与成长展开，作品以恋爱、青春与群像为特色，动画的画面精美，角色们的情感细腻动人，是一部温馨的作品。作品在甜蜜之余也保留了青春特有的青涩与迷茫，主角在感情中的成长与抉择贯穿始终，配乐温润、画面明丽，将恋爱中的忐忑、欢喜与遗憾都拿捏得恰到好处，适合慢慢品味。整体而言，该作在题材表达与情感渲染上均有可取之处，剧情张弛有度，角色令人印象深刻，是一部完成度较高、值得推荐的作品。
1785,primary,zh-CN,哆啦A梦：伴我同行2,《哆啦A梦：伴我同行2》是《哆啦A梦》的3DCG剧场版，大雄与静香的婚礼。本作围绕大雄的成长与回忆展开，作品以冒险、科幻与友情为主题，动画的画面精美，大雄的成长令人动容，是哆啦A梦系列的剧场版。世界观设定丰富而自成体系，随着冒险推进，更多奇妙的种族、地点与力量体系逐一展开，角色们在旅途中收获成长与羁绊，画面与配乐共同营造出充满想象力的奇幻氛围，令人沉浸其中。整体而言，该作在题材表达与情感渲染上均有可取之处，剧情张弛有度，角色令人印象深刻，是一部完成度较高、值得推荐的作品。
1786,primary,zh-CN,夏目友人帐 唤石者与怪异的访客,《夏目友人帐 唤石者与怪异的访客》是《夏目友人帐》的剧场版，夏目贵志与妖怪们的物语。本作夏目在归还妖怪名字的过程中展开新的邂逅，作品以妖怪、治愈与日常为特色，动画的氛围温柔，是夏目友人帐系列的剧场版。作品没有强烈的戏剧冲突，却以细腻的笔触捕捉日常中的微小幸福，角色的喜怒哀乐真实可感，在平实的叙述中悄然传递着生活的温度，适合在忙碌之余放松心情慢慢欣赏。整体而言，该作在题材表达与情感渲染上均有可取之处，剧情张弛有度，角色令人印象深刻，是一部完成度较高、值得推荐的作品。
1787,primary,zh-CN,黑塔利亚 World★Stars,《黑塔利亚 World★Stars》延续系列，国家拟人化的角色们的搞笑日常。本作各国角色的互动依旧充满笑料，作品以历史、搞笑与群像为特色，动画篇幅短小、氛围轻松，是黑塔利亚系列的续作。画风清新、节奏舒缓，人物之间的相处自然而温暖，那些平凡琐碎的片段在动画的演绎下变得闪闪发光，传递出一种治愈人心的宁静力量，是治愈系爱好者不容错过的作品。整体而言，该作在题材表达与情感渲染上均有可取之处，剧情张弛有度，角色令人印象深刻，是一部完成度较高、值得推荐的作品。
1788,primary,zh-CN,寿司大相扑,《寿司大相扑》是短篇动画，讲述寿司与相扑的物语。作品以搞笑、日常与美食为特色，动画画风可爱、篇幅短小，在轻松的日常中展现寿司与相扑的趣味，是一部轻松解压的泡面番。作品没有强烈的戏剧冲突，却以细腻的笔触捕捉日常中的微小幸福，角色的喜怒哀乐真实可感，在平实的叙述中悄然传递着生活的温度，适合在忙碌之余放松心情慢慢欣赏。整体而言，该作在题材表达与情感渲染上均有可取之处，剧情张弛有度，角色令人印象深刻，是一部完成度较高、值得推荐的作品。
1789,primary,zh-CN,冰冰冰淇淋君,《冰冰冰淇淋君》是短篇动画，讲述冰淇淋角色们的日常。作品以萌系、搞笑与治愈为特色，动画画风可爱、篇幅短小，在轻松的日常中展现冰淇淋们的互动，是一部轻松解压的泡面番。作品没有强烈的戏剧冲突，却以细腻的笔触捕捉日常中的微小幸福，角色的喜怒哀乐真实可感，在平实的叙述中悄然传递着生活的温度，适合在忙碌之余放松心情慢慢欣赏。整体而言，该作在题材表达与情感渲染上均有可取之处，剧情张弛有度，角色令人印象深刻，是一部完成度较高、值得推荐的作品。
1790,primary,zh-CN,极主夫道,《极主夫道》改编自同名漫画。前黑道老大龙在家庭中的物语。作品以搞笑、日常与反差为特色，龙的极道风范与主夫生活充满笑料，动画的氛围轻松，是一部让人捧腹的作品。画风清新、节奏舒缓，人物之间的相处自然而温暖，那些平凡琐碎的片段在动画的演绎下变得闪闪发光，传递出一种治愈人心的宁静力量，是治愈系爱好者不容错过的作品。整体而言，该作在题材表达与情感渲染上均有可取之处，剧情张弛有度，角色令人印象深刻，是一部完成度较高、值得推荐的作品。
1791,primary,zh-CN,甜梦猫 MIX!,《甜梦猫 MIX!》延续系列，小猫与少女的物语继续。本作甜梦猫们与少女们的冒险更加丰富，作品以萌宠、魔法与治愈为特色，动画画风可爱、氛围温暖，是适合少女观众的治愈作品。作品没有强烈的戏剧冲突，却以细腻的笔触捕捉日常中的微小幸福，角色的喜怒哀乐真实可感，在平实的叙述中悄然传递着生活的温度，适合在忙碌之余放松心情慢慢欣赏。整体而言，该作在题材表达与情感渲染上均有可取之处，剧情张弛有度，角色令人印象深刻，是一部完成度较高、值得推荐的作品。
1792,primary,zh-CN,入间同学入魔了 第二季,《入间同学入魔了 第二季》延续第一季，善良少年入间的魔界学校日常继续。本作入间在魔界的成长与新的挑战展开，作品以搞笑、日常与魔界为特色，动画的氛围轻松，是一部欢乐的作品。作品没有强烈的戏剧冲突，却以细腻的笔触捕捉日常中的微小幸福，角色的喜怒哀乐真实可感，在平实的叙述中悄然传递着生活的温度，适合在忙碌之余放松心情慢慢欣赏。整体而言，该作在题材表达与情感渲染上均有可取之处，剧情张弛有度，角色令人印象深刻，是一部完成度较高、值得推荐的作品。
1793,primary,zh-CN,迷你龙小剧场,《迷你龙小剧场》是《小林家的龙女仆》的短篇动画，龙们的Q版日常。作品以日常、治愈与搞笑为特色，动画画风可爱、篇幅短小，在轻松的日常中展现龙们的互动，是龙女仆系列的番外作品。画风清新、节奏舒缓，人物之间的相处自然而温暖，那些平凡琐碎的片段在动画的演绎下变得闪闪发光，传递出一种治愈人心的宁静力量，是治愈系爱好者不容错过的作品。整体而言，该作在题材表达与情感渲染上均有可取之处，剧情张弛有度，角色令人印象深刻，是一部完成度较高、值得推荐的作品。
1794,primary,zh-CN,Thunderbolt Fantasy 东离剑游纪 3,《Thunderbolt Fantasy 东离剑游纪 3》延续系列，剑士们的武侠冒险继续。本作围绕新的阴谋与魔剑展开，作品以武侠、偶剧与热血为特色，动画的偶戏演出充满魄力，剧情跌宕起伏，是东离剑游纪系列的续作。动作设计与演出张力俱佳，随着剧情推进，主角面对的敌人越来越强，战斗方式与自身局限的突破层层升级，配乐与画面配合出色，将热血少年向作品应有的爽快感与成长感都演绎得十分到位。整体而言，该作在题材表达与情感渲染上均有可取之处，剧情张弛有度，角色令人印象深刻，是一部完成度较高、值得推荐的作品。
1795,primary,zh-CN,在地下城寻求邂逅是否搞错了什么 第三季 OVA,《在地下城寻求邂逅是否搞错了什么 第三季 OVA》是《在地下城寻求邂逅》第三季的OVA，贝尔的日常番外。本作以轻松的日常为主，作品以奇幻、冒险与后宫为特色，动画的氛围欢乐，是地错系列的番外作品。作品没有强烈的戏剧冲突，却以细腻的笔触捕捉日常中的微小幸福，角色的喜怒哀乐真实可感，在平实的叙述中悄然传递着生活的温度，适合在忙碌之余放松心情慢慢欣赏。整体而言，该作在题材表达与情感渲染上均有可取之处，剧情张弛有度，角色令人印象深刻，是一部完成度较高、值得推荐的作品。
1796,primary,zh-CN,电影 GIVEN,《电影 GIVEN》是《GIVEN 被赠与的未来》的剧场版，少年们的音乐物语。本作围绕真冬与乐队成员的物语展开，作品以音乐、恋爱与青春为特色，动画的歌曲动人，是一部充满音乐魅力的作品。作品在甜蜜之余也保留了青春特有的青涩与迷茫，主角在感情中的成长与抉择贯穿始终，配乐温润、画面明丽，将恋爱中的忐忑、欢喜与遗憾都拿捏得恰到好处，适合慢慢品味。整体而言，该作在题材表达与情感渲染上均有可取之处，剧情张弛有度，角色令人印象深刻，是一部完成度较高、值得推荐的作品。
1797,primary,zh-CN,辉夜大小姐想让我告白？～天才们的恋爱头脑战～ OVA,《辉夜大小姐想让我告白？～天才们的恋爱头脑战～ OVA》是《辉夜大小姐》的OVA，白银与辉夜的恋爱番外。本作以轻松的日常为主，作品以恋爱、搞笑与头脑战为特色，动画的氛围轻松，是辉夜大小姐系列的番外作品。角色间的互动刻画得细腻自然，那些欲言又止的心意、别扭又真诚的靠近都真实而动人，情感线与日常情节交织，让观众在会心一笑与怦然心动之间反复横跳，是一部让人回味无穷的恋爱物语。整体而言，该作在题材表达与情感渲染上均有可取之处，剧情张弛有度，角色令人印象深刻，是一部完成度较高、值得推荐的作品。
1798,primary,zh-CN,伊甸,《伊甸》是剧场版动画，讲述机器人与少女的物语。在未来的世界中，机器人照顾着少女，作品以科幻、治愈与亲情为主题，动画的画面精美，少女的成长与机器人的羁绊令人动容，是一部温馨的作品。动画的节奏把控张弛有度，战斗场面的分镜与作画都相当扎实，主角在与强敌的较量中不断突破自我，和同伴之间建立的信任与羁绊也为剧情增添了温度，热血与感动并存，值得一看。整体而言，该作在题材表达与情感渲染上均有可取之处，剧情张弛有度，角色令人印象深刻，是一部完成度较高、值得推荐的作品。
1799,primary,zh-CN,指尖传出的真挚热情2-恋人是消防员-,《指尖传出的真挚热情2-恋人是消防员-》延续系列，青梅竹马的恋爱继续。本作两人的感情进一步发展，作品以恋爱、成年向与日常为特色，动画的氛围暧昧，是一部面向成人的恋爱作品。作品在甜蜜之余也保留了青春特有的青涩与迷茫，主角在感情中的成长与抉择贯穿始终，配乐温润、画面明丽，将恋爱中的忐忑、欢喜与遗憾都拿捏得恰到好处，适合慢慢品味。整体而言，该作在题材表达与情感渲染上均有可取之处，剧情张弛有度，角色令人印象深刻，是一部完成度较高、值得推荐的作品。
1800,primary,zh-CN,机动战士高达 闪光的哈萨维,《机动战士高达 闪光的哈萨维》是高达系列的剧场版，哈萨维的战斗。本作围绕哈萨维与反地球联邦的物语展开，作品以机战、战争与悲壮为特色，动画的制作精良，哈萨维的信念充满张力，是高达系列的剧场版。动作设计与演出张力俱佳，随着剧情推进，主角面对的敌人越来越强，战斗方式与自身局限的突破层层升级，配乐与画面配合出色，将热血少年向作品应有的爽快感与成长感都演绎得十分到位。整体而言，该作在题材表达与情感渲染上均有可取之处，剧情张弛有度，角色令人印象深刻，是一部完成度较高、值得推荐的作品。
1801,primary,zh-CN,漂流少年,《漂流少年》是原创动画，讲述少年们在漂流世界中的物语。失去能力的世界中，少年们的冒险与成长，作品以奇幻、悬疑与群像为特色，动画的氛围独特，是一部风格新颖的作品。剧情层层递进、伏笔密布，随着线索的不断拼合，真相逐渐浮出水面，每一次反转都在意料之外又情理之中，细节经得起推敲，氛围营造到位，是喜欢烧脑故事的观众不可错过之作。整体而言，该作在题材表达与情感渲染上均有可取之处，剧情张弛有度，角色令人印象深刻，是一部完成度较高、值得推荐的作品。
1802,primary,zh-CN,绯红结系,《绯红结系》改编自同名游戏，讲述超能力者们与怪异战斗的故事。本作围绕绯红结系的世界展开，作品以战斗、科幻与群像为特色，动画的战斗场面华丽，是游戏改编动画的作品。动作设计与演出张力俱佳，随着剧情推进，主角面对的敌人越来越强，战斗方式与自身局限的突破层层升级，配乐与画面配合出色，将热血少年向作品应有的爽快感与成长感都演绎得十分到位。整体而言，该作在题材表达与情感渲染上均有可取之处，剧情张弛有度，角色令人印象深刻，是一部完成度较高、值得推荐的作品。
1803,primary,zh-CN,桃子男孩渡海而来,《桃子男孩渡海而来》改编自同名漫画。桃太郎的少女与伙伴们的冒险。作品以奇幻、战斗与热血为特色，动画的战斗场面华丽，少女的成长与羁绊贯穿始终，是一部风格独特的作品。动作设计与演出张力俱佳，随着剧情推进，主角面对的敌人越来越强，战斗方式与自身局限的突破层层升级，配乐与画面配合出色，将热血少年向作品应有的爽快感与成长感都演绎得十分到位。整体而言，该作在题材表达与情感渲染上均有可取之处，剧情张弛有度，角色令人印象深刻，是一部完成度较高、值得推荐的作品。
1804,primary,zh-CN,暗夜第六感 2041,《暗夜第六感 2041》改编自同名作品。拥有超能力的少年们在2041年的战斗。作品以科幻、战斗与群像为特色，动画的氛围沉重，少年们的命运充满张力，是作品的现代演绎。动画的节奏把控张弛有度，战斗场面的分镜与作画都相当扎实，主角在与强敌的较量中不断突破自我，和同伴之间建立的信任与羁绊也为剧情增添了温度，热血与感动并存，值得一看。整体而言，该作在题材表达与情感渲染上均有可取之处，剧情张弛有度，角色令人印象深刻，是一部完成度较高、值得推荐的作品。
1805,primary,zh-CN,异世界迷宫黑心企业,《异世界迷宫黑心企业》改编自同名漫画。社畜少年转生到异世界。作品以异世界、搞笑与职场为特色，主角在异世界的黑心企业中挣扎充满笑料，动画的氛围轻松，是一部欢乐的作品。画风清新、节奏舒缓，人物之间的相处自然而温暖，那些平凡琐碎的片段在动画的演绎下变得闪闪发光，传递出一种治愈人心的宁静力量，是治愈系爱好者不容错过的作品。整体而言，该作在题材表达与情感渲染上均有可取之处，剧情张弛有度，角色令人印象深刻，是一部完成度较高、值得推荐的作品。
1806,primary,zh-CN,开挂药师的异世界悠闲生活～在异世界开药店吧～,《开挂药师的异世界悠闲生活～在异世界开药店吧～》改编自同名轻小说。药师的少年在异世界开药店。作品以异世界、轻松冒险与治愈为特色，少年炼药的能力与悠闲生活充满趣味，动画的氛围轻松，是一部欢乐的作品。作品没有强烈的戏剧冲突，却以细腻的笔触捕捉日常中的微小幸福，角色的喜怒哀乐真实可感，在平实的叙述中悄然传递着生活的温度，适合在忙碌之余放松心情慢慢欣赏。整体而言，该作在题材表达与情感渲染上均有可取之处，剧情张弛有度，角色令人印象深刻，是一部完成度较高、值得推荐的作品。
1807,primary,zh-CN,瓦尼塔斯的手记,《瓦尼塔斯的手记》改编自同名漫画。吸血鬼与少年瓦尼塔斯的物语。作品以奇幻、悬疑与战斗为特色，动画的氛围华丽，瓦尼塔斯的诅咒之书充满魅力，是一部风格独特的作品。动画的节奏把控张弛有度，战斗场面的分镜与作画都相当扎实，主角在与强敌的较量中不断突破自我，和同伴之间建立的信任与羁绊也为剧情增添了温度，热血与感动并存，值得一看。整体而言，该作在题材表达与情感渲染上均有可取之处，剧情张弛有度，角色令人印象深刻，是一部完成度较高、值得推荐的作品。
1808,primary,zh-CN,RE-MAIN：少年与水球,《RE-MAIN：少年与水球》是原创动画，讲述少年在水球部的物语。少年们在重新开始的水球中成长，作品以运动、青春与群像为特色，动画的比赛场面充满张力，少年们的成长令人动容，是一部扎实的运动作品。作品对竞技细节的还原相当用心，每一次攻防都充满张力，主角从青涩到成熟的成长轨迹真实可感，与队友和对手的羁绊贯穿始终，汗水与泪水交织出热血沸腾的青春物语。整体而言，该作在题材表达与情感渲染上均有可取之处，剧情张弛有度，角色令人印象深刻，是一部完成度较高、值得推荐的作品。
1809,primary,zh-CN,我，小怼,《我，小怼》是短篇动画，讲述小学生小怼的日常。作品以日常、搞笑与治愈为特色，动画画风可爱、篇幅短小，在轻松的日常中展现小怼的校园生活，是一部轻松解压的泡面番。作品没有强烈的戏剧冲突，却以细腻的笔触捕捉日常中的微小幸福，角色的喜怒哀乐真实可感，在平实的叙述中悄然传递着生活的温度，适合在忙碌之余放松心情慢慢欣赏。整体而言，该作在题材表达与情感渲染上均有可取之处，剧情张弛有度，角色令人印象深刻，是一部完成度较高、值得推荐的作品。
1810,primary,zh-CN,阴晴不定大哥哥,《阴晴不定大哥哥》改编自同名漫画。儿童节目主持人大哥哥的疲惫日常。作品以搞笑、职场与日常为特色，大哥哥的疲惫与表面的开朗形成反差，动画的氛围轻松，是一部让人会心一笑的作品。作品没有强烈的戏剧冲突，却以细腻的笔触捕捉日常中的微小幸福，角色的喜怒哀乐真实可感，在平实的叙述中悄然传递着生活的温度，适合在忙碌之余放松心情慢慢欣赏。整体而言，该作在题材表达与情感渲染上均有可取之处，剧情张弛有度，角色令人印象深刻，是一部完成度较高、值得推荐的作品。
1811,primary,zh-CN,小林家的龙女仆S,《小林家的龙女仆S》延续第一季，小林与托尔的日常继续。本作新的龙与角色登场，作品以日常、治愈与搞笑为特色，龙与人类的互动充满笑料，动画的氛围温馨，是一部现象级的治愈系作品。画风清新、节奏舒缓，人物之间的相处自然而温暖，那些平凡琐碎的片段在动画的演绎下变得闪闪发光，传递出一种治愈人心的宁静力量，是治愈系爱好者不容错过的作品。整体而言，该作在题材表达与情感渲染上均有可取之处，剧情张弛有度，角色令人印象深刻，是一部完成度较高、值得推荐的作品。
1812,primary,zh-CN,迦希女王不会放弃,《迦希女王不会放弃》改编自同名漫画。魔界女王迦希在人间界的生活。作品以搞笑、日常与萌系为特色，迦希的落魄与努力充满笑料，动画的氛围轻松，是一部让人捧腹的作品。作品没有强烈的戏剧冲突，却以细腻的笔触捕捉日常中的微小幸福，角色的喜怒哀乐真实可感，在平实的叙述中悄然传递着生活的温度，适合在忙碌之余放松心情慢慢欣赏。整体而言，该作在题材表达与情感渲染上均有可取之处，剧情张弛有度，角色令人印象深刻，是一部完成度较高、值得推荐的作品。
1813,primary,zh-CN,寒蝉鸣泣之时 卒,《寒蝉鸣泣之时 卒》延续《业》，雏见泽村的物语继续。本作围绕新的轮回与真相展开，作品以悬疑、恐怖与群像为特色，动画的氛围压抑，少女们的命运充满冲击力，是寒蝉系列的续作。剧情层层递进、伏笔密布，随着线索的不断拼合，真相逐渐浮出水面，每一次反转都在意料之外又情理之中，细节经得起推敲，氛围营造到位，是喜欢烧脑故事的观众不可错过之作。整体而言，该作在题材表达与情感渲染上均有可取之处，剧情张弛有度，角色令人印象深刻，是一部完成度较高、值得推荐的作品。
1814,primary,zh-CN,转生成为了只有乙女游戏破灭Flag的邪恶大小姐X,《转生成为了只有乙女游戏破灭Flag的邪恶大小姐X》延续第一季，卡塔莉娜的物语继续。本作卡塔莉娜为了避开破灭继续行动，作品以异世界、搞笑与恋爱为特色，动画的氛围轻松，是一部欢乐的作品。作品在甜蜜之余也保留了青春特有的青涩与迷茫，主角在感情中的成长与抉择贯穿始终，配乐温润、画面明丽，将恋爱中的忐忑、欢喜与遗憾都拿捏得恰到好处，适合慢慢品味。整体而言，该作在题材表达与情感渲染上均有可取之处，剧情张弛有度，角色令人印象深刻，是一部完成度较高、值得推荐的作品。
1815,primary,zh-CN,月光下的异世界之旅,《月光下的异世界之旅》改编自同名轻小说。被神放逐的少年在异世界的冒险。作品以异世界、冒险与群像为特色，动画的氛围独特，少年的旅程与遭遇充满看点，是一部标准的异世界作品。世界观设定丰富而自成体系，随着冒险推进，更多奇妙的种族、地点与力量体系逐一展开，角色们在旅途中收获成长与羁绊，画面与配乐共同营造出充满想象力的奇幻氛围，令人沉浸其中。整体而言，该作在题材表达与情感渲染上均有可取之处，剧情张弛有度，角色令人印象深刻，是一部完成度较高、值得推荐的作品。
1816,primary,zh-CN,死神少爷与黑女仆,《死神少爷与黑女仆》改编自同名漫画。被诅咒的少爷与女仆的恋爱。作品以恋爱、搞笑与奇幻为特色，少爷的诅咒与女仆的互动充满笑料，动画的氛围温馨，是一部让人心动的恋爱作品。角色间的互动刻画得细腻自然，那些欲言又止的心意、别扭又真诚的靠近都真实而动人，情感线与日常情节交织，让观众在会心一笑与怦然心动之间反复横跳，是一部让人回味无穷的恋爱物语。整体而言，该作在题材表达与情感渲染上均有可取之处，剧情张弛有度，角色令人印象深刻，是一部完成度较高、值得推荐的作品。
1817,primary,zh-CN,天官赐福,《天官赐福》改编自墨香铜臭的同名小说。仙乐国太子谢怜与花城的物语。作品以奇幻、恋爱与群像为特色，动画的画风精美，谢怜与花城的羁绊令人动容，是国漫的代表作。作品在甜蜜之余也保留了青春特有的青涩与迷茫，主角在感情中的成长与抉择贯穿始终，配乐温润、画面明丽，将恋爱中的忐忑、欢喜与遗憾都拿捏得恰到好处，适合慢慢品味。整体而言，该作在题材表达与情感渲染上均有可取之处，剧情张弛有度，角色令人印象深刻，是一部完成度较高、值得推荐的作品。
1818,primary,zh-CN,侦探已经死了。,《侦探已经死了。》改编自同名轻小说。助手少年与名侦探希耶丝塔的物语。作品以悬疑、战斗与群像为特色，动画的氛围独特，侦探的过去与谜团层层展开，是一部风格新颖的作品。动作设计与演出张力俱佳，随着剧情推进，主角面对的敌人越来越强，战斗方式与自身局限的突破层层升级，配乐与画面配合出色，将热血少年向作品应有的爽快感与成长感都演绎得十分到位。整体而言，该作在题材表达与情感渲染上均有可取之处，剧情张弛有度，角色令人印象深刻，是一部完成度较高、值得推荐的作品。
1819,primary,zh-CN,我们的重制人生,《我们的重制人生》改编自同名轻小说。制作人穿越回过去重新开始人生。作品以创作、青春与群像为特色，主角在制作行业中的成长充满看点，动画的氛围温暖，是一部关于梦想的作品。作品在整体完成度上表现出色，叙事流畅、角色立体，主题的表达清晰而有深度，既有轻松愉悦的观赏性，也留有值得回味的余韵，是一部质量扎实、诚意满满的作品。整体而言，该作在题材表达与情感渲染上均有可取之处，剧情张弛有度，角色令人印象深刻，是一部完成度较高、值得推荐的作品。
1820,primary,zh-CN,盖塔机器人ARC,《盖塔机器人ARC》是盖塔系列的动画，机器人的战斗。本作围绕盖塔机器人ARC的物语展开，作品以机战、热血与群像为特色，动画的战斗场面华丽，是盖塔机器人系列的续作。动作设计与演出张力俱佳，随着剧情推进，主角面对的敌人越来越强，战斗方式与自身局限的突破层层升级，配乐与画面配合出色，将热血少年向作品应有的爽快感与成长感都演绎得十分到位。整体而言，该作在题材表达与情感渲染上均有可取之处，剧情张弛有度，角色令人印象深刻，是一部完成度较高、值得推荐的作品。
1821,primary,zh-CN,魔法科高校的优等生,《魔法科高校的优等生》是《魔法科高校的劣等生》的外传，讲述深雪的视角。本作以深雪的视角展开魔法科高校的日常，作品以魔法、学园与群像为特色，动画的画风精美，是魔法科系列的衍生作品。作品没有强烈的戏剧冲突，却以细腻的笔触捕捉日常中的微小幸福，角色的喜怒哀乐真实可感，在平实的叙述中悄然传递着生活的温度，适合在忙碌之余放松心情慢慢欣赏。整体而言，该作在题材表达与情感渲染上均有可取之处，剧情张弛有度，角色令人印象深刻，是一部完成度较高、值得推荐的作品。
1822,primary,zh-CN,白沙的水族馆,《白沙的水族馆》是P.A.WORKS的原创动画，讲述水族馆少女们的物语。少女们在闭馆的水族馆中的日常与成长，作品以职场、治愈与群像为特色，动画的画面精美，少女们的梦想令人动容，是一部温馨的作品。作品没有强烈的戏剧冲突，却以细腻的笔触捕捉日常中的微小幸福，角色的喜怒哀乐真实可感，在平实的叙述中悄然传递着生活的温度，适合在忙碌之余放松心情慢慢欣赏。整体而言，该作在题材表达与情感渲染上均有可取之处，剧情张弛有度，角色令人印象深刻，是一部完成度较高、值得推荐的作品。
1823,primary,zh-CN,Love Live! Superstar!!,《Love Live! Superstar!!》是Love Live系列动画，结丘女子高中的偶像们。本作五位少女为守护学园而成为偶像，作品以音乐、追梦与群像为特色，歌曲动人、舞台演出华丽，是LoveLive系列的续作。角色的个性塑造鲜明，舞台上的自信与生活中的可爱形成反差，团队协作与个人成长双线并进，歌舞编排赏心悦目，让观众既能享受视听盛宴，也能为少女们的梦想与坚持而感动。整体而言，该作在题材表达与情感渲染上均有可取之处，剧情张弛有度，角色令人印象深刻，是一部完成度较高、值得推荐的作品。
1824,primary,zh-CN,现实主义勇者的王国再建记,《现实主义勇者的王国再建记》改编自同名轻小说。被召唤为勇者的青年用现实政治重建王国。作品以异世界、政治与群像为特色，勇者的智谋与王国重建充满看点，动画的氛围独特，是一部风格新颖的作品。世界观设定丰富而自成体系，随着冒险推进，更多奇妙的种族、地点与力量体系逐一展开，角色们在旅途中收获成长与羁绊，画面与配乐共同营造出充满想象力的奇幻氛围，令人沉浸其中。整体而言，该作在题材表达与情感渲染上均有可取之处，剧情张弛有度，角色令人印象深刻，是一部完成度较高、值得推荐的作品。
1825,primary,zh-CN,魔法纪录 魔法少女小圆外传 2nd SEASON -觉醒前夜-,《魔法纪录 魔法少女小圆外传 2nd SEASON -觉醒前夜-》延续系列，魔法少女们的物语继续。本作围绕觉醒前夜展开，作品以魔法少女、黑暗与群像为特色，动画的氛围沉重，是魔法少女小圆系列的外传。世界观设定丰富而自成体系，随着冒险推进，更多奇妙的种族、地点与力量体系逐一展开，角色们在旅途中收获成长与羁绊，画面与配乐共同营造出充满想象力的奇幻氛围，令人沉浸其中。整体而言，该作在题材表达与情感渲染上均有可取之处，剧情张弛有度，角色令人印象深刻，是一部完成度较高、值得推荐的作品。
1826,primary,zh-CN,剧场版 宝可梦 可可,《剧场版 宝可梦 可可》是宝可梦动画剧场版，小智与幻之宝可梦可可的相遇。本作围绕可可的成长与森林的羁绊展开，作品以冒险、战斗与羁绊为特色，动画的战斗场面华丽，宝可梦之间的深厚感情令人动容，是宝可梦系列的剧场版。动作设计与演出张力俱佳，随着剧情推进，主角面对的敌人越来越强，战斗方式与自身局限的突破层层升级，配乐与画面配合出色，将热血少年向作品应有的爽快感与成长感都演绎得十分到位。整体而言，该作在题材表达与情感渲染上均有可取之处，剧情张弛有度，角色令人印象深刻，是一部完成度较高、值得推荐的作品。
1827,primary,zh-CN,银魂 THE FINAL,《银魂 THE FINAL》是《银魂》的剧场版，万事屋的物语迎来终结。本作银时一行人与最终的敌人展开决战，作品以搞笑、吐槽与热血为特色，银时的毒舌与伙伴们的羁绊令人动容，是银魂系列的完结篇。动作设计与演出张力俱佳，随着剧情推进，主角面对的敌人越来越强，战斗方式与自身局限的突破层层升级，配乐与画面配合出色，将热血少年向作品应有的爽快感与成长感都演绎得十分到位。整体而言，该作在题材表达与情感渲染上均有可取之处，剧情张弛有度，角色令人印象深刻，是一部完成度较高、值得推荐的作品。
1828,primary,zh-CN,剧场版 妄想学生会2,《剧场版 妄想学生会2》是《妄想学生会》的剧场版，樱才学园学生会的搞笑日常。本作以轻松的剧情为主，作品以搞笑、吐槽与黄段子为特色，动画的演出夸张、笑点密集，是学生会系列的剧场版。作品没有强烈的戏剧冲突，却以细腻的笔触捕捉日常中的微小幸福，角色的喜怒哀乐真实可感，在平实的叙述中悄然传递着生活的温度，适合在忙碌之余放松心情慢慢欣赏。整体而言，该作在题材表达与情感渲染上均有可取之处，剧情张弛有度，角色令人印象深刻，是一部完成度较高、值得推荐的作品。
1829,primary,zh-CN,水星领航员 The CREPUSCOLO,《水星领航员 The CREPUSCOLO》是《水星领航员》的剧场版，水之星的领航员们。本作围绕领航员们的日常与传承展开，作品以治愈、日常与群像为特色，动画的氛围宁静优雅，是水星领航员系列的剧场版。画风清新、节奏舒缓，人物之间的相处自然而温暖，那些平凡琐碎的片段在动画的演绎下变得闪闪发光，传递出一种治愈人心的宁静力量，是治愈系爱好者不容错过的作品。整体而言，该作在题材表达与情感渲染上均有可取之处，剧情张弛有度，角色令人印象深刻，是一部完成度较高、值得推荐的作品。
1830,primary,zh-CN,乔西的虎与鱼,《乔西的虎与鱼》是剧场版动画，讲述青年与少女的物语。轮椅少女乔西与大学生恒夫的相遇，作品以恋爱、治愈与成长为主题，动画的画面精美，两人的羁绊令人动容，是一部感人至深的作品。角色间的互动刻画得细腻自然，那些欲言又止的心意、别扭又真诚的靠近都真实而动人，情感线与日常情节交织，让观众在会心一笑与怦然心动之间反复横跳，是一部让人回味无穷的恋爱物语。整体而言，该作在题材表达与情感渲染上均有可取之处，剧情张弛有度，角色令人印象深刻，是一部完成度较高、值得推荐的作品。
1831,primary,zh-CN,精灵幻想记,《精灵幻想记》改编自同名轻小说。转生少年利欧在异世界的成长。作品以异世界、战斗与后宫为特色，利欧的成长与冒险充满看点，动画的战斗场面华丽，是一部标准的异世界作品。动画的节奏把控张弛有度，战斗场面的分镜与作画都相当扎实，主角在与强敌的较量中不断突破自我，和同伴之间建立的信任与羁绊也为剧情增添了温度，热血与感动并存，值得一看。整体而言，该作在题材表达与情感渲染上均有可取之处，剧情张弛有度，角色令人印象深刻，是一部完成度较高、值得推荐的作品。
1832,primary,zh-CN,Princess Principal Crown Handler 第1章,《Princess Principal Crown Handler 第1章》延续系列，间谍少女们在伦敦的物语。本作围绕Crown Handler的篇章展开，作品以间谍、群像与蒸汽朋克为特色，动画的氛围冷峻优雅，是Princess Principal系列的剧场版。萌系画风与细腻的情感表达相结合，角色们的日常相处温馨又有趣，看似平淡的片段都藏着小小的闪光点，整体观感清爽治愈，让人心情随之明朗起来。整体而言，该作在题材表达与情感渲染上均有可取之处，剧情张弛有度，角色令人印象深刻，是一部完成度较高、值得推荐的作品。
1833,primary,zh-CN,幻变梦境,《幻变梦境》是原创动画，讲述少年在梦境世界的冒险。作品以奇幻、悬疑与群像为特色，动画的氛围独特，梦境世界的设定充满想象力，是一部风格新颖的作品。剧情层层递进、伏笔密布，随着线索的不断拼合，真相逐渐浮出水面，每一次反转都在意料之外又情理之中，细节经得起推敲，氛围营造到位，是喜欢烧脑故事的观众不可错过之作。整体而言，该作在题材表达与情感渲染上均有可取之处，剧情张弛有度，角色令人印象深刻，是一部完成度较高、值得推荐的作品。
1834,primary,zh-CN,歌剧少女!!,《歌剧少女!!》改编自同名漫画。少女们在歌剧学校的物语。作品以歌剧、青春与群像为特色，动画的氛围华丽，少女们在歌剧中的成长令人动容，是一部充满艺术气息的作品。校园日常的描写真实而鲜活，社团活动、考试与朋友间的嬉闹构成了鲜活的青春图景，角色们在欢笑与烦恼中逐渐成长，轻松的氛围中蕴含着对友情与梦想的珍视，观感舒适亲切。整体而言，该作在题材表达与情感渲染上均有可取之处，剧情张弛有度，角色令人印象深刻，是一部完成度较高、值得推荐的作品。
1835,primary,zh-CN,IDOLiSH7-偶像星愿- Third BEAT!,《IDOLiSH7-偶像星愿- Third BEAT!》延续系列，偶像组合IDOLiSH7的物语继续。本作少年们在偶像舞台上迎接新的挑战，作品以音乐、偶像与群像为特色，歌曲与舞台演出华丽，是偶像动画的佳作。角色的个性塑造鲜明，舞台上的自信与生活中的可爱形成反差，团队协作与个人成长双线并进，歌舞编排赏心悦目，让观众既能享受视听盛宴，也能为少女们的梦想与坚持而感动。整体而言，该作在题材表达与情感渲染上均有可取之处，剧情张弛有度，角色令人印象深刻，是一部完成度较高、值得推荐的作品。
1836,primary,zh-CN,女神宿舍的宿管君。,《女神宿舍的宿管君。》改编自同名漫画。少年南云孝士成为女子宿舍的宿管。作品以日常、搞笑与福利为特色，孝士与女大学生们的互动充满笑料，动画的氛围轻松，是一部欢乐的作品。作品没有强烈的戏剧冲突，却以细腻的笔触捕捉日常中的微小幸福，角色的喜怒哀乐真实可感，在平实的叙述中悄然传递着生活的温度，适合在忙碌之余放松心情慢慢欣赏。整体而言，该作在题材表达与情感渲染上均有可取之处，剧情张弛有度，角色令人印象深刻，是一部完成度较高、值得推荐的作品。
1837,primary,zh-CN,见面之后5秒开始战斗,《见面之后5秒开始战斗》改编自同名漫画。少年们在游戏中获得能力。作品以战斗、生存与群像为特色，动画的氛围紧张，主角的智谋与战斗充满看点，是一部风格新颖的作品。动画的节奏把控张弛有度，战斗场面的分镜与作画都相当扎实，主角在与强敌的较量中不断突破自我，和同伴之间建立的信任与羁绊也为剧情增添了温度，热血与感动并存，值得一看。整体而言，该作在题材表达与情感渲染上均有可取之处，剧情张弛有度，角色令人印象深刻，是一部完成度较高、值得推荐的作品。
1838,primary,zh-CN,女友成堆,《女友成堆》改编自同名漫画。少年直也与两位女友的恋爱。作品以恋爱、搞笑与日常为特色，直也的恋爱关系充满笑料，动画的氛围轻松，是一部欢乐的恋爱喜剧。作品在甜蜜之余也保留了青春特有的青涩与迷茫，主角在感情中的成长与抉择贯穿始终，配乐温润、画面明丽，将恋爱中的忐忑、欢喜与遗憾都拿捏得恰到好处，适合慢慢品味。整体而言，该作在题材表达与情感渲染上均有可取之处，剧情张弛有度，角色令人印象深刻，是一部完成度较高、值得推荐的作品。
1839,primary,zh-CN,幼女战记 沙漠意面大作战,《幼女战记 沙漠意面大作战》是《幼女战记》的OVA，谭雅的战斗番外。本作以轻松的日常为主，作品以战争、转生与黑色幽默为特色，动画的氛围轻松，是幼女战记系列的番外作品。动作设计与演出张力俱佳，随着剧情推进，主角面对的敌人越来越强，战斗方式与自身局限的突破层层升级，配乐与画面配合出色，将热血少年向作品应有的爽快感与成长感都演绎得十分到位。整体而言，该作在题材表达与情感渲染上均有可取之处，剧情张弛有度，角色令人印象深刻，是一部完成度较高、值得推荐的作品。
1840,primary,zh-CN,奇蛋物语 特别篇,《奇蛋物语 特别篇》是《奇蛋物语》的特别篇，少女们的物语继续。本作围绕少女们的冒险与真相展开，作品以奇幻、悬疑与群像为特色，动画的氛围独特，是奇蛋物语系列的特别篇。剧情层层递进、伏笔密布，随着线索的不断拼合，真相逐渐浮出水面，每一次反转都在意料之外又情理之中，细节经得起推敲，氛围营造到位，是喜欢烧脑故事的观众不可错过之作。整体而言，该作在题材表达与情感渲染上均有可取之处，剧情张弛有度，角色令人印象深刻，是一部完成度较高、值得推荐的作品。
1841,primary,zh-CN,我立于百万生命之上 第二季,《我立于百万生命之上 第二季》延续第一季，少年们在游戏世界中的冒险继续。本作少年们的挑战与真相进一步展开，作品以冒险、生存与群像为特色，动画的氛围独特，是系列的续作。悬疑氛围铺垫扎实，人物之间暗流涌动的博弈与隐藏的秘密交织出复杂的叙事网络，叙事节奏收放自如，高潮部分的揭示震撼有力，看完之后依然值得反复回味其中的细节。整体而言，该作在题材表达与情感渲染上均有可取之处，剧情张弛有度，角色令人印象深刻，是一部完成度较高、值得推荐的作品。
1842,primary,zh-CN,平稳世代的韦驮天们,《平稳世代的韦驮天们》改编自同名漫画。韦驮天们与魔族的战斗。作品以战斗、热血与群像为特色，动画的氛围独特，韦驮天们的战斗充满魄力，是一部风格新颖的作品。动作设计与演出张力俱佳，随着剧情推进，主角面对的敌人越来越强，战斗方式与自身局限的突破层层升级，配乐与画面配合出色，将热血少年向作品应有的爽快感与成长感都演绎得十分到位。整体而言，该作在题材表达与情感渲染上均有可取之处，剧情张弛有度，角色令人印象深刻，是一部完成度较高、值得推荐的作品。
1843,primary,zh-CN,你是彼方,《你是彼方》是剧场版动画，讲述少女在异世界中的冒险。少女在跨越世界的旅程中的成长，作品以奇幻、恋爱与冒险为主题，动画的画面精美，少女的旅程充满想象，是一部温馨的作品。角色间的互动刻画得细腻自然，那些欲言又止的心意、别扭又真诚的靠近都真实而动人，情感线与日常情节交织，让观众在会心一笑与怦然心动之间反复横跳，是一部让人回味无穷的恋爱物语。整体而言，该作在题材表达与情感渲染上均有可取之处，剧情张弛有度，角色令人印象深刻，是一部完成度较高、值得推荐的作品。
1844,primary,zh-CN,暗芝居 第九季,《暗芝居 第九季》是恐怖短篇动画系列，继续以纸芝居的形式讲述各种怪谈。作品以怀旧的画风、猎奇的剧情与细思极恐的氛围著称，每一话都在短短几分钟内营造出强烈的恐怖感，各种扭曲的都市传说让人不寒而栗，是恐怖动画爱好者的必看之作。画风清新、节奏舒缓，人物之间的相处自然而温暖，那些平凡琐碎的片段在动画的演绎下变得闪闪发光，传递出一种治愈人心的宁静力量，是治愈系爱好者不容错过的作品。整体而言，该作在题材表达与情感渲染上均有可取之处，剧情张弛有度，角色令人印象深刻，是一部完成度较高、值得推荐的作品。
1845,primary,zh-CN,言语如苏打般涌现,《言语如苏打般涌现》是剧场版动画，讲述少年与少女的夏日物语。不擅长言语的少年与戴牙套的少女的相遇，作品以恋爱、青春与音乐为主题，动画的画面精美，两人的情感细腻动人，是一部充满夏日气息的作品。角色间的互动刻画得细腻自然，那些欲言又止的心意、别扭又真诚的靠近都真实而动人，情感线与日常情节交织，让观众在会心一笑与怦然心动之间反复横跳，是一部让人回味无穷的恋爱物语。整体而言，该作在题材表达与情感渲染上均有可取之处，剧情张弛有度，角色令人印象深刻，是一部完成度较高、值得推荐的作品。
1846,primary,zh-CN,突击莉莉Fruits,《突击莉莉Fruits》是《突击莉莉》的短篇动画，莉莉们的Q版日常。作品以战斗、百合与日常为特色，动画画风可爱、篇幅短小，在轻松的日常中展现莉莉们的互动，是突击莉莉系列的番外作品。动画的节奏把控张弛有度，战斗场面的分镜与作画都相当扎实，主角在与强敌的较量中不断突破自我，和同伴之间建立的信任与羁绊也为剧情增添了温度，热血与感动并存，值得一看。整体而言，该作在题材表达与情感渲染上均有可取之处，剧情张弛有度，角色令人印象深刻，是一部完成度较高、值得推荐的作品。
1847,primary,zh-CN,鬼灭之刃 兄妹的羁绊,《鬼灭之刃 兄妹的羁绊》是《鬼灭之刃》的特别篇，炭治郎与祢豆子的物语。本作围绕兄妹的羁绊展开，作品以热血、战斗与羁绊为主题，动画的制作精良，是鬼灭之刃系列的特别篇。动作设计与演出张力俱佳，随着剧情推进，主角面对的敌人越来越强，战斗方式与自身局限的突破层层升级，配乐与画面配合出色，将热血少年向作品应有的爽快感与成长感都演绎得十分到位。整体而言，该作在题材表达与情感渲染上均有可取之处，剧情张弛有度，角色令人印象深刻，是一部完成度较高、值得推荐的作品。
1848,primary,zh-CN,鬼灭之刃 那田蜘蛛山篇,《鬼灭之刃 那田蜘蛛山篇》是《鬼灭之刃》的特别篇，炭治郎在那田蜘蛛山的战斗。本作围绕那田蜘蛛山的事件展开，作品以热血、战斗与羁绊为主题，动画的制作精良，是鬼灭之刃系列的特别篇。动作设计与演出张力俱佳，随着剧情推进，主角面对的敌人越来越强，战斗方式与自身局限的突破层层升级，配乐与画面配合出色，将热血少年向作品应有的爽快感与成长感都演绎得十分到位。整体而言，该作在题材表达与情感渲染上均有可取之处，剧情张弛有度，角色令人印象深刻，是一部完成度较高、值得推荐的作品。
1849,primary,zh-CN,剧场编集版 隐瞒之事 -秘密是什么-,《剧场编集版 隐瞒之事 -秘密是什么-》是《隐瞒之事》的剧场版，可久士与女儿的物语。本作以轻松的日常为主，作品以日常、亲情与搞笑为特色，动画的氛围温暖，是隐瞒之事系列的剧场版。作品没有强烈的戏剧冲突，却以细腻的笔触捕捉日常中的微小幸福，角色的喜怒哀乐真实可感，在平实的叙述中悄然传递着生活的温度，适合在忙碌之余放松心情慢慢欣赏。整体而言，该作在题材表达与情感渲染上均有可取之处，剧情张弛有度，角色令人印象深刻，是一部完成度较高、值得推荐的作品。
1850,primary,zh-CN,特利迦奥特曼 新世代迪迦,《特利迦奥特曼 新世代迪迦》是奥特曼系列的TV动画，特利迦的战斗。本作围绕特利迦与地球的物语展开，作品以特摄、战斗与热血为特色，动画的战斗场面华丽，是奥特曼系列的续作。动作设计与演出张力俱佳，随着剧情推进，主角面对的敌人越来越强，战斗方式与自身局限的突破层层升级，配乐与画面配合出色，将热血少年向作品应有的爽快感与成长感都演绎得十分到位。整体而言，该作在题材表达与情感渲染上均有可取之处，剧情张弛有度，角色令人印象深刻，是一部完成度较高、值得推荐的作品。
1851,primary,zh-CN,新・福音战士剧场版：终,《新・福音战士剧场版：终》是《福音战士》系列的最终剧场版，真嗣的物语迎来结局。本作围绕人类补完计划与真嗣的成长展开，作品以机战、哲学与情感为主题，动画的制作精良，是EVA系列的完结篇。动作设计与演出张力俱佳，随着剧情推进，主角面对的敌人越来越强，战斗方式与自身局限的突破层层升级，配乐与画面配合出色，将热血少年向作品应有的爽快感与成长感都演绎得十分到位。整体而言，该作在题材表达与情感渲染上均有可取之处，剧情张弛有度，角色令人印象深刻，是一部完成度较高、值得推荐的作品。
1852,primary,zh-CN,总之就是非常可爱 ～SNS～,《总之就是非常可爱 ～SNS～》延续系列，星空与司的婚姻日常继续。本作围绕SNS的日常展开，作品以恋爱、日常与治愈为特色，动画的氛围轻松，是一部让人心动的恋爱作品。角色间的互动刻画得细腻自然，那些欲言又止的心意、别扭又真诚的靠近都真实而动人，情感线与日常情节交织，让观众在会心一笑与怦然心动之间反复横跳，是一部让人回味无穷的恋爱物语。整体而言，该作在题材表达与情感渲染上均有可取之处，剧情张弛有度，角色令人印象深刻，是一部完成度较高、值得推荐的作品。
1853,primary,zh-CN,电影 再见了，我的克拉默 First Touch,《电影 再见了，我的克拉默 First Touch》是《再见了，我的克拉默》的剧场版，女足少女们的物语。本作围绕少女们的第一次相遇展开，作品以足球、青春与群像为特色，动画的比赛场面充满张力，是系列的剧场版。作品对竞技细节的还原相当用心，每一次攻防都充满张力，主角从青涩到成熟的成长轨迹真实可感，与队友和对手的羁绊贯穿始终，汗水与泪水交织出热血沸腾的青春物语。整体而言，该作在题材表达与情感渲染上均有可取之处，剧情张弛有度，角色令人印象深刻，是一部完成度较高、值得推荐的作品。
1854,primary,zh-CN,平家物语,《平家物语》改编自同名古典文学。少女琵琶见证平家的兴衰。作品以历史、战争与群像为主题，动画的画风精美、氛围沉重，平家的命运充满悲剧色彩，是一部充满诗意的历史作品。动作设计与演出张力俱佳，随着剧情推进，主角面对的敌人越来越强，战斗方式与自身局限的突破层层升级，配乐与画面配合出色，将热血少年向作品应有的爽快感与成长感都演绎得十分到位。整体而言，该作在题材表达与情感渲染上均有可取之处，剧情张弛有度，角色令人印象深刻，是一部完成度较高、值得推荐的作品。
1855,primary,zh-CN,海贼王女,《海贼王女》是原创动画，讲述少女在航海中的冒险。少女菲娜在航海中的成长与冒险，作品以冒险、战斗与群像为特色，动画的氛围独特，菲娜的旅程充满想象，是一部风格新颖的作品。动画的节奏把控张弛有度，战斗场面的分镜与作画都相当扎实，主角在与强敌的较量中不断突破自我，和同伴之间建立的信任与羁绊也为剧情增添了温度，热血与感动并存，值得一看。整体而言，该作在题材表达与情感渲染上均有可取之处，剧情张弛有度，角色令人印象深刻，是一部完成度较高、值得推荐的作品。
1856,primary,zh-CN,星期一的丰满 第二季,《星期一的丰满 第二季》延续第一季，周一上班族与丰满少女们的互动继续。作品以福利、日常与搞笑为特色，动画画风精美、篇幅短小，是一部以视觉服务为主的泡面番。画风清新、节奏舒缓，人物之间的相处自然而温暖，那些平凡琐碎的片段在动画的演绎下变得闪闪发光，传递出一种治愈人心的宁静力量，是治愈系爱好者不容错过的作品。整体而言，该作在题材表达与情感渲染上均有可取之处，剧情张弛有度，角色令人印象深刻，是一部完成度较高、值得推荐的作品。
1857,primary,zh-CN,加油！同期酱,《加油！同期酱》是短篇动画，讲述同期OL的恋爱日常。作品以恋爱、职场与搞笑为特色，同期酱的暗恋与日常充满萌点，动画画风可爱、篇幅短小，是一部轻松解压的泡面番。角色间的互动刻画得细腻自然，那些欲言又止的心意、别扭又真诚的靠近都真实而动人，情感线与日常情节交织，让观众在会心一笑与怦然心动之间反复横跳，是一部让人回味无穷的恋爱物语。整体而言，该作在题材表达与情感渲染上均有可取之处，剧情张弛有度，角色令人印象深刻，是一部完成度较高、值得推荐的作品。
1858,primary,zh-CN,星球大战：幻境,《星球大战：幻境》是《星球大战》的动画合集，以单元剧形式讲述星战故事。作品以科幻、动作(与群像为特色，各集风格各异，是星战系列的衍生动画。科幻设定考究而自洽，科技与人文的碰撞贯穿全片，在宏大的未来图景之下，角色的信念与抉择更显分量，叙事层层推进、世界观逐步展开，是一部兼具视觉冲击与思想深度的作品。整体而言，该作在题材表达与情感渲染上均有可取之处，剧情张弛有度，角色令人印象深刻，是一部完成度较高、值得推荐的作品。
1859,primary,zh-CN,蓝色时期,《蓝色时期》改编自同名漫画。少年矢口八虎在美术中的成长。作品以艺术、青春与群像为主题，八虎在美术之路上的挣扎与成长令人动容，动画的氛围温暖，是一部充满艺术气息的作品。作品风格鲜明、辨识度高，在同类题材中走出了自己的路子，角色与故事的结合恰到好处，整体观感流畅自然，无论是题材爱好者还是路人观众都能乐在其中。整体而言，该作在题材表达与情感渲染上均有可取之处，剧情张弛有度，角色令人印象深刻，是一部完成度较高、值得推荐的作品。
1860,primary,zh-CN,无职转生～到了异世界就拿出真本事～ 第2部分,《无职转生～到了异世界就拿出真本事～ 第2部分》延续第一季，鲁迪乌斯的新人生继续。本作鲁迪乌斯在异世界中的冒险与成长进一步展开，作品以异世界、成长与群像为主题，动画的制作精良，是异世界题材的代表作。世界观设定丰富而自成体系，随着冒险推进，更多奇妙的种族、地点与力量体系逐一展开，角色们在旅途中收获成长与羁绊，画面与配乐共同营造出充满想象力的奇幻氛围，令人沉浸其中。整体而言，该作在题材表达与情感渲染上均有可取之处，剧情张弛有度，角色令人印象深刻，是一部完成度较高、值得推荐的作品。
1861,primary,zh-CN,宿命回响：命运节拍,《宿命回响：命运节拍》是原创动画，讲述音乐与战斗的物语。少年与奏者在音乐的力量中战斗，作品以音乐、战斗与群像为特色，动画的战斗场面华丽，是一部风格新颖的作品。动画的节奏把控张弛有度，战斗场面的分镜与作画都相当扎实，主角在与强敌的较量中不断突破自我，和同伴之间建立的信任与羁绊也为剧情增添了温度，热血与感动并存，值得一看。整体而言，该作在题材表达与情感渲染上均有可取之处，剧情张弛有度，角色令人印象深刻，是一部完成度较高、值得推荐的作品。
1862,primary,zh-CN,当雏菊邂逅少女,《当雏菊邂逅少女》是短篇动画，讲述少女们的恋爱物语。作品以恋爱、日常与治愈为特色，动画画风精美、氛围宁静，在轻松的日常中展现少女们的情感，是一部短小却温馨的作品。作品在甜蜜之余也保留了青春特有的青涩与迷茫，主角在感情中的成长与抉择贯穿始终，配乐温润、画面明丽，将恋爱中的忐忑、欢喜与遗憾都拿捏得恰到好处，适合慢慢品味。整体而言，该作在题材表达与情感渲染上均有可取之处，剧情张弛有度，角色令人印象深刻，是一部完成度较高、值得推荐的作品。
1863,primary,zh-CN,视觉监狱,《视觉监狱》改编自同名企划。少年们在视觉系乐队中的物语。作品以音乐、偶像与群像为特色，动画的画风华丽，少年们的乐队之路充满魅力，是企划改编动画的作品。角色的个性塑造鲜明，舞台上的自信与生活中的可爱形成反差，团队协作与个人成长双线并进，歌舞编排赏心悦目，让观众既能享受视听盛宴，也能为少女们的梦想与坚持而感动。整体而言，该作在题材表达与情感渲染上均有可取之处，剧情张弛有度，角色令人印象深刻，是一部完成度较高、值得推荐的作品。
1864,primary,zh-CN,境界战机,《境界战机》是原创动画，讲述少年们在占领地中的战斗。少年驾驶机体为自由而战，作品以机战、热血与群像为特色，动画的战斗场面华丽，少年们的信念充满张力，是一部硬核的作品。动画的节奏把控张弛有度，战斗场面的分镜与作画都相当扎实，主角在与强敌的较量中不断突破自我，和同伴之间建立的信任与羁绊也为剧情增添了温度，热血与感动并存，值得一看。整体而言，该作在题材表达与情感渲染上均有可取之处，剧情张弛有度，角色令人印象深刻，是一部完成度较高、值得推荐的作品。
1865,primary,zh-CN,无敌侠：舞动的英雄,《无敌侠：舞动的英雄》是原创动画，讲述舞动的英雄们的物语。作品以战斗、搞笑与群像为特色，动画的氛围轻松，英雄们的日常充满趣味，是一部风格新颖的作品。动作设计与演出张力俱佳，随着剧情推进，主角面对的敌人越来越强，战斗方式与自身局限的突破层层升级，配乐与画面配合出色，将热血少年向作品应有的爽快感与成长感都演绎得十分到位。整体而言，该作在题材表达与情感渲染上均有可取之处，剧情张弛有度，角色令人印象深刻，是一部完成度较高、值得推荐的作品。
1866,primary,zh-CN,因为不是命中注定的同伴而被赶出了勇者的队伍、从此以后过上了悠闲的隐居生活,《因为不是命中注定的同伴而被赶出了勇者的队伍、从此以后过上了悠闲的隐居生活》改编自同名轻小说。被勇者队伍驱逐的少年开始悠闲生活。作品以异世界、日常与恋爱为特色，少年的悠闲生活与伙伴的互动充满温馨，动画的氛围温暖，是一部治愈系的作品。角色间的互动刻画得细腻自然，那些欲言又止的心意、别扭又真诚的靠近都真实而动人，情感线与日常情节交织，让观众在会心一笑与怦然心动之间反复横跳，是一部让人回味无穷的恋爱物语。
1867,primary,zh-CN,橘色荣耀,《橘色荣耀》是原创动画，讲述女子冰球少女们的物语。少女们在冰球场上的成长与羁绊，作品以运动、青春与群像为特色，动画的比赛场面充满张力，少女们的成长令人动容，是一部扎实的运动作品。作品对竞技细节的还原相当用心，每一次攻防都充满张力，主角从青涩到成熟的成长轨迹真实可感，与队友和对手的羁绊贯穿始终，汗水与泪水交织出热血沸腾的青春物语。整体而言，该作在题材表达与情感渲染上均有可取之处，剧情张弛有度，角色令人印象深刻，是一部完成度较高、值得推荐的作品。
1868,primary,zh-CN,白金终局,《白金终局》改编自同名漫画。少年架桥明日获得神的力量。作品以生存、战斗与哲学为主题，动画的氛围沉重，架桥明日的抉择充满张力，是一部引人深思的作品。动作设计与演出张力俱佳，随着剧情推进，主角面对的敌人越来越强，战斗方式与自身局限的突破层层升级，配乐与画面配合出色，将热血少年向作品应有的爽快感与成长感都演绎得十分到位。整体而言，该作在题材表达与情感渲染上均有可取之处，剧情张弛有度，角色令人印象深刻，是一部完成度较高、值得推荐的作品。
1869,primary,zh-CN,世界尽头的圣骑士,《世界尽头的圣骑士》改编自同名轻小说。在亡灵守护下成长的少年威尔的物语。作品以奇幻、成长与群像为主题，威尔的成长与亡灵们的羁绊充满温馨，动画的氛围温暖，是一部充满勇气的作品。作品没有强烈的戏剧冲突，却以细腻的笔触捕捉日常中的微小幸福，角色的喜怒哀乐真实可感，在平实的叙述中悄然传递着生活的温度，适合在忙碌之余放松心情慢慢欣赏。整体而言，该作在题材表达与情感渲染上均有可取之处，剧情张弛有度，角色令人印象深刻，是一部完成度较高、值得推荐的作品。
1870,primary,zh-CN,终末的后宫,《终末的后宫》改编自同名漫画。在男人灭绝的世界中，少年们的物语。作品以科幻、后宫与悬疑为特色，动画的氛围独特，少年们的命运充满看点，是一部面向成人的作品。剧情层层递进、伏笔密布，随着线索的不断拼合，真相逐渐浮出水面，每一次反转都在意料之外又情理之中，细节经得起推敲，氛围营造到位，是喜欢烧脑故事的观众不可错过之作。整体而言，该作在题材表达与情感渲染上均有可取之处，剧情张弛有度，角色令人印象深刻，是一部完成度较高、值得推荐的作品。
1871,primary,zh-CN,结城友奈是勇者 -大满开之章-,《结城友奈是勇者 -大满开之章-》延续系列，勇者们的物语继续。本作围绕大满开之章展开，作品以战斗、悲剧与治愈为特色，动画的氛围沉重，少女们的命运令人动容，是结城友奈系列的续作。动作设计与演出张力俱佳，随着剧情推进，主角面对的敌人越来越强，战斗方式与自身局限的突破层层升级，配乐与画面配合出色，将热血少年向作品应有的爽快感与成长感都演绎得十分到位。整体而言，该作在题材表达与情感渲染上均有可取之处，剧情张弛有度，角色令人印象深刻，是一部完成度较高、值得推荐的作品。
1872,primary,zh-CN,吸血鬼马上死,《吸血鬼马上死》改编自同名漫画。吸血鬼猎人罗纳德与弱小的吸血鬼。作品以搞笑、日常与奇幻为特色，吸血鬼的弱小与搞笑充满笑料，动画的氛围轻松，是一部让人捧腹的作品。作品没有强烈的戏剧冲突，却以细腻的笔触捕捉日常中的微小幸福，角色的喜怒哀乐真实可感，在平实的叙述中悄然传递着生活的温度，适合在忙碌之余放松心情慢慢欣赏。整体而言，该作在题材表达与情感渲染上均有可取之处，剧情张弛有度，角色令人印象深刻，是一部完成度较高、值得推荐的作品。
1873,primary,zh-CN,月与莱卡与吸血公主,《月与莱卡与吸血公主》改编自同名轻小说。宇航员与吸血鬼公主的太空物语。作品以科幻、日常与恋爱为特色，两人的共同目标与羁绊充满温馨，动画的氛围温暖，是一部独特的作品。角色间的互动刻画得细腻自然，那些欲言又止的心意、别扭又真诚的靠近都真实而动人，情感线与日常情节交织，让观众在会心一笑与怦然心动之间反复横跳，是一部让人回味无穷的恋爱物语。整体而言，该作在题材表达与情感渲染上均有可取之处，剧情张弛有度，角色令人印象深刻，是一部完成度较高、值得推荐的作品。
1874,primary,zh-CN,看得见的女孩,《看得见的女孩》改编自同名漫画。能看见灵体的少女四谷见子的日常。作品以搞笑、恐怖与日常为特色，见子看见灵体的反应充满笑料，动画的氛围轻松与恐怖并存，是一部独特的作品。画风清新、节奏舒缓，人物之间的相处自然而温暖，那些平凡琐碎的片段在动画的演绎下变得闪闪发光，传递出一种治愈人心的宁静力量，是治愈系爱好者不容错过的作品。整体而言，该作在题材表达与情感渲染上均有可取之处，剧情张弛有度，角色令人印象深刻，是一部完成度较高、值得推荐的作品。
1875,primary,zh-CN,古见同学有交流障碍症,《古见同学有交流障碍症》改编自同名漫画。交流障碍的美少女古见与同学的日常。作品以日常、治愈与搞笑为特色，古见的交流障碍与努力的可爱充满萌点，动画的氛围温暖，是一部治愈系的作品。作品没有强烈的戏剧冲突，却以细腻的笔触捕捉日常中的微小幸福，角色的喜怒哀乐真实可感，在平实的叙述中悄然传递着生活的温度，适合在忙碌之余放松心情慢慢欣赏。整体而言，该作在题材表达与情感渲染上均有可取之处，剧情张弛有度，角色令人印象深刻，是一部完成度较高、值得推荐的作品。
1876,primary,zh-CN,偶像选拔,《偶像选拔》是偶像题材动画，少女们在偶像选拔中的物语。作品以音乐、偶像与群像为特色，少女们的成长与舞台演出充满魅力，是偶像动画的作品。歌舞演出的画面制作精良，每一首歌都与角色心境和剧情推进紧密呼应，少女们在聚光灯下的闪耀与幕后流下的汗水同样动人，传递出追逐梦想、不懈努力的正能量，感染力十足。整体而言，该作在题材表达与情感渲染上均有可取之处，剧情张弛有度，角色令人印象深刻，是一部完成度较高、值得推荐的作品。
1877,primary,zh-CN,迷宫标记者,《迷宫标记者》改编自同名轻小说。少年们在迷宫中的冒险与战斗。作品以冒险、战斗与群像为特色，动画的氛围沉重，少年们的挑战充满张力，是一部风格独特的作品。动作设计与演出张力俱佳，随着剧情推进，主角面对的敌人越来越强，战斗方式与自身局限的突破层层升级，配乐与画面配合出色，将热血少年向作品应有的爽快感与成长感都演绎得十分到位。整体而言，该作在题材表达与情感渲染上均有可取之处，剧情张弛有度，角色令人印象深刻，是一部完成度较高、值得推荐的作品。
1878,primary,zh-CN,四季樱,《四季樱》是原创动画，讲述人鬼共存的世界的战斗。高中生三轮翔穿上动力服与鬼战斗，守护巫女明神逢花，作品以战斗、热血与群像为特色，动画的战斗场面华丽，是风格独特的作品。动作设计与演出张力俱佳，随着剧情推进，主角面对的敌人越来越强，战斗方式与自身局限的突破层层升级，配乐与画面配合出色，将热血少年向作品应有的爽快感与成长感都演绎得十分到位。整体而言，该作在题材表达与情感渲染上均有可取之处，剧情张弛有度，角色令人印象深刻，是一部完成度较高、值得推荐的作品。
1879,primary,zh-CN,世界顶尖的暗杀者转生为异世界贵族,《世界顶尖的暗杀者转生为异世界贵族》改编自同名轻小说。暗杀者转生为异世界贵族。作品以异世界、战斗与群像为特色，暗杀者的强大与任务充满看点，动画的战斗场面华丽，是一部标准的异世界作品。动画的节奏把控张弛有度，战斗场面的分镜与作画都相当扎实，主角在与强敌的较量中不断突破自我，和同伴之间建立的信任与羁绊也为剧情增添了温度，热血与感动并存，值得一看。整体而言，该作在题材表达与情感渲染上均有可取之处，剧情张弛有度，角色令人印象深刻，是一部完成度较高、值得推荐的作品。
1880,primary,zh-CN,创之界限 -#000000-,《创之界限 -#000000-》改编自同名游戏，少年们在界限中的战斗。作品以卡牌、战斗与群像为特色，动画的战斗场面华丽，角色们的成长与羁绊贯穿始终，是游戏改编动画的作品。动作设计与演出张力俱佳，随着剧情推进，主角面对的敌人越来越强，战斗方式与自身局限的突破层层升级，配乐与画面配合出色，将热血少年向作品应有的爽快感与成长感都演绎得十分到位。整体而言，该作在题材表达与情感渲染上均有可取之处，剧情张弛有度，角色令人印象深刻，是一部完成度较高、值得推荐的作品。
1881,primary,zh-CN,数码宝贝幽灵游戏,《数码宝贝幽灵游戏》是数码宝贝系列动画，少年与数码宝贝的冒险。本作围绕幽灵游戏展开，作品以冒险、战斗与数码宝贝的世界观为特色，动画的氛围独特，是数码宝贝系列的新作。动作设计与演出张力俱佳，随着剧情推进，主角面对的敌人越来越强，战斗方式与自身局限的突破层层升级，配乐与画面配合出色，将热血少年向作品应有的爽快感与成长感都演绎得十分到位。整体而言，该作在题材表达与情感渲染上均有可取之处，剧情张弛有度，角色令人印象深刻，是一部完成度较高、值得推荐的作品。
1882,primary,zh-CN,Muv-Luv Alternative,《Muv-Luv Alternative》改编自同名游戏。在人类与BETA的战争中，少年们的战斗。作品以机战、战争与悲壮为主题，动画的氛围沉重，少年们的牺牲与信念充满张力，是硬核的科幻作品。动画的节奏把控张弛有度，战斗场面的分镜与作画都相当扎实，主角在与强敌的较量中不断突破自我，和同伴之间建立的信任与羁绊也为剧情增添了温度，热血与感动并存，值得一看。整体而言，该作在题材表达与情感渲染上均有可取之处，剧情张弛有度，角色令人印象深刻，是一部完成度较高、值得推荐的作品。
1883,primary,zh-CN,半妖的夜叉姬 第二季,《半妖的夜叉姬 第二季》延续第一季，半妖少女们的冒险继续。本作永远、刹那与诸叶的物语进一步发展，作品以冒险、战斗与热血为特色，动画的氛围轻松，是犬夜叉系列的续作。动作设计与演出张力俱佳，随着剧情推进，主角面对的敌人越来越强，战斗方式与自身局限的突破层层升级，配乐与画面配合出色，将热血少年向作品应有的爽快感与成长感都演绎得十分到位。整体而言，该作在题材表达与情感渲染上均有可取之处，剧情张弛有度，角色令人印象深刻，是一部完成度较高、值得推荐的作品。
1884,primary,zh-CN,哇恰美妙魔法！,《哇恰美妙魔法！》是美妙系列的动画，少女们的偶像活动继续。本作新的主角与舞台登场，少女们在偶像道路上追逐梦想，作品以华丽的舞台演出、可爱的角色与音乐为特色，是少女向偶像动画的经典系列。角色的个性塑造鲜明，舞台上的自信与生活中的可爱形成反差，团队协作与个人成长双线并进，歌舞编排赏心悦目，让观众既能享受视听盛宴，也能为少女们的梦想与坚持而感动。整体而言，该作在题材表达与情感渲染上均有可取之处，剧情张弛有度，角色令人印象深刻，是一部完成度较高、值得推荐的作品。
1885,primary,zh-CN,境界触发者 第三季,《境界触发者 第三季》延续系列，三云修与伙伴们的战斗继续。本作围绕新的篇章与近界民展开，作品以战斗、热血与群像为特色，动画的战斗场面华丽，三云修的成长令人动容，是境界触发者系列的续作。动画的节奏把控张弛有度，战斗场面的分镜与作画都相当扎实，主角在与强敌的较量中不断突破自我，和同伴之间建立的信任与羁绊也为剧情增添了温度，热血与感动并存，值得一看。整体而言，该作在题材表达与情感渲染上均有可取之处，剧情张弛有度，角色令人印象深刻，是一部完成度较高、值得推荐的作品。
1886,primary,zh-CN,异世界食堂 第二季,《异世界食堂 第二季》延续第一季，异世界餐厅猫屋的日常继续。本作猫屋每周六继续向异世界的客人开放，作品以美食、异世界与单元剧为特色，动画的氛围温馨，是一部治愈系的美食作品。画风清新、节奏舒缓，人物之间的相处自然而温暖，那些平凡琐碎的片段在动画的演绎下变得闪闪发光，传递出一种治愈人心的宁静力量，是治愈系爱好者不容错过的作品。整体而言，该作在题材表达与情感渲染上均有可取之处，剧情张弛有度，角色令人印象深刻，是一部完成度较高、值得推荐的作品。
1887,primary,zh-CN,狂热深渊-迷失的孩子,《狂热深渊-迷失的孩子》是原创动画，讲述少年们在迷途中的冒险。作品以冒险、奇幻与群像为特色，动画的氛围独特，少年们的旅程充满想象，是一部风格新颖的作品。世界观设定丰富而自成体系，随着冒险推进，更多奇妙的种族、地点与力量体系逐一展开，角色们在旅途中收获成长与羁绊，画面与配乐共同营造出充满想象力的奇幻氛围，令人沉浸其中。整体而言，该作在题材表达与情感渲染上均有可取之处，剧情张弛有度，角色令人印象深刻，是一部完成度较高、值得推荐的作品。
1888,primary,zh-CN,国王排名,《国王排名》改编自同名漫画。又聋又哑的弱小王子波吉的物语。作品以童话、热血与治愈为主题，波吉的成长与善良令人动容，动画的画风温暖，是一部现象级的作品。动画的节奏把控张弛有度，战斗场面的分镜与作画都相当扎实，主角在与强敌的较量中不断突破自我，和同伴之间建立的信任与羁绊也为剧情增添了温度，热血与感动并存，值得一看。整体而言，该作在题材表达与情感渲染上均有可取之处，剧情张弛有度，角色令人印象深刻，是一部完成度较高、值得推荐的作品。
1889,primary,zh-CN,进化果实～不知不觉踏上胜利的人生～,《进化果实～不知不觉踏上胜利的人生～》改编自同名轻小说。被同学嘲笑的少年获得进化果实。作品以异世界、轻松冒险与后宫为特色，主角的进化与胜利充满看点，动画的氛围轻松，是一部欢乐的作品。画风清新、节奏舒缓，人物之间的相处自然而温暖，那些平凡琐碎的片段在动画的演绎下变得闪闪发光，传递出一种治愈人心的宁静力量，是治愈系爱好者不容错过的作品。整体而言，该作在题材表达与情感渲染上均有可取之处，剧情张弛有度，角色令人印象深刻，是一部完成度较高、值得推荐的作品。
1890,primary,zh-CN,180秒能让你的耳朵幸福吗？,《180秒能让你的耳朵幸福吗？》是短篇动画，讲述ASMR的物语。作品以ASMR、日常与治愈为特色，动画篇幅短小、氛围宁静，在轻柔的声音中展现少女们的互动，是一部独特的泡面番。作品没有强烈的戏剧冲突，却以细腻的笔触捕捉日常中的微小幸福，角色的喜怒哀乐真实可感，在平实的叙述中悄然传递着生活的温度，适合在忙碌之余放松心情慢慢欣赏。整体而言，该作在题材表达与情感渲染上均有可取之处，剧情张弛有度，角色令人印象深刻，是一部完成度较高、值得推荐的作品。
1891,primary,zh-CN,百万吨级武藏,《百万吨级武藏》改编自同名游戏。少年们驾驶武藏机体战斗。作品以机战、热血与群像为特色，动画的战斗场面华丽，少年们的成长与羁绊贯穿始终，是游戏改编动画的作品。动画的节奏把控张弛有度，战斗场面的分镜与作画都相当扎实，主角在与强敌的较量中不断突破自我，和同伴之间建立的信任与羁绊也为剧情增添了温度，热血与感动并存，值得一看。整体而言，该作在题材表达与情感渲染上均有可取之处，剧情张弛有度，角色令人印象深刻，是一部完成度较高、值得推荐的作品。
1892,primary,zh-CN,将身体献给魔王伊布罗贾,《将身体献给魔王伊布罗贾》是短篇动画，讲述魔王与少年的物语。作品以奇幻、恋爱与搞笑为特色，动画氛围轻松，魔王与少年的互动充满萌点，是一部轻松解压的泡面番。作品在甜蜜之余也保留了青春特有的青涩与迷茫，主角在感情中的成长与抉择贯穿始终，配乐温润、画面明丽，将恋爱中的忐忑、欢喜与遗憾都拿捏得恰到好处，适合慢慢品味。整体而言，该作在题材表达与情感渲染上均有可取之处，剧情张弛有度，角色令人印象深刻，是一部完成度较高、值得推荐的作品。
1893,primary,zh-CN,Show Time！唱歌的大姐姐也想做,《Show Time！唱歌的大姐姐也想做》是短篇成人向动画，讲述唱歌的大姐姐的恋爱。作品以恋爱、成年向与日常为特色，动画的氛围暧昧，两人的互动充满张力，是一部面向成人的恋爱作品。角色间的互动刻画得细腻自然，那些欲言又止的心意、别扭又真诚的靠近都真实而动人，情感线与日常情节交织，让观众在会心一笑与怦然心动之间反复横跳，是一部让人回味无穷的恋爱物语。整体而言，该作在题材表达与情感渲染上均有可取之处，剧情张弛有度，角色令人印象深刻，是一部完成度较高、值得推荐的作品。
1894,primary,zh-CN,逆转世界的电池少女,《逆转世界的电池少女》是原创动画，讲述少年们在逆转世界中的战斗。作品以机战、热血与搞笑为特色，动画的氛围独特，少年们的战斗充满魄力，是一部风格新颖的作品。动画的节奏把控张弛有度，战斗场面的分镜与作画都相当扎实，主角在与强敌的较量中不断突破自我，和同伴之间建立的信任与羁绊也为剧情增添了温度，热血与感动并存，值得一看。整体而言，该作在题材表达与情感渲染上均有可取之处，剧情张弛有度，角色令人印象深刻，是一部完成度较高、值得推荐的作品。
1895,primary,zh-CN,86 -不存在的战区- 第2部分,《86 -不存在的战区- 第2部分》延续第一季，辛与蕾娜的物语继续。本作86们的战斗与羁绊进一步展开，作品以机战、战争与悲壮为主题，动画的氛围沉重，辛与蕾娜的羁绊令人动容，是86系列的续作。动作设计与演出张力俱佳，随着剧情推进，主角面对的敌人越来越强，战斗方式与自身局限的突破层层升级，配乐与画面配合出色，将热血少年向作品应有的爽快感与成长感都演绎得十分到位。整体而言，该作在题材表达与情感渲染上均有可取之处，剧情张弛有度，角色令人印象深刻，是一部完成度较高、值得推荐的作品。
1896,primary,zh-CN,键等,《键等》是Key社作品的联动动画，各作品的角色集结。作品以搞笑、日常与群像为特色，动画的氛围轻松，角色们的互动充满笑料，是Key社的粉丝向作品。作品没有强烈的戏剧冲突，却以细腻的笔触捕捉日常中的微小幸福，角色的喜怒哀乐真实可感，在平实的叙述中悄然传递着生活的温度，适合在忙碌之余放松心情慢慢欣赏。整体而言，该作在题材表达与情感渲染上均有可取之处，剧情张弛有度，角色令人印象深刻，是一部完成度较高、值得推荐的作品。
1897,primary,zh-CN,关于前辈很烦人的事,《关于前辈很烦人的事》改编自同名漫画。OL五十岚与前辈的恋爱日常。作品以恋爱、职场与日常为特色，前辈的照顾与五十岚的傲娇充满萌点，动画的氛围温暖，是一部治愈系的作品。角色间的互动刻画得细腻自然，那些欲言又止的心意、别扭又真诚的靠近都真实而动人，情感线与日常情节交织，让观众在会心一笑与怦然心动之间反复横跳，是一部让人回味无穷的恋爱物语。整体而言，该作在题材表达与情感渲染上均有可取之处，剧情张弛有度，角色令人印象深刻，是一部完成度较高、值得推荐的作品。
1898,primary,zh-CN,剧场版 Fate/Grand Order 神圣圆桌领域卡美洛 后篇 圣骑士银之臂,《剧场版 Fate/Grand Order 神圣圆桌领域卡美洛 后篇 圣骑士银之臂》是FGO系列的剧场版，藤丸立香的冒险。本作围绕卡美洛篇的高潮展开，作品以Fate世界观、战斗与群像为特色，动画的战斗场面华丽，是FGO系列的重要作品。动作设计与演出张力俱佳，随着剧情推进，主角面对的敌人越来越强，战斗方式与自身局限的突破层层升级，配乐与画面配合出色，将热血少年向作品应有的爽快感与成长感都演绎得十分到位。
1899,primary,zh-CN,BanG Dream! Episode of Roselia Ⅰ : 约定,《BanG Dream! Episode of Roselia Ⅰ : 约定》是《BanG Dream!》的剧场版，Roselia乐队的物语。本作围绕乐队成员们的约定展开，作品以音乐、青春与群像为特色，动画的歌曲动人，是BanG Dream企划的剧场版。角色的个性塑造鲜明，舞台上的自信与生活中的可爱形成反差，团队协作与个人成长双线并进，歌舞编排赏心悦目，让观众既能享受视听盛宴，也能为少女们的梦想与坚持而感动。
1900,primary,zh-CN,酷爱电影的庞波小姐,《酷爱电影的庞波小姐》是剧场版动画，讲述电影制作的物语。电影痴迷者庞波小姐与新人导演的创作，作品以创作、热血与群像为主题，动画的氛围温暖，角色的电影梦想令人动容，是一部关于梦想的作品。动画的节奏把控张弛有度，战斗场面的分镜与作画都相当扎实，主角在与强敌的较量中不断突破自我，和同伴之间建立的信任与羁绊也为剧情增添了温度，热血与感动并存，值得一看。整体而言，该作在题材表达与情感渲染上均有可取之处，剧情张弛有度，角色令人印象深刻，是一部完成度较高、值得推荐的作品。
1901,primary,zh-CN,烟囱小镇的普佩尔,《烟囱小镇的普佩尔》是剧场版动画，讲述少年与伙伴在烟囱小镇的冒险。普佩尔与少年鲁必奇在烟囱小镇中的冒险，作品以奇幻、冒险与友情为主题，动画的画面精美，少年的成长令人动容，是一部温馨的作品。画风清新、节奏舒缓，人物之间的相处自然而温暖，那些平凡琐碎的片段在动画的演绎下变得闪闪发光，传递出一种治愈人心的宁静力量，是治愈系爱好者不容错过的作品。整体而言，该作在题材表达与情感渲染上均有可取之处，剧情张弛有度，角色令人印象深刻，是一部完成度较高、值得推荐的作品。
1902,primary,zh-CN,BanG Dream! Episode of Roselia Ⅱ : Song I am.,《BanG Dream! Episode of Roselia Ⅱ : Song I am.》是《BanG Dream!》的剧场版，Roselia乐队的物语。本作围绕乐队成员们的音乐与成长展开，作品以音乐、青春与群像为特色，动画的歌曲动人，是BanG Dream企划的剧场版。角色的个性塑造鲜明，舞台上的自信与生活中的可爱形成反差，团队协作与个人成长双线并进，歌舞编排赏心悦目，让观众既能享受视听盛宴，也能为少女们的梦想与坚持而感动。
1903,primary,zh-CN,剧场版 紫罗兰永恒花园,《剧场版 紫罗兰永恒花园》是《紫罗兰永恒花园》的剧场版，薇尔莉特的物语。本作薇尔莉特在代笔中寻找爱的真谛，作品以治愈、成长与人文为主题，动画的画面精美到极致，是一部感人至深的作品。作品没有强烈的戏剧冲突，却以细腻的笔触捕捉日常中的微小幸福，角色的喜怒哀乐真实可感，在平实的叙述中悄然传递着生活的温度，适合在忙碌之余放松心情慢慢欣赏。整体而言，该作在题材表达与情感渲染上均有可取之处，剧情张弛有度，角色令人印象深刻，是一部完成度较高、值得推荐的作品。
1904,primary,zh-CN,如果烧陶的话也做个马克杯吧 二番窑,《如果烧陶的话也做个马克杯吧 二番窑》延续第一季，少女们的陶艺日常继续。本作少女们在陶艺部的互动进一步发展，作品以陶艺、日常与群像为特色，动画的氛围温馨，是一部治愈系的作品。画风清新、节奏舒缓，人物之间的相处自然而温暖，那些平凡琐碎的片段在动画的演绎下变得闪闪发光，传递出一种治愈人心的宁静力量，是治愈系爱好者不容错过的作品。整体而言，该作在题材表达与情感渲染上均有可取之处，剧情张弛有度，角色令人印象深刻，是一部完成度较高、值得推荐的作品。
1905,primary,zh-CN,三角窗外是黑夜,《三角窗外是黑夜》改编自同名漫画。驱魔师与侦探的组合。作品以灵异、悬疑与群像为特色，动画的氛围独特，驱魔与推理的结合充满魅力，是一部风格新颖的作品。剧情层层递进、伏笔密布，随着线索的不断拼合，真相逐渐浮出水面，每一次反转都在意料之外又情理之中，细节经得起推敲，氛围营造到位，是喜欢烧脑故事的观众不可错过之作。整体而言，该作在题材表达与情感渲染上均有可取之处，剧情张弛有度，角色令人印象深刻，是一部完成度较高、值得推荐的作品。
1906,primary,zh-CN,大正处女御伽话,《大正处女御伽话》改编自同名漫画。大正时代的富豪子弟与未婚妻的物语。作品以恋爱、日常与治愈为特色，动画的氛围温暖，两人的感情发展细腻动人，是一部充满时代气息的作品。角色间的互动刻画得细腻自然，那些欲言又止的心意、别扭又真诚的靠近都真实而动人，情感线与日常情节交织，让观众在会心一笑与怦然心动之间反复横跳，是一部让人回味无穷的恋爱物语。整体而言，该作在题材表达与情感渲染上均有可取之处，剧情张弛有度，角色令人印象深刻，是一部完成度较高、值得推荐的作品。
1907,primary,zh-CN,名侦探柯南 绯色的子弹,《名侦探柯南 绯色的子弹》是《名侦探柯南》剧场版，柯南与赤井秀一的行动。本作围绕世界大会的绑架事件展开，作品以推理、动作(与悬疑为特色，动画的氛围紧张，柯南与赤井的对决充满看点，是柯南系列的高人气剧场版。悬疑氛围铺垫扎实，人物之间暗流涌动的博弈与隐藏的秘密交织出复杂的叙事网络，叙事节奏收放自如，高潮部分的揭示震撼有力，看完之后依然值得反复回味其中的细节。整体而言，该作在题材表达与情感渲染上均有可取之处，剧情张弛有度，角色令人印象深刻，是一部完成度较高、值得推荐的作品。
1908,primary,zh-CN,卡片战斗先导者overDress 第二季,《卡片战斗先导者overDress 第二季》延续第一季，少年们的卡牌战斗继续。本作新的篇章与对手登场，作品以卡牌、热血与竞技为特色，动画的战斗场面华丽，是先导者系列的续作。动作设计与演出张力俱佳，随着剧情推进，主角面对的敌人越来越强，战斗方式与自身局限的突破层层升级，配乐与画面配合出色，将热血少年向作品应有的爽快感与成长感都演绎得十分到位。整体而言，该作在题材表达与情感渲染上均有可取之处，剧情张弛有度，角色令人印象深刻，是一部完成度较高、值得推荐的作品。
1909,primary,zh-CN,鲁邦三世 PART6,《鲁邦三世 PART6》是鲁邦系列动画，怪盗鲁邦的冒险继续。本作鲁邦在伦敦展开新的偷盗行动，作品以怪盗、冒险与搞笑为特色，动画的画风充满时代感，鲁邦的机智与魅力令人着迷，是鲁邦系列的新篇章。世界观设定丰富而自成体系，随着冒险推进，更多奇妙的种族、地点与力量体系逐一展开，角色们在旅途中收获成长与羁绊，画面与配乐共同营造出充满想象力的奇幻氛围，令人沉浸其中。整体而言，该作在题材表达与情感渲染上均有可取之处，剧情张弛有度，角色令人印象深刻，是一部完成度较高、值得推荐的作品。
1910,primary,zh-CN,BanG Dream! 少女乐团派对！☆PICO FEVER！,《BanG Dream! 少女乐团派对！☆PICO FEVER！》是BanG Dream企划的短篇动画，乐队少女们的Q版日常。作品以音乐、搞笑与日常为特色，动画画风可爱、篇幅短小，是BanG Dream系列的番外作品。画风清新、节奏舒缓，人物之间的相处自然而温暖，那些平凡琐碎的片段在动画的演绎下变得闪闪发光，传递出一种治愈人心的宁静力量，是治愈系爱好者不容错过的作品。整体而言，该作在题材表达与情感渲染上均有可取之处，剧情张弛有度，角色令人印象深刻，是一部完成度较高、值得推荐的作品。
1911,primary,zh-CN,斗神姬,《斗神姬》是原创动画，讲述少女们的战斗。少女们驾驶机体与谜之敌人战斗，作品以机战、热血与群像为特色，动画的战斗场面华丽，少女们的成长与羁绊贯穿始终，是一部扎实的作品。动作设计与演出张力俱佳，随着剧情推进，主角面对的敌人越来越强，战斗方式与自身局限的突破层层升级，配乐与画面配合出色，将热血少年向作品应有的爽快感与成长感都演绎得十分到位。整体而言，该作在题材表达与情感渲染上均有可取之处，剧情张弛有度，角色令人印象深刻，是一部完成度较高、值得推荐的作品。
1912,primary,zh-CN,鬼灭之刃 游郭篇,《鬼灭之刃 游郭篇》延续系列，炭治郎与音柱的物语。本作炭治郎在游郭中的战斗展开，作品以热血、战斗与羁绊为主题，动画的制作精良，上弦之六的对决充满震撼，是鬼灭之刃系列的重要篇章。动画的节奏把控张弛有度，战斗场面的分镜与作画都相当扎实，主角在与强敌的较量中不断突破自我，和同伴之间建立的信任与羁绊也为剧情增添了温度，热血与感动并存，值得一看。整体而言，该作在题材表达与情感渲染上均有可取之处，剧情张弛有度，角色令人印象深刻，是一部完成度较高、值得推荐的作品。
1913,primary,zh-CN,范马刃牙,《范马刃牙》是《刃牙》的续作，格斗家们的对决继续。本作范马刃牙与最强对手的决战展开，作品以格斗、热血与群像为特色，动画的战斗场面充满魄力，是格斗题材动画的经典。动作设计与演出张力俱佳，随着剧情推进，主角面对的敌人越来越强，战斗方式与自身局限的突破层层升级，配乐与画面配合出色，将热血少年向作品应有的爽快感与成长感都演绎得十分到位。整体而言，该作在题材表达与情感渲染上均有可取之处，剧情张弛有度，角色令人印象深刻，是一部完成度较高、值得推荐的作品。
1914,primary,zh-CN,龙与雀斑公主,《龙与雀斑公主》是细田守的剧场版动画，讲述少女在虚拟世界中的物语。少女铃在U世界中的冒险与成长，作品以奇幻、音乐与青春为主题，动画的画面精美，铃的成长令人动容，是一部充满想象力的作品。角色的个性塑造鲜明，舞台上的自信与生活中的可爱形成反差，团队协作与个人成长双线并进，歌舞编排赏心悦目，让观众既能享受视听盛宴，也能为少女们的梦想与坚持而感动。整体而言，该作在题材表达与情感渲染上均有可取之处，剧情张弛有度，角色令人印象深刻，是一部完成度较高、值得推荐的作品。
1915,primary,zh-CN,魔法使的新娘 西之少年与青岚的骑士,《魔法使的新娘 西之少年与青岚的骑士》是《魔法使的新娘》的剧场版，智世的物语。本作围绕西之少年与青岚的骑士展开，作品以奇幻、治愈与魔法为特色，动画的画面精美、氛围梦幻，是魔法使的新娘系列的剧场版。作品没有强烈的戏剧冲突，却以细腻的笔触捕捉日常中的微小幸福，角色的喜怒哀乐真实可感，在平实的叙述中悄然传递着生活的温度，适合在忙碌之余放松心情慢慢欣赏。整体而言，该作在题材表达与情感渲染上均有可取之处，剧情张弛有度，角色令人印象深刻，是一部完成度较高、值得推荐的作品。
1916,primary,zh-CN,剧场版 七大罪 被光诅咒的众人,《剧场版 七大罪 被光诅咒的众人》是《七大罪》的剧场版，梅利奥达斯与伙伴们的冒险。本作围绕被光诅咒的众人展开，作品以奇幻冒险、热血战斗与伙伴羁绊为特色，动画的战斗场面华丽，是七大罪系列的剧场版。动作设计与演出张力俱佳，随着剧情推进，主角面对的敌人越来越强，战斗方式与自身局限的突破层层升级，配乐与画面配合出色，将热血少年向作品应有的爽快感与成长感都演绎得十分到位。整体而言，该作在题材表达与情感渲染上均有可取之处，剧情张弛有度，角色令人印象深刻，是一部完成度较高、值得推荐的作品。
1917,primary,zh-CN,英雄联盟：双城之战,《英雄联盟：双城之战》是《英雄联盟》的动画，讲述皮尔特沃夫与祖安的物语。围绕金克丝与蔚的姐妹情展开，作品以奇幻、战斗与群像为主题，动画的制作精良，角色的命运充满张力，是现象级的游戏改编动画。动作设计与演出张力俱佳，随着剧情推进，主角面对的敌人越来越强，战斗方式与自身局限的突破层层升级，配乐与画面配合出色，将热血少年向作品应有的爽快感与成长感都演绎得十分到位。整体而言，该作在题材表达与情感渲染上均有可取之处，剧情张弛有度，角色令人印象深刻，是一部完成度较高、值得推荐的作品。
1918,primary,zh-CN,凡人修仙传 年番,《凡人修仙传 年番》改编自同名小说，讲述凡人韩立的修仙之路。韩立在修仙界的挣扎与成长，作品以修仙、热血与群像为特色，动画的制作精良，是国漫的代表作。动画的节奏把控张弛有度，战斗场面的分镜与作画都相当扎实，主角在与强敌的较量中不断突破自我，和同伴之间建立的信任与羁绊也为剧情增添了温度，热血与感动并存，值得一看。整体而言，该作在题材表达与情感渲染上均有可取之处，剧情张弛有度，角色令人印象深刻，是一部完成度较高、值得推荐的作品。
1919,primary,zh-CN,JOJO的奇妙冒险 石之海,《JOJO的奇妙冒险 石之海》是JOJO系列动画，空条徐伦的物语。徐伦在监狱中的战斗与替身对决，作品以战斗、热血与替身为特色，动画的战斗场面华丽，石之海的替身战充满魄力，是JOJO系列的重要篇章。动作设计与演出张力俱佳，随着剧情推进，主角面对的敌人越来越强，战斗方式与自身局限的突破层层升级，配乐与画面配合出色，将热血少年向作品应有的爽快感与成长感都演绎得十分到位。整体而言，该作在题材表达与情感渲染上均有可取之处，剧情张弛有度，角色令人印象深刻，是一部完成度较高、值得推荐的作品。
1920,primary,zh-CN,剧场版 少女☆歌剧 Revue Starlight,《剧场版 少女☆歌剧 Revue Starlight》是《少女☆歌剧》的剧场版，舞台少女们的物语。本作围绕新的Revue展开，作品以音乐、舞台与群像为特色，动画的演出华丽、歌曲动人，是少女歌剧系列的剧场版。角色的个性塑造鲜明，舞台上的自信与生活中的可爱形成反差，团队协作与个人成长双线并进，歌舞编排赏心悦目，让观众既能享受视听盛宴，也能为少女们的梦想与坚持而感动。整体而言，该作在题材表达与情感渲染上均有可取之处，剧情张弛有度，角色令人印象深刻，是一部完成度较高、值得推荐的作品。
1921,primary,zh-CN,Princess Principal Crown Handler 第2章,《Princess Principal Crown Handler 第2章》延续系列，间谍少女们在伦敦的物语。本作围绕Crown Handler的篇章继续展开，作品以间谍、群像与蒸汽朋克为特色，动画的氛围冷峻优雅，是Princess Principal系列的剧场版。角色设计可爱讨喜，性格各异的少女们互动起来萌点十足，画风明快、色彩柔和，在轻松愉快的氛围中传递着友情与温情，治愈力满满，是闲暇时光里的最佳陪伴。
1922,primary,zh-CN,明日同学的水手服,《明日同学的水手服》改编自同名漫画。少女明日小路在水手服的青春物语。作品以日常、青春与治愈为特色，明日的水手服生活充满温馨，动画画风精美、氛围温暖，是一部治愈系的作品。画风清新、节奏舒缓，人物之间的相处自然而温暖，那些平凡琐碎的片段在动画的演绎下变得闪闪发光，传递出一种治愈人心的宁静力量，是治愈系爱好者不容错过的作品。整体而言，该作在题材表达与情感渲染上均有可取之处，剧情张弛有度，角色令人印象深刻，是一部完成度较高、值得推荐的作品。
1923,primary,zh-CN,怪人开发部的黑井津,《怪人开发部的黑井津》改编自同名漫画。怪人开发部的职员黑井津的工作日常。作品以搞笑、职场与特摄为特色，黑井津在怪人开发中的日常充满笑料，动画的氛围轻松，是一部让人捧腹的作品。作品没有强烈的戏剧冲突，却以细腻的笔触捕捉日常中的微小幸福，角色的喜怒哀乐真实可感，在平实的叙述中悄然传递着生活的温度，适合在忙碌之余放松心情慢慢欣赏。整体而言，该作在题材表达与情感渲染上均有可取之处，剧情张弛有度，角色令人印象深刻，是一部完成度较高、值得推荐的作品。
1924,primary,zh-CN,失格纹的最强贤者,《失格纹的最强贤者》改编自同名轻小说。转生贤者在异世界的战斗。作品以异世界、战斗与热血为特色，贤者的强大与冒险充满看点，动画的战斗场面华丽，是一部标准的异世界作品。动画的节奏把控张弛有度，战斗场面的分镜与作画都相当扎实，主角在与强敌的较量中不断突破自我，和同伴之间建立的信任与羁绊也为剧情增添了温度，热血与感动并存，值得一看。整体而言，该作在题材表达与情感渲染上均有可取之处，剧情张弛有度，角色令人印象深刻，是一部完成度较高、值得推荐的作品。
1925,primary,zh-CN,东京24区,《东京24区》是原创动画，讲述少年们在东京24区的战斗。少年们在特区的悬疑事件中展开行动，作品以悬疑、战斗与群像为特色，动画的氛围独特，少年们的命运充满张力，是一部风格新颖的作品。动作设计与演出张力俱佳，随着剧情推进，主角面对的敌人越来越强，战斗方式与自身局限的突破层层升级，配乐与画面配合出色，将热血少年向作品应有的爽快感与成长感都演绎得十分到位。整体而言，该作在题材表达与情感渲染上均有可取之处，剧情张弛有度，角色令人印象深刻，是一部完成度较高、值得推荐的作品。
1926,primary,zh-CN,里亚德录大地,《里亚德录大地》改编自同名轻小说。少女在VRMMO中展开冒险。作品以游戏、异世界与轻松冒险为特色，主角的悠闲生活充满趣味，动画的氛围轻松，是一部欢乐的作品。作品没有强烈的戏剧冲突，却以细腻的笔触捕捉日常中的微小幸福，角色的喜怒哀乐真实可感，在平实的叙述中悄然传递着生活的温度，适合在忙碌之余放松心情慢慢欣赏。整体而言，该作在题材表达与情感渲染上均有可取之处，剧情张弛有度，角色令人印象深刻，是一部完成度较高、值得推荐的作品。
1927,primary,zh-CN,王子的本命是反派大小姐,《王子的本命是反派大小姐》改编自同名轻小说。转生为反派大小姐的少女的恋爱。作品以异世界、恋爱与搞笑为特色，反派大小姐的日常充满笑料，动画的氛围轻松，是一部欢乐的作品。角色间的互动刻画得细腻自然，那些欲言又止的心意、别扭又真诚的靠近都真实而动人，情感线与日常情节交织，让观众在会心一笑与怦然心动之间反复横跳，是一部让人回味无穷的恋爱物语。整体而言，该作在题材表达与情感渲染上均有可取之处，剧情张弛有度，角色令人印象深刻，是一部完成度较高、值得推荐的作品。
1928,primary,zh-CN,更衣人偶坠入爱河,《更衣人偶坠入爱河》改编自同名漫画。喜爱人偶制作的高中生与喜欢Cosplay的少女的物语。作品以恋爱、日常与创作(为特色，两人的互动充满温馨，动画的氛围温暖，是一部让人心动的恋爱作品。作品在甜蜜之余也保留了青春特有的青涩与迷茫，主角在感情中的成长与抉择贯穿始终，配乐温润、画面明丽，将恋爱中的忐忑、欢喜与遗憾都拿捏得恰到好处，适合慢慢品味。整体而言，该作在题材表达与情感渲染上均有可取之处，剧情张弛有度，角色令人印象深刻，是一部完成度较高、值得推荐的作品。
1929,primary,zh-CN,擅长捉弄的高木同学 第三季,《擅长捉弄的高木同学 第三季》延续系列，高木与西片的日常继续。本作高木的捉弄与西片的反应依旧充满笑料，作品以恋爱、日常与搞笑为特色，动画的氛围轻松甜蜜，是一部让人心动的校园恋爱作品。角色间的互动刻画得细腻自然，那些欲言又止的心意、别扭又真诚的靠近都真实而动人，情感线与日常情节交织，让观众在会心一笑与怦然心动之间反复横跳，是一部让人回味无穷的恋爱物语。整体而言，该作在题材表达与情感渲染上均有可取之处，剧情张弛有度，角色令人印象深刻，是一部完成度较高、值得推荐的作品。
1930,primary,zh-CN,指名！,《指名！》是原创动画，讲述声优少女们的物语。少女们在声优行业的打拼与成长，作品以声优、业界与日常为特色，动画的氛围温暖，少女们的梦想令人动容，是一部关于梦想的作品。作品没有强烈的戏剧冲突，却以细腻的笔触捕捉日常中的微小幸福，角色的喜怒哀乐真实可感，在平实的叙述中悄然传递着生活的温度，适合在忙碌之余放松心情慢慢欣赏。整体而言，该作在题材表达与情感渲染上均有可取之处，剧情张弛有度，角色令人印象深刻，是一部完成度较高、值得推荐的作品。
1931,primary,zh-CN,平凡职业造就世界最强 第二季,《平凡职业造就世界最强 第二季》延续第一季，南云始的战斗继续。本作始在深渊中变强后的冒险展开，作品以异世界、热血与后宫为特色，动画的战斗场面华丽，是平凡职业系列的续作。动作设计与演出张力俱佳，随着剧情推进，主角面对的敌人越来越强，战斗方式与自身局限的突破层层升级，配乐与画面配合出色，将热血少年向作品应有的爽快感与成长感都演绎得十分到位。整体而言，该作在题材表达与情感渲染上均有可取之处，剧情张弛有度，角色令人印象深刻，是一部完成度较高、值得推荐的作品。
1932,primary,zh-CN,天才王子的赤字国家振兴术,《天才王子的赤字国家振兴术》改编自同名轻小说。天才王子维恩振兴赤字国家的物语。作品以政治、智谋与群像为特色，维恩的智谋与国家的振兴充满看点，动画的氛围轻松，是一部风格新颖的作品。作品没有强烈的戏剧冲突，却以细腻的笔触捕捉日常中的微小幸福，角色的喜怒哀乐真实可感，在平实的叙述中悄然传递着生活的温度，适合在忙碌之余放松心情慢慢欣赏。整体而言，该作在题材表达与情感渲染上均有可取之处，剧情张弛有度，角色令人印象深刻，是一部完成度较高、值得推荐的作品。
1933,primary,zh-CN,秘密内幕～女子警察的逆袭～,《秘密内幕～女子警察的逆袭～》改编自同名漫画。女子警察们的职场日常。作品以职场、搞笑与群像为特色，警察们的日常充满笑料，动画的氛围轻松，是一部让人会心一笑的作品。作品没有强烈的戏剧冲突，却以细腻的笔触捕捉日常中的微小幸福，角色的喜怒哀乐真实可感，在平实的叙述中悄然传递着生活的温度，适合在忙碌之余放松心情慢慢欣赏。整体而言，该作在题材表达与情感渲染上均有可取之处，剧情张弛有度，角色令人印象深刻，是一部完成度较高、值得推荐的作品。
1934,primary,zh-CN,室内足球少年!!!!!,《室内足球少年!!!!!》是短篇动画，讲述少年们的足球物语。作品以足球、青春与群像为特色，动画的氛围青春，少年们的训练与比赛充满活力，是一部轻松的运动作品。画风清新、节奏舒缓，人物之间的相处自然而温暖，那些平凡琐碎的片段在动画的演绎下变得闪闪发光，传递出一种治愈人心的宁静力量，是治愈系爱好者不容错过的作品。整体而言，该作在题材表达与情感渲染上均有可取之处，剧情张弛有度，角色令人印象深刻，是一部完成度较高、值得推荐的作品。
1935,primary,zh-CN,女孩的钓鱼慢活,《女孩的钓鱼慢活》改编自同名漫画。少女们的钓鱼日常。作品以钓鱼、日常与治愈为特色，动画画风清新、氛围宁静，少女们的钓鱼活动充满温馨，是一部治愈系的作品。作品没有强烈的戏剧冲突，却以细腻的笔触捕捉日常中的微小幸福，角色的喜怒哀乐真实可感，在平实的叙述中悄然传递着生活的温度，适合在忙碌之余放松心情慢慢欣赏。整体而言，该作在题材表达与情感渲染上均有可取之处，剧情张弛有度，角色令人印象深刻，是一部完成度较高、值得推荐的作品。
1936,primary,zh-CN,公主连结 Re:Dive 第二季,《公主连结 Re:Dive 第二季》延续第一季，少年的冒险继续。本作少年与公主们在兰德索尔的冒险进一步发展，作品以奇幻、轻松冒险与群像为特色，动画的氛围轻松，是游戏改编动画的作品。作品没有强烈的戏剧冲突，却以细腻的笔触捕捉日常中的微小幸福，角色的喜怒哀乐真实可感，在平实的叙述中悄然传递着生活的温度，适合在忙碌之余放松心情慢慢欣赏。整体而言，该作在题材表达与情感渲染上均有可取之处，剧情张弛有度，角色令人印象深刻，是一部完成度较高、值得推荐的作品。
1937,primary,zh-CN,最游记 RELOAD -ZEROIN-,《最游记 RELOAD -ZEROIN-》延续系列，玄奘三藏与伙伴们的西行之旅继续。本作三藏一行人在旅途中面对新的敌人，作品以奇幻、热血与群像为特色，动画的画风华丽，是最游记系列的续作。动作设计与演出张力俱佳，随着剧情推进，主角面对的敌人越来越强，战斗方式与自身局限的突破层层升级，配乐与画面配合出色，将热血少年向作品应有的爽快感与成长感都演绎得十分到位。整体而言，该作在题材表达与情感渲染上均有可取之处，剧情张弛有度，角色令人印象深刻，是一部完成度较高、值得推荐的作品。
1938,primary,zh-CN,泡泡糖忍战,《泡泡糖忍战》改编自同名游戏。忍者少年们的战斗。作品以忍者、战斗与热血为特色，动画的战斗场面华丽，少年们的成长与羁绊贯穿始终，是游戏改编动画的作品。动作设计与演出张力俱佳，随着剧情推进，主角面对的敌人越来越强，战斗方式与自身局限的突破层层升级，配乐与画面配合出色，将热血少年向作品应有的爽快感与成长感都演绎得十分到位。整体而言，该作在题材表达与情感渲染上均有可取之处，剧情张弛有度，角色令人印象深刻，是一部完成度较高、值得推荐的作品。
1939,primary,zh-CN,蔷薇王的葬列,《蔷薇王的葬列》改编自同名漫画。理查德的悲剧物语。作品以历史、战斗与悲壮为主题，理查德的命运充满悲剧色彩，动画的氛围沉重，是一部充满诗意的作品。动画的节奏把控张弛有度，战斗场面的分镜与作画都相当扎实，主角在与强敌的较量中不断突破自我，和同伴之间建立的信任与羁绊也为剧情增添了温度，热血与感动并存，值得一看。整体而言，该作在题材表达与情感渲染上均有可取之处，剧情张弛有度，角色令人印象深刻，是一部完成度较高、值得推荐的作品。
1940,primary,zh-CN,第九部落,《第九部落》是短篇动画，讲述少年们的战斗。作品以战斗、热血与群像为特色，动画的氛围独特，少年们的冒险充满张力，是一部风格新颖的作品。动作设计与演出张力俱佳，随着剧情推进，主角面对的敌人越来越强，战斗方式与自身局限的突破层层升级，配乐与画面配合出色，将热血少年向作品应有的爽快感与成长感都演绎得十分到位。整体而言，该作在题材表达与情感渲染上均有可取之处，剧情张弛有度，角色令人印象深刻，是一部完成度较高、值得推荐的作品。
1941,primary,zh-CN,少女前线,《少女前线》改编自同名游戏。战术人形少女们的战斗。作品以科幻、战斗与群像为特色，动画的战斗场面华丽，少女们的成长与羁绊贯穿始终，是游戏改编动画的作品。动作设计与演出张力俱佳，随着剧情推进，主角面对的敌人越来越强，战斗方式与自身局限的突破层层升级，配乐与画面配合出色，将热血少年向作品应有的爽快感与成长感都演绎得十分到位。整体而言，该作在题材表达与情感渲染上均有可取之处，剧情张弛有度，角色令人印象深刻，是一部完成度较高、值得推荐的作品。
1942,primary,zh-CN,自称贤者弟子的贤者,《自称贤者弟子的贤者》改编自同名轻小说。转生少女在异世界的冒险。作品以异世界、轻松冒险与搞笑为特色，主角的反差充满笑料，动画的氛围轻松，是一部欢乐的作品。作品没有强烈的戏剧冲突，却以细腻的笔触捕捉日常中的微小幸福，角色的喜怒哀乐真实可感，在平实的叙述中悄然传递着生活的温度，适合在忙碌之余放松心情慢慢欣赏。整体而言，该作在题材表达与情感渲染上均有可取之处，剧情张弛有度，角色令人印象深刻，是一部完成度较高、值得推荐的作品。
1943,primary,zh-CN,杀爱,《杀爱》改编自同名漫画。杀手少年与少女的物语。作品以恋爱、战斗与悬疑为特色，杀手之间的纠葛充满张力，动画的氛围独特，是一部风格新颖的作品。动作设计与演出张力俱佳，随着剧情推进，主角面对的敌人越来越强，战斗方式与自身局限的突破层层升级，配乐与画面配合出色，将热血少年向作品应有的爽快感与成长感都演绎得十分到位。整体而言，该作在题材表达与情感渲染上均有可取之处，剧情张弛有度，角色令人印象深刻，是一部完成度较高、值得推荐的作品。
1944,primary,zh-CN,活了100天的鳄鱼,《活了100天的鳄鱼》改编自同名漫画。鳄鱼的100天日常。作品以日常、治愈与温情为特色，动画画风温馨、氛围温暖，鳄鱼的日常令人动容，是一部治愈系的作品。作品没有强烈的戏剧冲突，却以细腻的笔触捕捉日常中的微小幸福，角色的喜怒哀乐真实可感，在平实的叙述中悄然传递着生活的温度，适合在忙碌之余放松心情慢慢欣赏。整体而言，该作在题材表达与情感渲染上均有可取之处，剧情张弛有度，角色令人印象深刻，是一部完成度较高、值得推荐的作品。
1945,primary,zh-CN,海岬的迷途之家,《海岬的迷途之家》是剧场版动画，讲述少女们在海岬的物语。作品以奇幻、治愈与冒险为主题，动画的画面精美，少女们的旅程充满温暖，是一部温馨的作品。作品没有强烈的戏剧冲突，却以细腻的笔触捕捉日常中的微小幸福，角色的喜怒哀乐真实可感，在平实的叙述中悄然传递着生活的温度，适合在忙碌之余放松心情慢慢欣赏。整体而言，该作在题材表达与情感渲染上均有可取之处，剧情张弛有度，角色令人印象深刻，是一部完成度较高、值得推荐的作品。
1946,primary,zh-CN,我的英雄学院 World Heros' Mission,《我的英雄学院 World Heros' Mission》是《我的英雄学院》的剧场版，出久与A班的物语。本作围绕世界范围的危机展开，作品以英雄、热血与成长为主题，动画的战斗场面华丽，出久的信念令人动容，是我的英雄学院系列的剧场版。动作设计与演出张力俱佳，随着剧情推进，主角面对的敌人越来越强，战斗方式与自身局限的突破层层升级，配乐与画面配合出色，将热血少年向作品应有的爽快感与成长感都演绎得十分到位。
1947,primary,zh-CN,幻想三国志 -天元灵心记-,《幻想三国志 -天元灵心记-》改编自同名游戏，讲述三国时代的奇幻物语。作品以三国、奇幻与战斗为特色，动画的战斗场面华丽，角色们的命运交织，是游戏改编动画的作品。动作设计与演出张力俱佳，随着剧情推进，主角面对的敌人越来越强，战斗方式与自身局限的突破层层升级，配乐与画面配合出色，将热血少年向作品应有的爽快感与成长感都演绎得十分到位。整体而言，该作在题材表达与情感渲染上均有可取之处，剧情张弛有度，角色令人印象深刻，是一部完成度较高、值得推荐的作品。
1948,primary,zh-CN,与成为异世界美少女的大叔一起,《与成为异世界美少女的大叔一起》改编自同名轻小说。变成美少女的大叔与同伴的冒险。作品以异世界、搞笑与日常为特色，大叔的性别反转充满笑料，动画的氛围轻松，是一部欢乐的作品。作品没有强烈的戏剧冲突，却以细腻的笔触捕捉日常中的微小幸福，角色的喜怒哀乐真实可感，在平实的叙述中悄然传递着生活的温度，适合在忙碌之余放松心情慢慢欣赏。整体而言，该作在题材表达与情感渲染上均有可取之处，剧情张弛有度，角色令人印象深刻，是一部完成度较高、值得推荐的作品。
1949,primary,zh-CN,剧场版 Fate/kaleid liner 魔法少女☆伊莉雅 Licht 无名的少女,《剧场版 Fate/kaleid liner 魔法少女☆伊莉雅 Licht 无名的少女》是Fate系列的剧场版，伊莉雅的魔法少女战斗。本作围绕伊莉雅与美游的羁绊展开，作品以魔法少女变身、Fate世界观与战斗为特色，动画的战斗场面华丽，是Fate系列风格独特的剧场版。作品在热血的打斗之外，也细致刻画了角色们各自的信念与选择，每一次战斗都不仅是力量的较量，更是意志的碰撞，高潮部分张力十足，让观众在肾上腺素飙升的同时也为之动容。
1950,primary,zh-CN,食锈末世录,《食锈末世录》改编自同名轻小说。少年们在食锈病蔓延的世界中冒险。作品以冒险、战斗与群像为特色，动画的氛围独特，少年们的旅程充满张力，是一部风格新颖的作品。动作设计与演出张力俱佳，随着剧情推进，主角面对的敌人越来越强，战斗方式与自身局限的突破层层升级，配乐与画面配合出色，将热血少年向作品应有的爽快感与成长感都演绎得十分到位。整体而言，该作在题材表达与情感渲染上均有可取之处，剧情张弛有度，角色令人印象深刻，是一部完成度较高、值得推荐的作品。
1951,primary,zh-CN,佐佐木与宫野,《佐佐木与宫野》改编自同名漫画。前辈佐佐木与学弟宫野的恋爱。作品以BL恋爱、日常与治愈为特色，两人的互动细腻动人，动画的氛围温暖，是BL动画的佳作。角色间的互动刻画得细腻自然，那些欲言又止的心意、别扭又真诚的靠近都真实而动人，情感线与日常情节交织，让观众在会心一笑与怦然心动之间反复横跳，是一部让人回味无穷的恋爱物语。整体而言，该作在题材表达与情感渲染上均有可取之处，剧情张弛有度，角色令人印象深刻，是一部完成度较高、值得推荐的作品。
1952,primary,zh-CN,锈色铠甲-黎明-,《锈色铠甲-黎明-》是短篇动画，讲述铠甲武士的物语。作品以战斗、时代与热血为特色，动画的画风独特，武士们的战斗充满魄力，是一部风格新颖的作品。动作设计与演出张力俱佳，随着剧情推进，主角面对的敌人越来越强，战斗方式与自身局限的突破层层升级，配乐与画面配合出色，将热血少年向作品应有的爽快感与成长感都演绎得十分到位。整体而言，该作在题材表达与情感渲染上均有可取之处，剧情张弛有度，角色令人印象深刻，是一部完成度较高、值得推荐的作品。
1953,primary,zh-CN,彩绿,《彩绿》是Sega音游企划的动画，少女乐队彩绿的物语。少女们为组建乐队而努力，作品以音乐、青春与群像为特色，动画的氛围温暖，角色们的成长令人动容，是企划改编动画的作品。角色的个性塑造鲜明，舞台上的自信与生活中的可爱形成反差，团队协作与个人成长双线并进，歌舞编排赏心悦目，让观众既能享受视听盛宴，也能为少女们的梦想与坚持而感动。整体而言，该作在题材表达与情感渲染上均有可取之处，剧情张弛有度，角色令人印象深刻，是一部完成度较高、值得推荐的作品。
1954,primary,zh-CN,东方少年,《东方少年》改编自同名漫画。在鬼支配的世界中，少年们的战斗。作品以战斗、热血与群像为特色，动画的战斗场面华丽，少年们的成长与羁绊贯穿始终，是一部王道的热血作品。动画的节奏把控张弛有度，战斗场面的分镜与作画都相当扎实，主角在与强敌的较量中不断突破自我，和同伴之间建立的信任与羁绊也为剧情增添了温度，热血与感动并存，值得一看。整体而言，该作在题材表达与情感渲染上均有可取之处，剧情张弛有度，角色令人印象深刻，是一部完成度较高、值得推荐的作品。
1955,primary,zh-CN,一杆青空,《一杆青空》是短篇动画，讲述少女们的高尔夫物语。作品以高尔夫、日常与治愈为特色，动画画风清新、氛围宁静，少女们的挥杆充满活力，是一部轻松治愈的作品。画风清新、节奏舒缓，人物之间的相处自然而温暖，那些平凡琐碎的片段在动画的演绎下变得闪闪发光，传递出一种治愈人心的宁静力量，是治愈系爱好者不容错过的作品。整体而言，该作在题材表达与情感渲染上均有可取之处，剧情张弛有度，角色令人印象深刻，是一部完成度较高、值得推荐的作品。
1956,primary,zh-CN,魔法科高校的劣等生 追忆篇,《魔法科高校的劣等生 追忆篇》是《魔法科高校的劣等生》的特别篇，达也与深雪的过去。本作围绕两人的回忆展开，作品以魔法、学园与兄妹为特色，动画的氛围温馨，是魔法科系列的特别篇。作品没有强烈的戏剧冲突，却以细腻的笔触捕捉日常中的微小幸福，角色的喜怒哀乐真实可感，在平实的叙述中悄然传递着生活的温度，适合在忙碌之余放松心情慢慢欣赏。整体而言，该作在题材表达与情感渲染上均有可取之处，剧情张弛有度，角色令人印象深刻，是一部完成度较高、值得推荐的作品。
1957,primary,zh-CN,现实主义勇者的王国再建记 第二部,《现实主义勇者的王国再建记 第二部》延续第一季，勇者的王国重建继续。本作勇者的政治改革与新的挑战展开，作品以异世界、政治与群像为特色，动画的氛围独特，是现实主义勇者系列的续作。世界观设定丰富而自成体系，随着冒险推进，更多奇妙的种族、地点与力量体系逐一展开，角色们在旅途中收获成长与羁绊，画面与配乐共同营造出充满想象力的奇幻氛围，令人沉浸其中。整体而言，该作在题材表达与情感渲染上均有可取之处，剧情张弛有度，角色令人印象深刻，是一部完成度较高、值得推荐的作品。
1958,primary,zh-CN,瓦尼塔斯的手记 第2部分,《瓦尼塔斯的手记 第2部分》延续第一季，瓦尼塔斯的物语继续。本作瓦尼塔斯与吸血鬼们的纠葛进一步展开，作品以奇幻、悬疑与战斗为特色，动画的氛围华丽，是瓦尼塔斯系列的续作。动作设计与演出张力俱佳，随着剧情推进，主角面对的敌人越来越强，战斗方式与自身局限的突破层层升级，配乐与画面配合出色，将热血少年向作品应有的爽快感与成长感都演绎得十分到位。整体而言，该作在题材表达与情感渲染上均有可取之处，剧情张弛有度，角色令人印象深刻，是一部完成度较高、值得推荐的作品。
1959,primary,zh-CN,君主·埃尔梅罗二世事件簿 魔眼收集列车 特别篇,《君主·埃尔梅罗二世事件簿 魔眼收集列车 特别篇》是Fate系列的特别篇，二世的推理。本作围绕魔眼收集列车的篇章展开，作品以Fate世界观、推理与群像为特色，动画的氛围优雅，是Fate系列的衍生作品。剧情层层递进、伏笔密布，随着线索的不断拼合，真相逐渐浮出水面，每一次反转都在意料之外又情理之中，细节经得起推敲，氛围营造到位，是喜欢烧脑故事的观众不可错过之作。整体而言，该作在题材表达与情感渲染上均有可取之处，剧情张弛有度，角色令人印象深刻，是一部完成度较高、值得推荐的作品。
1960,primary,zh-CN,希德尼娅的骑士：织爱之星,《希德尼娅的骑士：织爱之星》是《希德尼娅的骑士》的剧场版，谷风长道的战斗。本作围绕织爱之星的篇章展开，作品以机战、科幻与热血为特色，动画的战斗场面华丽，是希德尼娅的骑士系列的剧场版。动画的节奏把控张弛有度，战斗场面的分镜与作画都相当扎实，主角在与强敌的较量中不断突破自我，和同伴之间建立的信任与羁绊也为剧情增添了温度，热血与感动并存，值得一看。整体而言，该作在题材表达与情感渲染上均有可取之处，剧情张弛有度，角色令人印象深刻，是一部完成度较高、值得推荐的作品。
1961,primary,zh-CN,暗芝居 第十季,《暗芝居 第十季》是恐怖短篇动画系列，继续以纸芝居的形式讲述各种怪谈。作品以怀旧的画风、猎奇的剧情与细思极恐的氛围著称，每一话都在短短几分钟内营造出强烈的恐怖感，各种扭曲的都市传说让人不寒而栗，是恐怖动画爱好者的必看之作。画风清新、节奏舒缓，人物之间的相处自然而温暖，那些平凡琐碎的片段在动画的演绎下变得闪闪发光，传递出一种治愈人心的宁静力量，是治愈系爱好者不容错过的作品。整体而言，该作在题材表达与情感渲染上均有可取之处，剧情张弛有度，角色令人印象深刻，是一部完成度较高、值得推荐的作品。
1962,primary,zh-CN,地球外少年少女 前篇,《地球外少年少女 前篇》是剧场版动画，讲述少年少女们在宇宙中的物语。在未来的宇宙中，少年少女们的生存与冒险，作品以科幻、冒险与群像为主题，动画的氛围独特，是地球外少年少女系列的前篇。世界观设定丰富而自成体系，随着冒险推进，更多奇妙的种族、地点与力量体系逐一展开，角色们在旅途中收获成长与羁绊，画面与配乐共同营造出充满想象力的奇幻氛围，令人沉浸其中。整体而言，该作在题材表达与情感渲染上均有可取之处，剧情张弛有度，角色令人印象深刻，是一部完成度较高、值得推荐的作品。
1963,primary,zh-CN,永远的831,《永远的831》是剧场版动画，讲述少年与少女的物语。围绕时间停止的力量展开，作品以科幻、恋爱与悲壮为主题，动画的氛围沉重，两人的命运充满张力，是一部引人深思的作品。角色间的互动刻画得细腻自然，那些欲言又止的心意、别扭又真诚的靠近都真实而动人，情感线与日常情节交织，让观众在会心一笑与怦然心动之间反复横跳，是一部让人回味无穷的恋爱物语。整体而言，该作在题材表达与情感渲染上均有可取之处，剧情张弛有度，角色令人印象深刻，是一部完成度较高、值得推荐的作品。
1964,primary,zh-CN,小小世界,《小小世界》是短篇动画，讲述小小世界的物语。作品以日常、治愈与幻想为特色，动画画风精美、氛围宁静，在小小的世界中展现温暖，是一部短小却温馨的作品。画风清新、节奏舒缓，人物之间的相处自然而温暖，那些平凡琐碎的片段在动画的演绎下变得闪闪发光，传递出一种治愈人心的宁静力量，是治愈系爱好者不容错过的作品。整体而言，该作在题材表达与情感渲染上均有可取之处，剧情张弛有度，角色令人印象深刻，是一部完成度较高、值得推荐的作品。
1965,primary,zh-CN,我是川尻小玉～生活黑客的糜烂生活～,《我是川尻小玉～生活黑客的糜烂生活～》是短篇动画，讲述小玉的糜烂生活。作品以搞笑、日常与吐槽为特色，小玉的生活黑客日常充满笑料，动画篇幅短小，是一部轻松解压的泡面番。作品没有强烈的戏剧冲突，却以细腻的笔触捕捉日常中的微小幸福，角色的喜怒哀乐真实可感，在平实的叙述中悄然传递着生活的温度，适合在忙碌之余放松心情慢慢欣赏。整体而言，该作在题材表达与情感渲染上均有可取之处，剧情张弛有度，角色令人印象深刻，是一部完成度较高、值得推荐的作品。
1966,primary,zh-CN,白领羽球部,《白领羽球部》改编自同名漫画。白领们在羽毛球部的物语。作品以羽毛球、职场与热血为特色，动画的比赛场面充满张力，白领们的成长令人动容，是一部独特的运动作品。动画的节奏把控张弛有度，战斗场面的分镜与作画都相当扎实，主角在与强敌的较量中不断突破自我，和同伴之间建立的信任与羁绊也为剧情增添了温度，热血与感动并存，值得一看。整体而言，该作在题材表达与情感渲染上均有可取之处，剧情张弛有度，角色令人印象深刻，是一部完成度较高、值得推荐的作品。
1967,primary,zh-CN,美味派对♡光之美少女,《美味派对♡光之美少女》是光之美少女系列动画，少女们以料理的力量战斗。本作少女们在与敌人的战斗中成长，作品以魔法少女、美食与日常为特色，变装与战斗场面华丽，角色们的羁绊温暖感人，是少女向魔法少女动画的作品。动作设计与演出张力俱佳，随着剧情推进，主角面对的敌人越来越强，战斗方式与自身局限的突破层层升级，配乐与画面配合出色，将热血少年向作品应有的爽快感与成长感都演绎得十分到位。整体而言，该作在题材表达与情感渲染上均有可取之处，剧情张弛有度，角色令人印象深刻，是一部完成度较高、值得推荐的作品。
1968,primary,zh-CN,莎木,《莎木》改编自同名游戏，讲述少年芭月凉的复仇之旅。作品以动作(、武侠与群像为特色，动画的氛围沉重，芭月凉的旅程充满张力，是游戏改编动画的作品。作品在整体完成度上表现出色，叙事流畅、角色立体，主题的表达清晰而有深度，既有轻松愉悦的观赏性，也留有值得回味的余韵，是一部质量扎实、诚意满满的作品。整体而言，该作在题材表达与情感渲染上均有可取之处，剧情张弛有度，角色令人印象深刻，是一部完成度较高、值得推荐的作品。
1969,primary,zh-CN,电影Tropical-Rouge！光之美少女 雪之公主与奇迹的戒指！,《电影Tropical-Rouge！光之美少女 雪之公主与奇迹的戒指！》是光之美少女系列的剧场版，少女们的战斗。本作围绕雪之公主与奇迹的戒指展开，作品以魔法少女、战斗与日常为特色，动画的变装与战斗场面华丽，是少女向魔法少女动画的剧场版。动画的节奏把控张弛有度，战斗场面的分镜与作画都相当扎实，主角在与强敌的较量中不断突破自我，和同伴之间建立的信任与羁绊也为剧情增添了温度，热血与感动并存，值得一看。整体而言，该作在题材表达与情感渲染上均有可取之处，剧情张弛有度，角色令人印象深刻，是一部完成度较高、值得推荐的作品。
1970,primary,zh-CN,让我听见爱的歌声,《让我听见爱的歌声》是剧场版动画，讲述AI少女的物语。拥有感情的AI少女的歌声，作品以音乐、恋爱与科幻为主题，动画的画面精美，少女的歌声令人动容，是一部温馨的作品。作品在甜蜜之余也保留了青春特有的青涩与迷茫，主角在感情中的成长与抉择贯穿始终，配乐温润、画面明丽，将恋爱中的忐忑、欢喜与遗憾都拿捏得恰到好处，适合慢慢品味。整体而言，该作在题材表达与情感渲染上均有可取之处，剧情张弛有度，角色令人印象深刻，是一部完成度较高、值得推荐的作品。
1971,primary,zh-CN,银河英雄传说 Die Neue These 激突 第1章,《银河英雄传说 Die Neue These 激突 第1章》是银河英雄传说的剧场版，莱因哈特与杨威利的对决继续。本作围绕激突展开，作品以太空歌剧、战略与群像为特色，动画的制作精良，英雄们的对决充满魄力，是银河英雄传说的现代演绎。科幻设定考究而自洽，科技与人文的碰撞贯穿全片，在宏大的未来图景之下，角色的信念与抉择更显分量，叙事层层推进、世界观逐步展开，是一部兼具视觉冲击与思想深度的作品。整体而言，该作在题材表达与情感渲染上均有可取之处，剧情张弛有度，角色令人印象深刻，是一部完成度较高、值得推荐的作品。
1972,primary,zh-CN,夏日幽灵,《夏日幽灵》是剧场版动画，讲述少年少女们的物语。三位少年通过烟花召唤幽灵，作品以青春、治愈与生死为主题，动画的画面精美，少年们的成长令人动容，是一部温馨的作品。作品没有强烈的戏剧冲突，却以细腻的笔触捕捉日常中的微小幸福，角色的喜怒哀乐真实可感，在平实的叙述中悄然传递着生活的温度，适合在忙碌之余放松心情慢慢欣赏。整体而言，该作在题材表达与情感渲染上均有可取之处，剧情张弛有度，角色令人印象深刻，是一部完成度较高、值得推荐的作品。
1973,primary,zh-CN,小书痴的下克上 〜为了成为图书管理员而不择手段〜 第三季,《小书痴的下克上 第三季》延续系列，爱书少女的物语继续。本作少女为了成为图书管理员的努力进一步发展，作品以异世界、日常与成长为主题，动画的氛围温暖，是一部独特的作品。画风清新、节奏舒缓，人物之间的相处自然而温暖，那些平凡琐碎的片段在动画的演绎下变得闪闪发光，传递出一种治愈人心的宁静力量，是治愈系爱好者不容错过的作品。整体而言，该作在题材表达与情感渲染上均有可取之处，剧情张弛有度，角色令人印象深刻，是一部完成度较高、值得推荐的作品。
1974,primary,zh-CN,真·一骑当千,《真·一骑当千》延续系列，斗士少女们的战斗继续。本作围绕新的战斗展开，作品以战斗、福利与群像为特色，动画的战斗场面华丽，是一骑当千系列的续作。动作设计与演出张力俱佳，随着剧情推进，主角面对的敌人越来越强，战斗方式与自身局限的突破层层升级，配乐与画面配合出色，将热血少年向作品应有的爽快感与成长感都演绎得十分到位。整体而言，该作在题材表达与情感渲染上均有可取之处，剧情张弛有度，角色令人印象深刻，是一部完成度较高、值得推荐的作品。
1975,primary,zh-CN,新罗马浴场,《新罗马浴场》改编自同名漫画。古罗马建筑师在浴场中的时空穿越。作品以搞笑、历史与日常为特色，穿越的设定充满笑料，动画的氛围轻松，是一部让人捧腹的作品。作品没有强烈的戏剧冲突，却以细腻的笔触捕捉日常中的微小幸福，角色的喜怒哀乐真实可感，在平实的叙述中悄然传递着生活的温度，适合在忙碌之余放松心情慢慢欣赏。整体而言，该作在题材表达与情感渲染上均有可取之处，剧情张弛有度，角色令人印象深刻，是一部完成度较高、值得推荐的作品。
1976,primary,zh-CN,羽球青春,《羽球青春》改编自同名漫画。少年在羽毛球部的物语。作品以羽毛球、青春与群像为特色，动画的比赛场面充满张力，少年们的成长令人动容，是一部扎实的运动作品。作品对竞技细节的还原相当用心，每一次攻防都充满张力，主角从青涩到成熟的成长轨迹真实可感，与队友和对手的羁绊贯穿始终，汗水与泪水交织出热血沸腾的青春物语。整体而言，该作在题材表达与情感渲染上均有可取之处，剧情张弛有度，角色令人印象深刻，是一部完成度较高、值得推荐的作品。
1977,primary,zh-CN,恋爱要在世界征服后,《恋爱要在世界征服后》改编自同名漫画。敌对组织的干部与战队成员的恋爱。作品以恋爱、搞笑与特摄为特色，两人的对立与恋爱充满笑料，动画的氛围轻松，是一部欢乐的作品。角色间的互动刻画得细腻自然，那些欲言又止的心意、别扭又真诚的靠近都真实而动人，情感线与日常情节交织，让观众在会心一笑与怦然心动之间反复横跳，是一部让人回味无穷的恋爱物语。整体而言，该作在题材表达与情感渲染上均有可取之处，剧情张弛有度，角色令人印象深刻，是一部完成度较高、值得推荐的作品。
1978,primary,zh-CN,身为女主角 讨厌的女主角与秘密的工作,《身为女主角 讨厌的女主角与秘密的工作》是剧场版动画，讲述少女与偶像的物语。少女在乐队与偶像之间的感情，作品以恋爱、音乐与青春为主题，动画的氛围温暖，是一部温馨的作品。角色间的互动刻画得细腻自然，那些欲言又止的心意、别扭又真诚的靠近都真实而动人，情感线与日常情节交织，让观众在会心一笑与怦然心动之间反复横跳，是一部让人回味无穷的恋爱物语。整体而言，该作在题材表达与情感渲染上均有可取之处，剧情张弛有度，角色令人印象深刻，是一部完成度较高、值得推荐的作品。
1979,primary,zh-CN,黑岩射手：黎明降临,《黑岩射手：黎明降临》是《黑岩射手》的新作动画，少女们的战斗。本作围绕黎明降临的物语展开，作品以战斗、群像与黑暗为特色，动画的氛围沉重，少女们的命运充满张力，是黑岩射手系列的续作。动作设计与演出张力俱佳，随着剧情推进，主角面对的敌人越来越强，战斗方式与自身局限的突破层层升级，配乐与画面配合出色，将热血少年向作品应有的爽快感与成长感都演绎得十分到位。整体而言，该作在题材表达与情感渲染上均有可取之处，剧情张弛有度，角色令人印象深刻，是一部完成度较高、值得推荐的作品。
1980,primary,zh-CN,影之诗F,《影之诗F》延续系列，少年们的卡牌战斗继续。本作新的主角与篇章登场，作品以卡牌、热血与竞技为特色，动画的战斗场面华丽，是游戏改编动画的作品。动作设计与演出张力俱佳，随着剧情推进，主角面对的敌人越来越强，战斗方式与自身局限的突破层层升级，配乐与画面配合出色，将热血少年向作品应有的爽快感与成长感都演绎得十分到位。整体而言，该作在题材表达与情感渲染上均有可取之处，剧情张弛有度，角色令人印象深刻，是一部完成度较高、值得推荐的作品。
1981,primary,zh-CN,社畜小姐想被幽灵幼女治愈。,《社畜小姐想被幽灵幼女治愈。》是短篇动画，讲述社畜与幽灵幼女的日常。作品以日常、治愈与搞笑为特色，社畜小姐被幽灵幼女治愈的日常充满温馨，动画篇幅短小，是一部轻松解压的泡面番。作品没有强烈的戏剧冲突，却以细腻的笔触捕捉日常中的微小幸福，角色的喜怒哀乐真实可感，在平实的叙述中悄然传递着生活的温度，适合在忙碌之余放松心情慢慢欣赏。整体而言，该作在题材表达与情感渲染上均有可取之处，剧情张弛有度，角色令人印象深刻，是一部完成度较高、值得推荐的作品。
1982,primary,zh-CN,古见同学有交流障碍症 第二季,《古见同学有交流障碍症 第二季》延续第一季，古见同学的日常继续。本作古见的交流障碍与努力进一步发展，作品以日常、治愈与搞笑为特色，动画的氛围温暖，是古见同学系列的续作。画风清新、节奏舒缓，人物之间的相处自然而温暖，那些平凡琐碎的片段在动画的演绎下变得闪闪发光，传递出一种治愈人心的宁静力量，是治愈系爱好者不容错过的作品。整体而言，该作在题材表达与情感渲染上均有可取之处，剧情张弛有度，角色令人印象深刻，是一部完成度较高、值得推荐的作品。
1983,primary,zh-CN,骸骨骑士大人异世界冒险中,《骸骨骑士大人异世界冒险中》改编自同名轻小说。转生成骸骨骑士的青年在异世界冒险。作品以异世界、轻松冒险与热血为特色，骸骨骑士的强大与正义充满看点，动画的氛围轻松，是一部欢乐的作品。动作设计与演出张力俱佳，随着剧情推进，主角面对的敌人越来越强，战斗方式与自身局限的突破层层升级，配乐与画面配合出色，将热血少年向作品应有的爽快感与成长感都演绎得十分到位。整体而言，该作在题材表达与情感渲染上均有可取之处，剧情张弛有度，角色令人印象深刻，是一部完成度较高、值得推荐的作品。
1984,primary,zh-CN,相合之物,《相合之物》改编自同名漫画。回到故乡的和果子店少年与少女的物语。作品以美食、日常与治愈为特色，和果子店的温馨日常充满人情味，动画的氛围温暖，是一部治愈系的作品。作品没有强烈的戏剧冲突，却以细腻的笔触捕捉日常中的微小幸福，角色的喜怒哀乐真实可感，在平实的叙述中悄然传递着生活的温度，适合在忙碌之余放松心情慢慢欣赏。整体而言，该作在题材表达与情感渲染上均有可取之处，剧情张弛有度，角色令人印象深刻，是一部完成度较高、值得推荐的作品。
1985,primary,zh-CN,恋爱游戏世界对路人角色很不友好,《恋爱游戏世界对路人角色很不友好》改编自同名轻小说。转生到乙女游戏世界的少年。作品以异世界、恋爱与搞笑为特色，路人的反击充满笑料，动画的氛围轻松，是一部欢乐的作品。作品在甜蜜之余也保留了青春特有的青涩与迷茫，主角在感情中的成长与抉择贯穿始终，配乐温润、画面明丽，将恋爱中的忐忑、欢喜与遗憾都拿捏得恰到好处，适合慢慢品味。整体而言，该作在题材表达与情感渲染上均有可取之处，剧情张弛有度，角色令人印象深刻，是一部完成度较高、值得推荐的作品。
1986,primary,zh-CN,这个医师超麻烦,《这个医师超麻烦》改编自同名轻小说。嘴臭医师与骑士少女的冒险。作品以奇幻、搞笑与日常为特色，医师的毒舌与冒险充满笑料，动画的氛围轻松，是一部欢乐的作品。作品没有强烈的戏剧冲突，却以细腻的笔触捕捉日常中的微小幸福，角色的喜怒哀乐真实可感，在平实的叙述中悄然传递着生活的温度，适合在忙碌之余放松心情慢慢欣赏。整体而言，该作在题材表达与情感渲染上均有可取之处，剧情张弛有度，角色令人印象深刻，是一部完成度较高、值得推荐的作品。
1987,primary,zh-CN,勇者，辞职不干了,《勇者，辞职不干了》改编自同名轻小说。被解雇的勇者加入魔王军。作品以异世界、搞笑与日常为特色，勇者的职场与魔王军的互动充满笑料，动画的氛围轻松，是一部欢乐的作品。作品没有强烈的戏剧冲突，却以细腻的笔触捕捉日常中的微小幸福，角色的喜怒哀乐真实可感，在平实的叙述中悄然传递着生活的温度，适合在忙碌之余放松心情慢慢欣赏。整体而言，该作在题材表达与情感渲染上均有可取之处，剧情张弛有度，角色令人印象深刻，是一部完成度较高、值得推荐的作品。
1988,primary,zh-CN,处刑少女的生存之道,《处刑少女的生存之道》改编自同名轻小说。处刑少女与转生者的物语。作品以奇幻、战斗与群像为特色，动画的氛围沉重，少女们的命运充满张力，是一部风格新颖的作品。动作设计与演出张力俱佳，随着剧情推进，主角面对的敌人越来越强，战斗方式与自身局限的突破层层升级，配乐与画面配合出色，将热血少年向作品应有的爽快感与成长感都演绎得十分到位。整体而言，该作在题材表达与情感渲染上均有可取之处，剧情张弛有度，角色令人印象深刻，是一部完成度较高、值得推荐的作品。
1989,primary,zh-CN,八十龟酱观察日记 第四册,《八十龟酱观察日记 第四册》延续系列，少年与名古屋少女的日常继续。本作八十龟酱的方言与文化依旧充满魅力，作品以日常、地域文化为特色，动画篇幅短小，是一部轻松解压的泡面番。作品没有强烈的戏剧冲突，却以细腻的笔触捕捉日常中的微小幸福，角色的喜怒哀乐真实可感，在平实的叙述中悄然传递着生活的温度，适合在忙碌之余放松心情慢慢欣赏。整体而言，该作在题材表达与情感渲染上均有可取之处，剧情张弛有度，角色令人印象深刻，是一部完成度较高、值得推荐的作品。
1990,primary,zh-CN,群青的号角,《群青的号角》是原创动画，讲述赛马学校少年们的物语。少年们在赛马训练学校的成长与竞争，作品以竞技、青春与群像为特色，动画的氛围热血，少年们的梦想令人动容，是一部独特的作品。动画的节奏把控张弛有度，战斗场面的分镜与作画都相当扎实，主角在与强敌的较量中不断突破自我，和同伴之间建立的信任与羁绊也为剧情增添了温度，热血与感动并存，值得一看。整体而言，该作在题材表达与情感渲染上均有可取之处，剧情张弛有度，角色令人印象深刻，是一部完成度较高、值得推荐的作品。
1991,primary,zh-CN,RPG不动产,《RPG不动产》改编自同名漫画。不动产公司的少女们的日常。作品以日常、治愈与奇幻为特色，少女们在不动产工作中的互动充满温馨，动画画风可爱、氛围轻松，是一部治愈系的作品。画风清新、节奏舒缓，人物之间的相处自然而温暖，那些平凡琐碎的片段在动画的演绎下变得闪闪发光，传递出一种治愈人心的宁静力量，是治愈系爱好者不容错过的作品。整体而言，该作在题材表达与情感渲染上均有可取之处，剧情张弛有度，角色令人印象深刻，是一部完成度较高、值得推荐的作品。
1992,primary,zh-CN,史上最强的大魔王转生为村民A,《史上最强的大魔王转生为村民A》改编自同名轻小说。大魔王转生为村民的少年。作品以异世界、战斗与搞笑为特色，魔王与村民的反差充满笑料，动画的氛围轻松，是一部欢乐的作品。动作设计与演出张力俱佳，随着剧情推进，主角面对的敌人越来越强，战斗方式与自身局限的突破层层升级，配乐与画面配合出色，将热血少年向作品应有的爽快感与成长感都演绎得十分到位。整体而言，该作在题材表达与情感渲染上均有可取之处，剧情张弛有度，角色令人印象深刻，是一部完成度较高、值得推荐的作品。
1993,primary,zh-CN,创之界限 -#FFFFFF-,《创之界限 -#FFFFFF-》延续系列，少年们在界限中的战斗继续。本作围绕新的篇章展开，作品以卡牌、战斗与群像为特色，动画的战斗场面华丽，是游戏改编动画的作品。动画的节奏把控张弛有度，战斗场面的分镜与作画都相当扎实，主角在与强敌的较量中不断突破自我，和同伴之间建立的信任与羁绊也为剧情增添了温度，热血与感动并存，值得一看。整体而言，该作在题材表达与情感渲染上均有可取之处，剧情张弛有度，角色令人印象深刻，是一部完成度较高、值得推荐的作品。
1994,primary,zh-CN,舞动不止,《舞动不止》改编自同名漫画。少年在芭蕾中的物语。作品以芭蕾、青春与群像为特色，动画的舞蹈场面优美，少年的成长令人动容，是一部充满艺术气息的作品。作品风格鲜明、辨识度高，在同类题材中走出了自己的路子，角色与故事的结合恰到好处，整体观感流畅自然，无论是题材爱好者还是路人观众都能乐在其中。整体而言，该作在题材表达与情感渲染上均有可取之处，剧情张弛有度，角色令人印象深刻，是一部完成度较高、值得推荐的作品。
1995,primary,zh-CN,盾之勇者成名录 第二季,《盾之勇者成名录 第二季》延续第一季，岩谷尚文的战斗继续。本作尚文在异世界中的冒险与新的威胁展开，作品以异世界、黑暗与成长为主题，动画的战斗场面华丽，是盾之勇者系列的续作。动作设计与演出张力俱佳，随着剧情推进，主角面对的敌人越来越强，战斗方式与自身局限的突破层层升级，配乐与画面配合出色，将热血少年向作品应有的爽快感与成长感都演绎得十分到位。整体而言，该作在题材表达与情感渲染上均有可取之处，剧情张弛有度，角色令人印象深刻，是一部完成度较高、值得推荐的作品。
1996,primary,zh-CN,辉夜大小姐想让我告白-超级浪漫-,《辉夜大小姐想让我告白-超级浪漫-》是《辉夜大小姐》第三季，白银与辉夜的恋爱头脑战继续。本作两人的恋爱博弈迎来高潮，作品以恋爱、搞笑与头脑战为特色，动画的演出夸张、笑点密集，是近年来口碑极佳的恋爱喜剧。角色间的互动刻画得细腻自然，那些欲言又止的心意、别扭又真诚的靠近都真实而动人，情感线与日常情节交织，让观众在会心一笑与怦然心动之间反复横跳，是一部让人回味无穷的恋爱物语。整体而言，该作在题材表达与情感渲染上均有可取之处，剧情张弛有度，角色令人印象深刻，是一部完成度较高、值得推荐的作品。
1997,primary,zh-CN,王者天下 第四季,《王者天下 第四季》延续系列，信与嬴政的统一之路继续。本作围绕新的战争与内政展开，作品以历史、战争与热血为特色，动画的战争场面宏大，信的成长令人动容，是王者天下系列的续作。动作设计与演出张力俱佳，随着剧情推进，主角面对的敌人越来越强，战斗方式与自身局限的突破层层升级，配乐与画面配合出色，将热血少年向作品应有的爽快感与成长感都演绎得十分到位。整体而言，该作在题材表达与情感渲染上均有可取之处，剧情张弛有度，角色令人印象深刻，是一部完成度较高、值得推荐的作品。
1998,primary,zh-CN,女忍者椿的心事,《女忍者椿的心事》改编自同名漫画。女忍者椿与男生的物语。作品以忍者、恋爱与搞笑为特色，椿的心事与忍者的日常充满笑料，动画的氛围轻松，是一部欢乐的作品。动作设计与演出张力俱佳，随着剧情推进，主角面对的敌人越来越强，战斗方式与自身局限的突破层层升级，配乐与画面配合出色，将热血少年向作品应有的爽快感与成长感都演绎得十分到位。整体而言，该作在题材表达与情感渲染上均有可取之处，剧情张弛有度，角色令人印象深刻，是一部完成度较高、值得推荐的作品。
1999,primary,zh-CN,测不准的阿波连同学,《测不准的阿波连同学》改编自同名漫画。阿波连同学的距离感与少年的日常。作品以恋爱、搞笑与日常为特色，阿波连的测不准与少年的反应充满萌点，动画的氛围轻松，是一部欢乐的作品。角色间的互动刻画得细腻自然，那些欲言又止的心意、别扭又真诚的靠近都真实而动人，情感线与日常情节交织，让观众在会心一笑与怦然心动之间反复横跳，是一部让人回味无穷的恋爱物语。整体而言，该作在题材表达与情感渲染上均有可取之处，剧情张弛有度，角色令人印象深刻，是一部完成度较高、值得推荐的作品。
2000,primary,zh-CN,小鸟之翼 高尔夫少女,《小鸟之翼 高尔夫少女》是原创动画，讲述少女们在高尔夫中的物语。天才高尔夫少女的相遇与竞争，作品以竞技、热血与群像为特色，动画的比赛场面充满张力，少女们的成长令人动容，是一部独特的运动作品。动作设计与演出张力俱佳，随着剧情推进，主角面对的敌人越来越强，战斗方式与自身局限的突破层层升级，配乐与画面配合出色，将热血少年向作品应有的爽快感与成长感都演绎得十分到位。整体而言，该作在题材表达与情感渲染上均有可取之处，剧情张弛有度，角色令人印象深刻，是一部完成度较高、值得推荐的作品。
2001,primary,zh-CN,歌愈少女,《歌愈少女》是原创动画，讲述用歌声治愈的少女们的物语。少女们以歌声治愈伤者，作品以音乐、治愈与群像为特色，动画的氛围温暖，少女们的歌声令人动容，是一部充满音乐魅力的作品。作品没有强烈的戏剧冲突，却以细腻的笔触捕捉日常中的微小幸福，角色的喜怒哀乐真实可感，在平实的叙述中悄然传递着生活的温度，适合在忙碌之余放松心情慢慢欣赏。整体而言，该作在题材表达与情感渲染上均有可取之处，剧情张弛有度，角色令人印象深刻，是一部完成度较高、值得推荐的作品。
2002,primary,zh-CN,朋友游戏,《朋友游戏》改编自同名漫画。少年少女们卷入朋友游戏的心理战。作品以悬疑、心理战与群像为特色，动画的氛围紧张，游戏的真相与背叛充满冲击力，是一部引人入胜的作品。剧情层层递进、伏笔密布，随着线索的不断拼合，真相逐渐浮出水面，每一次反转都在意料之外又情理之中，细节经得起推敲，氛围营造到位，是喜欢烧脑故事的观众不可错过之作。整体而言，该作在题材表达与情感渲染上均有可取之处，剧情张弛有度，角色令人印象深刻，是一部完成度较高、值得推荐的作品。
2003,primary,zh-CN,青之芦苇,《青之芦苇》改编自同名漫画。少年青井苇人在足球中的成长。作品以足球、热血与青春为特色，动画的比赛场面充满张力，苇人的成长令人动容，是一部扎实的运动作品。动作设计与演出张力俱佳，随着剧情推进，主角面对的敌人越来越强，战斗方式与自身局限的突破层层升级，配乐与画面配合出色，将热血少年向作品应有的爽快感与成长感都演绎得十分到位。整体而言，该作在题材表达与情感渲染上均有可取之处，剧情张弛有度，角色令人印象深刻，是一部完成度较高、值得推荐的作品。
2004,primary,zh-CN,理科生坠入情网故尝试证明[r=1-sinθ]♡,《理科生坠入情网故尝试证明[r=1-sinθ]♡》延续系列，理科大学生的科学恋爱证明继续。本作主角们的恋爱实验进一步发展，作品以恋爱、搞笑与科普为特色，动画的氛围轻松，是一部让人捧腹的作品。角色间的互动刻画得细腻自然，那些欲言又止的心意、别扭又真诚的靠近都真实而动人，情感线与日常情节交织，让观众在会心一笑与怦然心动之间反复横跳，是一部让人回味无穷的恋爱物语。整体而言，该作在题材表达与情感渲染上均有可取之处，剧情张弛有度，角色令人印象深刻，是一部完成度较高、值得推荐的作品。
2005,primary,zh-CN,游戏王 Go Rush！！,《游戏王 Go Rush！！》是游戏王系列动画，决斗者们的战斗。本作围绕新篇章展开，作品以卡牌、热血与决斗为特色，动画的决斗场面华丽，是游戏王系列的新篇章。动画的节奏把控张弛有度，战斗场面的分镜与作画都相当扎实，主角在与强敌的较量中不断突破自我，和同伴之间建立的信任与羁绊也为剧情增添了温度，热血与感动并存，值得一看。整体而言，该作在题材表达与情感渲染上均有可取之处，剧情张弛有度，角色令人印象深刻，是一部完成度较高、值得推荐的作品。
2006,primary,zh-CN,间谍过家家,《间谍过家家》改编自同名漫画。间谍黄昏为任务组建临时家庭。本作围绕黄昏与约尔、阿尼亚的日常展开，作品以搞笑、家庭与间谍为特色，阿尼亚的超能力与家庭温馨充满萌点，动画的氛围轻松，是现象级的作品。画风清新、节奏舒缓，人物之间的相处自然而温暖，那些平凡琐碎的片段在动画的演绎下变得闪闪发光，传递出一种治愈人心的宁静力量，是治愈系爱好者不容错过的作品。整体而言，该作在题材表达与情感渲染上均有可取之处，剧情张弛有度，角色令人印象深刻，是一部完成度较高、值得推荐的作品。
2007,primary,zh-CN,约会大作战 第四季,《约会大作战 第四季》延续系列，五河士道与精灵们的约会继续。本作新的精灵与危机登场，士道通过约会封印精灵的力量，作品以恋爱、战斗与后宫为特色，动画的战斗场面华丽，是约会大作战系列的续作。动作设计与演出张力俱佳，随着剧情推进，主角面对的敌人越来越强，战斗方式与自身局限的突破层层升级，配乐与画面配合出色，将热血少年向作品应有的爽快感与成长感都演绎得十分到位。整体而言，该作在题材表达与情感渲染上均有可取之处，剧情张弛有度，角色令人印象深刻，是一部完成度较高、值得推荐的作品。
2008,primary,zh-CN,夏日重现,《夏日重现》改编自同名漫画。少年慎平在故乡的夏日轮回。作品以悬疑、轮回与战斗为主题，动画的氛围紧张，慎平的挑战与真相层层展开，是一部口碑极佳的悬疑作品。动画的节奏把控张弛有度，战斗场面的分镜与作画都相当扎实，主角在与强敌的较量中不断突破自我，和同伴之间建立的信任与羁绊也为剧情增添了温度，热血与感动并存，值得一看。整体而言，该作在题材表达与情感渲染上均有可取之处，剧情张弛有度，角色令人印象深刻，是一部完成度较高、值得推荐的作品。
2009,primary,zh-CN,雀魂 PONG☆,《雀魂 PONG☆》改编自同名游戏，讲述麻将少女们的日常。作品以麻将、日常与搞笑为特色，动画画风可爱、篇幅短小，在轻松的日常中展现麻将的趣味，是一部轻松解压的泡面番。画风清新、节奏舒缓，人物之间的相处自然而温暖，那些平凡琐碎的片段在动画的演绎下变得闪闪发光，传递出一种治愈人心的宁静力量，是治愈系爱好者不容错过的作品。整体而言，该作在题材表达与情感渲染上均有可取之处，剧情张弛有度，角色令人印象深刻，是一部完成度较高、值得推荐的作品。
2010,primary,zh-CN,街角魔族 2丁目,《街角魔族 2丁目》延续第一季，魔族少女吉田优子的日常继续。本作优子与魔法少女的互动进一步发展，作品以日常、魔法与搞笑为特色，动画画风可爱、氛围轻松，是一部治愈系的作品。作品没有强烈的戏剧冲突，却以细腻的笔触捕捉日常中的微小幸福，角色的喜怒哀乐真实可感，在平实的叙述中悄然传递着生活的温度，适合在忙碌之余放松心情慢慢欣赏。整体而言，该作在题材表达与情感渲染上均有可取之处，剧情张弛有度，角色令人印象深刻，是一部完成度较高、值得推荐的作品。
2011,primary,zh-CN,剧场版 Free!-the Final Stroke- 前篇,《剧场版 Free!-the Final Stroke- 前篇》是《Free!》的剧场版，遥的游泳物语迎来终章。本作围绕遥与伙伴们的最终挑战展开，作品以游泳、青春与情感为主题，动画的水中作画优美，是Free!系列的剧场版。作品在整体完成度上表现出色，叙事流畅、角色立体，主题的表达清晰而有深度，既有轻松愉悦的观赏性，也留有值得回味的余韵，是一部质量扎实、诚意满满的作品。整体而言，该作在题材表达与情感渲染上均有可取之处，剧情张弛有度，角色令人印象深刻，是一部完成度较高、值得推荐的作品。
2012,primary,zh-CN,渔港的肉子酱,《渔港的肉子酱》是剧场版动画，讲述母女在渔港的生活。少女与母亲的温暖日常，作品以日常、治愈与亲情为主题，动画的氛围温暖，母女的情感令人动容，是一部温馨的作品。画风清新、节奏舒缓，人物之间的相处自然而温暖，那些平凡琐碎的片段在动画的演绎下变得闪闪发光，传递出一种治愈人心的宁静力量，是治愈系爱好者不容错过的作品。整体而言，该作在题材表达与情感渲染上均有可取之处，剧情张弛有度，角色令人印象深刻，是一部完成度较高、值得推荐的作品。
2013,primary,zh-CN,剧场版 黄金拼图 谢谢你!!,《剧场版 黄金拼图 谢谢你!!》是《黄金拼图》的剧场版，少女们的日常。本作围绕少女们的毕业与友情展开，作品以日常、治愈与群像为特色，动画画风可爱、氛围温馨，是黄金拼图系列的剧场版。作品没有强烈的戏剧冲突，却以细腻的笔触捕捉日常中的微小幸福，角色的喜怒哀乐真实可感，在平实的叙述中悄然传递着生活的温度，适合在忙碌之余放松心情慢慢欣赏。整体而言，该作在题材表达与情感渲染上均有可取之处，剧情张弛有度，角色令人印象深刻，是一部完成度较高、值得推荐的作品。
2014,primary,zh-CN,我让最想被拥抱的男人给威胁了。～西班牙篇～,《我让最想被拥抱的男人给威胁了。～西班牙篇～》延续系列，西条与雏的恋爱继续。本作两人的故事在西班牙展开，作品以BL恋爱、演艺圈与日常为特色，动画的氛围华丽，是BL动画的佳作。角色间的互动刻画得细腻自然，那些欲言又止的心意、别扭又真诚的靠近都真实而动人，情感线与日常情节交织，让观众在会心一笑与怦然心动之间反复横跳，是一部让人回味无穷的恋爱物语。整体而言，该作在题材表达与情感渲染上均有可取之处，剧情张弛有度，角色令人印象深刻，是一部完成度较高、值得推荐的作品。
2015,primary,zh-CN,魔法使黎明期,《魔法使黎明期》改编自同名轻小说。魔法使学园的学生们的物语。少年们在魔法使的黎明期展开冒险，作品以奇幻、冒险与群像为特色，动画的氛围独特，是魔法使题材的作品。作品在幻想的外衣下探讨着真实的情感与抉择，主角的成长线扎实有力，与伙伴们的情谊在一次次考验中愈发深厚，冒险的紧张感与日常的温情交替呈现，故事层次丰富、后劲十足。整体而言，该作在题材表达与情感渲染上均有可取之处，剧情张弛有度，角色令人印象深刻，是一部完成度较高、值得推荐的作品。
2016,primary,zh-CN,杜鹃的婚约,《杜鹃的婚约》改编自同名漫画。被交换的婴儿与婚约的物语。少年与少女在婚约与家庭中的日常，作品以恋爱、日常与搞笑为特色，动画的氛围轻松，是一部欢乐的恋爱作品。角色间的互动刻画得细腻自然，那些欲言又止的心意、别扭又真诚的靠近都真实而动人，情感线与日常情节交织，让观众在会心一笑与怦然心动之间反复横跳，是一部让人回味无穷的恋爱物语。整体而言，该作在题材表达与情感渲染上均有可取之处，剧情张弛有度，角色令人印象深刻，是一部完成度较高、值得推荐的作品。
2017,primary,zh-CN,Love Live! 虹咲学园校园偶像同好会 第二季,《Love Live! 虹咲学园校园偶像同好会 第二季》延续第一季，虹咲学园的偶像们继续。本作少女们在偶像道路上迎接新的挑战，作品以音乐、追梦与群像为特色，歌曲动人、舞台演出华丽，是LoveLive系列的续作。歌舞演出的画面制作精良，每一首歌都与角色心境和剧情推进紧密呼应，少女们在聚光灯下的闪耀与幕后流下的汗水同样动人，传递出追逐梦想、不懈努力的正能量，感染力十足。整体而言，该作在题材表达与情感渲染上均有可取之处，剧情张弛有度，角色令人印象深刻，是一部完成度较高、值得推荐的作品。
2018,primary,zh-CN,Estab-Life Great Escape,《Estab-Life Great Escape》是原创动画，讲述逃出都市的物语。少女们在多样的都市中展开逃脱，作品以科幻、群像与冒险为特色，动画的氛围独特，少女们的逃脱充满想象，是一部风格新颖的作品。作品在幻想的外衣下探讨着真实的情感与抉择，主角的成长线扎实有力，与伙伴们的情谊在一次次考验中愈发深厚，冒险的紧张感与日常的温情交替呈现，故事层次丰富、后劲十足。整体而言，该作在题材表达与情感渲染上均有可取之处，剧情张弛有度，角色令人印象深刻，是一部完成度较高、值得推荐的作品。
2019,primary,zh-CN,派对浪客诸葛孔明,《派对浪客诸葛孔明》改编自同名漫画。诸葛孔明转生到现代涉谷。孔明作为军师帮助歌手英子，作品以音乐、智谋与搞笑为特色，孔明的计谋与现代舞台结合充满魅力，动画的氛围热血，是一部风格独特的作品。动作设计与演出张力俱佳，随着剧情推进，主角面对的敌人越来越强，战斗方式与自身局限的突破层层升级，配乐与画面配合出色，将热血少年向作品应有的爽快感与成长感都演绎得十分到位。整体而言，该作在题材表达与情感渲染上均有可取之处，剧情张弛有度，角色令人印象深刻，是一部完成度较高、值得推荐的作品。
2020,primary,zh-CN,进击的巨人 最终季 Part.2,《进击的巨人 最终季 Part.2》延续最终季，艾伦与调查兵团的战斗继续。本作围绕玛莱篇的高潮与巨人的真相展开，作品以战斗、悬疑与绝望为主题，动画的制作精良，是进击的巨人系列的完结篇。动画的节奏把控张弛有度，战斗场面的分镜与作画都相当扎实，主角在与强敌的较量中不断突破自我，和同伴之间建立的信任与羁绊也为剧情增添了温度，热血与感动并存，值得一看。整体而言，该作在题材表达与情感渲染上均有可取之处，剧情张弛有度，角色令人印象深刻，是一部完成度较高、值得推荐的作品。
2021,primary,zh-CN,魔法纪录 魔法少女小圆外传 Final SEASON -浅梦的黎明-,《魔法纪录 魔法少女小圆外传 Final SEASON -浅梦的黎明-》延续系列，魔法少女们的物语迎来结局。本作围绕浅梦的黎明展开，作品以魔法少女、黑暗与群像为特色，动画的氛围沉重，是魔法少女小圆系列的外传。作品在幻想的外衣下探讨着真实的情感与抉择，主角的成长线扎实有力，与伙伴们的情谊在一次次考验中愈发深厚，冒险的紧张感与日常的温情交替呈现，故事层次丰富、后劲十足。整体而言，该作在题材表达与情感渲染上均有可取之处，剧情张弛有度，角色令人印象深刻，是一部完成度较高、值得推荐的作品。
2022,primary,zh-CN,噬血狂袭 最终季,《噬血狂袭 最终季》延续系列，晓古城的吸血鬼战斗迎来结局。本作古城与姬柊雪菜的物语迎来终章，作品以吸血鬼、战斗与后宫为特色，动画的战斗场面华丽，是噬血狂袭系列的完结篇。动作设计与演出张力俱佳，随着剧情推进，主角面对的敌人越来越强，战斗方式与自身局限的突破层层升级，配乐与画面配合出色，将热血少年向作品应有的爽快感与成长感都演绎得十分到位。整体而言，该作在题材表达与情感渲染上均有可取之处，剧情张弛有度，角色令人印象深刻，是一部完成度较高、值得推荐的作品。
2023,primary,zh-CN,鬼裤衩,《鬼裤衩》是WIT STUDIO的原创动画，讲述三位鬼少女的物语。鬼少女们为了扭转恶鬼的形象来到人类世界，作品以搞笑、日常与奇幻为特色，动画的氛围轻松，是一部欢乐的作品。作品没有强烈的戏剧冲突，却以细腻的笔触捕捉日常中的微小幸福，角色的喜怒哀乐真实可感，在平实的叙述中悄然传递着生活的温度，适合在忙碌之余放松心情慢慢欣赏。整体而言，该作在题材表达与情感渲染上均有可取之处，剧情张弛有度，角色令人印象深刻，是一部完成度较高、值得推荐的作品。
2024,primary,zh-CN,境界战机 第二部,《境界战机 第二部》延续第一季，少年们的战斗继续。本作少年们在占领地的战斗进一步展开，作品以机战、热血与群像为特色，动画的战斗场面华丽，是境界战机系列的续作。动作设计与演出张力俱佳，随着剧情推进，主角面对的敌人越来越强，战斗方式与自身局限的突破层层升级，配乐与画面配合出色，将热血少年向作品应有的爽快感与成长感都演绎得十分到位。整体而言，该作在题材表达与情感渲染上均有可取之处，剧情张弛有度，角色令人印象深刻，是一部完成度较高、值得推荐的作品。
2025,primary,zh-CN,键等 第二季,《键等 第二季》延续第一季，Key社作品的联动继续。本作各作品的角色继续集结，作品以搞笑、日常与群像为特色，动画的氛围轻松，是Key社的粉丝向作品。作品没有强烈的戏剧冲突，却以细腻的笔触捕捉日常中的微小幸福，角色的喜怒哀乐真实可感，在平实的叙述中悄然传递着生活的温度，适合在忙碌之余放松心情慢慢欣赏。整体而言，该作在题材表达与情感渲染上均有可取之处，剧情张弛有度，角色令人印象深刻，是一部完成度较高、值得推荐的作品。
2026,primary,zh-CN,3秒后，野兽。～坐在联谊会角落的他是个肉食系,《3秒后，野兽。～坐在联谊会角落的他是个肉食系》是短篇成人向动画，讲述联谊中的恋爱。作品以恋爱、成年向与日常为特色，动画的氛围暧昧，两人的互动充满张力，是一部面向成人的恋爱作品。角色间的互动刻画得细腻自然，那些欲言又止的心意、别扭又真诚的靠近都真实而动人，情感线与日常情节交织，让观众在会心一笑与怦然心动之间反复横跳，是一部让人回味无穷的恋爱物语。整体而言，该作在题材表达与情感渲染上均有可取之处，剧情张弛有度，角色令人印象深刻，是一部完成度较高、值得推荐的作品。
2027,primary,zh-CN,泡泡,《泡泡》是剧场版动画，讲述少年与少女在泡沫中的物语。少女在东京的泡沫中与少年相遇，作品以奇幻、恋爱与动作(为主题，动画的画面精美，两人的羁绊令人动容，是一部充满想象力的作品。作品在甜蜜之余也保留了青春特有的青涩与迷茫，主角在感情中的成长与抉择贯穿始终，配乐温润、画面明丽，将恋爱中的忐忑、欢喜与遗憾都拿捏得恰到好处，适合慢慢品味。整体而言，该作在题材表达与情感渲染上均有可取之处，剧情张弛有度，角色令人印象深刻，是一部完成度较高、值得推荐的作品。
2028,primary,zh-CN,爱、死亡 & 机器人 第三季,《爱、死亡 & 机器人 第三季》延续系列，科幻与恐怖动画合集。作品以脑洞、惊悚与哲学为特色，每集的画风与题材各不相同，是一部风格多元的成人动画。动作设计与演出张力俱佳，随着剧情推进，主角面对的敌人越来越强，战斗方式与自身局限的突破层层升级，配乐与画面配合出色，将热血少年向作品应有的爽快感与成长感都演绎得十分到位。整体而言，该作在题材表达与情感渲染上均有可取之处，剧情张弛有度，角色令人印象深刻，是一部完成度较高、值得推荐的作品。
2029,primary,zh-CN,机动战士高达 库库鲁斯·杜安之岛,《机动战士高达 库库鲁斯·杜安之岛》是高达系列的剧场版，围绕库库鲁斯·杜安之岛的物语。本作阿姆罗与库库鲁斯的相遇展开，作品以机战、战争与群像为特色，动画的制作精良，是高达系列的剧场版。动画的节奏把控张弛有度，战斗场面的分镜与作画都相当扎实，主角在与强敌的较量中不断突破自我，和同伴之间建立的信任与羁绊也为剧情增添了温度，热血与感动并存，值得一看。整体而言，该作在题材表达与情感渲染上均有可取之处，剧情张弛有度，角色令人印象深刻，是一部完成度较高、值得推荐的作品。
2030,primary,zh-CN,联盟空军航空魔法音乐队 光辉魔女,《联盟空军航空魔法音乐队 光辉魔女》是强袭魔女系列的衍生动画，音乐队的少女们。本作少女们以音乐支援战斗，作品以音乐、日常与群像为特色，动画的氛围温暖，是强袭魔女系列的衍生作品。动作设计与演出张力俱佳，随着剧情推进，主角面对的敌人越来越强，战斗方式与自身局限的突破层层升级，配乐与画面配合出色，将热血少年向作品应有的爽快感与成长感都演绎得十分到位。整体而言，该作在题材表达与情感渲染上均有可取之处，剧情张弛有度，角色令人印象深刻，是一部完成度较高、值得推荐的作品。
2031,primary,zh-CN,异世界舅舅,《异世界舅舅》改编自同名漫画。从异世界回来的舅舅与侄子同居。作品以异世界、搞笑与日常为特色，舅舅的异世界经历与吐槽充满笑料，动画的氛围轻松，是一部让人捧腹的作品。作品没有强烈的戏剧冲突，却以细腻的笔触捕捉日常中的微小幸福，角色的喜怒哀乐真实可感，在平实的叙述中悄然传递着生活的温度，适合在忙碌之余放松心情慢慢欣赏。整体而言，该作在题材表达与情感渲染上均有可取之处，剧情张弛有度，角色令人印象深刻，是一部完成度较高、值得推荐的作品。
2032,primary,zh-CN,红白黑黄 冰雪帝国,《红白黑黄 冰雪帝国》是《RWBY》系列的动画，少女们的战斗。本作围绕冰雪帝国的篇章展开，作品以战斗、群像与奇幻为特色，动画的动作场面华丽，是RWBY系列的续作。动画的节奏把控张弛有度，战斗场面的分镜与作画都相当扎实，主角在与强敌的较量中不断突破自我，和同伴之间建立的信任与羁绊也为剧情增添了温度，热血与感动并存，值得一看。整体而言，该作在题材表达与情感渲染上均有可取之处，剧情张弛有度，角色令人印象深刻，是一部完成度较高、值得推荐的作品。
2033,primary,zh-CN,即使如此依旧步步进逼,《即使如此依旧步步进逼》改编自同名漫画。将棋部的少年与少女的恋爱。作品以恋爱、日常与搞笑为特色，少年的直球告白与少女的害羞充满萌点，动画的氛围轻松，是一部欢乐的恋爱作品。作品在甜蜜之余也保留了青春特有的青涩与迷茫，主角在感情中的成长与抉择贯穿始终，配乐温润、画面明丽，将恋爱中的忐忑、欢喜与遗憾都拿捏得恰到好处，适合慢慢品味。整体而言，该作在题材表达与情感渲染上均有可取之处，剧情张弛有度，角色令人印象深刻，是一部完成度较高、值得推荐的作品。
2034,primary,zh-CN,东京猫猫 NEW～♡,《东京猫猫 NEW～♡》是《东京猫猫》的重制动画，少女们变身猫猫保护地球。本作重新演绎经典的物语，作品以魔法少女、战斗与日常为特色，动画的氛围可爱，是经典作品的重新动画化。动作设计与演出张力俱佳，随着剧情推进，主角面对的敌人越来越强，战斗方式与自身局限的突破层层升级，配乐与画面配合出色，将热血少年向作品应有的爽快感与成长感都演绎得十分到位。整体而言，该作在题材表达与情感渲染上均有可取之处，剧情张弛有度，角色令人印象深刻，是一部完成度较高、值得推荐的作品。
2035,primary,zh-CN,天籁人偶,《天籁人偶》是原创动画，讲述人偶少女们的物语。在战争后的世界中，人偶少女们在咖啡馆的日常，作品以治愈、日常与群像为特色，动画的氛围温暖，少女们的羁绊令人动容，是一部治愈系的作品。动画的节奏把控张弛有度，战斗场面的分镜与作画都相当扎实，主角在与强敌的较量中不断突破自我，和同伴之间建立的信任与羁绊也为剧情增添了温度，热血与感动并存，值得一看。整体而言，该作在题材表达与情感渲染上均有可取之处，剧情张弛有度，角色令人印象深刻，是一部完成度较高、值得推荐的作品。
2036,primary,zh-CN,来自深渊 烈日的黄金乡,《来自深渊 烈日的黄金乡》延续系列，莉可与雷古的冒险继续。本作围绕烈日的黄金乡展开，作品以冒险、奇幻与黑暗为主题，动画的画面精美，是来自深渊系列的续作。作品在幻想的外衣下探讨着真实的情感与抉择，主角的成长线扎实有力，与伙伴们的情谊在一次次考验中愈发深厚，冒险的紧张感与日常的温情交替呈现，故事层次丰富、后劲十足。整体而言，该作在题材表达与情感渲染上均有可取之处，剧情张弛有度，角色令人印象深刻，是一部完成度较高、值得推荐的作品。
2037,primary,zh-CN,影宅 第二季,《影宅 第二季》延续第一季，凯特与艾米丽可的物语继续。本作影宅的真相与少女们的冒险进一步展开，作品以悬疑、群像与黑暗为主题，动画的氛围独特，是影宅系列的续作。剧情层层递进、伏笔密布，随着线索的不断拼合，真相逐渐浮出水面，每一次反转都在意料之外又情理之中，细节经得起推敲，氛围营造到位，是喜欢烧脑故事的观众不可错过之作。整体而言，该作在题材表达与情感渲染上均有可取之处，剧情张弛有度，角色令人印象深刻，是一部完成度较高、值得推荐的作品。
2038,primary,zh-CN,异世界药局,《异世界药局》改编自同名轻小说。药师转生到异世界开药局。作品以异世界、日常与治愈为特色，药师的制药与异世界的日常充满温馨，动画的氛围温暖，是一部治愈系的作品。作品没有强烈的戏剧冲突，却以细腻的笔触捕捉日常中的微小幸福，角色的喜怒哀乐真实可感，在平实的叙述中悄然传递着生活的温度，适合在忙碌之余放松心情慢慢欣赏。整体而言，该作在题材表达与情感渲染上均有可取之处，剧情张弛有度，角色令人印象深刻，是一部完成度较高、值得推荐的作品。
2039,primary,zh-CN,契约之吻,《契约之吻》是原创动画，讲述少年与恶魔的契约。少年修与恶魔少女的契约战斗，作品以战斗、恋爱与群像为特色，动画的氛围独特，契约的真相层层展开，是一部风格新颖的作品。动作设计与演出张力俱佳，随着剧情推进，主角面对的敌人越来越强，战斗方式与自身局限的突破层层升级，配乐与画面配合出色，将热血少年向作品应有的爽快感与成长感都演绎得十分到位。整体而言，该作在题材表达与情感渲染上均有可取之处，剧情张弛有度，角色令人印象深刻，是一部完成度较高、值得推荐的作品。
2040,primary,zh-CN,彻夜之歌,《彻夜之歌》改编自同名漫画。少年与吸血鬼少女的物语。作品以恋爱、吸血鬼与夜晚为特色，动画的氛围独特，少年与吸血鬼的相遇充满魅力，是一部风格新颖的作品。角色间的互动刻画得细腻自然，那些欲言又止的心意、别扭又真诚的靠近都真实而动人，情感线与日常情节交织，让观众在会心一笑与怦然心动之间反复横跳，是一部让人回味无穷的恋爱物语。整体而言，该作在题材表达与情感渲染上均有可取之处，剧情张弛有度，角色令人印象深刻，是一部完成度较高、值得推荐的作品。
2041,primary,zh-CN,幽零幻镜,《幽零幻镜》是原创动画，讲述少年在虚拟都市中的冒险。在数据化的都市中，少年与伙伴们的物语，作品以科幻、悬疑与群像为特色，动画的氛围独特，是一部风格新颖的作品。剧情层层递进、伏笔密布，随着线索的不断拼合，真相逐渐浮出水面，每一次反转都在意料之外又情理之中，细节经得起推敲，氛围营造到位，是喜欢烧脑故事的观众不可错过之作。整体而言，该作在题材表达与情感渲染上均有可取之处，剧情张弛有度，角色令人印象深刻，是一部完成度较高、值得推荐的作品。
2042,primary,zh-CN,传颂之物 二人的白皇,《传颂之物 二人的白皇》是《传颂之物》的续作，哈克的物语继续。本作围绕二人的白皇的篇章展开，作品以奇幻、政治与群像为特色，动画的世界观宏大，是传颂之物系列的续作。作品在幻想的外衣下探讨着真实的情感与抉择，主角的成长线扎实有力，与伙伴们的情谊在一次次考验中愈发深厚，冒险的紧张感与日常的温情交替呈现，故事层次丰富、后劲十足。整体而言，该作在题材表达与情感渲染上均有可取之处，剧情张弛有度，角色令人印象深刻，是一部完成度较高、值得推荐的作品。
2043,primary,zh-CN,打工吧！！魔王大人,《打工吧！！魔王大人》延续系列，魔王在便利店打工的日常继续。本作魔王与勇者的现代生活进一步发展，作品以搞笑、日常与奇幻为特色，动画的氛围轻松，是一部欢乐的作品。作品没有强烈的戏剧冲突，却以细腻的笔触捕捉日常中的微小幸福，角色的喜怒哀乐真实可感，在平实的叙述中悄然传递着生活的温度，适合在忙碌之余放松心情慢慢欣赏。整体而言，该作在题材表达与情感渲染上均有可取之处，剧情张弛有度，角色令人印象深刻，是一部完成度较高、值得推荐的作品。
2044,primary,zh-CN,足球风云 通往未来的一球,《足球风云 通往未来的一球》改编自同名漫画。少年们在足球中的物语。作品以足球、青春与群像为特色，动画的比赛场面充满张力，少年们的成长令人动容，是一部扎实的运动作品。作品对竞技细节的还原相当用心，每一次攻防都充满张力，主角从青涩到成熟的成长轨迹真实可感，与队友和对手的羁绊贯穿始终，汗水与泪水交织出热血沸腾的青春物语。整体而言，该作在题材表达与情感渲染上均有可取之处，剧情张弛有度，角色令人印象深刻，是一部完成度较高、值得推荐的作品。
2045,primary,zh-CN,新网球王子 U-17 世界杯,《新网球王子 U-17 世界杯》延续系列，网球少年们的战斗继续。本作围绕U-17世界杯展开，作品以网球、热血与竞技为特色，动画的比赛场面充满魄力，是网球王子系列的续作。动作设计与演出张力俱佳，随着剧情推进，主角面对的敌人越来越强，战斗方式与自身局限的突破层层升级，配乐与画面配合出色，将热血少年向作品应有的爽快感与成长感都演绎得十分到位。整体而言，该作在题材表达与情感渲染上均有可取之处，剧情张弛有度，角色令人印象深刻，是一部完成度较高、值得推荐的作品。
2046,primary,zh-CN,莉可丽丝,《莉可丽丝》是原创动画，讲述少女特工们的日常。少女们在咖啡厅的伪装下执行任务，作品以动作(、日常与群像为特色，动画的战斗场面华丽，少女们的羁绊贯穿始终，是现象级的原创作品。动作设计与演出张力俱佳，随着剧情推进，主角面对的敌人越来越强，战斗方式与自身局限的突破层层升级，配乐与画面配合出色，将热血少年向作品应有的爽快感与成长感都演绎得十分到位。整体而言，该作在题材表达与情感渲染上均有可取之处，剧情张弛有度，角色令人印象深刻，是一部完成度较高、值得推荐的作品。
2047,primary,zh-CN,OVERLORD 第四季,《OVERLORD 第四季》延续系列，安兹·乌尔·恭的势力扩张继续。本作围绕纳萨力克与世界的征服进一步展开，作品以异世界、黑暗奇幻与群像为特色，安兹的强大与谨慎充满反差魅力，是异世界题材的经典之作。世界观设定丰富而自成体系，随着冒险推进，更多奇妙的种族、地点与力量体系逐一展开，角色们在旅途中收获成长与羁绊，画面与配乐共同营造出充满想象力的奇幻氛围，令人沉浸其中。整体而言，该作在题材表达与情感渲染上均有可取之处，剧情张弛有度，角色令人印象深刻，是一部完成度较高、值得推荐的作品。
2048,primary,zh-CN,异世界迷宫里的后宫生活,《异世界迷宫里的后宫生活》改编自同名轻小说。少年在异世界迷宫中的冒险。作品以异世界、后宫与冒险为特色，主角在迷宫中的战斗与后宫生活充满看点，动画的氛围轻松，是一部标准的异世界作品。动作设计与演出张力俱佳，随着剧情推进，主角面对的敌人越来越强，战斗方式与自身局限的突破层层升级，配乐与画面配合出色，将热血少年向作品应有的爽快感与成长感都演绎得十分到位。整体而言，该作在题材表达与情感渲染上均有可取之处，剧情张弛有度，角色令人印象深刻，是一部完成度较高、值得推荐的作品。
2049,primary,zh-CN,东方少年 第2部分,《东方少年 第2部分》延续第一季，少年们的战斗继续。本作少年们在鬼支配的世界中的战斗进一步发展，作品以战斗、热血与群像为特色，动画的战斗场面华丽，是东方少年系列的续作。动作设计与演出张力俱佳，随着剧情推进，主角面对的敌人越来越强，战斗方式与自身局限的突破层层升级，配乐与画面配合出色，将热血少年向作品应有的爽快感与成长感都演绎得十分到位。整体而言，该作在题材表达与情感渲染上均有可取之处，剧情张弛有度，角色令人印象深刻，是一部完成度较高、值得推荐的作品。
2050,primary,zh-CN,闪耀路标,《闪耀路标》是原创动画，讲述偶像组合TiNgS的物语。少女们在能看穿谎言的经纪人带领下成长，作品以偶像、音乐与群像为特色，动画的氛围温暖，少女们的成长令人动容，是偶像动画的作品。歌舞演出的画面制作精良，每一首歌都与角色心境和剧情推进紧密呼应，少女们在聚光灯下的闪耀与幕后流下的汗水同样动人，传递出追逐梦想、不懈努力的正能量，感染力十足。整体而言，该作在题材表达与情感渲染上均有可取之处，剧情张弛有度，角色令人印象深刻，是一部完成度较高、值得推荐的作品。
2051,primary,zh-CN,花火酱总是迟到,《花火酱总是迟到》是短篇动画，讲述总是迟到的少女花火的日常。作品以日常、搞笑与治愈为特色，动画画风可爱、篇幅短小，在轻松的日常中展现花火的互动，是一部轻松解压的泡面番。画风清新、节奏舒缓，人物之间的相处自然而温暖，那些平凡琐碎的片段在动画的演绎下变得闪闪发光，传递出一种治愈人心的宁静力量，是治愈系爱好者不容错过的作品。整体而言，该作在题材表达与情感渲染上均有可取之处，剧情张弛有度，角色令人印象深刻，是一部完成度较高、值得推荐的作品。
2052,primary,zh-CN,幕末替身传说,《幕末替身传说》是原创动画，讲述替身的武士们的物语。少年们作为替身在幕末展开行动，作品以时代、战斗与群像为特色，动画的氛围独特，是风格新颖的作品。动作设计与演出张力俱佳，随着剧情推进，主角面对的敌人越来越强，战斗方式与自身局限的突破层层升级，配乐与画面配合出色，将热血少年向作品应有的爽快感与成长感都演绎得十分到位。整体而言，该作在题材表达与情感渲染上均有可取之处，剧情张弛有度，角色令人印象深刻，是一部完成度较高、值得推荐的作品。
2053,primary,zh-CN,在地下城寻求邂逅是否搞错了什么 第四季 新章 迷宫篇,《在地下城寻求邂逅是否搞错了什么 第四季 新章 迷宫篇》延续系列，贝尔的冒险继续。本作贝尔在迷宫中的挑战进一步展开，作品以奇幻、冒险与战斗为特色，动画的战斗场面华丽，贝尔的成长令人动容，是地错系列的续作。动画的节奏把控张弛有度，战斗场面的分镜与作画都相当扎实，主角在与强敌的较量中不断突破自我，和同伴之间建立的信任与羁绊也为剧情增添了温度，热血与感动并存，值得一看。整体而言，该作在题材表达与情感渲染上均有可取之处，剧情张弛有度，角色令人印象深刻，是一部完成度较高、值得推荐的作品。
2054,primary,zh-CN,Love Live! Superstar!! 第二季,《Love Live! Superstar!! 第二季》延续第一季，结丘女子高中的偶像们继续。本作少女们在偶像道路上迎接新的挑战，作品以音乐、追梦与群像为特色，歌曲动人、舞台演出华丽，是LoveLive系列的续作。角色的个性塑造鲜明，舞台上的自信与生活中的可爱形成反差，团队协作与个人成长双线并进，歌舞编排赏心悦目，让观众既能享受视听盛宴，也能为少女们的梦想与坚持而感动。整体而言，该作在题材表达与情感渲染上均有可取之处，剧情张弛有度，角色令人印象深刻，是一部完成度较高、值得推荐的作品。
2055,primary,zh-CN,顶点!!!!!!!!!!!!!!!,《顶点!!!!!!!!!!!!!!!!!!!!!!!》是原创短篇动画，讲述少女们的搞笑日常。作品以搞笑、日常与群像为特色，动画篇幅短小、节奏明快，在轻松的日常中展现少女们的互动，是一部轻松解压的泡面番。作品没有强烈的戏剧冲突，却以细腻的笔触捕捉日常中的微小幸福，角色的喜怒哀乐真实可感，在平实的叙述中悄然传递着生活的温度，适合在忙碌之余放松心情慢慢欣赏。整体而言，该作在题材表达与情感渲染上均有可取之处，剧情张弛有度，角色令人印象深刻，是一部完成度较高、值得推荐的作品。
2056,primary,zh-CN,卡片战斗先导者 will+Dress,《卡片战斗先导者 will+Dress》是卡片战斗先导者系列动画，少年们的卡牌战斗继续。本作围绕新的篇章展开，作品以卡牌、热血与竞技为特色，动画的战斗场面华丽，是先导者系列的新篇章。动画的节奏把控张弛有度，战斗场面的分镜与作画都相当扎实，主角在与强敌的较量中不断突破自我，和同伴之间建立的信任与羁绊也为剧情增添了温度，热血与感动并存，值得一看。整体而言，该作在题材表达与情感渲染上均有可取之处，剧情张弛有度，角色令人印象深刻，是一部完成度较高、值得推荐的作品。
2057,primary,zh-CN,黑之召唤士,《黑之召唤士》改编自同名轻小说。召唤士少年凯尔文在异世界的冒险。作品以异世界、战斗与热血为特色，凯尔文的召唤能力与冒险充满看点，动画的战斗场面华丽，是一部标准的异世界作品。动作设计与演出张力俱佳，随着剧情推进，主角面对的敌人越来越强，战斗方式与自身局限的突破层层升级，配乐与画面配合出色，将热血少年向作品应有的爽快感与成长感都演绎得十分到位。整体而言，该作在题材表达与情感渲染上均有可取之处，剧情张弛有度，角色令人印象深刻，是一部完成度较高、值得推荐的作品。
2058,primary,zh-CN,武藏野！,《武藏野！》是短篇动画，讲述武藏野的日常。作品以地域、搞笑与日常为特色，动画篇幅短小、氛围轻松，在轻松的日常中展现武藏野的生活，是一部轻松解压的泡面番。作品没有强烈的戏剧冲突，却以细腻的笔触捕捉日常中的微小幸福，角色的喜怒哀乐真实可感，在平实的叙述中悄然传递着生活的温度，适合在忙碌之余放松心情慢慢欣赏。整体而言，该作在题材表达与情感渲染上均有可取之处，剧情张弛有度，角色令人印象深刻，是一部完成度较高、值得推荐的作品。
2059,primary,zh-CN,组长女儿与照料专员,《组长女儿与照料专员》改编自同名漫画。极道组长的女儿与照料专员。作品以搞笑、日常与温馨为特色，照料专员与大小姐的互动充满笑料，动画的氛围轻松，是一部让人捧腹的作品。作品没有强烈的戏剧冲突，却以细腻的笔触捕捉日常中的微小幸福，角色的喜怒哀乐真实可感，在平实的叙述中悄然传递着生活的温度，适合在忙碌之余放松心情慢慢欣赏。整体而言，该作在题材表达与情感渲染上均有可取之处，剧情张弛有度，角色令人印象深刻，是一部完成度较高、值得推荐的作品。
2060,primary,zh-CN,神渣☆爱豆,《神渣☆爱豆》改编自同名漫画。神级美少年爱豆与幽灵的物语。作品以偶像、搞笑与日常为特色，偶像的反差与幽灵的互动充满笑料，动画的氛围轻松，是一部欢乐的作品。画风清新、节奏舒缓，人物之间的相处自然而温暖，那些平凡琐碎的片段在动画的演绎下变得闪闪发光，传递出一种治愈人心的宁静力量，是治愈系爱好者不容错过的作品。整体而言，该作在题材表达与情感渲染上均有可取之处，剧情张弛有度，角色令人印象深刻，是一部完成度较高、值得推荐的作品。
2061,primary,zh-CN,绽放的阿尔斯诺特利亚,《绽放的阿尔斯诺特利亚》改编自同名游戏。少女们在魔法学园的物语。作品以奇幻、日常与群像为特色，动画的氛围轻松，少女们的学园生活充满萌点，是游戏改编动画的作品。作品没有强烈的戏剧冲突，却以细腻的笔触捕捉日常中的微小幸福，角色的喜怒哀乐真实可感，在平实的叙述中悄然传递着生活的温度，适合在忙碌之余放松心情慢慢欣赏。整体而言，该作在题材表达与情感渲染上均有可取之处，剧情张弛有度，角色令人印象深刻，是一部完成度较高、值得推荐的作品。
2062,primary,zh-CN,新来的女佣有点怪,《新来的女佣有点怪》改编自同名漫画。少年与谜之女佣的日常。作品以恋爱、日常与搞笑为特色，女佣的怪异与少年的反应充满萌点，动画的氛围轻松，是一部欢乐的作品。角色间的互动刻画得细腻自然，那些欲言又止的心意、别扭又真诚的靠近都真实而动人，情感线与日常情节交织，让观众在会心一笑与怦然心动之间反复横跳，是一部让人回味无穷的恋爱物语。整体而言，该作在题材表达与情感渲染上均有可取之处，剧情张弛有度，角色令人印象深刻，是一部完成度较高、值得推荐的作品。
2063,primary,zh-CN,转生贤者的异世界生活～取得第二职业，成为世界最强～,《转生贤者的异世界生活～取得第二职业，成为世界最强～》改编自同名轻小说。转生贤者在异世界的冒险。作品以异世界、战斗与轻松冒险为特色，贤者的强大充满看点，动画的氛围轻松，是一部标准的异世界作品。动作设计与演出张力俱佳，随着剧情推进，主角面对的敌人越来越强，战斗方式与自身局限的突破层层升级，配乐与画面配合出色，将热血少年向作品应有的爽快感与成长感都演绎得十分到位。整体而言，该作在题材表达与情感渲染上均有可取之处，剧情张弛有度，角色令人印象深刻，是一部完成度较高、值得推荐的作品。
2064,primary,zh-CN,极限之心,《极限之心》是原创动画，讲述在极限运动与AI的物语。少年与AI搭档在极限运动中的成长，作品以竞技、科幻与群像为特色，动画的氛围热血，是一部风格新颖的作品。动作设计与演出张力俱佳，随着剧情推进，主角面对的敌人越来越强，战斗方式与自身局限的突破层层升级，配乐与画面配合出色，将热血少年向作品应有的爽快感与成长感都演绎得十分到位。整体而言，该作在题材表达与情感渲染上均有可取之处，剧情张弛有度，角色令人印象深刻，是一部完成度较高、值得推荐的作品。
2065,primary,zh-CN,BanG Dream! Morfonication,《BanG Dream! Morfonication》是《BanG Dream!》的动画，乐队Morfonica的物语。本作围绕乐队成员们的羁绊展开，作品以音乐、青春与群像为特色，动画的歌曲动人，是BanG Dream企划的作品。歌舞演出的画面制作精良，每一首歌都与角色心境和剧情推进紧密呼应，少女们在聚光灯下的闪耀与幕后流下的汗水同样动人，传递出追逐梦想、不懈努力的正能量，感染力十足。整体而言，该作在题材表达与情感渲染上均有可取之处，剧情张弛有度，角色令人印象深刻，是一部完成度较高、值得推荐的作品。
2066,primary,zh-CN,租借女友 第二季,《租借女友 第二季》延续第一季，和也与千鹤的恋爱继续。本作两人的关系进一步发展，作品以恋爱、搞笑与日常为特色，动画的氛围轻松，是租借女友系列的续作。作品在甜蜜之余也保留了青春特有的青涩与迷茫，主角在感情中的成长与抉择贯穿始终，配乐温润、画面明丽，将恋爱中的忐忑、欢喜与遗憾都拿捏得恰到好处，适合慢慢品味。整体而言，该作在题材表达与情感渲染上均有可取之处，剧情张弛有度，角色令人印象深刻，是一部完成度较高、值得推荐的作品。
2067,primary,zh-CN,欢迎来到实力至上主义的教室 第二季,《欢迎来到实力至上主义的教室 第二季》延续第一季，绫小路清隆的智斗继续。本作清隆在学园中的博弈进一步展开，作品以学园、智斗与群像为特色，动画的氛围冷静，是实力至上主义教室系列的续作。校园日常的描写真实而鲜活，社团活动、考试与朋友间的嬉闹构成了鲜活的青春图景，角色们在欢笑与烦恼中逐渐成长，轻松的氛围中蕴含着对友情与梦想的珍视，观感舒适亲切。整体而言，该作在题材表达与情感渲染上均有可取之处，剧情张弛有度，角色令人印象深刻，是一部完成度较高、值得推荐的作品。
2068,primary,zh-CN,邪神与厨二病少女 X,《邪神与厨二病少女 X》延续系列，邪神酱与花园百合铃的日常继续。本作邪神酱的恶搞与百合铃的暴力依旧充满笑料，作品以搞笑、日常与魔界为特色，动画的氛围轻松，是一部让人捧腹的日常喜剧。作品没有强烈的戏剧冲突，却以细腻的笔触捕捉日常中的微小幸福，角色的喜怒哀乐真实可感，在平实的叙述中悄然传递着生活的温度，适合在忙碌之余放松心情慢慢欣赏。整体而言，该作在题材表达与情感渲染上均有可取之处，剧情张弛有度，角色令人印象深刻，是一部完成度较高、值得推荐的作品。
2069,primary,zh-CN,继母的拖油瓶是我的前女友,《继母的拖油瓶是我的前女友》改编自同名轻小说。成为继兄妹的前情侣的物语。作品以恋爱、搞笑与日常为特色，前情侣的互动充满笑料，动画的氛围轻松，是一部欢乐的恋爱作品。作品在甜蜜之余也保留了青春特有的青涩与迷茫，主角在感情中的成长与抉择贯穿始终，配乐温润、画面明丽，将恋爱中的忐忑、欢喜与遗憾都拿捏得恰到好处，适合慢慢品味。整体而言，该作在题材表达与情感渲染上均有可取之处，剧情张弛有度，角色令人印象深刻，是一部完成度较高、值得推荐的作品。
2070,primary,zh-CN,金装的维尔梅～濒临堕落的魔法师和最强的灾厄一起冲入魔法世界～,《金装的维尔梅～濒临堕落的魔法师和最强的灾厄一起冲入魔法世界～》改编自同名漫画。魔法师少年与魔导书的物语。作品以奇幻、战斗与后宫为特色，少年与魔导书的契约充满看点，动画的氛围轻松，是一部标准的轻改作品。动作设计与演出张力俱佳，随着剧情推进，主角面对的敌人越来越强，战斗方式与自身局限的突破层层升级，配乐与画面配合出色，将热血少年向作品应有的爽快感与成长感都演绎得十分到位。整体而言，该作在题材表达与情感渲染上均有可取之处，剧情张弛有度，角色令人印象深刻，是一部完成度较高、值得推荐的作品。
2071,primary,zh-CN,剧场版 刀剑神域 进击篇 无星之夜的咏叹调,《剧场版 刀剑神域 进击篇 无星之夜的咏叹调》是《刀剑神域》的剧场版，桐人与亚丝娜的相遇。本作围绕进击篇的篇章展开，作品以科幻、战斗与羁绊为主题，动画的战斗场面华丽，是SAO系列的剧场版。动画的节奏把控张弛有度，战斗场面的分镜与作画都相当扎实，主角在与强敌的较量中不断突破自我，和同伴之间建立的信任与羁绊也为剧情增添了温度，热血与感动并存，值得一看。整体而言，该作在题材表达与情感渲染上均有可取之处，剧情张弛有度，角色令人印象深刻，是一部完成度较高、值得推荐的作品。
2072,primary,zh-CN,BanG Dream! FILM LIVE 2nd Stage,《BanG Dream! FILM LIVE 2nd Stage》是《BanG Dream!》的剧场版，少女们的现场演出。本作以演唱会的live为主，作品以音乐、青春与群像为特色，动画的演出场面华丽，是BanG Dream企划的剧场版。角色的个性塑造鲜明，舞台上的自信与生活中的可爱形成反差，团队协作与个人成长双线并进，歌舞编排赏心悦目，让观众既能享受视听盛宴，也能为少女们的梦想与坚持而感动。整体而言，该作在题材表达与情感渲染上均有可取之处，剧情张弛有度，角色令人印象深刻，是一部完成度较高、值得推荐的作品。
2073,primary,zh-CN,扶桑花之舞,《扶桑花之舞》是剧场版动画，讲述少女在夏威夷的物语。少女在夏威夷的舞蹈与成长，作品以舞蹈、青春与治愈为主题，动画的画面精美，少女的成长令人动容，是一部温馨的作品。作品没有强烈的戏剧冲突，却以细腻的笔触捕捉日常中的微小幸福，角色的喜怒哀乐真实可感，在平实的叙述中悄然传递着生活的温度，适合在忙碌之余放松心情慢慢欣赏。整体而言，该作在题材表达与情感渲染上均有可取之处，剧情张弛有度，角色令人印象深刻，是一部完成度较高、值得推荐的作品。
2074,primary,zh-CN,惑星公主蜥蜴骑士,《惑星公主蜥蜴骑士》改编自同名漫画。少年与蜥蜴骑士的物语。作品以奇幻、战斗与群像为特色，动画的氛围独特，少年的冒险充满张力，是一部风格新颖的作品。动画的节奏把控张弛有度，战斗场面的分镜与作画都相当扎实，主角在与强敌的较量中不断突破自我，和同伴之间建立的信任与羁绊也为剧情增添了温度，热血与感动并存，值得一看。整体而言，该作在题材表达与情感渲染上均有可取之处，剧情张弛有度，角色令人印象深刻，是一部完成度较高、值得推荐的作品。
2075,primary,zh-CN,水星领航员 The BENEDIZIONE,《水星领航员 The BENEDIZIONE》是《水星领航员》的剧场版，水之星的领航员们。本作围绕领航员们的日常与传承展开，作品以治愈、日常与群像为特色，动画的氛围宁静优雅，是水星领航员系列的剧场版。画风清新、节奏舒缓，人物之间的相处自然而温暖，那些平凡琐碎的片段在动画的演绎下变得闪闪发光，传递出一种治愈人心的宁静力量，是治愈系爱好者不容错过的作品。整体而言，该作在题材表达与情感渲染上均有可取之处，剧情张弛有度，角色令人印象深刻，是一部完成度较高、值得推荐的作品。
2076,primary,zh-CN,冰冰冰淇淋君 第二季,《冰冰冰淇淋君 第二季》延续第一季，冰淇淋角色们的日常继续。作品以萌系、搞笑与治愈为特色，动画画风可爱、篇幅短小，在轻松的日常中展现冰淇淋们的互动，是一部轻松解压的泡面番。作品没有强烈的戏剧冲突，却以细腻的笔触捕捉日常中的微小幸福，角色的喜怒哀乐真实可感，在平实的叙述中悄然传递着生活的温度，适合在忙碌之余放松心情慢慢欣赏。整体而言，该作在题材表达与情感渲染上均有可取之处，剧情张弛有度，角色令人印象深刻，是一部完成度较高、值得推荐的作品。
2077,primary,zh-CN,森林里的熊先生、冬眠中。,《森林里的熊先生、冬眠中。》是短篇动画，讲述熊先生与少年的物语。作品以恋爱、BL与奇幻为特色，动画的氛围暧昧，两人的互动充满张力，是面向成人的BL作品。角色间的互动刻画得细腻自然，那些欲言又止的心意、别扭又真诚的靠近都真实而动人，情感线与日常情节交织，让观众在会心一笑与怦然心动之间反复横跳，是一部让人回味无穷的恋爱物语。整体而言，该作在题材表达与情感渲染上均有可取之处，剧情张弛有度，角色令人印象深刻，是一部完成度较高、值得推荐的作品。
2078,primary,zh-CN,风都侦探,《风都侦探》是《假面骑士W》的动画，侦探们在风都的调查。本作围绕风都的谜之事件展开，作品以侦探、动作(与特摄为特色，动画的氛围独特，侦探们的行动充满张力，是假面骑士系列的衍生动画。悬疑氛围铺垫扎实，人物之间暗流涌动的博弈与隐藏的秘密交织出复杂的叙事网络，叙事节奏收放自如，高潮部分的揭示震撼有力，看完之后依然值得反复回味其中的细节。整体而言，该作在题材表达与情感渲染上均有可取之处，剧情张弛有度，角色令人印象深刻，是一部完成度较高、值得推荐的作品。
2079,primary,zh-CN,团团奇米莫,《团团奇米莫》是短篇动画，讲述谜之生物奇米莫的日常。作品以萌系、搞笑与治愈为特色，动画画风可爱、篇幅短小，在轻松的日常中展现奇米莫的互动，是一部轻松解压的泡面番。作品没有强烈的戏剧冲突，却以细腻的笔触捕捉日常中的微小幸福，角色的喜怒哀乐真实可感，在平实的叙述中悄然传递着生活的温度，适合在忙碌之余放松心情慢慢欣赏。整体而言，该作在题材表达与情感渲染上均有可取之处，剧情张弛有度，角色令人印象深刻，是一部完成度较高、值得推荐的作品。
2080,primary,zh-CN,石纪元 龙水,《石纪元 龙水》是《石纪元》的OVA，千空的科学复兴番外。本作以轻松的日常为主，作品以科学、冒险与热血为特色，动画的氛围轻松，是石纪元系列的番外作品。动画的节奏把控张弛有度，战斗场面的分镜与作画都相当扎实，主角在与强敌的较量中不断突破自我，和同伴之间建立的信任与羁绊也为剧情增添了温度，热血与感动并存，值得一看。整体而言，该作在题材表达与情感渲染上均有可取之处，剧情张弛有度，角色令人印象深刻，是一部完成度较高、值得推荐的作品。
2081,primary,zh-CN,电影 奇巧计程车 扑朔谜林,《电影 奇巧计程车 扑朔谜林》是《奇巧计程车》的剧场版，小户川的物语。本作围绕扑朔谜林的篇章展开，作品以悬疑、都市与群像为特色，动画的氛围独特，是奇巧计程车系列的剧场版。悬疑氛围铺垫扎实，人物之间暗流涌动的博弈与隐藏的秘密交织出复杂的叙事网络，叙事节奏收放自如，高潮部分的揭示震撼有力，看完之后依然值得反复回味其中的细节。整体而言，该作在题材表达与情感渲染上均有可取之处，剧情张弛有度，角色令人印象深刻，是一部完成度较高、值得推荐的作品。
2082,primary,zh-CN,境界的彼方 -I'LL BE HERE- 未来篇,《境界的彼方 -I'LL BE HERE- 未来篇》是《境界的彼方》的剧场版，栗山未来的物语。本作围绕未来的篇章展开，作品以奇幻、战斗与恋爱为特色，动画的战斗场面华丽，是境界的彼方系列的剧场版。动作设计与演出张力俱佳，随着剧情推进，主角面对的敌人越来越强，战斗方式与自身局限的突破层层升级，配乐与画面配合出色，将热血少年向作品应有的爽快感与成长感都演绎得十分到位。整体而言，该作在题材表达与情感渲染上均有可取之处，剧情张弛有度，角色令人印象深刻，是一部完成度较高、值得推荐的作品。
2083,primary,zh-CN,德凯奥特曼,《德凯奥特曼》是奥特曼系列的TV动画，奥特战士德凯的战斗。本作围绕德凯与地球防卫队的物语展开，作品以特摄、战斗与热血为特色，动画的战斗场面华丽，是奥特曼系列的续作。动画的节奏把控张弛有度，战斗场面的分镜与作画都相当扎实，主角在与强敌的较量中不断突破自我，和同伴之间建立的信任与羁绊也为剧情增添了温度，热血与感动并存，值得一看。整体而言，该作在题材表达与情感渲染上均有可取之处，剧情张弛有度，角色令人印象深刻，是一部完成度较高、值得推荐的作品。
2084,primary,zh-CN,境界的彼方 -I'LL BE HERE- 过去篇,《境界的彼方 -I'LL BE HERE- 过去篇》是《境界的彼方》的剧场版，过去的物语。本作回顾过去的剧情，作品以奇幻、战斗与恋爱为特色，动画的战斗场面华丽，是境界的彼方系列的剧场版。动作设计与演出张力俱佳，随着剧情推进，主角面对的敌人越来越强，战斗方式与自身局限的突破层层升级，配乐与画面配合出色，将热血少年向作品应有的爽快感与成长感都演绎得十分到位。整体而言，该作在题材表达与情感渲染上均有可取之处，剧情张弛有度，角色令人印象深刻，是一部完成度较高、值得推荐的作品。
2085,primary,zh-CN,机动战士高达 水星的魔女,《机动战士高达 水星的魔女》是高达系列动画，少女斯莱塔的战斗。本作围绕水星的魔女与学园的纷争展开，作品以机战、热血与群像为特色，动画的战斗场面华丽，是高达系列的新篇章。动作设计与演出张力俱佳，随着剧情推进，主角面对的敌人越来越强，战斗方式与自身局限的突破层层升级，配乐与画面配合出色，将热血少年向作品应有的爽快感与成长感都演绎得十分到位。整体而言，该作在题材表达与情感渲染上均有可取之处，剧情张弛有度，角色令人印象深刻，是一部完成度较高、值得推荐的作品。
2086,primary,zh-CN,来自深渊 漂泊之黄昏,《来自深渊 漂泊之黄昏》是《来自深渊》的剧场版总集篇，莉可与雷古的冒险重新编排。本作回顾第二季的剧情，作品以冒险、奇幻与黑暗为主题，动画的画面精美，是来自深渊系列的剧场版。世界观设定丰富而自成体系，随着冒险推进，更多奇妙的种族、地点与力量体系逐一展开，角色们在旅途中收获成长与羁绊，画面与配乐共同营造出充满想象力的奇幻氛围，令人沉浸其中。整体而言，该作在题材表达与情感渲染上均有可取之处，剧情张弛有度，角色令人印象深刻，是一部完成度较高、值得推荐的作品。
2087,primary,zh-CN,佐佐木与宫野 OVA,《佐佐木与宫野 OVA》是《佐佐木与宫野》的OVA，两人的恋爱番外。本作以轻松的日常为主，作品以BL恋爱、日常与治愈为特色，动画的氛围温暖，是佐佐木与宫野系列的番外作品。作品在甜蜜之余也保留了青春特有的青涩与迷茫，主角在感情中的成长与抉择贯穿始终，配乐温润、画面明丽，将恋爱中的忐忑、欢喜与遗憾都拿捏得恰到好处，适合慢慢品味。整体而言，该作在题材表达与情感渲染上均有可取之处，剧情张弛有度，角色令人印象深刻，是一部完成度较高、值得推荐的作品。
2088,primary,zh-CN,关于养猫我一直是新手,《关于养猫我一直是新手》改编自同名漫画，讲述新手养猫的日常。作品以萌宠、日常与治愈为特色，猫咪的可爱与养猫的趣事充满温馨，动画画风软萌、氛围温暖，是一部治愈系的作品。作品没有强烈的戏剧冲突，却以细腻的笔触捕捉日常中的微小幸福，角色的喜怒哀乐真实可感，在平实的叙述中悄然传递着生活的温度，适合在忙碌之余放松心情慢慢欣赏。整体而言，该作在题材表达与情感渲染上均有可取之处，剧情张弛有度，角色令人印象深刻，是一部完成度较高、值得推荐的作品。
2089,primary,zh-CN,狂赌之渊 双,《狂赌之渊 双》是《狂赌之渊》的前传，讲述梦子之前的物语。本作围绕早乙女芽亚里的过去展开，作品以赌博、心理战与疯狂为特色，动画的氛围诡异，是狂赌之渊系列的前传。剧情层层递进、伏笔密布，随着线索的不断拼合，真相逐渐浮出水面，每一次反转都在意料之外又情理之中，细节经得起推敲，氛围营造到位，是喜欢烧脑故事的观众不可错过之作。整体而言，该作在题材表达与情感渲染上均有可取之处，剧情张弛有度，角色令人印象深刻，是一部完成度较高、值得推荐的作品。
2090,primary,zh-CN,RE:cycle of the PENGUINDRUM [前篇] 你的列车是生存战略,《RE:cycle of the PENGUINDRUM [前篇] 你的列车是生存战略》是《回转企鹅罐》的剧场版，少年们的物语。本作围绕生存战略的篇章展开，作品以奇幻、悬疑与群像为特色，动画的氛围独特，是回转企鹅罐系列的剧场版。悬疑氛围铺垫扎实，人物之间暗流涌动的博弈与隐藏的秘密交织出复杂的叙事网络，叙事节奏收放自如，高潮部分的揭示震撼有力，看完之后依然值得反复回味其中的细节。整体而言，该作在题材表达与情感渲染上均有可取之处，剧情张弛有度，角色令人印象深刻，是一部完成度较高、值得推荐的作品。
2091,primary,zh-CN,世界末日柴犬为伴,《世界末日柴犬为伴》是短篇动画，讲述世界末日后与柴犬的日常。作品以治愈、萌宠与日常为特色，动画画风软萌、氛围宁静，在轻松的故事中展现温馨，是一部治愈系的作品。作品没有强烈的戏剧冲突，却以细腻的笔触捕捉日常中的微小幸福，角色的喜怒哀乐真实可感，在平实的叙述中悄然传递着生活的温度，适合在忙碌之余放松心情慢慢欣赏。整体而言，该作在题材表达与情感渲染上均有可取之处，剧情张弛有度，角色令人印象深刻，是一部完成度较高、值得推荐的作品。
2092,primary,zh-CN,BLUE THERMAL,《BLUE THERMAL》是剧场版动画，讲述少女在飞行中的物语。少女在飞行俱乐部中的成长，作品以青春、治愈与群像为主题，动画的画面精美，少女的成长令人动容，是一部温馨的作品。作品没有强烈的戏剧冲突，却以细腻的笔触捕捉日常中的微小幸福，角色的喜怒哀乐真实可感，在平实的叙述中悄然传递着生活的温度，适合在忙碌之余放松心情慢慢欣赏。整体而言，该作在题材表达与情感渲染上均有可取之处，剧情张弛有度，角色令人印象深刻，是一部完成度较高、值得推荐的作品。
2093,primary,zh-CN,外之国的少女,《外之国的少女》是剧场版动画，讲述少女与老师物语。在外之国与异形共存的世界中，少女与老师的日常，作品以奇幻、治愈与黑暗为主题，动画的画面精美，是一部充满诗意的作品。画风清新、节奏舒缓，人物之间的相处自然而温暖，那些平凡琐碎的片段在动画的演绎下变得闪闪发光，传递出一种治愈人心的宁静力量，是治愈系爱好者不容错过的作品。整体而言，该作在题材表达与情感渲染上均有可取之处，剧情张弛有度，角色令人印象深刻，是一部完成度较高、值得推荐的作品。
2094,primary,zh-CN,Fate/Grand Order -终局特异点 冠位时间神殿所罗门-,《Fate/Grand Order -终局特异点 冠位时间神殿所罗门-》是FGO系列的剧场版，藤丸立香的最终决战。本作围绕冠位时间神殿展开，作品以Fate世界观、战斗与群像为特色，动画的战斗场面华丽，是FGO系列的重要作品。动作设计与演出张力俱佳，随着剧情推进，主角面对的敌人越来越强，战斗方式与自身局限的突破层层升级，配乐与画面配合出色，将热血少年向作品应有的爽快感与成长感都演绎得十分到位。整体而言，该作在题材表达与情感渲染上均有可取之处，剧情张弛有度，角色令人印象深刻，是一部完成度较高、值得推荐的作品。
2095,primary,zh-CN,D4DJ Double Mix,《D4DJ Double Mix》是D4DJ企划的动画，DJ少女们的物语。本作围绕新的篇章展开，作品以音乐、青春与群像为特色，动画的歌曲动人，是D4DJ企划的动画。歌舞演出的画面制作精良，每一首歌都与角色心境和剧情推进紧密呼应，少女们在聚光灯下的闪耀与幕后流下的汗水同样动人，传递出追逐梦想、不懈努力的正能量，感染力十足。整体而言，该作在题材表达与情感渲染上均有可取之处，剧情张弛有度，角色令人印象深刻，是一部完成度较高、值得推荐的作品。
2096,primary,zh-CN,赛博浪客,《赛博浪客》是《赛博朋克2077》的动画，讲述少年在夜之城的物语。少年大卫在赛博朋克世界中的成长与堕落，作品以科幻、战斗与悲壮为主题，动画的制作精良，大卫的命运令人动容，是现象级的作品。动作设计与演出张力俱佳，随着剧情推进，主角面对的敌人越来越强，战斗方式与自身局限的突破层层升级，配乐与画面配合出色，将热血少年向作品应有的爽快感与成长感都演绎得十分到位。整体而言，该作在题材表达与情感渲染上均有可取之处，剧情张弛有度，角色令人印象深刻，是一部完成度较高、值得推荐的作品。
2097,primary,zh-CN,四叠半时光机布鲁斯,《四叠半时光机布鲁斯》是《四叠半神话大系》的剧场版，讲述时间旅行的物语。本作围绕时光机的篇章展开，作品以青春、奇幻与群像为特色，动画的氛围独特，是四叠半系列的剧场版。世界观设定丰富而自成体系，随着冒险推进，更多奇妙的种族、地点与力量体系逐一展开，角色们在旅途中收获成长与羁绊，画面与配乐共同营造出充满想象力的奇幻氛围，令人沉浸其中。整体而言，该作在题材表达与情感渲染上均有可取之处，剧情张弛有度，角色令人印象深刻，是一部完成度较高、值得推荐的作品。
2098,primary,zh-CN,剧场版 BanG Dream! Poppin'Dream！,《剧场版 BanG Dream! Poppin'Dream！》是《BanG Dream!》的剧场版，Poppin'Party的物语。本作围绕乐队成员们的梦想展开，作品以音乐、青春与群像为特色，动画的歌曲动人，是BanG Dream企划的剧场版。歌舞演出的画面制作精良，每一首歌都与角色心境和剧情推进紧密呼应，少女们在聚光灯下的闪耀与幕后流下的汗水同样动人，传递出追逐梦想、不懈努力的正能量，感染力十足。
2099,primary,zh-CN,剧场版 咒术回战 0,《剧场版 咒术回战 0》是《咒术回战》的前传剧场版，乙骨忧太的物语。本作围绕乙骨与诅咒的物语展开，作品以战斗、热血与群像为主题，动画的战斗场面华丽，是咒术回战系列的重要作品。动作设计与演出张力俱佳，随着剧情推进，主角面对的敌人越来越强，战斗方式与自身局限的突破层层升级，配乐与画面配合出色，将热血少年向作品应有的爽快感与成长感都演绎得十分到位。整体而言，该作在题材表达与情感渲染上均有可取之处，剧情张弛有度，角色令人印象深刻，是一部完成度较高、值得推荐的作品。
2100,primary,zh-CN,因为是反派大小姐所以养了魔王,《因为是反派大小姐所以养了魔王》改编自同名轻小说。转生为反派大小姐的少女收养魔王。作品以异世界、恋爱与搞笑为特色，反派大小姐与魔王的互动充满萌点，动画的氛围轻松，是一部欢乐的作品。角色间的互动刻画得细腻自然，那些欲言又止的心意、别扭又真诚的靠近都真实而动人，情感线与日常情节交织，让观众在会心一笑与怦然心动之间反复横跳，是一部让人回味无穷的恋爱物语。整体而言，该作在题材表达与情感渲染上均有可取之处，剧情张弛有度，角色令人印象深刻，是一部完成度较高、值得推荐的作品。
2101,primary,zh-CN,机动战士高达 水星的魔女 PROLOGUE,《机动战士高达 水星的魔女 PROLOGUE》是《机动战士高达 水星的魔女》的前传，少女的物语。本作围绕水星的魔女的前日谭展开，作品以机战、热血与群像为特色，动画的战斗场面华丽，是高达系列的剧场版。动画的节奏把控张弛有度，战斗场面的分镜与作画都相当扎实，主角在与强敌的较量中不断突破自我，和同伴之间建立的信任与羁绊也为剧情增添了温度，热血与感动并存，值得一看。整体而言，该作在题材表达与情感渲染上均有可取之处，剧情张弛有度，角色令人印象深刻，是一部完成度较高、值得推荐的作品。
2102,primary,zh-CN,漂流家园,《漂流家园》是剧场版动画，讲述少年少女们在漂流中的物语。少年们在漂流的公寓中的冒险，作品以冒险、青春与群像为主题，动画的画面精美，少年们的成长令人动容，是一部温馨的作品。画风清新、节奏舒缓，人物之间的相处自然而温暖，那些平凡琐碎的片段在动画的演绎下变得闪闪发光，传递出一种治愈人心的宁静力量，是治愈系爱好者不容错过的作品。整体而言，该作在题材表达与情感渲染上均有可取之处，剧情张弛有度，角色令人印象深刻，是一部完成度较高、值得推荐的作品。
2103,primary,zh-CN,转生成为魔剑,《转生成为魔剑》改编自同名轻小说。转生为魔剑的主人公与猫人的冒险。作品以异世界、战斗与轻松冒险为特色，魔剑与猫人的搭档充满看点，动画的氛围轻松，是一部欢乐的作品。动作设计与演出张力俱佳，随着剧情推进，主角面对的敌人越来越强，战斗方式与自身局限的突破层层升级，配乐与画面配合出色，将热血少年向作品应有的爽快感与成长感都演绎得十分到位。整体而言，该作在题材表达与情感渲染上均有可取之处，剧情张弛有度，角色令人印象深刻，是一部完成度较高、值得推荐的作品。
2104,primary,zh-CN,后宫之乌,《后宫之乌》改编自同名小说。孤独的后宫贵妃乌与皇帝的故事。作品以奇幻、恋爱与宫廷为特色，动画的氛围华丽，乌的能力与皇帝的羁绊充满魅力，是一部风格独特的作品。角色间的互动刻画得细腻自然，那些欲言又止的心意、别扭又真诚的靠近都真实而动人，情感线与日常情节交织，让观众在会心一笑与怦然心动之间反复横跳，是一部让人回味无穷的恋爱物语。整体而言，该作在题材表达与情感渲染上均有可取之处，剧情张弛有度，角色令人印象深刻，是一部完成度较高、值得推荐的作品。
2105,primary,zh-CN,鹿王 尤娜与约定之旅,《鹿王 尤娜与约定之旅》是剧场版动画，讲述少女尤娜的物语。少女与鹿王的约定之旅，作品以奇幻、冒险与治愈为主题，动画的画面精美，尤娜的旅程充满温暖，是一部温馨的作品。画风清新、节奏舒缓，人物之间的相处自然而温暖，那些平凡琐碎的片段在动画的演绎下变得闪闪发光，传递出一种治愈人心的宁静力量，是治愈系爱好者不容错过的作品。整体而言，该作在题材表达与情感渲染上均有可取之处，剧情张弛有度，角色令人印象深刻，是一部完成度较高、值得推荐的作品。
2106,primary,zh-CN,宇崎学妹想要玩！ω,《宇崎学妹想要玩！ω》延续系列，樱井与宇崎的日常继续。本作两人的互动进一步发展，作品以恋爱、搞笑与日常为特色，动画的氛围轻松，是宇崎学妹系列的续作。角色间的互动刻画得细腻自然，那些欲言又止的心意、别扭又真诚的靠近都真实而动人，情感线与日常情节交织，让观众在会心一笑与怦然心动之间反复横跳，是一部让人回味无穷的恋爱物语。整体而言，该作在题材表达与情感渲染上均有可取之处，剧情张弛有度，角色令人印象深刻，是一部完成度较高、值得推荐的作品。
2107,primary,zh-CN,忍者一时,《忍者一时》是原创动画，讲述少年在忍者世界的物语。少年一时在忍者家族的使命中成长，作品以忍者、战斗与群像为特色，动画的战斗场面华丽，一时的成长令人动容，是一部扎实的作品。动画的节奏把控张弛有度，战斗场面的分镜与作画都相当扎实，主角在与强敌的较量中不断突破自我，和同伴之间建立的信任与羁绊也为剧情增添了温度，热血与感动并存，值得一看。整体而言，该作在题材表达与情感渲染上均有可取之处，剧情张弛有度，角色令人印象深刻，是一部完成度较高、值得推荐的作品。
2108,primary,zh-CN,书虫公主,《书虫公主》改编自同名轻小说。爱书的公主的宫廷物语。作品以恋爱、宫廷与日常为特色，公主的智慧与书虫的设定充满魅力，动画的氛围华丽，是一部风格独特的作品。作品在甜蜜之余也保留了青春特有的青涩与迷茫，主角在感情中的成长与抉择贯穿始终，配乐温润、画面明丽，将恋爱中的忐忑、欢喜与遗憾都拿捏得恰到好处，适合慢慢品味。整体而言，该作在题材表达与情感渲染上均有可取之处，剧情张弛有度，角色令人印象深刻，是一部完成度较高、值得推荐的作品。
2109,primary,zh-CN,恋爱FLOPS,《恋爱FLOPS》是原创动画，讲述少年与少女们的恋爱。少年在谜之少女们的围绕中展开日常，作品以恋爱、搞笑与奇幻为特色，动画的氛围轻松，是一部欢乐的恋爱作品。角色间的互动刻画得细腻自然，那些欲言又止的心意、别扭又真诚的靠近都真实而动人，情感线与日常情节交织，让观众在会心一笑与怦然心动之间反复横跳，是一部让人回味无穷的恋爱物语。整体而言，该作在题材表达与情感渲染上均有可取之处，剧情张弛有度，角色令人印象深刻，是一部完成度较高、值得推荐的作品。
2110,primary,zh-CN,点满农民相关技能后，不知为何就变强了。,《点满农民相关技能后，不知为何就变强了。》改编自同名轻小说。点满农民技能的少年在异世界变强。作品以异世界、轻松冒险与搞笑为特色，主角的农民技能充满笑料，动画的氛围轻松，是一部欢乐的作品。作品没有强烈的戏剧冲突，却以细腻的笔触捕捉日常中的微小幸福，角色的喜怒哀乐真实可感，在平实的叙述中悄然传递着生活的温度，适合在忙碌之余放松心情慢慢欣赏。整体而言，该作在题材表达与情感渲染上均有可取之处，剧情张弛有度，角色令人印象深刻，是一部完成度较高、值得推荐的作品。
2111,primary,zh-CN,4个人各自有着自己的秘密,《4个人各自有着自己的秘密》改编自同名漫画。四名少女各自有着秘密的日常。作品以搞笑、日常与群像为特色，少女们的秘密与互动充满笑料，动画的氛围轻松，是一部让人捧腹的作品。画风清新、节奏舒缓，人物之间的相处自然而温暖，那些平凡琐碎的片段在动画的演绎下变得闪闪发光，传递出一种治愈人心的宁静力量，是治愈系爱好者不容错过的作品。整体而言，该作在题材表达与情感渲染上均有可取之处，剧情张弛有度，角色令人印象深刻，是一部完成度较高、值得推荐的作品。
2112,primary,zh-CN,少女手工,《少女手工》改编自同名漫画。少女们在手工部的物语。作品以日常、治愈与群像为特色，动画画风可爱、氛围轻松，少女们的手工活动充满温馨，是一部治愈系的作品。作品没有强烈的戏剧冲突，却以细腻的笔触捕捉日常中的微小幸福，角色的喜怒哀乐真实可感，在平实的叙述中悄然传递着生活的温度，适合在忙碌之余放松心情慢慢欣赏。整体而言，该作在题材表达与情感渲染上均有可取之处，剧情张弛有度，角色令人印象深刻，是一部完成度较高、值得推荐的作品。
2113,primary,zh-CN,链锯人,《链锯人》改编自同名漫画。少年电次与链锯恶魔波奇塔的物语。作品以战斗、热血与黑暗为主题，电次的生存与成长充满震撼，动画的制作精良，是近年来现象级的作品。动画的节奏把控张弛有度，战斗场面的分镜与作画都相当扎实，主角在与强敌的较量中不断突破自我，和同伴之间建立的信任与羁绊也为剧情增添了温度，热血与感动并存，值得一看。整体而言，该作在题材表达与情感渲染上均有可取之处，剧情张弛有度，角色令人印象深刻，是一部完成度较高、值得推荐的作品。
2114,primary,zh-CN,想要成为影之实力者！,《想要成为影之实力者！》改编自同名轻小说。少年希德在异世界中装成影之实力者。作品以异世界、战斗与搞笑为特色，希德的自我满足与误会充满笑料，动画的氛围轻松，是一部欢乐的作品。动作设计与演出张力俱佳，随着剧情推进，主角面对的敌人越来越强，战斗方式与自身局限的突破层层升级，配乐与画面配合出色，将热血少年向作品应有的爽快感与成长感都演绎得十分到位。整体而言，该作在题材表达与情感渲染上均有可取之处，剧情张弛有度，角色令人印象深刻，是一部完成度较高、值得推荐的作品。
2115,primary,zh-CN,间谍过家家 第2部分,《间谍过家家 第2部分》延续第一季，黄昏一家的日常继续。本作阿尼亚的校园生活与新的任务展开，作品以搞笑、家庭与间谍为特色，动画的氛围轻松，是现象级的作品。作品没有强烈的戏剧冲突，却以细腻的笔触捕捉日常中的微小幸福，角色的喜怒哀乐真实可感，在平实的叙述中悄然传递着生活的温度，适合在忙碌之余放松心情慢慢欣赏。整体而言，该作在题材表达与情感渲染上均有可取之处，剧情张弛有度，角色令人印象深刻，是一部完成度较高、值得推荐的作品。
2116,primary,zh-CN,JOJO的奇妙冒险 石之海 第2部分,《JOJO的奇妙冒险 石之海 第2部分》延续石之海，徐伦的战斗继续。本作徐伦在监狱中的替身对决进一步展开，作品以战斗、热血与替身为特色，动画的战斗场面华丽，是JOJO系列的重要篇章。动画的节奏把控张弛有度，战斗场面的分镜与作画都相当扎实，主角在与强敌的较量中不断突破自我，和同伴之间建立的信任与羁绊也为剧情增添了温度，热血与感动并存，值得一看。整体而言，该作在题材表达与情感渲染上均有可取之处，剧情张弛有度，角色令人印象深刻，是一部完成度较高、值得推荐的作品。
2117,primary,zh-CN,秋叶原冥途战争,《秋叶原冥途战争》是原创动画，讲述秋叶原女仆们的战斗。女仆们在秋叶原的争斗充满黑帮色彩，作品以搞笑、战斗与群像为特色，动画的氛围独特，是一部风格新颖的作品。动作设计与演出张力俱佳，随着剧情推进，主角面对的敌人越来越强，战斗方式与自身局限的突破层层升级，配乐与画面配合出色，将热血少年向作品应有的爽快感与成长感都演绎得十分到位。整体而言，该作在题材表达与情感渲染上均有可取之处，剧情张弛有度，角色令人印象深刻，是一部完成度较高、值得推荐的作品。
2118,primary,zh-CN,新人炼金术师的店铺经营,《新人炼金术师的店铺经营》改编自同名轻小说。新人炼金术师在异世界经营店铺。作品以异世界、日常与治愈为特色，炼金术师的店铺经营充满温馨，动画的氛围温暖，是一部治愈系的作品。作品没有强烈的戏剧冲突，却以细腻的笔触捕捉日常中的微小幸福，角色的喜怒哀乐真实可感，在平实的叙述中悄然传递着生活的温度，适合在忙碌之余放松心情慢慢欣赏。整体而言，该作在题材表达与情感渲染上均有可取之处，剧情张弛有度，角色令人印象深刻，是一部完成度较高、值得推荐的作品。
2119,primary,zh-CN,夫妇以上，恋人未满。,《夫妇以上，恋人未满。》改编自同名漫画。契约夫妇的恋爱物语。少年与少女在夫妇实习中的关系，作品以恋爱、日常与搞笑为特色，两人的互动充满萌点，动画的氛围轻松，是一部欢乐的恋爱作品。角色间的互动刻画得细腻自然，那些欲言又止的心意、别扭又真诚的靠近都真实而动人，情感线与日常情节交织，让观众在会心一笑与怦然心动之间反复横跳，是一部让人回味无穷的恋爱物语。整体而言，该作在题材表达与情感渲染上均有可取之处，剧情张弛有度，角色令人印象深刻，是一部完成度较高、值得推荐的作品。
2120,primary,zh-CN,被勇者队伍开除的驯兽师，邂逅最强种猫耳少女,《被勇者队伍开除的驯兽师，邂逅最强种猫耳少女》改编自同名轻小说。被开除的驯兽师与猫耳少女的冒险。作品以异世界、轻松冒险与萌系为特色，驯兽师与猫耳少女的搭档充满看点，动画的氛围轻松，是一部欢乐的作品。画风清新、节奏舒缓，人物之间的相处自然而温暖，那些平凡琐碎的片段在动画的演绎下变得闪闪发光，传递出一种治愈人心的宁静力量，是治愈系爱好者不容错过的作品。整体而言，该作在题材表达与情感渲染上均有可取之处，剧情张弛有度，角色令人印象深刻，是一部完成度较高、值得推荐的作品。
2121,primary,zh-CN,灵能百分百 第三季,《灵能百分百 第三季》延续系列，影山茂夫的成长迎来最终章。本作路人在灵能力与自我之间迎来最终抉择，作品以超能力、战斗与成长为主题，动画的战斗场面华丽，路人的成长令人动容，是极具深度的热血作品。动作设计与演出张力俱佳，随着剧情推进，主角面对的敌人越来越强，战斗方式与自身局限的突破层层升级，配乐与画面配合出色，将热血少年向作品应有的爽快感与成长感都演绎得十分到位。整体而言，该作在题材表达与情感渲染上均有可取之处，剧情张弛有度，角色令人印象深刻，是一部完成度较高、值得推荐的作品。
2122,primary,zh-CN,不道德公会,《不道德公会》改编自同名漫画。狩猎老手在公会中的搞笑日常。作品以搞笑、福利与日常为特色，老手的烦恼与少女们的互动充满笑料，动画的氛围轻松，是一部面向成人的搞笑作品。作品没有强烈的戏剧冲突，却以细腻的笔触捕捉日常中的微小幸福，角色的喜怒哀乐真实可感，在平实的叙述中悄然传递着生活的温度，适合在忙碌之余放松心情慢慢欣赏。整体而言，该作在题材表达与情感渲染上均有可取之处，剧情张弛有度，角色令人印象深刻，是一部完成度较高、值得推荐的作品。
2123,primary,zh-CN,黄金神威 第四季,《黄金神威 第四季》延续系列，杉元佐一在北海道的冒险继续。本作围绕黄金的争夺与新的展开，作品以冒险、美食与群像为特色，动画将北海道的自然与阿伊努文化描绘得细致，是黄金神威系列的续作。作品在幻想的外衣下探讨着真实的情感与抉择，主角的成长线扎实有力，与伙伴们的情谊在一次次考验中愈发深厚，冒险的紧张感与日常的温情交替呈现，故事层次丰富、后劲十足。整体而言，该作在题材表达与情感渲染上均有可取之处，剧情张弛有度，角色令人印象深刻，是一部完成度较高、值得推荐的作品。
2124,primary,zh-CN,呆萌酷男孩,《呆萌酷男孩》改编自同名漫画。四位酷帅的男生们的日常。作品以日常、搞笑与群像为特色，酷男孩们的呆萌反差充满萌点，动画的氛围轻松，是一部让人会心一笑的作品。作品没有强烈的戏剧冲突，却以细腻的笔触捕捉日常中的微小幸福，角色的喜怒哀乐真实可感，在平实的叙述中悄然传递着生活的温度，适合在忙碌之余放松心情慢慢欣赏。整体而言，该作在题材表达与情感渲染上均有可取之处，剧情张弛有度，角色令人印象深刻，是一部完成度较高、值得推荐的作品。
2125,primary,zh-CN,孤独摇滚！,《孤独摇滚！》改编自同名漫画。内向少女后藤一里在乐队中的成长。作品以音乐、青春与搞笑为特色，一里的社交恐惧与乐队的日常充满笑料，动画的氛围温暖，是现象级的音乐作品。作品没有强烈的戏剧冲突，却以细腻的笔触捕捉日常中的微小幸福，角色的喜怒哀乐真实可感，在平实的叙述中悄然传递着生活的温度，适合在忙碌之余放松心情慢慢欣赏。整体而言，该作在题材表达与情感渲染上均有可取之处，剧情张弛有度，角色令人印象深刻，是一部完成度较高、值得推荐的作品。
2126,primary,zh-CN,明日方舟：黎明前奏,《明日方舟：黎明前奏》改编自同名游戏。在感染者危机的世界，博士的物语。作品以科幻、战斗与群像为特色，动画的战斗场面华丽，是游戏改编动画的作品。动作设计与演出张力俱佳，随着剧情推进，主角面对的敌人越来越强，战斗方式与自身局限的突破层层升级，配乐与画面配合出色，将热血少年向作品应有的爽快感与成长感都演绎得十分到位。整体而言，该作在题材表达与情感渲染上均有可取之处，剧情张弛有度，角色令人印象深刻，是一部完成度较高、值得推荐的作品。
2127,primary,zh-CN,彼得·格里尔的贤者时间 Super Extra,《彼得·格里尔的贤者时间 Super Extra》延续系列，最强战士彼得在恋爱中的搞笑日常继续。作品以恋爱、搞笑与福利为特色，彼得的烦恼充满笑料，动画的氛围轻松，是面向成人的搞笑作品。角色间的互动刻画得细腻自然，那些欲言又止的心意、别扭又真诚的靠近都真实而动人，情感线与日常情节交织，让观众在会心一笑与怦然心动之间反复横跳，是一部让人回味无穷的恋爱物语。整体而言，该作在题材表达与情感渲染上均有可取之处，剧情张弛有度，角色令人印象深刻，是一部完成度较高、值得推荐的作品。
2128,primary,zh-CN,名侦探柯南：犯人犯泽先生,《名侦探柯南：犯人犯泽先生》是《名侦探柯南》的衍生搞笑动画，犯人犯泽的日常。作品以搞笑、恶搞与日常为特色，犯泽先生的行动充满笑料，动画的氛围轻松，是柯南系列的衍生作品。作品没有强烈的戏剧冲突，却以细腻的笔触捕捉日常中的微小幸福，角色的喜怒哀乐真实可感，在平实的叙述中悄然传递着生活的温度，适合在忙碌之余放松心情慢慢欣赏。整体而言，该作在题材表达与情感渲染上均有可取之处，剧情张弛有度，角色令人印象深刻，是一部完成度较高、值得推荐的作品。
2129,primary,zh-CN,Muv-Luv Alternative 第二季,《Muv-Luv Alternative 第二季》延续第一季，少年们的战斗继续。本作人类与BETA的战争进一步展开，作品以机战、战争与悲壮为主题，动画的氛围沉重，是Muv-Luv系列的续作。动作设计与演出张力俱佳，随着剧情推进，主角面对的敌人越来越强，战斗方式与自身局限的突破层层升级，配乐与画面配合出色，将热血少年向作品应有的爽快感与成长感都演绎得十分到位。整体而言，该作在题材表达与情感渲染上均有可取之处，剧情张弛有度，角色令人印象深刻，是一部完成度较高、值得推荐的作品。
2130,primary,zh-CN,入间同学入魔了 第三季,《入间同学入魔了 第三季》延续系列，善良少年入间的魔界学校日常继续。本作入间在魔界的成长与新的挑战展开，作品以搞笑、日常与魔界为特色，动画的氛围轻松，是一部欢乐的作品。作品没有强烈的戏剧冲突，却以细腻的笔触捕捉日常中的微小幸福，角色的喜怒哀乐真实可感，在平实的叙述中悄然传递着生活的温度，适合在忙碌之余放松心情慢慢欣赏。整体而言，该作在题材表达与情感渲染上均有可取之处，剧情张弛有度，角色令人印象深刻，是一部完成度较高、值得推荐的作品。
2131,primary,zh-CN,剑风传奇 黄金时代篇 MEMORIAL EDITION,《剑风传奇 黄金时代篇 MEMORIAL EDITION》是《剑风传奇》的剧场版，格斯与格里菲斯的物语。本作回顾黄金时代篇的剧情，作品以黑暗奇幻、残酷的战斗与深刻的主题著称，是漫画史上的杰作动画化。动画的节奏把控张弛有度，战斗场面的分镜与作画都相当扎实，主角在与强敌的较量中不断突破自我，和同伴之间建立的信任与羁绊也为剧情增添了温度，热血与感动并存，值得一看。整体而言，该作在题材表达与情感渲染上均有可取之处，剧情张弛有度，角色令人印象深刻，是一部完成度较高、值得推荐的作品。
2132,primary,zh-CN,死神 千年血战篇,《死神 千年血战篇》是《死神》的最终章，黑崎一护的战斗。本作围绕千年血战与友哈巴赫的威胁展开，作品以战斗、热血与群像为特色，动画的制作精良，是死神系列的完结篇。动作设计与演出张力俱佳，随着剧情推进，主角面对的敌人越来越强，战斗方式与自身局限的突破层层升级，配乐与画面配合出色，将热血少年向作品应有的爽快感与成长感都演绎得十分到位。整体而言，该作在题材表达与情感渲染上均有可取之处，剧情张弛有度，角色令人印象深刻，是一部完成度较高、值得推荐的作品。
2133,primary,zh-CN,致不灭的你 第二季,《致不灭的你 第二季》延续第一季，不死之身的少年的物语继续。本作少年在旅途中的成长与相遇进一步发展，作品以奇幻、治愈与悲壮为主题，动画的氛围沉重，是致不灭的你系列的续作。作品没有强烈的戏剧冲突，却以细腻的笔触捕捉日常中的微小幸福，角色的喜怒哀乐真实可感，在平实的叙述中悄然传递着生活的温度，适合在忙碌之余放松心情慢慢欣赏。整体而言，该作在题材表达与情感渲染上均有可取之处，剧情张弛有度，角色令人印象深刻，是一部完成度较高、值得推荐的作品。
2134,primary,zh-CN,永久少年 Eternal Boys,《永久少年 Eternal Boys》是原创动画，讲述大叔偶像的物语。中年大叔们组成偶像团体，作品以偶像、搞笑与群像为特色，大叔们的偶像之路充满笑料，动画的氛围温暖，是一部独特的作品。歌舞演出的画面制作精良，每一首歌都与角色心境和剧情推进紧密呼应，少女们在聚光灯下的闪耀与幕后流下的汗水同样动人，传递出追逐梦想、不懈努力的正能量，感染力十足。整体而言，该作在题材表达与情感渲染上均有可取之处，剧情张弛有度，角色令人印象深刻，是一部完成度较高、值得推荐的作品。
2135,primary,zh-CN,福星小子,《福星小子》是经典搞笑动画的重制版，拉姆与诸星的日常。本作重新演绎经典的物语，作品以搞笑、恋爱与日常为特色，动画的氛围欢乐，是经典作品的重新动画化。作品在甜蜜之余也保留了青春特有的青涩与迷茫，主角在感情中的成长与抉择贯穿始终，配乐温润、画面明丽，将恋爱中的忐忑、欢喜与遗憾都拿捏得恰到好处，适合慢慢品味。整体而言，该作在题材表达与情感渲染上均有可取之处，剧情张弛有度，角色令人印象深刻，是一部完成度较高、值得推荐的作品。
2136,primary,zh-CN,某天早上变成人头麦克风的我君的人生,《某天早上变成人头麦克风的我君的人生》是短篇动画，讲述变成人头麦克风的物语。作品以搞笑、日常与无厘头为特色，动画篇幅短小、笑点密集，是一部轻松解压的泡面番。作品没有强烈的戏剧冲突，却以细腻的笔触捕捉日常中的微小幸福，角色的喜怒哀乐真实可感，在平实的叙述中悄然传递着生活的温度，适合在忙碌之余放松心情慢慢欣赏。整体而言，该作在题材表达与情感渲染上均有可取之处，剧情张弛有度，角色令人印象深刻，是一部完成度较高、值得推荐的作品。
2137,primary,zh-CN,圣剑传说 玛娜传奇 -泪珠水晶-,《圣剑传说 玛娜传奇 -泪珠水晶-》改编自同名游戏。少年们在圣剑世界的冒险。作品以奇幻、冒险与战斗为特色，动画的战斗场面华丽，角色们的成长与羁绊贯穿始终，是游戏改编动画的作品。动画的节奏把控张弛有度，战斗场面的分镜与作画都相当扎实，主角在与强敌的较量中不断突破自我，和同伴之间建立的信任与羁绊也为剧情增添了温度，热血与感动并存，值得一看。整体而言，该作在题材表达与情感渲染上均有可取之处，剧情张弛有度，角色令人印象深刻，是一部完成度较高、值得推荐的作品。
2138,primary,zh-CN,蓝色监狱,《蓝色监狱》改编自同名漫画。在蓝色监狱的集训中，前锋们竞争最强的射手。作品以足球、生存与群像为特色，动画的氛围紧张，前锋们的竞争充满魄力，是现象级的运动作品。作品对竞技细节的还原相当用心，每一次攻防都充满张力，主角从青涩到成熟的成长轨迹真实可感，与队友和对手的羁绊贯穿始终，汗水与泪水交织出热血沸腾的青春物语。整体而言，该作在题材表达与情感渲染上均有可取之处，剧情张弛有度，角色令人印象深刻，是一部完成度较高、值得推荐的作品。
2139,primary,zh-CN,月野艺能 华彩原石,《月野艺能 华彩原石》改编自同名企划，少年们的偶像物语。作品以音乐、偶像与群像为特色，动画的氛围华丽，少年们的舞台演出充满魅力，是女性向偶像动画的作品。角色的个性塑造鲜明，舞台上的自信与生活中的可爱形成反差，团队协作与个人成长双线并进，歌舞编排赏心悦目，让观众既能享受视听盛宴，也能为少女们的梦想与坚持而感动。整体而言，该作在题材表达与情感渲染上均有可取之处，剧情张弛有度，角色令人印象深刻，是一部完成度较高、值得推荐的作品。
2140,primary,zh-CN,我的英雄学院 第六季,《我的英雄学院 第六季》延续系列，绿谷出久的英雄之路继续。本作围绕超常共存的战争展开，出久与A班的战斗迎来转折，作品以英雄、热血与成长为主题，动画的战斗场面华丽，出久的信念令人动容，是我的英雄学院系列的续作。动画的节奏把控张弛有度，战斗场面的分镜与作画都相当扎实，主角在与强敌的较量中不断突破自我，和同伴之间建立的信任与羁绊也为剧情增添了温度，热血与感动并存，值得一看。整体而言，该作在题材表达与情感渲染上均有可取之处，剧情张弛有度，角色令人印象深刻，是一部完成度较高、值得推荐的作品。
2141,primary,zh-CN,我家师傅没有尾巴,《我家师傅没有尾巴》改编自同名漫画。落语少女与狐妖的物语。作品以落语、日常与治愈为特色，少女在落语中的成长与师傅的互动充满温馨，动画的氛围温暖，是一部充满艺术气息的作品。画风清新、节奏舒缓，人物之间的相处自然而温暖，那些平凡琐碎的片段在动画的演绎下变得闪闪发光，传递出一种治愈人心的宁静力量，是治愈系爱好者不容错过的作品。整体而言，该作在题材表达与情感渲染上均有可取之处，剧情张弛有度，角色令人印象深刻，是一部完成度较高、值得推荐的作品。
2142,primary,zh-CN,IDOLiSH7-偶像星愿- Third BEAT! 第2部分,《IDOLiSH7-偶像星愿- Third BEAT! 第2部分》延续系列，偶像组合IDOLiSH7的物语继续。本作少年们在偶像舞台上的挑战进一步发展，作品以音乐、偶像与群像为特色，歌曲与舞台演出华丽，是偶像动画的佳作。角色的个性塑造鲜明，舞台上的自信与生活中的可爱形成反差，团队协作与个人成长双线并进，歌舞编排赏心悦目，让观众既能享受视听盛宴，也能为少女们的梦想与坚持而感动。整体而言，该作在题材表达与情感渲染上均有可取之处，剧情张弛有度，角色令人印象深刻，是一部完成度较高、值得推荐的作品。
2143,primary,zh-CN,向山进发 Next Summit,《向山进发 Next Summit》延续系列，少女们的登山日常继续。本作葵与伙伴们在登山中迎接新的挑战，作品以登山、日常与治愈为特色，动画的画风清新、氛围温暖，是一部治愈系的作品。作品没有强烈的戏剧冲突，却以细腻的笔触捕捉日常中的微小幸福，角色的喜怒哀乐真实可感，在平实的叙述中悄然传递着生活的温度，适合在忙碌之余放松心情慢慢欣赏。整体而言，该作在题材表达与情感渲染上均有可取之处，剧情张弛有度，角色令人印象深刻，是一部完成度较高、值得推荐的作品。
2144,primary,zh-CN,怪盗皇后喜欢马戏团,《怪盗皇后喜欢马戏团》是短篇动画，讲述怪盗皇后的日常。作品以搞笑、怪盗与日常为特色，动画篇幅短小、节奏明快，在轻松的日常中展现怪盗皇后的互动，是一部轻松解压的泡面番。作品在甜蜜之余也保留了青春特有的青涩与迷茫，主角在感情中的成长与抉择贯穿始终，配乐温润、画面明丽，将恋爱中的忐忑、欢喜与遗憾都拿捏得恰到好处，适合慢慢品味。整体而言，该作在题材表达与情感渲染上均有可取之处，剧情张弛有度，角色令人印象深刻，是一部完成度较高、值得推荐的作品。
2145,primary,zh-CN,电影 五等分的新娘,《电影 五等分的新娘》是《五等分的新娘》的剧场版，上杉风太郎与五胞胎的恋爱。本作围绕风太郎与五胞胎的关系迎来高潮，作品以恋爱、校园与搞笑为特色，动画的氛围轻松，是五等分的新娘系列的剧场版。角色间的互动刻画得细腻自然，那些欲言又止的心意、别扭又真诚的靠近都真实而动人，情感线与日常情节交织，让观众在会心一笑与怦然心动之间反复横跳，是一部让人回味无穷的恋爱物语。整体而言，该作在题材表达与情感渲染上均有可取之处，剧情张弛有度，角色令人印象深刻，是一部完成度较高、值得推荐的作品。
2146,primary,zh-CN,犬王,《犬王》是汤浅政明的剧场版动画，讲述能乐师与琵琶法师的物语。犬王与友鱼的相遇与音乐，作品以音乐、历史与群像为主题，动画的画面充满想象力，犬王的歌声令人震撼，是一部风格独特的作品。歌舞演出的画面制作精良，每一首歌都与角色心境和剧情推进紧密呼应，少女们在聚光灯下的闪耀与幕后流下的汗水同样动人，传递出追逐梦想、不懈努力的正能量，感染力十足。整体而言，该作在题材表达与情感渲染上均有可取之处，剧情张弛有度，角色令人印象深刻，是一部完成度较高、值得推荐的作品。
2147,primary,zh-CN,龙珠超 超级英雄,《龙珠超 超级英雄》是《龙珠超》的剧场版，悟空与贝吉塔的战斗。本作围绕新的敌人与赛亚人的物语展开，作品以格斗、热血与群像为特色，动画的战斗场面华丽，是龙珠系列的剧场版。动作设计与演出张力俱佳，随着剧情推进，主角面对的敌人越来越强，战斗方式与自身局限的突破层层升级，配乐与画面配合出色，将热血少年向作品应有的爽快感与成长感都演绎得十分到位。整体而言，该作在题材表达与情感渲染上均有可取之处，剧情张弛有度，角色令人印象深刻，是一部完成度较高、值得推荐的作品。
2148,primary,zh-CN,pop子和pipi美的日常 第二季,《pop子和pipi美的日常 第二季》延续第一季，两位少女的无厘头日常继续。作品以恶搞、吐槽与脑洞大开为特色，动画的演出大胆奔放，是一部现象级的搞笑动画。作品没有强烈的戏剧冲突，却以细腻的笔触捕捉日常中的微小幸福，角色的喜怒哀乐真实可感，在平实的叙述中悄然传递着生活的温度，适合在忙碌之余放松心情慢慢欣赏。整体而言，该作在题材表达与情感渲染上均有可取之处，剧情张弛有度，角色令人印象深刻，是一部完成度较高、值得推荐的作品。
2149,primary,zh-CN,剧场版 异世界四重奏 ～Another World～,《剧场版 异世界四重奏 ～Another World～》是《异世界四重奏》的剧场版，各作品的角色集结。本作角色们在新的世界展开冒险，作品以恶搞、吐槽与群像为特色，动画的氛围欢乐，是一部让人捧腹的搞笑作品。世界观设定丰富而自成体系，随着冒险推进，更多奇妙的种族、地点与力量体系逐一展开，角色们在旅途中收获成长与羁绊，画面与配乐共同营造出充满想象力的奇幻氛围，令人沉浸其中。整体而言，该作在题材表达与情感渲染上均有可取之处，剧情张弛有度，角色令人印象深刻，是一部完成度较高、值得推荐的作品。
2150,primary,zh-CN,哆啦A梦：大雄的宇宙小战争 2021,《哆啦A梦：大雄的宇宙小战争 2021》是《哆啦A梦》剧场版，大雄一行人的宇宙冒险。本作围绕宇宙小战争的篇章展开，大雄与哆啦A梦在宇宙中展开冒险，作品以冒险、科幻与友情为主题，动画的氛围欢乐，是哆啦A梦系列的剧场版。动作设计与演出张力俱佳，随着剧情推进，主角面对的敌人越来越强，战斗方式与自身局限的突破层层升级，配乐与画面配合出色，将热血少年向作品应有的爽快感与成长感都演绎得十分到位。整体而言，该作在题材表达与情感渲染上均有可取之处，剧情张弛有度，角色令人印象深刻，是一部完成度较高、值得推荐的作品。
2151,primary,zh-CN,名侦探柯南 万圣节的新娘,《名侦探柯南 万圣节的新娘》是《名侦探柯南》剧场版，柯南与安室透的行动。本作围绕万圣节的爆炸事件展开，作品以推理、动作(与悬疑为特色，动画的氛围紧张，柯南与安室的对决充满看点，是柯南系列的高人气剧场版。剧情层层递进、伏笔密布，随着线索的不断拼合，真相逐渐浮出水面，每一次反转都在意料之外又情理之中，细节经得起推敲，氛围营造到位，是喜欢烧脑故事的观众不可错过之作。整体而言，该作在题材表达与情感渲染上均有可取之处，剧情张弛有度，角色令人印象深刻，是一部完成度较高、值得推荐的作品。
2152,primary,zh-CN,再见了，夏日冒险,《再见了，夏日冒险》是剧场版动画，讲述少年们的夏日冒险。少年们在夏日中的冒险与成长，作品以冒险、青春与治愈为主题，动画的画面精美，少年们的成长令人动容，是一部温馨的作品。作品没有强烈的戏剧冲突，却以细腻的笔触捕捉日常中的微小幸福，角色的喜怒哀乐真实可感，在平实的叙述中悄然传递着生活的温度，适合在忙碌之余放松心情慢慢欣赏。整体而言，该作在题材表达与情感渲染上均有可取之处，剧情张弛有度，角色令人印象深刻，是一部完成度较高、值得推荐的作品。
2153,primary,zh-CN,剧场版超时空要塞Δ 绝对LIVE!!!!!!,《剧场版超时空要塞Δ 绝对LIVE!!!!!!》是《超时空要塞Δ》的剧场版，歌姬们的物语。本作围绕绝对LIVE展开，作品以机战、音乐与爱情为特色，动画的歌曲动人、战斗场面华丽，是超时空要塞系列的剧场版。动作设计与演出张力俱佳，随着剧情推进，主角面对的敌人越来越强，战斗方式与自身局限的突破层层升级，配乐与画面配合出色，将热血少年向作品应有的爽快感与成长感都演绎得十分到位。整体而言，该作在题材表达与情感渲染上均有可取之处，剧情张弛有度，角色令人印象深刻，是一部完成度较高、值得推荐的作品。
2154,primary,zh-CN,飙速宅男 突破极限,《飙速宅男 突破极限》延续系列，小野田坂道的自行车比赛继续。本作坂道在全国大赛中的竞争迎来高潮，作品以自行车、热血与竞技为特色，动画的比赛场面充满激情，是运动题材动画的佳作。动作设计与演出张力俱佳，随着剧情推进，主角面对的敌人越来越强，战斗方式与自身局限的突破层层升级，配乐与画面配合出色，将热血少年向作品应有的爽快感与成长感都演绎得十分到位。整体而言，该作在题材表达与情感渲染上均有可取之处，剧情张弛有度，角色令人印象深刻，是一部完成度较高、值得推荐的作品。
2155,primary,zh-CN,擅长捉弄的高木同学 剧场版,《擅长捉弄的高木同学 剧场版》是《擅长捉弄的高木同学》的剧场版，高木与西片的物语。本作围绕两人的关系迎来新的篇章，作品以恋爱、日常与搞笑为特色，动画的氛围轻松甜蜜，是高木同学系列的剧场版。角色间的互动刻画得细腻自然，那些欲言又止的心意、别扭又真诚的靠近都真实而动人，情感线与日常情节交织，让观众在会心一笑与怦然心动之间反复横跳，是一部让人回味无穷的恋爱物语。整体而言，该作在题材表达与情感渲染上均有可取之处，剧情张弛有度，角色令人印象深刻，是一部完成度较高、值得推荐的作品。
2156,primary,zh-CN,银河英雄传说 Die Neue These 策谋 第1章,《银河英雄传说 Die Neue These 策谋 第1章》是银河英雄传说的剧场版，莱因哈特与杨威利的对决继续。本作围绕策谋展开，作品以太空歌剧、战略与群像为特色，动画的制作精良，英雄们的对决充满魄力，是银河英雄传说的现代演绎。作品将未来科技与人性议题巧妙结合，在冰冷的机械与数据背后，角色的温度与羁绊成为最动人的部分，悬念与哲思交织，收尾干脆有力，值得科幻爱好者反复品味。整体而言，该作在题材表达与情感渲染上均有可取之处，剧情张弛有度，角色令人印象深刻，是一部完成度较高、值得推荐的作品。
2157,primary,zh-CN,DEEMO 樱花之音 -你奏响的音乐，如今依旧回荡- I still hear the sound of your piano,《DEEMO 樱花之音 -你奏响的音乐，如今依旧回荡-》是《DEEMO》的剧场版，少女与DEEMO的物语。本作围绕钢琴的物语展开，作品以音乐、治愈与奇幻为主题，动画的画面精美，少女的成长令人动容，是一部温馨的作品。作品没有强烈的戏剧冲突，却以细腻的笔触捕捉日常中的微小幸福，角色的喜怒哀乐真实可感，在平实的叙述中悄然传递着生活的温度，适合在忙碌之余放松心情慢慢欣赏。整体而言，该作在题材表达与情感渲染上均有可取之处，剧情张弛有度，角色令人印象深刻，是一部完成度较高、值得推荐的作品。
2158,primary,zh-CN,后宫露营！,《后宫露营！》是短篇成人向动画，讲述露营中的恋爱。作品以恋爱、成年向与日常为特色，动画的氛围暧昧，两人的互动充满张力，是一部面向成人的恋爱作品。角色间的互动刻画得细腻自然，那些欲言又止的心意、别扭又真诚的靠近都真实而动人，情感线与日常情节交织，让观众在会心一笑与怦然心动之间反复横跳，是一部让人回味无穷的恋爱物语。整体而言，该作在题材表达与情感渲染上均有可取之处，剧情张弛有度，角色令人印象深刻，是一部完成度较高、值得推荐的作品。
2159,primary,zh-CN,人类毛病大学 -不死学部不幸学科-,《人类毛病大学 -不死学部不幸学科-》改编自同名漫画。人类毛病大学的搞笑日常。作品以搞笑、恶搞与日常为特色，动画篇幅短小、笑点密集，在无厘头的设定中展现角色的搞笑故事，是一部轻松解压的泡面番。画风清新、节奏舒缓，人物之间的相处自然而温暖，那些平凡琐碎的片段在动画的演绎下变得闪闪发光，传递出一种治愈人心的宁静力量，是治愈系爱好者不容错过的作品。整体而言，该作在题材表达与情感渲染上均有可取之处，剧情张弛有度，角色令人印象深刻，是一部完成度较高、值得推荐的作品。
2160,primary,zh-CN,令和的Di Gi Charat,《令和的Di Gi Charat》是《Di Gi Charat》的新作动画，角色们的日常。本作以轻松的日常为主，作品以萌系、搞笑与日常为特色，动画画风可爱、篇幅短小，是Di Gi Charat系列的续作。作品没有强烈的戏剧冲突，却以细腻的笔触捕捉日常中的微小幸福，角色的喜怒哀乐真实可感，在平实的叙述中悄然传递着生活的温度，适合在忙碌之余放松心情慢慢欣赏。整体而言，该作在题材表达与情感渲染上均有可取之处，剧情张弛有度，角色令人印象深刻，是一部完成度较高、值得推荐的作品。
2161,primary,zh-CN,PUI PUI 天竺鼠车车 驾校篇,《PUI PUI 天竺鼠车车 驾校篇》延续系列，天竺鼠车车的物语继续。本作车车们在驾校的日常，作品以萌宠、搞笑与治愈为特色，动画篇幅短小、氛围轻松，是PUI PUI系列的续作。作品没有强烈的戏剧冲突，却以细腻的笔触捕捉日常中的微小幸福，角色的喜怒哀乐真实可感，在平实的叙述中悄然传递着生活的温度，适合在忙碌之余放松心情慢慢欣赏。整体而言，该作在题材表达与情感渲染上均有可取之处，剧情张弛有度，角色令人印象深刻，是一部完成度较高、值得推荐的作品。
2162,primary,zh-CN,马娘摇曳,《马娘摇曳》是《赛马娘》的短篇动画，马娘们的Q版日常。作品以竞技、搞笑与日常为特色，动画画风可爱、篇幅短小，在轻松的日常中展现马娘们的互动，是赛马娘系列的番外作品。画风清新、节奏舒缓，人物之间的相处自然而温暖，那些平凡琐碎的片段在动画的演绎下变得闪闪发光，传递出一种治愈人心的宁静力量，是治愈系爱好者不容错过的作品。整体而言，该作在题材表达与情感渲染上均有可取之处，剧情张弛有度，角色令人印象深刻，是一部完成度较高、值得推荐的作品。
2163,primary,zh-CN,舰队Collection 总有一天，在那片海,《舰队Collection 总有一天，在那片海》是《舰队Collection》的动画，舰娘们的战斗。本作围绕新的篇章展开，作品以舰娘、战斗与群像为特色，动画的画风可爱，舰娘们的羁绊贯穿始终，是舰娘系列的新作。动作设计与演出张力俱佳，随着剧情推进，主角面对的敌人越来越强，战斗方式与自身局限的突破层层升级，配乐与画面配合出色，将热血少年向作品应有的爽快感与成长感都演绎得十分到位。整体而言，该作在题材表达与情感渲染上均有可取之处，剧情张弛有度，角色令人印象深刻，是一部完成度较高、值得推荐的作品。
2164,primary,zh-CN,电影 摇曳露营△,《电影 摇曳露营△》是《摇曳露营△》的剧场版，少女们的露营日常。本作抚子与凛们在新的露营中迎接挑战，作品以露营、日常与治愈为特色，动画的画风清新、氛围温暖，是摇曳露营系列的剧场版。作品没有强烈的戏剧冲突，却以细腻的笔触捕捉日常中的微小幸福，角色的喜怒哀乐真实可感，在平实的叙述中悄然传递着生活的温度，适合在忙碌之余放松心情慢慢欣赏。整体而言，该作在题材表达与情感渲染上均有可取之处，剧情张弛有度，角色令人印象深刻，是一部完成度较高、值得推荐的作品。
2165,primary,zh-CN,铃芽之旅,《铃芽之旅》是新海诚的剧场版动画，少女铃芽在旅途中的物语。铃芽为关闭灾难之门展开旅程，作品以冒险、治愈与成长为主题，动画的画面美到极致，铃芽的旅程令人动容，是现象级的动画电影。画风清新、节奏舒缓，人物之间的相处自然而温暖，那些平凡琐碎的片段在动画的演绎下变得闪闪发光，传递出一种治愈人心的宁静力量，是治愈系爱好者不容错过的作品。整体而言，该作在题材表达与情感渲染上均有可取之处，剧情张弛有度，角色令人印象深刻，是一部完成度较高、值得推荐的作品。
2166,primary,zh-CN,总之就是非常可爱 ～制服～,《总之就是非常可爱 ～制服～》延续系列，星空与司的婚姻日常继续。本作围绕制服的日常展开，作品以恋爱、日常与治愈为特色，动画的氛围轻松，是一部让人心动的恋爱作品。角色间的互动刻画得细腻自然，那些欲言又止的心意、别扭又真诚的靠近都真实而动人，情感线与日常情节交织，让观众在会心一笑与怦然心动之间反复横跳，是一部让人回味无穷的恋爱物语。整体而言，该作在题材表达与情感渲染上均有可取之处，剧情张弛有度，角色令人印象深刻，是一部完成度较高、值得推荐的作品。
2167,primary,zh-CN,我与机器子,《我与机器子》改编自同名漫画。少年与女仆机器人的搞笑日常。作品以搞笑、日常与科幻为特色，机器子的无厘头充满笑料，动画的氛围轻松，是一部让人捧腹的作品。动画的节奏把控张弛有度，战斗场面的分镜与作画都相当扎实，主角在与强敌的较量中不断突破自我，和同伴之间建立的信任与羁绊也为剧情增添了温度，热血与感动并存，值得一看。整体而言，该作在题材表达与情感渲染上均有可取之处，剧情张弛有度，角色令人印象深刻，是一部完成度较高、值得推荐的作品。
2168,primary,zh-CN,Show Time！唱歌的大姐姐也想做 第二季,《Show Time！唱歌的大姐姐也想做 第二季》延续系列，唱歌的大姐姐的恋爱继续。作品以恋爱、成年向与日常为特色，动画的氛围暧昧，是一部面向成人的恋爱作品。作品在甜蜜之余也保留了青春特有的青涩与迷茫，主角在感情中的成长与抉择贯穿始终，配乐温润、画面明丽，将恋爱中的忐忑、欢喜与遗憾都拿捏得恰到好处，适合慢慢品味。整体而言，该作在题材表达与情感渲染上均有可取之处，剧情张弛有度，角色令人印象深刻，是一部完成度较高、值得推荐的作品。
2169,primary,zh-CN,鲁邦 零,《鲁邦 零》是《鲁邦三世》的前传，年轻的鲁邦的物语。本作围绕少年鲁邦的相遇展开，作品以怪盗、冒险与搞笑为特色，动画的画风充满时代感，是鲁邦系列的衍生作品。世界观设定丰富而自成体系，随着冒险推进，更多奇妙的种族、地点与力量体系逐一展开，角色们在旅途中收获成长与羁绊，画面与配乐共同营造出充满想象力的奇幻氛围，令人沉浸其中。整体而言，该作在题材表达与情感渲染上均有可取之处，剧情张弛有度，角色令人印象深刻，是一部完成度较高、值得推荐的作品。
2170,primary,zh-CN,七大罪 怨嗟的爱丁堡 前篇,《七大罪 怨嗟的爱丁堡 前篇》是《七大罪》的剧场版，梅利奥达斯与伙伴们的冒险。本作围绕怨嗟的爱丁堡展开，作品以奇幻冒险、热血战斗与伙伴羁绊为特色，动画的战斗场面华丽，是七大罪系列的剧场版。动画的节奏把控张弛有度，战斗场面的分镜与作画都相当扎实，主角在与强敌的较量中不断突破自我，和同伴之间建立的信任与羁绊也为剧情增添了温度，热血与感动并存，值得一看。整体而言，该作在题材表达与情感渲染上均有可取之处，剧情张弛有度，角色令人印象深刻，是一部完成度较高、值得推荐的作品。
2171,primary,zh-CN,间谍教室,《间谍教室》改编自同名轻小说。间谍少女们在训练学校的物语。作品以间谍、智谋与群像为特色，少女们的任务与训练充满紧张感，动画的氛围独特，是一部风格新颖的作品。角色的成长与友情线索贯穿始终，校园场景的描绘充满生活气息，那些关于梦想、竞争与陪伴的片段真实动人，在轻松愉快的基调里传递着积极向上的力量，令人会心一笑。整体而言，该作在题材表达与情感渲染上均有可取之处，剧情张弛有度，角色令人印象深刻，是一部完成度较高、值得推荐的作品。
2172,primary,zh-CN,别当欧尼酱了！,《别当欧尼酱了！》改编自同名漫画。家里蹲哥哥变成妹妹的日常。作品以日常、搞笑与萌系为特色，哥哥的女体化日常充满笑料，动画画风精美、氛围轻松，是一部欢乐的作品。作品没有强烈的戏剧冲突，却以细腻的笔触捕捉日常中的微小幸福，角色的喜怒哀乐真实可感，在平实的叙述中悄然传递着生活的温度，适合在忙碌之余放松心情慢慢欣赏。整体而言，该作在题材表达与情感渲染上均有可取之处，剧情张弛有度，角色令人印象深刻，是一部完成度较高、值得推荐的作品。
2173,primary,zh-CN,不要欺负我，长瀞同学 二次攻击,《不要欺负我，长瀞同学 二次攻击》延续系列，长瀞与少年的日常继续。本作两人的互动进一步发展，作品以恋爱、搞笑与日常为特色，动画的氛围轻松，是长瀞同学系列的续作。角色间的互动刻画得细腻自然，那些欲言又止的心意、别扭又真诚的靠近都真实而动人，情感线与日常情节交织，让观众在会心一笑与怦然心动之间反复横跳，是一部让人回味无穷的恋爱物语。整体而言，该作在题材表达与情感渲染上均有可取之处，剧情张弛有度，角色令人印象深刻，是一部完成度较高、值得推荐的作品。
2174,primary,zh-CN,魔术士奥芬的无赖之旅 拉玛城篇,《魔术士奥芬的无赖之旅 拉玛城篇》延续系列，魔术士奥芬的旅程继续。本作奥芬在拉玛城篇中面对新的挑战，作品以奇幻、冒险与热血为特色，奥芬的强大与无赖充满魅力，是一部经典的奇幻作品。动作设计与演出张力俱佳，随着剧情推进，主角面对的敌人越来越强，战斗方式与自身局限的突破层层升级，配乐与画面配合出色，将热血少年向作品应有的爽快感与成长感都演绎得十分到位。整体而言，该作在题材表达与情感渲染上均有可取之处，剧情张弛有度，角色令人印象深刻，是一部完成度较高、值得推荐的作品。
2175,primary,zh-CN,冰属性男子与酷酷女同事,《冰属性男子与酷酷女同事》改编自同名漫画。冰属性男子与女同事的恋爱。作品以恋爱、职场与日常为特色，冰属性男子的纯情与女同事的酷酷充满萌点，动画的氛围温暖，是一部治愈系的恋爱作品。角色间的互动刻画得细腻自然，那些欲言又止的心意、别扭又真诚的靠近都真实而动人，情感线与日常情节交织，让观众在会心一笑与怦然心动之间反复横跳，是一部让人回味无穷的恋爱物语。整体而言，该作在题材表达与情感渲染上均有可取之处，剧情张弛有度，角色令人印象深刻，是一部完成度较高、值得推荐的作品。
2176,primary,zh-CN,无意间变成狗，被喜欢的女生捡回家。,《无意间变成狗，被喜欢的女生捡回家。》改编自同名漫画。变成狗的男生被女生捡回家。作品以恋爱、搞笑与日常为特色，狗狗的视角与少女的互动充满笑料，动画的氛围轻松，是一部欢乐的作品。角色间的互动刻画得细腻自然，那些欲言又止的心意、别扭又真诚的靠近都真实而动人，情感线与日常情节交织，让观众在会心一笑与怦然心动之间反复横跳，是一部让人回味无穷的恋爱物语。整体而言，该作在题材表达与情感渲染上均有可取之处，剧情张弛有度，角色令人印象深刻，是一部完成度较高、值得推荐的作品。
2177,primary,zh-CN,英雄王，为了穷尽武道而转生～而后，成为世界最强的见习骑士♀～,《英雄王，为了穷尽武道而转生～而后，成为世界最强的见习骑士♀～》改编自同名轻小说。英雄王转生为见习骑士少女。作品以异世界、战斗与搞笑为特色，英雄王的转生充满看点，动画的氛围轻松，是一部欢乐的作品。动作设计与演出张力俱佳，随着剧情推进，主角面对的敌人越来越强，战斗方式与自身局限的突破层层升级，配乐与画面配合出色，将热血少年向作品应有的爽快感与成长感都演绎得十分到位。整体而言，该作在题材表达与情感渲染上均有可取之处，剧情张弛有度，角色令人印象深刻，是一部完成度较高、值得推荐的作品。
2178,primary,zh-CN,冰海战记 第二季,《冰海战记 第二季》延续第一季，托尔芬的物语继续。本作托尔芬在赎罪与成长中的旅程展开，作品以历史、战争与群像为主题，动画的氛围沉重，是冰海战记系列的续作。动作设计与演出张力俱佳，随着剧情推进，主角面对的敌人越来越强，战斗方式与自身局限的突破层层升级，配乐与画面配合出色，将热血少年向作品应有的爽快感与成长感都演绎得十分到位。整体而言，该作在题材表达与情感渲染上均有可取之处，剧情张弛有度，角色令人印象深刻，是一部完成度较高、值得推荐的作品。
2179,primary,zh-CN,阿鲁斯的巨兽,《阿鲁斯的巨兽》是原创动画，讲述少年与巨兽的物语。少年们在巨兽的世界中的冒险，作品以奇幻、战斗与群像为特色，动画的氛围独特，少年们的命运充满张力，是一部风格新颖的作品。动画的节奏把控张弛有度，战斗场面的分镜与作画都相当扎实，主角在与强敌的较量中不断突破自我，和同伴之间建立的信任与羁绊也为剧情增添了温度，热血与感动并存，值得一看。整体而言，该作在题材表达与情感渲染上均有可取之处，剧情张弛有度，角色令人印象深刻，是一部完成度较高、值得推荐的作品。
2180,primary,zh-CN,至高之牌,《至高之牌》是原创动画，讲述卡牌与战斗的物语。少年们在卡牌竞技中的战斗，作品以卡牌、热血与群像为特色，动画的战斗场面华丽，是风格独特的作品。动作设计与演出张力俱佳，随着剧情推进，主角面对的敌人越来越强，战斗方式与自身局限的突破层层升级，配乐与画面配合出色，将热血少年向作品应有的爽快感与成长感都演绎得十分到位。整体而言，该作在题材表达与情感渲染上均有可取之处，剧情张弛有度，角色令人印象深刻，是一部完成度较高、值得推荐的作品。
2181,primary,zh-CN,弦音 -连结的一射-,《弦音 -连结的一射-》延续系列，弓道部少年们的物语继续。本作少年们在弓道中的成长与羁绊进一步发展，作品以弓道、青春与群像为特色，动画的氛围宁静，是京都动画的作品。作品在整体完成度上表现出色，叙事流畅、角色立体，主题的表达清晰而有深度，既有轻松愉悦的观赏性，也留有值得回味的余韵，是一部质量扎实、诚意满满的作品。整体而言，该作在题材表达与情感渲染上均有可取之处，剧情张弛有度，角色令人印象深刻，是一部完成度较高、值得推荐的作品。
2182,primary,zh-CN,银砂糖师与黑妖精,《银砂糖师与黑妖精》改编自同名漫画。少女与黑妖精在银砂糖的物语。作品以奇幻、恋爱与治愈为特色，少女的成长与黑妖精的互动充满温馨，动画的氛围华丽，是一部风格独特的作品。角色间的互动刻画得细腻自然，那些欲言又止的心意、别扭又真诚的靠近都真实而动人，情感线与日常情节交织，让观众在会心一笑与怦然心动之间反复横跳，是一部让人回味无穷的恋爱物语。整体而言，该作在题材表达与情感渲染上均有可取之处，剧情张弛有度，角色令人印象深刻，是一部完成度较高、值得推荐的作品。
2183,primary,zh-CN,复仇者,《复仇者》改编自同名漫画。复仇者们在酒馆的物语。作品以奇幻、战斗与群像为特色，动画的氛围独特，复仇者们的行动充满张力，是一部风格新颖的作品。动作设计与演出张力俱佳，随着剧情推进，主角面对的敌人越来越强，战斗方式与自身局限的突破层层升级，配乐与画面配合出色，将热血少年向作品应有的爽快感与成长感都演绎得十分到位。整体而言，该作在题材表达与情感渲染上均有可取之处，剧情张弛有度，角色令人印象深刻，是一部完成度较高、值得推荐的作品。
2184,primary,zh-CN,冰剑的魔术师将要统一世界,《冰剑的魔术师将要统一世界》改编自同名轻小说。冰剑魔术师在学园的物语。作品以学园、战斗与热血为特色，冰剑魔术师的强大充满看点，动画的战斗场面华丽，是一部标准的轻改作品。动作设计与演出张力俱佳，随着剧情推进，主角面对的敌人越来越强，战斗方式与自身局限的突破层层升级，配乐与画面配合出色，将热血少年向作品应有的爽快感与成长感都演绎得十分到位。整体而言，该作在题材表达与情感渲染上均有可取之处，剧情张弛有度，角色令人印象深刻，是一部完成度较高、值得推荐的作品。
2185,primary,zh-CN,被解雇的暗黑士兵（30岁）慢生活的第二人生,《被解雇的暗黑士兵（30岁）慢生活的第二人生》改编自同名轻小说。被解雇的暗黑士兵开始慢生活。作品以异世界、日常与治愈为特色，暗黑士兵的悠闲生活充满温馨，动画的氛围温暖，是一部治愈系的作品。作品没有强烈的戏剧冲突，却以细腻的笔触捕捉日常中的微小幸福，角色的喜怒哀乐真实可感，在平实的叙述中悄然传递着生活的温度，适合在忙碌之余放松心情慢慢欣赏。整体而言，该作在题材表达与情感渲染上均有可取之处，剧情张弛有度，角色令人印象深刻，是一部完成度较高、值得推荐的作品。
2186,primary,zh-CN,为了养老金去异界存八万金,《为了养老金去异界存八万金》改编自同名轻小说。少女为了养老金去异世界赚钱。作品以异世界、轻松冒险与搞笑为特色，少女的存钱计划充满笑料，动画的氛围轻松，是一部欢乐的作品。画风清新、节奏舒缓，人物之间的相处自然而温暖，那些平凡琐碎的片段在动画的演绎下变得闪闪发光，传递出一种治愈人心的宁静力量，是治愈系爱好者不容错过的作品。整体而言，该作在题材表达与情感渲染上均有可取之处，剧情张弛有度，角色令人印象深刻，是一部完成度较高、值得推荐的作品。
2187,primary,zh-CN,智酱是女生！,《智酱是女生！》改编自同名漫画。女汉子的智酱与青梅竹马的恋爱。作品以恋爱、搞笑与日常为特色，智酱的女汉子反差充满萌点，动画的氛围轻松，是一部欢乐的恋爱作品。角色间的互动刻画得细腻自然，那些欲言又止的心意、别扭又真诚的靠近都真实而动人，情感线与日常情节交织，让观众在会心一笑与怦然心动之间反复横跳，是一部让人回味无穷的恋爱物语。整体而言，该作在题材表达与情感渲染上均有可取之处，剧情张弛有度，角色令人印象深刻，是一部完成度较高、值得推荐的作品。
2188,primary,zh-CN,异世界悠闲农家,《异世界悠闲农家》改编自同名轻小说。转生者在异世界经营农家。作品以异世界、日常与治愈为特色，农家生活的悠闲与温馨充满看点，动画的氛围温暖，是一部治愈系的作品。作品没有强烈的戏剧冲突，却以细腻的笔触捕捉日常中的微小幸福，角色的喜怒哀乐真实可感，在平实的叙述中悄然传递着生活的温度，适合在忙碌之余放松心情慢慢欣赏。整体而言，该作在题材表达与情感渲染上均有可取之处，剧情张弛有度，角色令人印象深刻，是一部完成度较高、值得推荐的作品。
2189,primary,zh-CN,转生公主与天才千金的魔法革命,《转生公主与天才千金的魔法革命》改编自同名轻小说。转生公主与天才千金的物语。作品以异世界、百合与魔法为特色，两人的相遇与魔法革命充满看点，动画的氛围华丽，是一部受欢迎的作品。作品在幻想的外衣下探讨着真实的情感与抉择，主角的成长线扎实有力，与伙伴们的情谊在一次次考验中愈发深厚，冒险的紧张感与日常的温情交替呈现，故事层次丰富、后劲十足。整体而言，该作在题材表达与情感渲染上均有可取之处，剧情张弛有度，角色令人印象深刻，是一部完成度较高、值得推荐的作品。
2190,primary,zh-CN,不相信人类的冒险者们好像要去拯救世界,《不相信人类的冒险者们好像要去拯救世界》改编自同名轻小说。不相信人类的冒险者们组队。作品以异世界、冒险与群像为特色，主角们的独特个性与冒险充满看点，动画的氛围轻松，是一部欢乐的作品。作品没有强烈的戏剧冲突，却以细腻的笔触捕捉日常中的微小幸福，角色的喜怒哀乐真实可感，在平实的叙述中悄然传递着生活的温度，适合在忙碌之余放松心情慢慢欣赏。整体而言，该作在题材表达与情感渲染上均有可取之处，剧情张弛有度，角色令人印象深刻，是一部完成度较高、值得推荐的作品。
2191,primary,zh-CN,虚构推理 第二季,《虚构推理 第二季》延续第一季，岩永琴子的推理继续。本作琴子解决新的怪谈与事件，作品以推理、怪谈与群像为特色，动画的氛围独特，是虚构推理系列的续作。剧情层层递进、伏笔密布，随着线索的不断拼合，真相逐渐浮出水面，每一次反转都在意料之外又情理之中，细节经得起推敲，氛围营造到位，是喜欢烧脑故事的观众不可错过之作。整体而言，该作在题材表达与情感渲染上均有可取之处，剧情张弛有度，角色令人印象深刻，是一部完成度较高、值得推荐的作品。
2192,primary,zh-CN,吸血鬼马上死 第二季,《吸血鬼马上死 第二季》延续第一季，吸血鬼猎人罗纳德的日常继续。本作弱小的吸血鬼与猎人的搞笑故事进一步发展，作品以搞笑、日常与奇幻为特色，动画的氛围轻松，是吸血鬼马上死系列的续作。画风清新、节奏舒缓，人物之间的相处自然而温暖，那些平凡琐碎的片段在动画的演绎下变得闪闪发光，传递出一种治愈人心的宁静力量，是治愈系爱好者不容错过的作品。整体而言，该作在题材表达与情感渲染上均有可取之处，剧情张弛有度，角色令人印象深刻，是一部完成度较高、值得推荐的作品。
2193,primary,zh-CN,大雪海的卡纳,《大雪海的卡纳》是原创动画，讲述在大雪海中的少年们的物语。少年们在大树世界中的冒险，作品以奇幻、冒险与群像为特色，动画的氛围独特，少年们的命运充满张力，是一部风格新颖的作品。世界观设定丰富而自成体系，随着冒险推进，更多奇妙的种族、地点与力量体系逐一展开，角色们在旅途中收获成长与羁绊，画面与配乐共同营造出充满想象力的奇幻氛围，令人沉浸其中。整体而言，该作在题材表达与情感渲染上均有可取之处，剧情张弛有度，角色令人印象深刻，是一部完成度较高、值得推荐的作品。
2194,primary,zh-CN,东京复仇者 圣夜决战篇,《东京复仇者 圣夜决战篇》延续系列，花垣武道的穿越战斗继续。本作围绕圣夜决战展开，作品以时间旅行、热血与群像为特色，武道的改变与战斗充满看点，是东京复仇者系列的续作。动画的节奏把控张弛有度，战斗场面的分镜与作画都相当扎实，主角在与强敌的较量中不断突破自我，和同伴之间建立的信任与羁绊也为剧情增添了温度，热血与感动并存，值得一看。整体而言，该作在题材表达与情感渲染上均有可取之处，剧情张弛有度，角色令人印象深刻，是一部完成度较高、值得推荐的作品。
2195,primary,zh-CN,久保同学不放过我,《久保同学不放过我》改编自同名漫画。被忽略的少年与久保同学的日常。作品以恋爱、日常与搞笑为特色，久保的捉弄与少年的反应充满萌点，动画的氛围轻松，是一部欢乐的恋爱作品。作品在甜蜜之余也保留了青春特有的青涩与迷茫，主角在感情中的成长与抉择贯穿始终，配乐温润、画面明丽，将恋爱中的忐忑、欢喜与遗憾都拿捏得恰到好处，适合慢慢品味。整体而言，该作在题材表达与情感渲染上均有可取之处，剧情张弛有度，角色令人印象深刻，是一部完成度较高、值得推荐的作品。
2196,primary,zh-CN,关于邻家的天使大人不知不觉把我惯成了废人这档子事,《关于邻家的天使大人不知不觉把我惯成了废人这档子事》改编自同名轻小说。少年与邻家天使少女的日常。作品以恋爱、日常与治愈为特色，天使少女的照顾与少年的废人化充满温馨，动画的氛围温暖，是一部治愈系的恋爱作品。角色间的互动刻画得细腻自然，那些欲言又止的心意、别扭又真诚的靠近都真实而动人，情感线与日常情节交织，让观众在会心一笑与怦然心动之间反复横跳，是一部让人回味无穷的恋爱物语。整体而言，该作在题材表达与情感渲染上均有可取之处，剧情张弛有度，角色令人印象深刻，是一部完成度较高、值得推荐的作品。
2197,primary,zh-CN,沦落者之夜,《沦落者之夜》改编自同名漫画。吸血鬼少女与人类的物语。作品以奇幻、治愈与群像为特色，少女的夜晚生活充满温馨，动画的氛围独特，是一部风格新颖的作品。作品没有强烈的戏剧冲突，却以细腻的笔触捕捉日常中的微小幸福，角色的喜怒哀乐真实可感，在平实的叙述中悄然传递着生活的温度，适合在忙碌之余放松心情慢慢欣赏。整体而言，该作在题材表达与情感渲染上均有可取之处，剧情张弛有度，角色令人印象深刻，是一部完成度较高、值得推荐的作品。
2198,primary,zh-CN,众星齐聚,《众星齐聚》是原创动画，讲述少年们在夜空中的物语。以星空观测为背景的少年们的日常，作品以日常、治愈与群像为特色，动画的氛围宁静，是一部温馨的作品。画风清新、节奏舒缓，人物之间的相处自然而温暖，那些平凡琐碎的片段在动画的演绎下变得闪闪发光，传递出一种治愈人心的宁静力量，是治愈系爱好者不容错过的作品。整体而言，该作在题材表达与情感渲染上均有可取之处，剧情张弛有度，角色令人印象深刻，是一部完成度较高、值得推荐的作品。
2199,primary,zh-CN,D4DJ All Mix,《D4DJ All Mix》延续系列，DJ少女们的物语继续。本作少女们在DJ的道路上迎接新的挑战，作品以音乐、青春与群像为特色，动画的歌曲动人，是D4DJ企划的动画。角色的个性塑造鲜明，舞台上的自信与生活中的可爱形成反差，团队协作与个人成长双线并进，歌舞编排赏心悦目，让观众既能享受视听盛宴，也能为少女们的梦想与坚持而感动。整体而言，该作在题材表达与情感渲染上均有可取之处，剧情张弛有度，角色令人印象深刻，是一部完成度较高、值得推荐的作品。
2200,primary,zh-CN,因为太怕痛就全点防御力了。2,《因为太怕痛就全点防御力了。2》延续第一季，梅普露的游戏冒险继续。本作梅普露的全防御力与新的活动展开，作品以游戏、轻松冒险与搞笑为特色，动画的氛围轻松，是因为太怕痛系列的续作。作品没有强烈的戏剧冲突，却以细腻的笔触捕捉日常中的微小幸福，角色的喜怒哀乐真实可感，在平实的叙述中悄然传递着生活的温度，适合在忙碌之余放松心情慢慢欣赏。整体而言，该作在题材表达与情感渲染上均有可取之处，剧情张弛有度，角色令人印象深刻，是一部完成度较高、值得推荐的作品。
2201,primary,zh-CN,被神捡到的男人 第二季,《被神捡到的男人 第二季》延续第一季，转生少年的异世界生活继续。本作少年的悠闲生活与新的冒险展开，作品以异世界、轻松冒险与治愈为特色，动画的氛围温暖，是被神捡到的男人系列的续作。画风清新、节奏舒缓，人物之间的相处自然而温暖，那些平凡琐碎的片段在动画的演绎下变得闪闪发光，传递出一种治愈人心的宁静力量，是治愈系爱好者不容错过的作品。整体而言，该作在题材表达与情感渲染上均有可取之处，剧情张弛有度，角色令人印象深刻，是一部完成度较高、值得推荐的作品。
2202,primary,zh-CN,虹四动画,《虹四动画》是《Love Live! 虹咲学园》的短篇动画，少女们的Q版日常。作品以音乐、搞笑与日常为特色，动画画风可爱、篇幅短小，在轻松的日常中展现少女们的互动，是虹咲学园系列的番外作品。作品没有强烈的戏剧冲突，却以细腻的笔触捕捉日常中的微小幸福，角色的喜怒哀乐真实可感，在平实的叙述中悄然传递着生活的温度，适合在忙碌之余放松心情慢慢欣赏。整体而言，该作在题材表达与情感渲染上均有可取之处，剧情张弛有度，角色令人印象深刻，是一部完成度较高、值得推荐的作品。
2203,primary,zh-CN,超技舞台,《超技舞台》是原创动画，讲述少年们在舞台竞技中的物语。少年们在超技舞台的战斗，作品以竞技、热血与群像为特色，动画的氛围热血，是一部风格新颖的作品。动画的节奏把控张弛有度，战斗场面的分镜与作画都相当扎实，主角在与强敌的较量中不断突破自我，和同伴之间建立的信任与羁绊也为剧情增添了温度，热血与感动并存，值得一看。整体而言，该作在题材表达与情感渲染上均有可取之处，剧情张弛有度，角色令人印象深刻，是一部完成度较高、值得推荐的作品。
2204,primary,zh-CN,再得一胜！,《再得一胜！》改编自同名漫画。少女们在柔道中的物语。作品以柔道、青春与群像为特色，动画的比赛场面充满张力，少女们的成长令人动容，是一部扎实的运动作品。作品对竞技细节的还原相当用心，每一次攻防都充满张力，主角从青涩到成熟的成长轨迹真实可感，与队友和对手的羁绊贯穿始终，汗水与泪水交织出热血沸腾的青春物语。整体而言，该作在题材表达与情感渲染上均有可取之处，剧情张弛有度，角色令人印象深刻，是一部完成度较高、值得推荐的作品。
2205,primary,zh-CN,傲娇恶役大小姐莉泽洛特与实况转播远藤君和解说员小林,《傲娇恶役大小姐莉泽洛特与实况转播远藤君和解说员小林》改编自同名轻小说。被实况转播的恶役大小姐的恋爱。作品以异世界、恋爱与搞笑为特色，实况转播的设定充满笑料，动画的氛围轻松，是一部欢乐的作品。角色间的互动刻画得细腻自然，那些欲言又止的心意、别扭又真诚的靠近都真实而动人，情感线与日常情节交织，让观众在会心一笑与怦然心动之间反复横跳，是一部让人回味无穷的恋爱物语。整体而言，该作在题材表达与情感渲染上均有可取之处，剧情张弛有度，角色令人印象深刻，是一部完成度较高、值得推荐的作品。
2206,primary,zh-CN,枪神 斯坦比特,《枪神 斯坦比特》改编自同名漫画。枪手法修在荒野的冒险。作品以枪战、热血与群像为特色，动画的战斗场面华丽，法修的冒险充满张力，是枪神系列的重新动画化。动画的节奏把控张弛有度，战斗场面的分镜与作画都相当扎实，主角在与强敌的较量中不断突破自我，和同伴之间建立的信任与羁绊也为剧情增添了温度，热血与感动并存，值得一看。整体而言，该作在题材表达与情感渲染上均有可取之处，剧情张弛有度，角色令人印象深刻，是一部完成度较高、值得推荐的作品。
2207,primary,zh-CN,最强阴阳师的异世界转生记,《最强阴阳师的异世界转生记》改编自同名轻小说。最强阴阳师转生到异世界。作品以异世界、战斗与热血为特色，阴阳师的强大充满看点，动画的战斗场面华丽，是一部标准的异世界作品。动作设计与演出张力俱佳，随着剧情推进，主角面对的敌人越来越强，战斗方式与自身局限的突破层层升级，配乐与画面配合出色，将热血少年向作品应有的爽快感与成长感都演绎得十分到位。整体而言，该作在题材表达与情感渲染上均有可取之处，剧情张弛有度，角色令人印象深刻，是一部完成度较高、值得推荐的作品。
2208,primary,zh-CN,杀手奶爸,《杀手奶爸》改编自同名漫画。冷酷杀手与孩子的日常。作品以搞笑、日常与家庭为特色，杀手的反差与孩子的互动充满萌点，动画的氛围温暖，是一部让人会心一笑的作品。作品没有强烈的戏剧冲突，却以细腻的笔触捕捉日常中的微小幸福，角色的喜怒哀乐真实可感，在平实的叙述中悄然传递着生活的温度，适合在忙碌之余放松心情慢慢欣赏。整体而言，该作在题材表达与情感渲染上均有可取之处，剧情张弛有度，角色令人印象深刻，是一部完成度较高、值得推荐的作品。
2209,primary,zh-CN,万事屋斋藤、到异世界,《万事屋斋藤、到异世界》改编自同名漫画。万事屋的斋藤在异世界的冒险。作品以异世界、轻松冒险与群像为特色，斋藤的技能与冒险充满看点，动画的氛围轻松，是一部欢乐的作品。作品没有强烈的戏剧冲突，却以细腻的笔触捕捉日常中的微小幸福，角色的喜怒哀乐真实可感，在平实的叙述中悄然传递着生活的温度，适合在忙碌之余放松心情慢慢欣赏。整体而言，该作在题材表达与情感渲染上均有可取之处，剧情张弛有度，角色令人印象深刻，是一部完成度较高、值得推荐的作品。
2210,primary,zh-CN,英雄传说 闪之轨迹：北方战役,《英雄传说 闪之轨迹：北方战役》改编自同名游戏。游击士在北方战役的物语。作品以冒险、战斗与群像为特色，动画的战斗场面华丽，是英雄传说系列的动画化。动作设计与演出张力俱佳，随着剧情推进，主角面对的敌人越来越强，战斗方式与自身局限的突破层层升级，配乐与画面配合出色，将热血少年向作品应有的爽快感与成长感都演绎得十分到位。整体而言，该作在题材表达与情感渲染上均有可取之处，剧情张弛有度，角色令人印象深刻，是一部完成度较高、值得推荐的作品。
2211,primary,zh-CN,真・进化果实～不知不觉踏上胜利的人生～,《真・进化果实～不知不觉踏上胜利的人生～》延续系列，进化果实的主人公的冒险继续。本作主角的进化与胜利进一步展开，作品以异世界、轻松冒险与后宫为特色，动画的氛围轻松，是进化果实系列的续作。作品没有强烈的戏剧冲突，却以细腻的笔触捕捉日常中的微小幸福，角色的喜怒哀乐真实可感，在平实的叙述中悄然传递着生活的温度，适合在忙碌之余放松心情慢慢欣赏。整体而言，该作在题材表达与情感渲染上均有可取之处，剧情张弛有度，角色令人印象深刻，是一部完成度较高、值得推荐的作品。
2212,primary,zh-CN,拥有超常技能的异世界流浪美食家,《拥有超常技能的异世界流浪美食家》改编自同名轻小说。拥有超常技能的少年在异世界流浪。作品以异世界、美食与轻松冒险为特色，主角的美食之旅充满温馨，动画的氛围温暖，是一部治愈系的作品。作品没有强烈的戏剧冲突，却以细腻的笔触捕捉日常中的微小幸福，角色的喜怒哀乐真实可感，在平实的叙述中悄然传递着生活的温度，适合在忙碌之余放松心情慢慢欣赏。整体而言，该作在题材表达与情感渲染上均有可取之处，剧情张弛有度，角色令人印象深刻，是一部完成度较高、值得推荐的作品。
2213,primary,zh-CN,魔王学院的不适任者～史上最强的魔王始祖，转生就读子孙们的学校～ 第二季,《魔王学院的不适任者～史上最强的魔王始祖，转生就读子孙们的学校～ 第二季》延续第一季，阿诺斯的物语继续。本作阿诺斯在学园中的战斗进一步展开，作品以异世界、热血与爽快为特色，动画的战斗场面华丽，是魔王学院系列的续作。动作设计与演出张力俱佳，随着剧情推进，主角面对的敌人越来越强，战斗方式与自身局限的突破层层升级，配乐与画面配合出色，将热血少年向作品应有的爽快感与成长感都演绎得十分到位。整体而言，该作在题材表达与情感渲染上均有可取之处，剧情张弛有度，角色令人印象深刻，是一部完成度较高、值得推荐的作品。
2214,primary,zh-CN,物之古物奇谭,《物之古物奇谭》改编自同名漫画。少年与付丧神的物语。作品以妖怪、战斗与治愈为特色，少年与付丧神的羁绊充满温馨，动画的氛围独特，是一部风格新颖的作品。动作设计与演出张力俱佳，随着剧情推进，主角面对的敌人越来越强，战斗方式与自身局限的突破层层升级，配乐与画面配合出色，将热血少年向作品应有的爽快感与成长感都演绎得十分到位。整体而言，该作在题材表达与情感渲染上均有可取之处，剧情张弛有度，角色令人印象深刻，是一部完成度较高、值得推荐的作品。
2215,primary,zh-CN,在地下城寻求邂逅是否搞错了什么 第四季 深章 灾厄篇,《在地下城寻求邂逅是否搞错了什么 第四季 深章 灾厄篇》延续系列，贝尔的冒险继续。本作贝尔在迷宫的灾厄篇中面对新的挑战，作品以奇幻、冒险与战斗为特色，动画的战斗场面华丽，贝尔的成长令人动容，是地错系列的续作。动画的节奏把控张弛有度，战斗场面的分镜与作画都相当扎实，主角在与强敌的较量中不断突破自我，和同伴之间建立的信任与羁绊也为剧情增添了温度，热血与感动并存，值得一看。整体而言，该作在题材表达与情感渲染上均有可取之处，剧情张弛有度，角色令人印象深刻，是一部完成度较高、值得推荐的作品。
2216,primary,zh-CN,尼尔：自动人形 Ver1.1a,《尼尔：自动人形 Ver1.1a》改编自同名游戏。人造人在废土世界的战斗。作品以科幻、战斗与哲学为主题，动画的氛围沉重，人造人的命运充满张力，是游戏改编动画的作品。动作设计与演出张力俱佳，随着剧情推进，主角面对的敌人越来越强，战斗方式与自身局限的突破层层升级，配乐与画面配合出色，将热血少年向作品应有的爽快感与成长感都演绎得十分到位。整体而言，该作在题材表达与情感渲染上均有可取之处，剧情张弛有度，角色令人印象深刻，是一部完成度较高、值得推荐的作品。
2217,primary,zh-CN,妖幻三重奏,《妖幻三重奏》改编自同名漫画。少年与妖怪少女的物语。作品以恋爱、奇幻与战斗为特色，少年的变身与妖怪的日常充满萌点，动画的氛围轻松，是一部欢乐的作品。动作设计与演出张力俱佳，随着剧情推进，主角面对的敌人越来越强，战斗方式与自身局限的突破层层升级，配乐与画面配合出色，将热血少年向作品应有的爽快感与成长感都演绎得十分到位。整体而言，该作在题材表达与情感渲染上均有可取之处，剧情张弛有度，角色令人印象深刻，是一部完成度较高、值得推荐的作品。
2218,primary,zh-CN,天使降临到了我身边！Precious Friends,《天使降临到了我身边！Precious Friends》是《天使降临到了我身边！》的剧场版，宫子与少女们的日常。本作围绕少女们的友情展开，作品以日常、治愈与百合为特色，动画画风可爱、氛围温馨，是天使降临系列的剧场版。作品没有强烈的戏剧冲突，却以细腻的笔触捕捉日常中的微小幸福，角色的喜怒哀乐真实可感，在平实的叙述中悄然传递着生活的温度，适合在忙碌之余放松心情慢慢欣赏。整体而言，该作在题材表达与情感渲染上均有可取之处，剧情张弛有度，角色令人印象深刻，是一部完成度较高、值得推荐的作品。
2219,primary,zh-CN,剧场版 弦音 -起始的一箭-,《剧场版 弦音 -起始的一箭-》是《弦音》的剧场版，弓道部少年们的物语。本作围绕少年们的弓道之路展开，作品以弓道、青春与群像为特色，动画的氛围宁静，是弦音系列的剧场版。作品风格鲜明、辨识度高，在同类题材中走出了自己的路子，角色与故事的结合恰到好处，整体观感流畅自然，无论是题材爱好者还是路人观众都能乐在其中。整体而言，该作在题材表达与情感渲染上均有可取之处，剧情张弛有度，角色令人印象深刻，是一部完成度较高、值得推荐的作品。
2220,primary,zh-CN,电影 后空翻!!,《电影 后空翻!!》是《后空翻!!》的剧场版，少年们的艺术体操物语。本作围绕少年们的比赛展开，作品以运动、青春与群像为特色，动画的比赛场面优美，是后空翻系列的剧场版。竞技之外的成长与人物塑造同样出色，角色们在胜负之外的坚持与热爱令人敬佩，节奏紧凑、情感饱满，将运动番应有的激情与感动都发挥得淋漓尽致，极具感染力。整体而言，该作在题材表达与情感渲染上均有可取之处，剧情张弛有度，角色令人印象深刻，是一部完成度较高、值得推荐的作品。
2221,primary,zh-CN,RE:cycle of the PENGUINDRUM [后篇] 我爱你,《RE:cycle of the PENGUINDRUM [后篇] 我爱你》是《回转企鹅罐》的剧场版，少年们的物语。本作围绕生存战略的篇章迎来高潮，作品以奇幻、悬疑与群像为特色，动画的氛围独特，是回转企鹅罐系列的剧场版。剧情层层递进、伏笔密布，随着线索的不断拼合，真相逐渐浮出水面，每一次反转都在意料之外又情理之中，细节经得起推敲，氛围营造到位，是喜欢烧脑故事的观众不可错过之作。整体而言，该作在题材表达与情感渲染上均有可取之处，剧情张弛有度，角色令人印象深刻，是一部完成度较高、值得推荐的作品。
2222,primary,zh-CN,最后的召唤师,《最后的召唤师》是短篇动画，讲述召唤师的物语。作品以奇幻、战斗与群像为特色，动画的氛围独特，召唤师的冒险充满张力，是一部风格新颖的作品。动作设计与演出张力俱佳，随着剧情推进，主角面对的敌人越来越强，战斗方式与自身局限的突破层层升级，配乐与画面配合出色，将热血少年向作品应有的爽快感与成长感都演绎得十分到位。整体而言，该作在题材表达与情感渲染上均有可取之处，剧情张弛有度，角色令人印象深刻，是一部完成度较高、值得推荐的作品。
2223,primary,zh-CN,文豪野犬 第四季,《文豪野犬 第四季》延续系列，武装侦探社的异能力战斗继续。本作围绕新的篇章与港黑的冲突展开，作品以异能力战斗、文豪拟人与群像为特色，动画的战斗场面华丽、角色塑造立体，是文豪野犬系列的续作。动作设计与演出张力俱佳，随着剧情推进，主角面对的敌人越来越强，战斗方式与自身局限的突破层层升级，配乐与画面配合出色，将热血少年向作品应有的爽快感与成长感都演绎得十分到位。整体而言，该作在题材表达与情感渲染上均有可取之处，剧情张弛有度，角色令人印象深刻，是一部完成度较高、值得推荐的作品。
2224,primary,zh-CN,食草老龙被冠以恶龙之名,《食草老龙被冠以恶龙之名》改编自同名轻小说。食草的龙被误解为恶龙。作品以异世界、搞笑与日常为特色，食草龙的反差充满笑料，动画的氛围轻松，是一部欢乐的作品。作品没有强烈的戏剧冲突，却以细腻的笔触捕捉日常中的微小幸福，角色的喜怒哀乐真实可感，在平实的叙述中悄然传递着生活的温度，适合在忙碌之余放松心情慢慢欣赏。整体而言，该作在题材表达与情感渲染上均有可取之处，剧情张弛有度，角色令人印象深刻，是一部完成度较高、值得推荐的作品。
2225,primary,zh-CN,埃及神明们的日常 第二季,《埃及神明们的日常 第二季》延续第一季，埃及神明的日常继续。作品以神话题材、搞笑与日常为特色，动画画风精美、篇幅短小，在轻松的日常中展现埃及神明的互动，是一部轻松解压的泡面番。画风清新、节奏舒缓，人物之间的相处自然而温暖，那些平凡琐碎的片段在动画的演绎下变得闪闪发光，传递出一种治愈人心的宁静力量，是治愈系爱好者不容错过的作品。整体而言，该作在题材表达与情感渲染上均有可取之处，剧情张弛有度，角色令人印象深刻，是一部完成度较高、值得推荐的作品。
2226,primary,zh-CN,狩火之王,《狩火之王》改编自同名小说。在狩火的世界中，少年们的战斗。作品以奇幻、战斗与群像为特色，动画的氛围独特，少年们的命运充满张力，是一部风格新颖的作品。动作设计与演出张力俱佳，随着剧情推进，主角面对的敌人越来越强，战斗方式与自身局限的突破层层升级，配乐与画面配合出色，将热血少年向作品应有的爽快感与成长感都演绎得十分到位。整体而言，该作在题材表达与情感渲染上均有可取之处，剧情张弛有度，角色令人印象深刻，是一部完成度较高、值得推荐的作品。
2227,primary,zh-CN,开阔天空！光之美少女,《开阔天空！光之美少女》是光之美少女系列动画，少女们以天空的力量战斗。本作少女们在与敌人的战斗中成长，作品以魔法少女、战斗与日常为特色，变装与战斗场面华丽，角色们的羁绊温暖感人，是少女向魔法少女动画的作品。动画的节奏把控张弛有度，战斗场面的分镜与作画都相当扎实，主角在与强敌的较量中不断突破自我，和同伴之间建立的信任与羁绊也为剧情增添了温度，热血与感动并存，值得一看。整体而言，该作在题材表达与情感渲染上均有可取之处，剧情张弛有度，角色令人印象深刻，是一部完成度较高、值得推荐的作品。
2228,primary,zh-CN,少女与战车 最终章 第3话,《少女与战车 最终章 第3话》延续最终章，少女们的战车战继续。本作大洗女子学园面对新的对手，作品以战车、热血与群像为特色，动画的战斗场面华丽震撼，少女们的团队协作充满魅力，是战车题材的经典。动作设计与演出张力俱佳，随着剧情推进，主角面对的敌人越来越强，战斗方式与自身局限的突破层层升级，配乐与画面配合出色，将热血少年向作品应有的爽快感与成长感都演绎得十分到位。整体而言，该作在题材表达与情感渲染上均有可取之处，剧情张弛有度，角色令人印象深刻，是一部完成度较高、值得推荐的作品。
2229,primary,zh-CN,电影 美味派对♡光之美少女 梦想的♡儿童套餐！,《电影 美味派对♡光之美少女 梦想的♡儿童套餐！》是光之美少女系列的剧场版，少女们的战斗。本作围绕梦想的儿童套餐展开，作品以魔法少女、美食与日常为特色，动画的变装与战斗场面华丽，是少女向魔法少女动画的剧场版。动作设计与演出张力俱佳，随着剧情推进，主角面对的敌人越来越强，战斗方式与自身局限的突破层层升级，配乐与画面配合出色，将热血少年向作品应有的爽快感与成长感都演绎得十分到位。整体而言，该作在题材表达与情感渲染上均有可取之处，剧情张弛有度，角色令人印象深刻，是一部完成度较高、值得推荐的作品。
2230,primary,zh-CN,电影 角落小伙伴 蓝色月夜的魔法之子,《电影 角落小伙伴 蓝色月夜的魔法之子》是角落小伙伴的剧场版，角落生物们的冒险。本作角落生物们在蓝色月夜的旅程，作品以萌系、治愈与冒险为特色，动画画风软萌、氛围温暖，是一部让人心情愉悦的治愈作品。作品没有强烈的戏剧冲突，却以细腻的笔触捕捉日常中的微小幸福，角色的喜怒哀乐真实可感，在平实的叙述中悄然传递着生活的温度，适合在忙碌之余放松心情慢慢欣赏。整体而言，该作在题材表达与情感渲染上均有可取之处，剧情张弛有度，角色令人印象深刻，是一部完成度较高、值得推荐的作品。
2231,primary,zh-CN,进击的巨人 最终季 完结篇 前篇,《进击的巨人 最终季 完结篇 前篇》延续最终季，艾伦与调查兵团的物语迎来终局。本作围绕最终的决战与巨人的真相展开，作品以战斗、悬疑与绝望为主题，动画的制作精良，是进击的巨人系列的完结篇。动作设计与演出张力俱佳，随着剧情推进，主角面对的敌人越来越强，战斗方式与自身局限的突破层层升级，配乐与画面配合出色，将热血少年向作品应有的爽快感与成长感都演绎得十分到位。整体而言，该作在题材表达与情感渲染上均有可取之处，剧情张弛有度，角色令人印象深刻，是一部完成度较高、值得推荐的作品。
2232,primary,zh-CN,航海王：红发歌姬,《航海王：红发歌姬》是《航海王》剧场版，路飞与歌姬乌塔的物语。本作围绕乌塔的歌声与红发的羁绊展开，作品以冒险、音乐与伙伴羁绊为主题，动画的战斗场面华丽，是航海王系列的高人气剧场版。动作设计与演出张力俱佳，随着剧情推进，主角面对的敌人越来越强，战斗方式与自身局限的突破层层升级，配乐与画面配合出色，将热血少年向作品应有的爽快感与成长感都演绎得十分到位。整体而言，该作在题材表达与情感渲染上均有可取之处，剧情张弛有度，角色令人印象深刻，是一部完成度较高、值得推荐的作品。
2233,primary,zh-CN,剧场版 关于我转生变成史莱姆这档事 红莲之绊篇,《剧场版 关于我转生变成史莱姆这档事 红莲之绊篇》是《关于我转生变成史莱姆》的剧场版，利姆露的物语。本作围绕红莲之绊展开，作品以异世界、轻松冒险与群像为特色，动画的战斗场面华丽，是史莱姆系列的剧场版。动画的节奏把控张弛有度，战斗场面的分镜与作画都相当扎实，主角在与强敌的较量中不断突破自我，和同伴之间建立的信任与羁绊也为剧情增添了温度，热血与感动并存，值得一看。整体而言，该作在题材表达与情感渲染上均有可取之处，剧情张弛有度，角色令人印象深刻，是一部完成度较高、值得推荐的作品。
2234,primary,zh-CN,致深爱你的那个我,《致深爱你的那个我》是剧场版动画，讲述时间旅行的恋爱物语。围绕平行世界的恋爱，作品以科幻、恋爱与群像为主题，动画的氛围独特，是风格新颖的作品。作品在甜蜜之余也保留了青春特有的青涩与迷茫，主角在感情中的成长与抉择贯穿始终，配乐温润、画面明丽，将恋爱中的忐忑、欢喜与遗憾都拿捏得恰到好处，适合慢慢品味。整体而言，该作在题材表达与情感渲染上均有可取之处，剧情张弛有度，角色令人印象深刻，是一部完成度较高、值得推荐的作品。
2235,primary,zh-CN,致我深爱的每个你,《致我深爱的每个你》是剧场版动画，讲述时间旅行的恋爱物语。围绕平行世界的恋爱，作品以科幻、恋爱与群像为主题，动画的氛围独特，是风格新颖的作品。角色间的互动刻画得细腻自然，那些欲言又止的心意、别扭又真诚的靠近都真实而动人，情感线与日常情节交织，让观众在会心一笑与怦然心动之间反复横跳，是一部让人回味无穷的恋爱物语。整体而言，该作在题材表达与情感渲染上均有可取之处，剧情张弛有度，角色令人印象深刻，是一部完成度较高、值得推荐的作品。
2236,primary,zh-CN,辉夜大小姐想让我告白-初吻不会结束- 电影,《辉夜大小姐想让我告白-初吻不会结束- 电影》是《辉夜大小姐》的剧场版，白银与辉夜的恋爱。本作围绕初吻的篇章展开，作品以恋爱、搞笑与头脑战为特色，动画的演出夸张、笑点密集，是辉夜大小姐系列的剧场版。角色间的互动刻画得细腻自然，那些欲言又止的心意、别扭又真诚的靠近都真实而动人，情感线与日常情节交织，让观众在会心一笑与怦然心动之间反复横跳，是一部让人回味无穷的恋爱物语。整体而言，该作在题材表达与情感渲染上均有可取之处，剧情张弛有度，角色令人印象深刻，是一部完成度较高、值得推荐的作品。
2237,primary,zh-CN,我心里危险的东西,《我心里危险的东西》改编自同名漫画。阴沉少年与美少女的恋爱。作品以恋爱、日常与搞笑为特色，少年的妄想与两人的互动充满萌点，动画的氛围温暖，是一部让人心动的恋爱作品。作品在甜蜜之余也保留了青春特有的青涩与迷茫，主角在感情中的成长与抉择贯穿始终，配乐温润、画面明丽，将恋爱中的忐忑、欢喜与遗憾都拿捏得恰到好处，适合慢慢品味。整体而言，该作在题材表达与情感渲染上均有可取之处，剧情张弛有度，角色令人印象深刻，是一部完成度较高、值得推荐的作品。
2238,primary,zh-CN,绊之Allele,《绊之Allele》是原创动画，讲述虚拟偶像的物语。少女们在虚拟偶像的道路上成长，作品以音乐、偶像与群像为特色，动画的氛围温暖，少女们的梦想令人动容，是偶像动画的作品。角色的个性塑造鲜明，舞台上的自信与生活中的可爱形成反差，团队协作与个人成长双线并进，歌舞编排赏心悦目，让观众既能享受视听盛宴，也能为少女们的梦想与坚持而感动。整体而言，该作在题材表达与情感渲染上均有可取之处，剧情张弛有度，角色令人印象深刻，是一部完成度较高、值得推荐的作品。
2239,primary,zh-CN,江户前精灵,《江户前精灵》改编自同名漫画。江户的精灵与神社少女的日常。作品以日常、治愈与奇幻为特色，精灵与少女的互动充满萌点，动画的氛围温暖，是一部治愈系的作品。作品没有强烈的戏剧冲突，却以细腻的笔触捕捉日常中的微小幸福，角色的喜怒哀乐真实可感，在平实的叙述中悄然传递着生活的温度，适合在忙碌之余放松心情慢慢欣赏。整体而言，该作在题材表达与情感渲染上均有可取之处，剧情张弛有度，角色令人印象深刻，是一部完成度较高、值得推荐的作品。
2240,primary,zh-CN,和山田谈场Lv999的恋爱,《和山田谈场Lv999的恋爱》改编自同名漫画。大学生与游戏高手的恋爱。作品以恋爱、游戏与日常为特色，两人的相遇与互动充满温馨，动画的氛围温暖，是一部让人心动的恋爱作品。作品在甜蜜之余也保留了青春特有的青涩与迷茫，主角在感情中的成长与抉择贯穿始终，配乐温润、画面明丽，将恋爱中的忐忑、欢喜与遗憾都拿捏得恰到好处，适合慢慢品味。整体而言，该作在题材表达与情感渲染上均有可取之处，剧情张弛有度，角色令人印象深刻，是一部完成度较高、值得推荐的作品。
2241,primary,zh-CN,女神咖啡厅,《女神咖啡厅》改编自同名漫画。少年与五位女神的咖啡厅日常。作品以恋爱、搞笑与日常为特色，少年与女神的互动充满笑料，动画的氛围轻松，是一部欢乐的恋爱作品。角色间的互动刻画得细腻自然，那些欲言又止的心意、别扭又真诚的靠近都真实而动人，情感线与日常情节交织，让观众在会心一笑与怦然心动之间反复横跳，是一部让人回味无穷的恋爱物语。整体而言，该作在题材表达与情感渲染上均有可取之处，剧情张弛有度，角色令人印象深刻，是一部完成度较高、值得推荐的作品。
2242,primary,zh-CN,为美好的世界献上爆焰！,《为美好的世界献上爆焰！》是《为美好的世界献上祝福》的衍生作品，惠惠的物语。本作围绕惠惠与红魔族的日常展开，作品以异世界、搞笑与热血为特色，惠惠的爆裂魔法充满笑料，是异世界喜剧的衍生作品。动画的节奏把控张弛有度，战斗场面的分镜与作画都相当扎实，主角在与强敌的较量中不断突破自我，和同伴之间建立的信任与羁绊也为剧情增添了温度，热血与感动并存，值得一看。整体而言，该作在题材表达与情感渲染上均有可取之处，剧情张弛有度，角色令人印象深刻，是一部完成度较高、值得推荐的作品。
2243,primary,zh-CN,跃动青春,《跃动青春》改编自同名漫画。乡村少女在东京高中的青春物语。作品以青春、日常与群像为特色，少女的成长与友情充满温暖，动画的氛围阳光，是一部治愈系的作品。画风清新、节奏舒缓，人物之间的相处自然而温暖，那些平凡琐碎的片段在动画的演绎下变得闪闪发光，传递出一种治愈人心的宁静力量，是治愈系爱好者不容错过的作品。整体而言，该作在题材表达与情感渲染上均有可取之处，剧情张弛有度，角色令人印象深刻，是一部完成度较高、值得推荐的作品。
2244,primary,zh-CN,天国大魔境,《天国大魔境》改编自同名漫画。少年少女们在魔境中的物语。作品以科幻、悬疑与群像为主题，动画的氛围独特，少年们的冒险与真相层层展开，是一部风格新颖的作品。剧情层层递进、伏笔密布，随着线索的不断拼合，真相逐渐浮出水面，每一次反转都在意料之外又情理之中，细节经得起推敲，氛围营造到位，是喜欢烧脑故事的观众不可错过之作。整体而言，该作在题材表达与情感渲染上均有可取之处，剧情张弛有度，角色令人印象深刻，是一部完成度较高、值得推荐的作品。
2245,primary,zh-CN,放学后失眠的你,《放学后失眠的你》改编自同名漫画。失眠的少年与少女的天文部物语。作品以恋爱、日常与治愈为特色，两人的失眠与观星的夜晚充满温馨，动画的氛围温暖，是一部治愈系的恋爱作品。角色间的互动刻画得细腻自然，那些欲言又止的心意、别扭又真诚的靠近都真实而动人，情感线与日常情节交织，让观众在会心一笑与怦然心动之间反复横跳，是一部让人回味无穷的恋爱物语。整体而言，该作在题材表达与情感渲染上均有可取之处，剧情张弛有度，角色令人印象深刻，是一部完成度较高、值得推荐的作品。
2246,primary,zh-CN,鬼灭之刃 刀匠村篇,《鬼灭之刃 刀匠村篇》延续系列，炭治郎的战斗继续。本作炭治郎在刀匠村的战斗与新的柱展开，作品以热血、战斗与羁绊为主题，动画的制作精良，上弦之战的震撼令人动容，是鬼灭之刃系列的重要篇章。动作设计与演出张力俱佳，随着剧情推进，主角面对的敌人越来越强，战斗方式与自身局限的突破层层升级，配乐与画面配合出色，将热血少年向作品应有的爽快感与成长感都演绎得十分到位。整体而言，该作在题材表达与情感渲染上均有可取之处，剧情张弛有度，角色令人印象深刻，是一部完成度较高、值得推荐的作品。
2247,primary,zh-CN,带着智能手机闯荡异世界。 第二季,《带着智能手机闯荡异世界。 第二季》延续第一季，望月冬夜的异世界冒险继续。本作冬夜的强大与后宫生活进一步发展，作品以异世界、后宫与轻松冒险为特色，动画的氛围轻松，是一部标准的异世界作品。作品没有强烈的戏剧冲突，却以细腻的笔触捕捉日常中的微小幸福，角色的喜怒哀乐真实可感，在平实的叙述中悄然传递着生活的温度，适合在忙碌之余放松心情慢慢欣赏。整体而言，该作在题材表达与情感渲染上均有可取之处，剧情张弛有度，角色令人印象深刻，是一部完成度较高、值得推荐的作品。
2248,primary,zh-CN,演剧星世界,《演剧星世界》是原创动画，讲述少年们在演剧中的物语。少年们在演剧的竞争中成长，作品以舞台、青春与群像为特色，动画的氛围独特，是风格新颖的作品。歌舞演出的画面制作精良，每一首歌都与角色心境和剧情推进紧密呼应，少女们在聚光灯下的闪耀与幕后流下的汗水同样动人，传递出追逐梦想、不懈努力的正能量，感染力十足。整体而言，该作在题材表达与情感渲染上均有可取之处，剧情张弛有度，角色令人印象深刻，是一部完成度较高、值得推荐的作品。
2249,primary,zh-CN,东京猫猫 NEW～♡ 第二季,《东京猫猫 NEW～♡ 第二季》延续第一季，猫猫们的战斗继续。本作少女们变身猫猫保护地球的战斗进一步发展，作品以魔法少女、战斗与日常为特色，动画的氛围可爱，是东京猫猫系列的续作。动作设计与演出张力俱佳，随着剧情推进，主角面对的敌人越来越强，战斗方式与自身局限的突破层层升级，配乐与画面配合出色，将热血少年向作品应有的爽快感与成长感都演绎得十分到位。整体而言，该作在题材表达与情感渲染上均有可取之处，剧情张弛有度，角色令人印象深刻，是一部完成度较高、值得推荐的作品。
2250,primary,zh-CN,什么情况都不知道的转校生一个劲的凑过来。,《什么情况都不知道的转校生一个劲的凑过来。》改编自同名漫画。转校生与孤独少女的日常。作品以恋爱、日常与搞笑为特色，转校生的直球与少女的害羞充满萌点，动画的氛围轻松，是一部欢乐的恋爱作品。角色间的互动刻画得细腻自然，那些欲言又止的心意、别扭又真诚的靠近都真实而动人，情感线与日常情节交织，让观众在会心一笑与怦然心动之间反复横跳，是一部让人回味无穷的恋爱物语。整体而言，该作在题材表达与情感渲染上均有可取之处，剧情张弛有度，角色令人印象深刻，是一部完成度较高、值得推荐的作品。
2251,primary,zh-CN,伊甸星原 第二季,《伊甸星原 第二季》延续第一季，少年四季的宇宙冒险继续。本作四季与伙伴们在宇宙中的冒险进一步发展，作品以冒险、热血与群像为特色，动画的战斗场面华丽，是伊甸星原系列的续作。动画的节奏把控张弛有度，战斗场面的分镜与作画都相当扎实，主角在与强敌的较量中不断突破自我，和同伴之间建立的信任与羁绊也为剧情增添了温度，热血与感动并存，值得一看。整体而言，该作在题材表达与情感渲染上均有可取之处，剧情张弛有度，角色令人印象深刻，是一部完成度较高、值得推荐的作品。
2252,primary,zh-CN,色彩高校星,《色彩高校星》是原创动画，讲述少年们在艺术学校的物语。少年们在艺术与青春中的成长，作品以艺术、青春与群像为特色，动画的氛围独特，是一部风格新颖的作品。角色的成长与友情线索贯穿始终，校园场景的描绘充满生活气息，那些关于梦想、竞争与陪伴的片段真实动人，在轻松愉快的基调里传递着积极向上的力量，令人会心一笑。整体而言，该作在题材表达与情感渲染上均有可取之处，剧情张弛有度，角色令人印象深刻，是一部完成度较高、值得推荐的作品。
2253,primary,zh-CN,逃走中 GREAT MISSION,《逃走中 GREAT MISSION》改编自同名综艺企划，讲述逃走中的物语。少年们在逃走中的挑战与冒险，作品以生存、竞技与群像为特色，动画的氛围紧张，是企划改编动画的作品。世界观设定丰富而自成体系，随着冒险推进，更多奇妙的种族、地点与力量体系逐一展开，角色们在旅途中收获成长与羁绊，画面与配乐共同营造出充满想象力的奇幻氛围，令人沉浸其中。整体而言，该作在题材表达与情感渲染上均有可取之处，剧情张弛有度，角色令人印象深刻，是一部完成度较高、值得推荐的作品。
2254,primary,zh-CN,熊熊勇闯异世界 Punch!,《熊熊勇闯异世界 Punch!》延续第一季，少女优奈的熊装冒险继续。本作优奈在异世界的冒险与日常进一步发展，作品以异世界、轻松冒险与萌系为特色，动画的氛围轻松，是熊熊勇闯系列的续作。作品没有强烈的戏剧冲突，却以细腻的笔触捕捉日常中的微小幸福，角色的喜怒哀乐真实可感，在平实的叙述中悄然传递着生活的温度，适合在忙碌之余放松心情慢慢欣赏。整体而言，该作在题材表达与情感渲染上均有可取之处，剧情张弛有度，角色令人印象深刻，是一部完成度较高、值得推荐的作品。
2255,primary,zh-CN,MIX：明青故事 第二季 ～第二个夏天，迈向晴空～,《MIX：明青故事 第二季 ～第二个夏天，迈向晴空～》延续第一季，明青学园的棒球物语继续。本作少年们在棒球中的青春进一步发展，作品以棒球、青春与恋爱为特色，动画的氛围温暖，是MIX系列的续作。作品在甜蜜之余也保留了青春特有的青涩与迷茫，主角在感情中的成长与抉择贯穿始终，配乐温润、画面明丽，将恋爱中的忐忑、欢喜与遗憾都拿捏得恰到好处，适合慢慢品味。整体而言，该作在题材表达与情感渲染上均有可取之处，剧情张弛有度，角色令人印象深刻，是一部完成度较高、值得推荐的作品。
2256,primary,zh-CN,六道的恶女们,《六道的恶女们》改编自同名漫画。不良少年六道与恶女们的物语。作品以搞笑、战斗与群像为特色，恶女们的性格与互动充满笑料，动画的氛围轻松，是一部让人捧腹的作品。动作设计与演出张力俱佳，随着剧情推进，主角面对的敌人越来越强，战斗方式与自身局限的突破层层升级，配乐与画面配合出色，将热血少年向作品应有的爽快感与成长感都演绎得十分到位。整体而言，该作在题材表达与情感渲染上均有可取之处，剧情张弛有度，角色令人印象深刻，是一部完成度较高、值得推荐的作品。
2257,primary,zh-CN,转生贵族的异世界冒险录 〜不知自重的诸神的使徒〜,《转生贵族的异世界冒险录 〜不知自重的诸神的使徒〜》改编自同名轻小说。转生贵族的少年在异世界的冒险。作品以异世界、轻松冒险与后宫为特色，少年的强大与冒险充满看点，动画的氛围轻松，是一部标准的异世界作品。作品没有强烈的戏剧冲突，却以细腻的笔触捕捉日常中的微小幸福，角色的喜怒哀乐真实可感，在平实的叙述中悄然传递着生活的温度，适合在忙碌之余放松心情慢慢欣赏。整体而言，该作在题材表达与情感渲染上均有可取之处，剧情张弛有度，角色令人印象深刻，是一部完成度较高、值得推荐的作品。
2258,primary,zh-CN,边缘服务,《边缘服务》是原创动画，讲述在边缘世界中的物语。少年们在边缘世界的战斗与日常，作品以奇幻、悬疑与群像为特色，动画的氛围独特，是一部风格新颖的作品。动作设计与演出张力俱佳，随着剧情推进，主角面对的敌人越来越强，战斗方式与自身局限的突破层层升级，配乐与画面配合出色，将热血少年向作品应有的爽快感与成长感都演绎得十分到位。整体而言，该作在题材表达与情感渲染上均有可取之处，剧情张弛有度，角色令人印象深刻，是一部完成度较高、值得推荐的作品。
2259,primary,zh-CN,物理魔法使马修,《物理魔法使马修》改编自同名漫画。以肌肉代替魔法的少年马修。作品以搞笑、战斗与热血为特色，马修以物理对抗魔法的设定充满笑料，动画的氛围轻松，是一部欢乐的作品。动作设计与演出张力俱佳，随着剧情推进，主角面对的敌人越来越强，战斗方式与自身局限的突破层层升级，配乐与画面配合出色，将热血少年向作品应有的爽快感与成长感都演绎得十分到位。整体而言，该作在题材表达与情感渲染上均有可取之处，剧情张弛有度，角色令人印象深刻，是一部完成度较高、值得推荐的作品。
2260,primary,zh-CN,国王排名 勇气的宝箱,《国王排名 勇气的宝箱》是《国王排名》的衍生动画，波吉的物语。本作以轻松的日常为主，作品以童话、热血与治愈为主题，动画的氛围温暖，是国王排名系列的番外作品。动画的节奏把控张弛有度，战斗场面的分镜与作画都相当扎实，主角在与强敌的较量中不断突破自我，和同伴之间建立的信任与羁绊也为剧情增添了温度，热血与感动并存，值得一看。整体而言，该作在题材表达与情感渲染上均有可取之处，剧情张弛有度，角色令人印象深刻，是一部完成度较高、值得推荐的作品。
2261,primary,zh-CN,亡骸游戏,《亡骸游戏》改编自同名漫画。不死的魔法师在现代都市的物语。作品以奇幻、悬疑与群像为特色，动画的氛围独特，魔法师的现代生活充满张力，是一部风格新颖的作品。画风清新、节奏舒缓，人物之间的相处自然而温暖，那些平凡琐碎的片段在动画的演绎下变得闪闪发光，传递出一种治愈人心的宁静力量，是治愈系爱好者不容错过的作品。整体而言，该作在题材表达与情感渲染上均有可取之处，剧情张弛有度，角色令人印象深刻，是一部完成度较高、值得推荐的作品。
2262,primary,zh-CN,机战少女 Alice Expansion,《机战少女 Alice Expansion》改编自同名游戏。少女们驾驶机体战斗的物语。作品以机战、战斗与群像为特色，动画的战斗场面华丽，少女们的成长与羁绊贯穿始终，是游戏改编动画的作品。动作设计与演出张力俱佳，随着剧情推进，主角面对的敌人越来越强，战斗方式与自身局限的突破层层升级，配乐与画面配合出色，将热血少年向作品应有的爽快感与成长感都演绎得十分到位。整体而言，该作在题材表达与情感渲染上均有可取之处，剧情张弛有度，角色令人印象深刻，是一部完成度较高、值得推荐的作品。
2263,primary,zh-CN,魔术士奥芬的无赖之旅 圣域篇,《魔术士奥芬的无赖之旅 圣域篇》延续系列，魔术士奥芬的旅程继续。本作奥芬在圣域篇中面对新的挑战，作品以奇幻、冒险与热血为特色，奥芬的强大与无赖充满魅力，是一部经典的奇幻作品。动画的节奏把控张弛有度，战斗场面的分镜与作画都相当扎实，主角在与强敌的较量中不断突破自我，和同伴之间建立的信任与羁绊也为剧情增添了温度，热血与感动并存，值得一看。整体而言，该作在题材表达与情感渲染上均有可取之处，剧情张弛有度，角色令人印象深刻，是一部完成度较高、值得推荐的作品。
2264,primary,zh-CN,向涟苍士献上纯洁,《向涟苍士献上纯洁》是短篇动画，讲述少女与骑士的恋爱。作品以恋爱、成年向与日常为特色，动画的氛围暧昧，两人的互动充满张力，是一部面向成人的恋爱作品。作品在甜蜜之余也保留了青春特有的青涩与迷茫，主角在感情中的成长与抉择贯穿始终，配乐温润、画面明丽，将恋爱中的忐忑、欢喜与遗憾都拿捏得恰到好处，适合慢慢品味。整体而言，该作在题材表达与情感渲染上均有可取之处，剧情张弛有度，角色令人印象深刻，是一部完成度较高、值得推荐的作品。
2265,primary,zh-CN,无神世界的神明活动,《无神世界的神明活动》改编自同名漫画。在无神的世界中，少年的物语。作品以奇幻、搞笑与战斗为特色，神明的活动与少年的冒险充满笑料，动画的氛围轻松，是一部欢乐的作品。动作设计与演出张力俱佳，随着剧情推进，主角面对的敌人越来越强，战斗方式与自身局限的突破层层升级，配乐与画面配合出色，将热血少年向作品应有的爽快感与成长感都演绎得十分到位。整体而言，该作在题材表达与情感渲染上均有可取之处，剧情张弛有度，角色令人印象深刻，是一部完成度较高、值得推荐的作品。
2266,primary,zh-CN,异世界一击无双姐姐 ～姐同伴异世界生活开启～,《异世界一击无双姐姐 ～姐同伴异世界生活开启～》改编自同名轻小说。被召唤到异世界的姐弟。作品以异世界、轻松冒险与搞笑为特色，姐姐的强大与弟弟的日常充满看点，动画的氛围轻松，是一部欢乐的作品。作品没有强烈的戏剧冲突，却以细腻的笔触捕捉日常中的微小幸福，角色的喜怒哀乐真实可感，在平实的叙述中悄然传递着生活的温度，适合在忙碌之余放松心情慢慢欣赏。整体而言，该作在题材表达与情感渲染上均有可取之处，剧情张弛有度，角色令人印象深刻，是一部完成度较高、值得推荐的作品。
2267,primary,zh-CN,/ Oshi no Ko,《/ Oshi no Ko》改编自同名漫画。偶像的孩子在演艺圈的物语。作品以演艺圈、悬疑与群像为主题，动画的制作精良，角色的命运充满张力，是现象级的作品。角色的个性塑造鲜明，舞台上的自信与生活中的可爱形成反差，团队协作与个人成长双线并进，歌舞编排赏心悦目，让观众既能享受视听盛宴，也能为少女们的梦想与坚持而感动。整体而言，该作在题材表达与情感渲染上均有可取之处，剧情张弛有度，角色令人印象深刻，是一部完成度较高、值得推荐的作品。
2268,primary,zh-CN,地狱乐,《地狱乐》改编自同名漫画。死囚们为了获得自由前往神仙之岛。作品以战斗、生存与黑暗为主题，动画的战斗场面华丽，死囚们的挣扎充满张力，是一部硬核的作品。动作设计与演出张力俱佳，随着剧情推进，主角面对的敌人越来越强，战斗方式与自身局限的突破层层升级，配乐与画面配合出色，将热血少年向作品应有的爽快感与成长感都演绎得十分到位。整体而言，该作在题材表达与情感渲染上均有可取之处，剧情张弛有度，角色令人印象深刻，是一部完成度较高、值得推荐的作品。
2269,primary,zh-CN,魔法少女毁灭者,《魔法少女毁灭者》是原创动画，讲述魔法少女们的战斗。本作围绕魔法少女的毁灭展开，作品以战斗、搞笑与群像为特色，动画的氛围独特，是一部风格新颖的作品。动画的节奏把控张弛有度，战斗场面的分镜与作画都相当扎实，主角在与强敌的较量中不断突破自我，和同伴之间建立的信任与羁绊也为剧情增添了温度，热血与感动并存，值得一看。整体而言，该作在题材表达与情感渲染上均有可取之处，剧情张弛有度，角色令人印象深刻，是一部完成度较高、值得推荐的作品。
2270,primary,zh-CN,我家的英雄,《我家的英雄》改编自同名漫画。平凡父亲为了保护家人而展开行动。作品以悬疑、家庭与生存为主题，动画的氛围紧张，父亲的智慧与勇气充满张力，是一部引人入胜的作品。悬疑氛围铺垫扎实，人物之间暗流涌动的博弈与隐藏的秘密交织出复杂的叙事网络，叙事节奏收放自如，高潮部分的揭示震撼有力，看完之后依然值得反复回味其中的细节。整体而言，该作在题材表达与情感渲染上均有可取之处，剧情张弛有度，角色令人印象深刻，是一部完成度较高、值得推荐的作品。
2271,primary,zh-CN,我的英雄学院 最终季,《我的英雄学院 最终季》延续系列，绿谷出久的英雄之路迎来终章。本作围绕最终的决战与出久的成长展开，作品以英雄、热血与成长为主题，动画的战斗场面华丽，是我的英雄学院系列的完结篇。动作设计与演出张力俱佳，随着剧情推进，主角面对的敌人越来越强，战斗方式与自身局限的突破层层升级，配乐与画面配合出色，将热血少年向作品应有的爽快感与成长感都演绎得十分到位。整体而言，该作在题材表达与情感渲染上均有可取之处，剧情张弛有度，角色令人印象深刻，是一部完成度较高、值得推荐的作品。
2272,primary,zh-CN,SI-VIS：英雄之声,《SI-VIS：英雄之声》是原创动画，讲述英雄们的物语。本作围绕英雄之声的设定展开，作品以战斗、热血与群像为特色，动画的氛围独特，是一部风格新颖的作品。动画的节奏把控张弛有度，战斗场面的分镜与作画都相当扎实，主角在与强敌的较量中不断突破自我，和同伴之间建立的信任与羁绊也为剧情增添了温度，热血与感动并存，值得一看。整体而言，该作在题材表达与情感渲染上均有可取之处，剧情张弛有度，角色令人印象深刻，是一部完成度较高、值得推荐的作品。
2273,primary,zh-CN,剧场版 我与机器子,《剧场版 我与机器子》是《我与机器子》的剧场版，少年与机器子的物语。本作以轻松的日常为主，作品以搞笑、日常与科幻为特色，动画的氛围轻松，是机器子系列的剧场版。画风清新、节奏舒缓，人物之间的相处自然而温暖，那些平凡琐碎的片段在动画的演绎下变得闪闪发光，传递出一种治愈人心的宁静力量，是治愈系爱好者不容错过的作品。整体而言，该作在题材表达与情感渲染上均有可取之处，剧情张弛有度，角色令人印象深刻，是一部完成度较高、值得推荐的作品。
2274,primary,zh-CN,剧场版 链锯人 蕾塞篇,《剧场版 链锯人 蕾塞篇》是《链锯人》的剧场版，电次与蕾塞的物语。本作围绕蕾塞篇展开，作品以战斗、热血与黑暗为主题，动画的制作精良，电次的命运充满张力，是链锯人系列的剧场版。动作设计与演出张力俱佳，随着剧情推进，主角面对的敌人越来越强，战斗方式与自身局限的突破层层升级，配乐与画面配合出色，将热血少年向作品应有的爽快感与成长感都演绎得十分到位。整体而言，该作在题材表达与情感渲染上均有可取之处，剧情张弛有度，角色令人印象深刻，是一部完成度较高、值得推荐的作品。
2275,primary,zh-CN,Bâan -大人的彊界-,《Bâan -大人的彊界-》是原创短篇动画，讲述大人世界的物语。作品以日常、搞笑与群像为特色，动画篇幅短小、氛围轻松，是一部轻松解压的泡面番。作品没有强烈的戏剧冲突，却以细腻的笔触捕捉日常中的微小幸福，角色的喜怒哀乐真实可感，在平实的叙述中悄然传递着生活的温度，适合在忙碌之余放松心情慢慢欣赏。整体而言，该作在题材表达与情感渲染上均有可取之处，剧情张弛有度，角色令人印象深刻，是一部完成度较高、值得推荐的作品。
2276,primary,zh-CN,考拉绘日记,《考拉绘日记》是短篇动画，讲述考拉们的日常。作品以萌宠、搞笑与治愈为特色，动画画风可爱、篇幅短小，在轻松的日常中展现考拉的互动，是一部轻松解压的泡面番。画风清新、节奏舒缓，人物之间的相处自然而温暖，那些平凡琐碎的片段在动画的演绎下变得闪闪发光，传递出一种治愈人心的宁静力量，是治愈系爱好者不容错过的作品。整体而言，该作在题材表达与情感渲染上均有可取之处，剧情张弛有度，角色令人印象深刻，是一部完成度较高、值得推荐的作品。
2277,primary,zh-CN,GANGLION,《GANGLION》是短篇动画，讲述机器人战斗的物语。作品以战斗、科幻与热血为特色，动画的氛围独特，机器人的战斗充满张力，是一部风格新颖的作品。动作设计与演出张力俱佳，随着剧情推进，主角面对的敌人越来越强，战斗方式与自身局限的突破层层升级，配乐与画面配合出色，将热血少年向作品应有的爽快感与成长感都演绎得十分到位。整体而言，该作在题材表达与情感渲染上均有可取之处，剧情张弛有度，角色令人印象深刻，是一部完成度较高、值得推荐的作品。
2278,primary,zh-CN,罗小黑战记2,《罗小黑战记2》延续系列，猫咪罗小黑的冒险。本作小黑在人类世界的冒险与日常继续，作品以萌宠、冒险与治愈为特色，动画画风可爱、氛围温暖，是罗小黑系列的续作。作品没有强烈的戏剧冲突，却以细腻的笔触捕捉日常中的微小幸福，角色的喜怒哀乐真实可感，在平实的叙述中悄然传递着生活的温度，适合在忙碌之余放松心情慢慢欣赏。整体而言，该作在题材表达与情感渲染上均有可取之处，剧情张弛有度，角色令人印象深刻，是一部完成度较高、值得推荐的作品。
2279,primary,zh-CN,陛下请忘记我吧,《陛下请忘记我吧》是短篇动画，讲述宫廷的物语。作品以恋爱、宫廷与日常为特色，动画画风精美、氛围宁静，在轻松的日常中展现宫廷的互动，是一部轻松解压的泡面番。作品在甜蜜之余也保留了青春特有的青涩与迷茫，主角在感情中的成长与抉择贯穿始终，配乐温润、画面明丽，将恋爱中的忐忑、欢喜与遗憾都拿捏得恰到好处，适合慢慢品味。整体而言，该作在题材表达与情感渲染上均有可取之处，剧情张弛有度，角色令人印象深刻，是一部完成度较高、值得推荐的作品。
2280,primary,zh-CN,链锯人 总集篇,《链锯人 总集篇》是《链锯人》的总集篇，电次的物语重新编排。本作回顾第一季的剧情，作品以战斗、热血与黑暗为主题，动画的制作精良，是链锯人系列的总集篇。动作设计与演出张力俱佳，随着剧情推进，主角面对的敌人越来越强，战斗方式与自身局限的突破层层升级，配乐与画面配合出色，将热血少年向作品应有的爽快感与成长感都演绎得十分到位。整体而言，该作在题材表达与情感渲染上均有可取之处，剧情张弛有度，角色令人印象深刻，是一部完成度较高、值得推荐的作品。
2281,primary,zh-CN,藤本树17-26,《藤本树17-26》是藤本树的短篇动画集，将多部短篇漫画改编为动画。本作收录了《17-21》《22-26》等富有冲击力的短篇，每一篇都以藤本树独有的脑洞与情感爆发为特色，既有荒诞的展开，也有细腻动人的瞬间。作品以电影化的分镜、猎奇的设定与令人意外的结局著称，在短短几分钟内展现出惊人的想象力与张力，是一部不容错过的短篇动画集。作品没有强烈的戏剧冲突，却以细腻的笔触捕捉日常中的微小幸福，角色的喜怒哀乐真实可感，在平实的叙述中悄然传递着生活的温度，适合在忙碌之余放松心情慢慢欣赏。
2282,primary,zh-CN,小林家的龙女仆 怕寂寞的龙,《小林家的龙女仆 怕寂寞的龙》是《小林家的龙女仆》的OVA，龙们的日常番外。本作以轻松的日常为主，作品以日常、治愈与搞笑为特色，动画的氛围温馨，是龙女仆系列的番外作品。画风清新、节奏舒缓，人物之间的相处自然而温暖，那些平凡琐碎的片段在动画的演绎下变得闪闪发光，传递出一种治愈人心的宁静力量，是治愈系爱好者不容错过的作品。整体而言，该作在题材表达与情感渲染上均有可取之处，剧情张弛有度，角色令人印象深刻，是一部完成度较高、值得推荐的作品。
2283,primary,zh-CN,KING OF PRISM -Your Endless Call- み～んなきらめけ！プリズム☆ツアーズ,《KING OF PRISM -Your Endless Call- み～んなきらめけ！プリズム☆ツアーズ》是Prism系列的剧场版，少年们的Prism表演。本作围绕Prism的梦想展开，作品以音乐、竞技与群像为特色，动画的表演场面华丽，是Prism系列的剧场版。角色的个性塑造鲜明，舞台上的自信与生活中的可爱形成反差，团队协作与个人成长双线并进，歌舞编排赏心悦目，让观众既能享受视听盛宴，也能为少女们的梦想与坚持而感动。
2284,primary,zh-CN,蜡笔小新：超华丽！灼热的春日部舞者,《蜡笔小新：超华丽！灼热的春日部舞者》是《蜡笔小新》剧场版，小新在春日部的冒险。本作围绕舞蹈的篇章展开，小新与伙伴们在舞蹈中战斗，作品以搞笑、冒险与家庭为特色，动画的氛围欢乐，是蜡笔小新系列的剧场版。动画的节奏把控张弛有度，战斗场面的分镜与作画都相当扎实，主角在与强敌的较量中不断突破自我，和同伴之间建立的信任与羁绊也为剧情增添了温度，热血与感动并存，值得一看。整体而言，该作在题材表达与情感渲染上均有可取之处，剧情张弛有度，角色令人印象深刻，是一部完成度较高、值得推荐的作品。
2285,primary,zh-CN,电影 小鲨鱼去郊游,《电影 小鲨鱼去郊游》是小鲨鱼的剧场版，小鲨鱼的冒险。本作小鲨鱼在郊游中的温馨日常，作品以萌宠、治愈与日常为特色，动画画风软萌、氛围温暖，是一部治愈系的作品。画风清新、节奏舒缓，人物之间的相处自然而温暖，那些平凡琐碎的片段在动画的演绎下变得闪闪发光，传递出一种治愈人心的宁静力量，是治愈系爱好者不容错过的作品。整体而言，该作在题材表达与情感渲染上均有可取之处，剧情张弛有度，角色令人印象深刻，是一部完成度较高、值得推荐的作品。
2286,primary,zh-CN,偶像活动×美妙天堂 电影,《偶像活动×美妙天堂 电影》是偶像活动与美妙天堂的联动剧场版，少女们的偶像演出。本作两部作品的偶像们集结演出，作品以华丽的舞台演出、可爱的角色与音乐为特色，歌舞场面充满感染力，是少女向偶像动画的剧场版。角色的个性塑造鲜明，舞台上的自信与生活中的可爱形成反差，团队协作与个人成长双线并进，歌舞编排赏心悦目，让观众既能享受视听盛宴，也能为少女们的梦想与坚持而感动。整体而言，该作在题材表达与情感渲染上均有可取之处，剧情张弛有度，角色令人印象深刻，是一部完成度较高、值得推荐的作品。
2287,primary,zh-CN,与爱丽丝梦游仙境 -Dive in Wonderland-,《与爱丽丝梦游仙境 -Dive in Wonderland-》是短篇动画，讲述爱丽丝梦游仙境的物语。作品以童话、奇幻与日常为特色，动画画风精美、氛围梦幻，在童话的世界中展开物语，是一部轻松解压的泡面番。作品没有强烈的戏剧冲突，却以细腻的笔触捕捉日常中的微小幸福，角色的喜怒哀乐真实可感，在平实的叙述中悄然传递着生活的温度，适合在忙碌之余放松心情慢慢欣赏。整体而言，该作在题材表达与情感渲染上均有可取之处，剧情张弛有度，角色令人印象深刻，是一部完成度较高、值得推荐的作品。
2288,primary,zh-CN,泛而不精的我被逐出了勇者队伍,《泛而不精的我被逐出了勇者队伍》改编自同名轻小说。被逐出勇者队伍的少年的物语。作品以异世界、日常与恋爱为特色，少年的悠闲生活与新的相遇充满温馨，动画的氛围温暖，是一部治愈系的作品。作品在甜蜜之余也保留了青春特有的青涩与迷茫，主角在感情中的成长与抉择贯穿始终，配乐温润、画面明丽，将恋爱中的忐忑、欢喜与遗憾都拿捏得恰到好处，适合慢慢品味。整体而言，该作在题材表达与情感渲染上均有可取之处，剧情张弛有度，角色令人印象深刻，是一部完成度较高、值得推荐的作品。
2289,primary,zh-CN,青之壬生浪 -芹泽暗杀篇-,《青之壬生浪 -芹泽暗杀篇-》是原创动画，讲述新选组的物语。本作围绕芹泽暗杀展开，作品以时代、战斗与群像为特色，动画的氛围沉重，是风格独特的作品。动作设计与演出张力俱佳，随着剧情推进，主角面对的敌人越来越强，战斗方式与自身局限的突破层层升级，配乐与画面配合出色，将热血少年向作品应有的爽快感与成长感都演绎得十分到位。整体而言，该作在题材表达与情感渲染上均有可取之处，剧情张弛有度，角色令人印象深刻，是一部完成度较高、值得推荐的作品。
2290,primary,zh-CN,葬送的芙莉莲 第二季,《葬送的芙莉莲 第二季》延续第一季，精灵魔法使芙莉莲的旅程继续。本作芙莉莲在旅途中的回忆与相遇进一步发展，作品以奇幻、治愈与群像为主题，动画的氛围宁静，是葬送的芙莉莲系列的续作。作品没有强烈的戏剧冲突，却以细腻的笔触捕捉日常中的微小幸福，角色的喜怒哀乐真实可感，在平实的叙述中悄然传递着生活的温度，适合在忙碌之余放松心情慢慢欣赏。整体而言，该作在题材表达与情感渲染上均有可取之处，剧情张弛有度，角色令人印象深刻，是一部完成度较高、值得推荐的作品。
2291,primary,zh-CN,金牌得主 第二季,《金牌得主 第二季》延续第一季，花样滑冰少女们的物语继续。本作少女们在滑冰中的成长进一步发展，作品以滑冰、青春与群像为特色，动画的滑冰场面优美，是金牌得主系列的续作。萌系画风与细腻的情感表达相结合，角色们的日常相处温馨又有趣，看似平淡的片段都藏着小小的闪光点，整体观感清爽治愈，让人心情随之明朗起来。整体而言，该作在题材表达与情感渲染上均有可取之处，剧情张弛有度，角色令人印象深刻，是一部完成度较高、值得推荐的作品。
2292,primary,zh-CN,铠真传 武士军团,《铠真传 武士军团》是原创动画，讲述武士们的战斗。本作围绕铠真传的设定展开，作品以战斗、热血与群像为特色，动画的战斗场面华丽，是一部扎实的作品。动作设计与演出张力俱佳，随着剧情推进，主角面对的敌人越来越强，战斗方式与自身局限的突破层层升级，配乐与画面配合出色，将热血少年向作品应有的爽快感与成长感都演绎得十分到位。整体而言，该作在题材表达与情感渲染上均有可取之处，剧情张弛有度，角色令人印象深刻，是一部完成度较高、值得推荐的作品。
2293,primary,zh-CN,黄金神威 最终章,《黄金神威 最终章》延续系列，杉元佐一在北海道的冒险迎来终局。本作围绕黄金的争夺迎来最终章，作品以冒险、美食与群像为特色，动画将北海道的自然与阿伊努文化描绘得细致，是黄金神威系列的完结篇。世界观设定丰富而自成体系，随着冒险推进，更多奇妙的种族、地点与力量体系逐一展开，角色们在旅途中收获成长与羁绊，画面与配乐共同营造出充满想象力的奇幻氛围，令人沉浸其中。整体而言，该作在题材表达与情感渲染上均有可取之处，剧情张弛有度，角色令人印象深刻，是一部完成度较高、值得推荐的作品。
2294,primary,zh-CN,魔都精兵的奴隶 第二季,《魔都精兵的奴隶 第二季》延续第一季，少年与魔都精兵的物语继续。本作少年的奴隶契约与战斗进一步发展，作品以战斗、奇幻与后宫为特色，动画的氛围轻松，是魔都精兵系列的续作。动作设计与演出张力俱佳，随着剧情推进，主角面对的敌人越来越强，战斗方式与自身局限的突破层层升级，配乐与画面配合出色，将热血少年向作品应有的爽快感与成长感都演绎得十分到位。整体而言，该作在题材表达与情感渲染上均有可取之处，剧情张弛有度，角色令人印象深刻，是一部完成度较高、值得推荐的作品。
2295,primary,zh-CN,能帮我弄干净吗？,《能帮我弄干净吗？》是短篇动画，讲述清洁的物语。作品以日常、治愈与搞笑为特色，动画篇幅短小、氛围轻松，在轻松的日常中展现清洁的趣味，是一部轻松解压的泡面番。作品没有强烈的戏剧冲突，却以细腻的笔触捕捉日常中的微小幸福，角色的喜怒哀乐真实可感，在平实的叙述中悄然传递着生活的温度，适合在忙碌之余放松心情慢慢欣赏。整体而言，该作在题材表达与情感渲染上均有可取之处，剧情张弛有度，角色令人印象深刻，是一部完成度较高、值得推荐的作品。
2296,primary,zh-CN,魔王的女儿太温柔了！！,《魔王的女儿太温柔了！！》是短篇动画，讲述魔王女儿的日常。作品以奇幻、搞笑与治愈为特色，魔王的女儿与人类的互动充满萌点，动画篇幅短小，是一部轻松解压的泡面番。作品没有强烈的戏剧冲突，却以细腻的笔触捕捉日常中的微小幸福，角色的喜怒哀乐真实可感，在平实的叙述中悄然传递着生活的温度，适合在忙碌之余放松心情慢慢欣赏。整体而言，该作在题材表达与情感渲染上均有可取之处，剧情张弛有度，角色令人印象深刻，是一部完成度较高、值得推荐的作品。
2297,primary,zh-CN,午夜的倾心旋律,《午夜的倾心旋律》是短篇动画，讲述深夜音乐与恋爱的物语。作品以音乐、恋爱与日常为特色，动画氛围宁静，在音乐的旋律中展现情感，是一部风格新颖的作品。作品在甜蜜之余也保留了青春特有的青涩与迷茫，主角在感情中的成长与抉择贯穿始终，配乐温润、画面明丽，将恋爱中的忐忑、欢喜与遗憾都拿捏得恰到好处，适合慢慢品味。整体而言，该作在题材表达与情感渲染上均有可取之处，剧情张弛有度，角色令人印象深刻，是一部完成度较高、值得推荐的作品。
2298,primary,zh-CN,阿尔涅的事件簿,《阿尔涅的事件簿》是短篇动画，讲述侦探阿尔涅的调查。作品以推理、悬疑与日常为特色，动画的氛围独特，阿尔涅的推理充满魅力，是一部风格新颖的作品。作品没有强烈的戏剧冲突，却以细腻的笔触捕捉日常中的微小幸福，角色的喜怒哀乐真实可感，在平实的叙述中悄然传递着生活的温度，适合在忙碌之余放松心情慢慢欣赏。整体而言，该作在题材表达与情感渲染上均有可取之处，剧情张弛有度，角色令人印象深刻，是一部完成度较高、值得推荐的作品。
2299,primary,zh-CN,高校奇面组,《高校奇面组》是经典搞笑动画的重制，奇面组学生的搞笑日常。本作重新演绎经典的物语，作品以搞笑、恶搞与日常为特色，动画的氛围欢乐，是经典作品的重新动画化。作品没有强烈的戏剧冲突，却以细腻的笔触捕捉日常中的微小幸福，角色的喜怒哀乐真实可感，在平实的叙述中悄然传递着生活的温度，适合在忙碌之余放松心情慢慢欣赏。整体而言，该作在题材表达与情感渲染上均有可取之处，剧情张弛有度，角色令人印象深刻，是一部完成度较高、值得推荐的作品。
2300,primary,zh-CN,和青梅竹马之间不会有恋爱喜剧,《和青梅竹马之间不会有恋爱喜剧》改编自同名轻小说。青梅竹马们之间的恋爱喜剧。作品以恋爱、搞笑与日常为特色，青梅竹马的互动充满笑料，动画的氛围轻松，是一部欢乐的恋爱作品。作品在甜蜜之余也保留了青春特有的青涩与迷茫，主角在感情中的成长与抉择贯穿始终，配乐温润、画面明丽，将恋爱中的忐忑、欢喜与遗憾都拿捏得恰到好处，适合慢慢品味。整体而言，该作在题材表达与情感渲染上均有可取之处，剧情张弛有度，角色令人印象深刻，是一部完成度较高、值得推荐的作品。
2301,primary,zh-CN,身为魔族的我想向勇者小队的可爱女孩告白。,《身为魔族的我想向勇者小队的可爱女孩告白。》改编自同名轻小说。魔族少年与勇者少女的恋爱。作品以异世界、恋爱与搞笑为特色，魔族与勇者的对立与恋爱充满笑料，动画的氛围轻松，是一部欢乐的作品。角色间的互动刻画得细腻自然，那些欲言又止的心意、别扭又真诚的靠近都真实而动人，情感线与日常情节交织，让观众在会心一笑与怦然心动之间反复横跳，是一部让人回味无穷的恋爱物语。整体而言，该作在题材表达与情感渲染上均有可取之处，剧情张弛有度，角色令人印象深刻，是一部完成度较高、值得推荐的作品。
2302,primary,zh-CN,异国日记,《异国日记》改编自同名漫画。少女与作家的共同生活。作品以日常、治愈与群像为特色，少女的成长与作家的日常充满温馨，动画的氛围温暖，是一部治愈系的作品。作品没有强烈的戏剧冲突，却以细腻的笔触捕捉日常中的微小幸福，角色的喜怒哀乐真实可感，在平实的叙述中悄然传递着生活的温度，适合在忙碌之余放松心情慢慢欣赏。整体而言，该作在题材表达与情感渲染上均有可取之处，剧情张弛有度，角色令人印象深刻，是一部完成度较高、值得推荐的作品。
2303,primary,zh-CN,地狱模式 ～喜欢速通游戏的玩家在废设定异世界无双～,《地狱模式 ～喜欢速通游戏的玩家在废设定异世界无双～》改编自同名轻小说。速通玩家在异世界的冒险。作品以异世界、战斗与爽快为特色，玩家的速通与无双充满看点，动画的氛围轻松，是一部标准的异世界作品。动作设计与演出张力俱佳，随着剧情推进，主角面对的敌人越来越强，战斗方式与自身局限的突破层层升级，配乐与画面配合出色，将热血少年向作品应有的爽快感与成长感都演绎得十分到位。整体而言，该作在题材表达与情感渲染上均有可取之处，剧情张弛有度，角色令人印象深刻，是一部完成度较高、值得推荐的作品。
2304,primary,zh-CN,29岁单身冒险家的日常,《29岁单身冒险家的日常》是短篇动画，讲述单身冒险家的日常。作品以日常、治愈与搞笑为特色，动画篇幅短小、氛围轻松，在轻松的日常中展现冒险家的生活，是一部轻松解压的泡面番。作品没有强烈的戏剧冲突，却以细腻的笔触捕捉日常中的微小幸福，角色的喜怒哀乐真实可感，在平实的叙述中悄然传递着生活的温度，适合在忙碌之余放松心情慢慢欣赏。整体而言，该作在题材表达与情感渲染上均有可取之处，剧情张弛有度，角色令人印象深刻，是一部完成度较高、值得推荐的作品。
2305,primary,zh-CN,火喰鸟 羽州褴褛鸢组,《火喰鸟 羽州褴褛鸢组》是短篇动画，讲述羽州褴褛鸢组的物语。作品以时代、战斗与群像为特色，动画的氛围独特，是风格新颖的作品。动画的节奏把控张弛有度，战斗场面的分镜与作画都相当扎实，主角在与强敌的较量中不断突破自我，和同伴之间建立的信任与羁绊也为剧情增添了温度，热血与感动并存，值得一看。整体而言，该作在题材表达与情感渲染上均有可取之处，剧情张弛有度，角色令人印象深刻，是一部完成度较高、值得推荐的作品。
2306,primary,zh-CN,魔术师库诺看得见一切,《魔术师库诺看得见一切》改编自同名轻小说。魔术师库诺的冒险。作品以奇幻、战斗与群像为特色，库诺的魔术与冒险充满看点，动画的氛围轻松，是一部标准的轻改作品。动作设计与演出张力俱佳，随着剧情推进，主角面对的敌人越来越强，战斗方式与自身局限的突破层层升级，配乐与画面配合出色，将热血少年向作品应有的爽快感与成长感都演绎得十分到位。整体而言，该作在题材表达与情感渲染上均有可取之处，剧情张弛有度，角色令人印象深刻，是一部完成度较高、值得推荐的作品。
2307,primary,zh-CN,花样少年少女,《花样少年少女》改编自同名漫画。女扮男装的少女在男校的物语。作品以恋爱、搞笑与学园为特色，少女的伪装与恋爱的日常充满笑料，动画的氛围轻松，是一部欢乐的恋爱作品。角色间的互动刻画得细腻自然，那些欲言又止的心意、别扭又真诚的靠近都真实而动人，情感线与日常情节交织，让观众在会心一笑与怦然心动之间反复横跳，是一部让人回味无穷的恋爱物语。整体而言，该作在题材表达与情感渲染上均有可取之处，剧情张弛有度，角色令人印象深刻，是一部完成度较高、值得推荐的作品。
2308,primary,zh-CN,靠死亡游戏混饭吃。,《靠死亡游戏混饭吃。》改编自同名轻小说。靠死亡游戏生存的物语。作品以悬疑、生存与群像为特色，动画的氛围紧张，游戏与生存的挑战充满张力，是一部风格新颖的作品。剧情层层递进、伏笔密布，随着线索的不断拼合，真相逐渐浮出水面，每一次反转都在意料之外又情理之中，细节经得起推敲，氛围营造到位，是喜欢烧脑故事的观众不可错过之作。整体而言，该作在题材表达与情感渲染上均有可取之处，剧情张弛有度，角色令人印象深刻，是一部完成度较高、值得推荐的作品。
2309,primary,zh-CN,死亡账号,《死亡账号》改编自渡边静的同名漫画。缘城苍吏靠打架实况视频赚钱为妹妹治病。作品以格斗、热血与群像为特色，苍吏的战斗与兄妹的羁绊充满张力，动画的氛围沉重，是一部硬核的作品。动作设计与演出张力俱佳，随着剧情推进，主角面对的敌人越来越强，战斗方式与自身局限的突破层层升级，配乐与画面配合出色，将热血少年向作品应有的爽快感与成长感都演绎得十分到位。整体而言，该作在题材表达与情感渲染上均有可取之处，剧情张弛有度，角色令人印象深刻，是一部完成度较高、值得推荐的作品。
2310,primary,zh-CN,判处勇者刑 惩罚勇者9004队刑务纪录,《判处勇者刑 惩罚勇者9004队刑务纪录》改编自同名轻小说。被判处勇者刑的勇者的物语。作品以奇幻、搞笑与群像为特色，勇者与刑务队的互动充满笑料，动画的氛围轻松，是一部欢乐的作品。作品没有强烈的戏剧冲突，却以细腻的笔触捕捉日常中的微小幸福，角色的喜怒哀乐真实可感，在平实的叙述中悄然传递着生活的温度，适合在忙碌之余放松心情慢慢欣赏。整体而言，该作在题材表达与情感渲染上均有可取之处，剧情张弛有度，角色令人印象深刻，是一部完成度较高、值得推荐的作品。
2311,primary,zh-CN,打工仔的拷问日常,《打工仔的拷问日常》是短篇动画，讲述打工仔的日常。作品以职场、搞笑与日常为特色，打工仔的辛苦与吐槽充满笑料，动画篇幅短小，是一部轻松解压的泡面番。作品没有强烈的戏剧冲突，却以细腻的笔触捕捉日常中的微小幸福，角色的喜怒哀乐真实可感，在平实的叙述中悄然传递着生活的温度，适合在忙碌之余放松心情慢慢欣赏。整体而言，该作在题材表达与情感渲染上均有可取之处，剧情张弛有度，角色令人印象深刻，是一部完成度较高、值得推荐的作品。
2312,primary,zh-CN,被邻国王子溺爱的反派女主,《被邻国王子溺爱的反派女主》是短篇动画，讲述反派女主的恋爱。作品以恋爱、异世界与搞笑为特色，反派女主与王子的互动充满萌点，动画篇幅短小，是一部轻松解压的泡面番。作品在甜蜜之余也保留了青春特有的青涩与迷茫，主角在感情中的成长与抉择贯穿始终，配乐温润、画面明丽，将恋爱中的忐忑、欢喜与遗憾都拿捏得恰到好处，适合慢慢品味。整体而言，该作在题材表达与情感渲染上均有可取之处，剧情张弛有度，角色令人印象深刻，是一部完成度较高、值得推荐的作品。
2313,primary,zh-CN,厄里斯的圣杯,《厄里斯的圣杯》改编自同名轻小说。少女与恶女的物语。作品以奇幻、群像与恋爱为特色，少女的成长与恶女的羁绊充满看点，动画的氛围独特，是一部风格新颖的作品。角色间的互动刻画得细腻自然，那些欲言又止的心意、别扭又真诚的靠近都真实而动人，情感线与日常情节交织，让观众在会心一笑与怦然心动之间反复横跳，是一部让人回味无穷的恋爱物语。整体而言，该作在题材表达与情感渲染上均有可取之处，剧情张弛有度，角色令人印象深刻，是一部完成度较高、值得推荐的作品。
2314,primary,zh-CN,非人学生与厌世教师,《非人学生与厌世教师》改编自同名漫画。非人学生与教师的日常。作品以搞笑、日常与群像为特色，非人学生的设定与教师的吐槽充满笑料，动画的氛围轻松，是一部欢乐的作品。作品没有强烈的戏剧冲突，却以细腻的笔触捕捉日常中的微小幸福，角色的喜怒哀乐真实可感，在平实的叙述中悄然传递着生活的温度，适合在忙碌之余放松心情慢慢欣赏。整体而言，该作在题材表达与情感渲染上均有可取之处，剧情张弛有度，角色令人印象深刻，是一部完成度较高、值得推荐的作品。
2315,primary,zh-CN,地狱乐 第二季,《地狱乐 第二季》延续第一季，死囚们的战斗继续。本作死囚们在神仙之岛的挑战进一步发展，作品以战斗、生存与黑暗为主题，动画的战斗场面华丽，是地狱乐系列的续作。动作设计与演出张力俱佳，随着剧情推进，主角面对的敌人越来越强，战斗方式与自身局限的突破层层升级，配乐与画面配合出色，将热血少年向作品应有的爽快感与成长感都演绎得十分到位。整体而言，该作在题材表达与情感渲染上均有可取之处，剧情张弛有度，角色令人印象深刻，是一部完成度较高、值得推荐的作品。
2316,primary,zh-CN,咒术回战 死灭回游 前篇,《咒术回战 死灭回游 前篇》延续系列，虎杖与伙伴们的战斗继续。本作围绕死灭回游展开，作品以战斗、热血与群像为主题，动画的战斗场面华丽，是咒术回战系列的重要篇章。动作设计与演出张力俱佳，随着剧情推进，主角面对的敌人越来越强，战斗方式与自身局限的突破层层升级，配乐与画面配合出色，将热血少年向作品应有的爽快感与成长感都演绎得十分到位。整体而言，该作在题材表达与情感渲染上均有可取之处，剧情张弛有度，角色令人印象深刻，是一部完成度较高、值得推荐的作品。
2317,primary,zh-CN,卡片战斗先导者 Divinez 幻真星战篇,《卡片战斗先导者 Divinez 幻真星战篇》是卡片战斗先导者系列的动画，少年们的卡牌战斗继续。本作围绕幻真星战展开，作品以卡牌、热血与竞技为特色，动画的战斗场面华丽，是先导者系列的新篇章。动画的节奏把控张弛有度，战斗场面的分镜与作画都相当扎实，主角在与强敌的较量中不断突破自我，和同伴之间建立的信任与羁绊也为剧情增添了温度，热血与感动并存，值得一看。整体而言，该作在题材表达与情感渲染上均有可取之处，剧情张弛有度，角色令人印象深刻，是一部完成度较高、值得推荐的作品。
2318,primary,zh-CN,相反的你和我,《相反的你和我》改编自同名漫画。性格相反的少年少女的恋爱。作品以恋爱、日常与搞笑为特色，两人的反差与互动充满萌点，动画的氛围轻松，是一部欢乐的恋爱作品。作品在甜蜜之余也保留了青春特有的青涩与迷茫，主角在感情中的成长与抉择贯穿始终，配乐温润、画面明丽，将恋爱中的忐忑、欢喜与遗憾都拿捏得恰到好处，适合慢慢品味。整体而言，该作在题材表达与情感渲染上均有可取之处，剧情张弛有度，角色令人印象深刻，是一部完成度较高、值得推荐的作品。
2319,primary,zh-CN,安逸领主的愉快领地防卫～以生产系魔术将无名小村打造成最强要塞都市～,《安逸领主的愉快领地防卫～以生产系魔术将无名小村打造成最强要塞都市～》改编自同名轻小说。领主以生产魔术防卫领地。作品以异世界、日常与轻松冒险为特色，领主的领地经营充满趣味，动画的氛围轻松，是一部欢乐的作品。作品没有强烈的戏剧冲突，却以细腻的笔触捕捉日常中的微小幸福，角色的喜怒哀乐真实可感，在平实的叙述中悄然传递着生活的温度，适合在忙碌之余放松心情慢慢欣赏。整体而言，该作在题材表达与情感渲染上均有可取之处，剧情张弛有度，角色令人印象深刻，是一部完成度较高、值得推荐的作品。
2320,primary,zh-CN,TRIGUN STARGAZE,《TRIGUN STARGAZE》是《枪神》的剧场版，枪手法修的冒险。本作围绕新的篇章展开，作品以枪战、热血与群像为特色，动画的战斗场面华丽，是枪神系列的剧场版。动画的节奏把控张弛有度，战斗场面的分镜与作画都相当扎实，主角在与强敌的较量中不断突破自我，和同伴之间建立的信任与羁绊也为剧情增添了温度，热血与感动并存，值得一看。整体而言，该作在题材表达与情感渲染上均有可取之处，剧情张弛有度，角色令人印象深刻，是一部完成度较高、值得推荐的作品。
2321,primary,zh-CN,达尔文事变,《达尔文事变》改编自同名漫画。人兽混血儿的物语。作品以科幻、悬疑与群像为主题，动画的氛围沉重，人兽的生存充满张力，是一部引人深思的作品。悬疑氛围铺垫扎实，人物之间暗流涌动的博弈与隐藏的秘密交织出复杂的叙事网络，叙事节奏收放自如，高潮部分的揭示震撼有力，看完之后依然值得反复回味其中的细节。整体而言，该作在题材表达与情感渲染上均有可取之处，剧情张弛有度，角色令人印象深刻，是一部完成度较高、值得推荐的作品。
2322,primary,zh-CN,异世界的安泰全看社畜,《异世界的安泰全看社畜》改编自同名轻小说。社畜在异世界的日常。作品以异世界、搞笑与日常为特色，社畜的吐槽与异世界的设定充满笑料，动画的氛围轻松，是一部欢乐的作品。作品没有强烈的戏剧冲突，却以细腻的笔触捕捉日常中的微小幸福，角色的喜怒哀乐真实可感，在平实的叙述中悄然传递着生活的温度，适合在忙碌之余放松心情慢慢欣赏。整体而言，该作在题材表达与情感渲染上均有可取之处，剧情张弛有度，角色令人印象深刻，是一部完成度较高、值得推荐的作品。
2323,primary,zh-CN,透明男与人类女～不久成为夫妇的二人～,《透明男与人类女～不久成为夫妇的二人～》改编自同名漫画。透明男与人类女的恋爱。作品以恋爱、日常与搞笑为特色，透明男的设定与两人的互动充满萌点，动画的氛围轻松，是一部欢乐的恋爱作品。角色间的互动刻画得细腻自然，那些欲言又止的心意、别扭又真诚的靠近都真实而动人，情感线与日常情节交织，让观众在会心一笑与怦然心动之间反复横跳，是一部让人回味无穷的恋爱物语。整体而言，该作在题材表达与情感渲染上均有可取之处，剧情张弛有度，角色令人印象深刻，是一部完成度较高、值得推荐的作品。
2324,primary,zh-CN,转生之后的我变成了龙蛋,《转生之后的我变成了龙蛋》改编自同名轻小说。转生成龙蛋的主角在异世界的冒险。作品以异世界、战斗与成长为主题，主角从龙蛋开始的冒险充满看点，动画的氛围轻松，是一部标准的异世界作品。动作设计与演出张力俱佳，随着剧情推进，主角面对的敌人越来越强，战斗方式与自身局限的突破层层升级，配乐与画面配合出色，将热血少年向作品应有的爽快感与成长感都演绎得十分到位。整体而言，该作在题材表达与情感渲染上均有可取之处，剧情张弛有度，角色令人印象深刻，是一部完成度较高、值得推荐的作品。
2325,primary,zh-CN,神八小妹不可怕,《神八小妹不可怕》改编自同名漫画。神明小妹的日常。作品以日常、搞笑与治愈为特色，神八小妹的互动充满萌点，动画的氛围温暖，是一部轻松治愈的作品。作品没有强烈的戏剧冲突，却以细腻的笔触捕捉日常中的微小幸福，角色的喜怒哀乐真实可感，在平实的叙述中悄然传递着生活的温度，适合在忙碌之余放松心情慢慢欣赏。整体而言，该作在题材表达与情感渲染上均有可取之处，剧情张弛有度，角色令人印象深刻，是一部完成度较高、值得推荐的作品。
2326,primary,zh-CN,贵族转生 ～得天眷顾一出生就获得最强力量～,《贵族转生 ～得天眷顾一出生就获得最强力量～》改编自同名轻小说。转生贵族的少年天生获得最强力量。作品以异世界、战斗与后宫为特色，贵族的强大与冒险充满看点，动画的氛围轻松，是一部标准的异世界作品。动画的节奏把控张弛有度，战斗场面的分镜与作画都相当扎实，主角在与强敌的较量中不断突破自我，和同伴之间建立的信任与羁绊也为剧情增添了温度，热血与感动并存，值得一看。整体而言，该作在题材表达与情感渲染上均有可取之处，剧情张弛有度，角色令人印象深刻，是一部完成度较高、值得推荐的作品。
2327,primary,zh-CN,勇者之屑,《勇者之屑》改编自同名漫画。被称作勇者之屑的少年的物语。作品以奇幻、战斗与群像为特色，少年的战斗与成长充满张力，动画的氛围独特，是一部风格新颖的作品。动作设计与演出张力俱佳，随着剧情推进，主角面对的敌人越来越强，战斗方式与自身局限的突破层层升级，配乐与画面配合出色，将热血少年向作品应有的爽快感与成长感都演绎得十分到位。整体而言，该作在题材表达与情感渲染上均有可取之处，剧情张弛有度，角色令人印象深刻，是一部完成度较高、值得推荐的作品。
2328,primary,zh-CN,皎洁迎宵之月,《皎洁迎宵之月》改编自同名漫画。公主与仆人的恋爱。作品以恋爱、宫廷与日常为特色，公主的纯情与仆人的忠诚充满萌点，动画的氛围华丽，是一部风格独特的恋爱作品。角色间的互动刻画得细腻自然，那些欲言又止的心意、别扭又真诚的靠近都真实而动人，情感线与日常情节交织，让观众在会心一笑与怦然心动之间反复横跳，是一部让人回味无穷的恋爱物语。整体而言，该作在题材表达与情感渲染上均有可取之处，剧情张弛有度，角色令人印象深刻，是一部完成度较高、值得推荐的作品。
2329,primary,zh-CN,蘑菇魔女,《蘑菇魔女》改编自同名漫画。蘑菇魔女的日常。作品以奇幻、治愈与日常为特色，蘑菇魔女与人类的互动充满温馨，动画画风精美、氛围温暖，是一部治愈系的作品。作品没有强烈的戏剧冲突，却以细腻的笔触捕捉日常中的微小幸福，角色的喜怒哀乐真实可感，在平实的叙述中悄然传递着生活的温度，适合在忙碌之余放松心情慢慢欣赏。整体而言，该作在题材表达与情感渲染上均有可取之处，剧情张弛有度，角色令人印象深刻，是一部完成度较高、值得推荐的作品。
2330,primary,zh-CN,「凭你也想讨伐魔王？」被勇者小队逐出队伍，只好在王都自在过活,《「凭你也想讨伐魔王？」被勇者小队逐出队伍，只好在王都自在过活》改编自同名轻小说。被逐出勇者队伍的少年的悠闲生活。作品以异世界、日常与恋爱为特色，少年的悠闲生活充满温馨，动画的氛围温暖，是一部治愈系的作品。作品在甜蜜之余也保留了青春特有的青涩与迷茫，主角在感情中的成长与抉择贯穿始终，配乐温润、画面明丽，将恋爱中的忐忑、欢喜与遗憾都拿捏得恰到好处，适合慢慢品味。整体而言，该作在题材表达与情感渲染上均有可取之处，剧情张弛有度，角色令人印象深刻，是一部完成度较高、值得推荐的作品。
2331,primary,zh-CN,现在多闻君是哪一面！？,《现在多闻君是哪一面！？》改编自同名漫画。多闻君的多面性格的恋爱。作品以恋爱、搞笑与日常为特色，多闻君的反差与互动充满萌点，动画的氛围轻松，是一部欢乐的恋爱作品。角色间的互动刻画得细腻自然，那些欲言又止的心意、别扭又真诚的靠近都真实而动人，情感线与日常情节交织，让观众在会心一笑与怦然心动之间反复横跳，是一部让人回味无穷的恋爱物语。整体而言，该作在题材表达与情感渲染上均有可取之处，剧情张弛有度，角色令人印象深刻，是一部完成度较高、值得推荐的作品。
2332,primary,zh-CN,优雅贵族的休假指南。,《优雅贵族的休假指南。》改编自同名轻小说。贵族的休假日常。作品以异世界、日常与治愈为特色，贵族的休假与悠闲充满温馨，动画的氛围温暖，是一部治愈系的作品。作品没有强烈的戏剧冲突，却以细腻的笔触捕捉日常中的微小幸福，角色的喜怒哀乐真实可感，在平实的叙述中悄然传递着生活的温度，适合在忙碌之余放松心情慢慢欣赏。整体而言，该作在题材表达与情感渲染上均有可取之处，剧情张弛有度，角色令人印象深刻，是一部完成度较高、值得推荐的作品。
2333,primary,zh-CN,有栖川炼原来是女孩子啊。,《有栖川炼原来是女孩子啊。》改编自同名漫画。女扮男装的少女的学园物语。作品以恋爱、搞笑与学园为特色，少女的伪装与恋爱的日常充满笑料，动画的氛围轻松，是一部欢乐的恋爱作品。作品在甜蜜之余也保留了青春特有的青涩与迷茫，主角在感情中的成长与抉择贯穿始终，配乐温润、画面明丽，将恋爱中的忐忑、欢喜与遗憾都拿捏得恰到好处，适合慢慢品味。整体而言，该作在题材表达与情感渲染上均有可取之处，剧情张弛有度，角色令人印象深刻，是一部完成度较高、值得推荐的作品。
2334,primary,zh-CN,暗芝居 第十六季,《暗芝居 第十六季》是恐怖短篇动画系列，继续以纸芝居的形式讲述各种怪谈。作品以怀旧的画风、猎奇的剧情与细思极恐的氛围著称，每一话都在短短几分钟内营造出强烈的恐怖感，各种扭曲的都市传说让人不寒而栗，是恐怖动画爱好者的必看之作。作品没有强烈的戏剧冲突，却以细腻的笔触捕捉日常中的微小幸福，角色的喜怒哀乐真实可感，在平实的叙述中悄然传递着生活的温度，适合在忙碌之余放松心情慢慢欣赏。整体而言，该作在题材表达与情感渲染上均有可取之处，剧情张弛有度，角色令人印象深刻，是一部完成度较高、值得推荐的作品。
2335,primary,zh-CN,草莓哀歌,《草莓哀歌》是短篇动画，讲述少女们充满青春气息的物语。作品以细腻的日常、真挚的情感与柔和的氛围为特色，在看似平淡的生活片段中，展现出少女们内心的悸动、友情与成长。画面清新淡雅，配乐舒缓动人，将少女的青春思绪描绘得温柔而含蓄，是一部充满文艺气息、值得静下心来细细品味的短篇作品。作品没有强烈的戏剧冲突，却以细腻的笔触捕捉日常中的微小幸福，角色的喜怒哀乐真实可感，在平实的叙述中悄然传递着生活的温度，适合在忙碌之余放松心情慢慢欣赏。
2336,primary,zh-CN,和机器人啪啪啪能算在经验次数里吗？,《和机器人啪啪啪能算在经验次数里吗？》是短篇成人向动画，讲述人与机器人的恋爱。作品以恋爱、成年向与科幻为特色，动画的氛围暧昧，两人的互动充满张力，是一部面向成人的恋爱作品。动作设计与演出张力俱佳，随着剧情推进，主角面对的敌人越来越强，战斗方式与自身局限的突破层层升级，配乐与画面配合出色，将热血少年向作品应有的爽快感与成长感都演绎得十分到位。整体而言，该作在题材表达与情感渲染上均有可取之处，剧情张弛有度，角色令人印象深刻，是一部完成度较高、值得推荐的作品。
2337,primary,zh-CN,北斗神拳 拳王军杂兵们的挽歌,《北斗神拳 拳王军杂兵们的挽歌》是《北斗神拳》的衍生动画，杂兵们的物语。本作以杂兵们的视角讲述战争的日常，作品以搞笑、时代与群像为特色，动画的氛围独特，是北斗神拳系列的衍生作品。动作设计与演出张力俱佳，随着剧情推进，主角面对的敌人越来越强，战斗方式与自身局限的突破层层升级，配乐与画面配合出色，将热血少年向作品应有的爽快感与成长感都演绎得十分到位。整体而言，该作在题材表达与情感渲染上均有可取之处，剧情张弛有度，角色令人印象深刻，是一部完成度较高、值得推荐的作品。
2338,primary,zh-CN,辉夜大小姐想让我告白 通往大人的阶梯,《辉夜大小姐想让我告白 通往大人的阶梯》延续系列，白银与辉夜的恋爱头脑战继续。本作两人的恋爱博弈迎来新的阶段，作品以恋爱、搞笑与头脑战为特色，动画的演出夸张、笑点密集，是辉夜大小姐系列的续作。角色间的互动刻画得细腻自然，那些欲言又止的心意、别扭又真诚的靠近都真实而动人，情感线与日常情节交织，让观众在会心一笑与怦然心动之间反复横跳，是一部让人回味无穷的恋爱物语。整体而言，该作在题材表达与情感渲染上均有可取之处，剧情张弛有度，角色令人印象深刻，是一部完成度较高、值得推荐的作品。
2339,primary,zh-CN,我们不可能成为恋人！绝对不行。 (※似乎可行？) 〜再次闪耀！〜,《我们不可能成为恋人！绝对不行。 (※似乎可行？) 〜再次闪耀！〜》延续系列，少女们的恋爱物语继续。本作少女们的关系进一步发展，作品以百合、恋爱与搞笑为特色，动画的氛围轻松，是风格独特的百合恋爱作品。作品在甜蜜之余也保留了青春特有的青涩与迷茫，主角在感情中的成长与抉择贯穿始终，配乐温润、画面明丽，将恋爱中的忐忑、欢喜与遗憾都拿捏得恰到好处，适合慢慢品味。整体而言，该作在题材表达与情感渲染上均有可取之处，剧情张弛有度，角色令人印象深刻，是一部完成度较高、值得推荐的作品。
2340,primary,zh-CN,极速车魂 第三季,《极速车魂 第三季》延续系列，赛车少年们的比赛继续。本作少年们在赛车中的竞争进一步发展，作品以赛车、热血与竞技为特色，动画的比赛场面充满激情，是极速车魂系列的续作。动作设计与演出张力俱佳，随着剧情推进，主角面对的敌人越来越强，战斗方式与自身局限的突破层层升级，配乐与画面配合出色，将热血少年向作品应有的爽快感与成长感都演绎得十分到位。整体而言，该作在题材表达与情感渲染上均有可取之处，剧情张弛有度，角色令人印象深刻，是一部完成度较高、值得推荐的作品。
2341,primary,zh-CN,不死不幸 冬季篇,《不死不幸 冬季篇》延续系列，出云与安迪的战斗继续。本作围绕冬季篇展开，作品以战斗、热血与群像为特色，动画的战斗场面华丽，是不死不幸系列的续作。动画的节奏把控张弛有度，战斗场面的分镜与作画都相当扎实，主角在与强敌的较量中不断突破自我，和同伴之间建立的信任与羁绊也为剧情增添了温度，热血与感动并存，值得一看。整体而言，该作在题材表达与情感渲染上均有可取之处，剧情张弛有度，角色令人印象深刻，是一部完成度较高、值得推荐的作品。
2342,primary,zh-CN,为了我最爱的义兄，我要长命百岁！,《为了我最爱的义兄，我要长命百岁！》改编自同名轻小说。少女为了义兄努力长命百岁的物语。作品以恋爱、宫廷与群像为特色，少女的努力与义兄的互动充满温馨，动画的氛围温暖，是一部治愈系的作品。作品在甜蜜之余也保留了青春特有的青涩与迷茫，主角在感情中的成长与抉择贯穿始终，配乐温润、画面明丽，将恋爱中的忐忑、欢喜与遗憾都拿捏得恰到好处，适合慢慢品味。整体而言，该作在题材表达与情感渲染上均有可取之处，剧情张弛有度，角色令人印象深刻，是一部完成度较高、值得推荐的作品。
2343,primary,zh-CN,终究、与你相恋。 第二季,《终究、与你相恋。 第二季》延续第一季，少年少女们的恋爱物语继续。本作少女们的感情发展进一步展开，作品以恋爱、青春与群像为特色，动画的氛围温暖，是终究与你相恋系列的续作。角色间的互动刻画得细腻自然，那些欲言又止的心意、别扭又真诚的靠近都真实而动人，情感线与日常情节交织，让观众在会心一笑与怦然心动之间反复横跳，是一部让人回味无穷的恋爱物语。整体而言，该作在题材表达与情感渲染上均有可取之处，剧情张弛有度，角色令人印象深刻，是一部完成度较高、值得推荐的作品。
2344,primary,zh-CN,炎炎消防队 叁之章 第2部分,《炎炎消防队 叁之章 第2部分》延续系列，森罗日下部的战斗继续。本作围绕焰人的威胁与新的展开，作品以战斗、热血与群像为特色，动画的战斗场面华丽，是炎炎消防队系列的续作。动画的节奏把控张弛有度，战斗场面的分镜与作画都相当扎实，主角在与强敌的较量中不断突破自我，和同伴之间建立的信任与羁绊也为剧情增添了温度，热血与感动并存，值得一看。整体而言，该作在题材表达与情感渲染上均有可取之处，剧情张弛有度，角色令人印象深刻，是一部完成度较高、值得推荐的作品。
2345,primary,zh-CN,DARK MOON -黑之月: 月之祭坛-,《DARK MOON -黑之月: 月之祭坛-》是短篇动画，讲述黑之月的物语。作品以奇幻、战斗与群像为特色，动画的氛围独特，黑之月的命运充满张力，是一部风格新颖的作品。动作设计与演出张力俱佳，随着剧情推进，主角面对的敌人越来越强，战斗方式与自身局限的突破层层升级，配乐与画面配合出色，将热血少年向作品应有的爽快感与成长感都演绎得十分到位。整体而言，该作在题材表达与情感渲染上均有可取之处，剧情张弛有度，角色令人印象深刻，是一部完成度较高、值得推荐的作品。
2346,primary,zh-CN,地狱老师 第2部分,《地狱老师 第2部分》延续系列，鸣介老师的除灵日常继续。本作老师与学生的怪谈故事进一步发展，作品以妖怪、搞笑与日常为特色，动画的氛围轻松，是地狱老师系列的续作。作品没有强烈的戏剧冲突，却以细腻的笔触捕捉日常中的微小幸福，角色的喜怒哀乐真实可感，在平实的叙述中悄然传递着生活的温度，适合在忙碌之余放松心情慢慢欣赏。整体而言，该作在题材表达与情感渲染上均有可取之处，剧情张弛有度，角色令人印象深刻，是一部完成度较高、值得推荐的作品。
2347,primary,zh-CN,超时空辉夜姬！,《超时空辉夜姬！》是短篇动画，讲述辉夜姬的科幻物语。作品以科幻、搞笑与日常为特色，动画的氛围轻松，在有趣的设定中展开物语，是一部轻松解压的泡面番。作品没有强烈的戏剧冲突，却以细腻的笔触捕捉日常中的微小幸福，角色的喜怒哀乐真实可感，在平实的叙述中悄然传递着生活的温度，适合在忙碌之余放松心情慢慢欣赏。整体而言，该作在题材表达与情感渲染上均有可取之处，剧情张弛有度，角色令人印象深刻，是一部完成度较高、值得推荐的作品。
2348,primary,zh-CN,公主大人“拷问”的时间到了 第二季,《公主大人“拷问”的时间到了 第二季》延续第一季，公主的拷问日常继续。本作公主与拷问官们的互动进一步发展，作品以搞笑、奇幻与日常为特色，公主的吐槽与美食充满笑料，动画的氛围轻松，是一部让人捧腹的作品。画风清新、节奏舒缓，人物之间的相处自然而温暖，那些平凡琐碎的片段在动画的演绎下变得闪闪发光，传递出一种治愈人心的宁静力量，是治愈系爱好者不容错过的作品。整体而言，该作在题材表达与情感渲染上均有可取之处，剧情张弛有度，角色令人印象深刻，是一部完成度较高、值得推荐的作品。
2349,primary,zh-CN,正义使者 -我的英雄学院之非法英雄- 第二季,《正义使者 -我的英雄学院之非法英雄- 第二季》延续第一季，非法英雄们的物语继续。本作非法英雄们的战斗与成长进一步发展，作品以英雄、战斗与群像为特色，动画的战斗场面华丽，是我的英雄学院系列的衍生作品。动作设计与演出张力俱佳，随着剧情推进，主角面对的敌人越来越强，战斗方式与自身局限的突破层层升级，配乐与画面配合出色，将热血少年向作品应有的爽快感与成长感都演绎得十分到位。整体而言，该作在题材表达与情感渲染上均有可取之处，剧情张弛有度，角色令人印象深刻，是一部完成度较高、值得推荐的作品。
2350,primary,zh-CN,第三季,《第三季》是短篇动画，以轻松幽默的方式讲述故事。作品以日常、搞笑与群像为特色，角色们在各种意想不到的场合中展开互动，笑料不断、节奏明快。动画篇幅短小，每一话都在几分钟内带来欢乐，画风简洁却富有表现力，人物表情夸张生动，是一部适合放松心情、随时可看的轻松解压泡面番。作品没有强烈的戏剧冲突，却以细腻的笔触捕捉日常中的微小幸福，角色的喜怒哀乐真实可感，在平实的叙述中悄然传递着生活的温度，适合在忙碌之余放松心情慢慢欣赏。
2351,primary,zh-CN,百米。,《百米。》是短篇动画，讲述百米冲刺的物语。作品以运动、热血与青春为特色，动画氛围紧张，百米冲刺的竞争充满张力，是一部风格新颖的作品。动作设计与演出张力俱佳，随着剧情推进，主角面对的敌人越来越强，战斗方式与自身局限的突破层层升级，配乐与画面配合出色，将热血少年向作品应有的爽快感与成长感都演绎得十分到位。整体而言，该作在题材表达与情感渲染上均有可取之处，剧情张弛有度，角色令人印象深刻，是一部完成度较高、值得推荐的作品。
2352,primary,zh-CN,名侦探光之美少女！,《名侦探光之美少女！》是光之美少女系列的衍生动画，侦探少女们的推理。本作少女们在推理中的日常，作品以魔法少女、推理与日常为特色，动画的氛围轻松，是少女向魔法少女动画的衍生作品。作品没有强烈的戏剧冲突，却以细腻的笔触捕捉日常中的微小幸福，角色的喜怒哀乐真实可感，在平实的叙述中悄然传递着生活的温度，适合在忙碌之余放松心情慢慢欣赏。整体而言，该作在题材表达与情感渲染上均有可取之处，剧情张弛有度，角色令人印象深刻，是一部完成度较高、值得推荐的作品。
2353,primary,zh-CN,淡岛百景,《淡岛百景》是短篇动画，讲述淡岛上的物语。作品以日常、治愈与群像为特色，动画的氛围宁静，在淡岛的生活中展现温馨，是一部风格新颖的作品。作品没有强烈的戏剧冲突，却以细腻的笔触捕捉日常中的微小幸福，角色的喜怒哀乐真实可感，在平实的叙述中悄然传递着生活的温度，适合在忙碌之余放松心情慢慢欣赏。整体而言，该作在题材表达与情感渲染上均有可取之处，剧情张弛有度，角色令人印象深刻，是一部完成度较高、值得推荐的作品。
2354,primary,zh-CN,纯洁庞克 发条少女,《纯洁庞克 发条少女》改编自同名漫画。发条少女的物语。作品以奇幻、战斗与群像为特色，动画的氛围独特，发条少女的命运充满张力，是一部风格新颖的作品。动作设计与演出张力俱佳，随着剧情推进，主角面对的敌人越来越强，战斗方式与自身局限的突破层层升级，配乐与画面配合出色，将热血少年向作品应有的爽快感与成长感都演绎得十分到位。整体而言，该作在题材表达与情感渲染上均有可取之处，剧情张弛有度，角色令人印象深刻，是一部完成度较高、值得推荐的作品。
2355,primary,zh-CN,公鸡斗士,《公鸡斗士》改编自同名漫画。拳击手少年的战斗。作品以拳击、热血与群像为特色，动画的比赛场面充满张力，少年的成长令人动容，是一部扎实的运动作品。动作设计与演出张力俱佳，随着剧情推进，主角面对的敌人越来越强，战斗方式与自身局限的突破层层升级，配乐与画面配合出色，将热血少年向作品应有的爽快感与成长感都演绎得十分到位。整体而言，该作在题材表达与情感渲染上均有可取之处，剧情张弛有度，角色令人印象深刻，是一部完成度较高、值得推荐的作品。
2356,primary,zh-CN,春夏秋冬代行者 春之舞,《春夏秋冬代行者 春之舞》改编自同名小说。代行季节的少女们的物语。作品以奇幻、战斗与群像为主题，少女们的命运与羁绊充满张力，动画的氛围独特，是一部风格新颖的作品。动画的节奏把控张弛有度，战斗场面的分镜与作画都相当扎实，主角在与强敌的较量中不断突破自我，和同伴之间建立的信任与羁绊也为剧情增添了温度，热血与感动并存，值得一看。整体而言，该作在题材表达与情感渲染上均有可取之处，剧情张弛有度，角色令人印象深刻，是一部完成度较高、值得推荐的作品。
2357,primary,zh-CN,在异世界获得超强能力的我，在现实世界照样无敌～等级提升改变人生命运～ SP,《在异世界获得超强能力的我，在现实世界照样无敌～等级提升改变人生命运～ SP》延续系列，少年的异世界与现实世界的物语继续。本作少年在两个世界的冒险进一步发展，作品以异世界、战斗与后宫为特色，动画的氛围轻松，是系列的特番作品。动作设计与演出张力俱佳，随着剧情推进，主角面对的敌人越来越强，战斗方式与自身局限的突破层层升级，配乐与画面配合出色，将热血少年向作品应有的爽快感与成长感都演绎得十分到位。整体而言，该作在题材表达与情感渲染上均有可取之处，剧情张弛有度，角色令人印象深刻，是一部完成度较高、值得推荐的作品。
2358,primary,zh-CN,女仆小姐的贪吃日常,《女仆小姐的贪吃日常》是短篇动画，讲述女仆的贪吃日常。作品以美食、搞笑与日常为特色，女仆的贪吃与美食充满萌点，动画篇幅短小，是一部轻松解压的泡面番。作品没有强烈的戏剧冲突，却以细腻的笔触捕捉日常中的微小幸福，角色的喜怒哀乐真实可感，在平实的叙述中悄然传递着生活的温度，适合在忙碌之余放松心情慢慢欣赏。整体而言，该作在题材表达与情感渲染上均有可取之处，剧情张弛有度，角色令人印象深刻，是一部完成度较高、值得推荐的作品。
2359,primary,zh-CN,最强的职业不是勇者也不是贤者好像是鉴定士(伪)的样子?,《最强的职业不是勇者也不是贤者好像是鉴定士(伪)的样子?》改编自同名轻小说。鉴定士少年的异世界冒险。作品以异世界、战斗与轻松冒险为特色，鉴定士的成长与冒险充满看点，动画的氛围轻松，是一部标准的异世界作品。动画的节奏把控张弛有度，战斗场面的分镜与作画都相当扎实，主角在与强敌的较量中不断突破自我，和同伴之间建立的信任与羁绊也为剧情增添了温度，热血与感动并存，值得一看。整体而言，该作在题材表达与情感渲染上均有可取之处，剧情张弛有度，角色令人印象深刻，是一部完成度较高、值得推荐的作品。
2360,primary,zh-CN,电影 Love Live! 虹咲学园校园偶像同好会 完结篇 第2章,《电影 Love Live! 虹咲学园校园偶像同好会 完结篇 第2章》是虹咲学园的剧场版，少女们的物语迎来终章。本作围绕完结篇展开，作品以音乐、追梦与群像为特色，歌曲动人、舞台演出华丽，是虹咲学园系列的剧场版。角色的个性塑造鲜明，舞台上的自信与生活中的可爱形成反差，团队协作与个人成长双线并进，歌舞编排赏心悦目，让观众既能享受视听盛宴，也能为少女们的梦想与坚持而感动。整体而言，该作在题材表达与情感渲染上均有可取之处，剧情张弛有度，角色令人印象深刻，是一部完成度较高、值得推荐的作品。
2361,primary,zh-CN,佐贺偶像是传奇 梦想银河乐园,《佐贺偶像是传奇 梦想银河乐园》是《佐贺偶像是传奇》的剧场版，僵尸偶像们的物语。本作围绕梦想银河乐园展开，作品以偶像、搞笑与群像为特色，动画的氛围欢乐，是佐贺偶像系列的剧场版。角色的个性塑造鲜明，舞台上的自信与生活中的可爱形成反差，团队协作与个人成长双线并进，歌舞编排赏心悦目，让观众既能享受视听盛宴，也能为少女们的梦想与坚持而感动。整体而言，该作在题材表达与情感渲染上均有可取之处，剧情张弛有度，角色令人印象深刻，是一部完成度较高、值得推荐的作品。
2362,primary,zh-CN,无尽的斯嘉丽,《无尽的斯嘉丽》是短篇动画，讲述充满想象力的冒险物语。作品以奇幻、冒险与群像为特色，在无尽延伸的奇幻世界中，角色们展开一场又一场奇妙的旅程，探索未知的领域，邂逅形形色色的伙伴。动画的画面富有梦幻色彩，氛围独特而迷人，将冒险的浪漫与想象的自由展现得淋漓尽致，是一部风格鲜明、充满艺术气息的短篇作品。作品没有强烈的戏剧冲突，却以细腻的笔触捕捉日常中的微小幸福，角色的喜怒哀乐真实可感，在平实的叙述中悄然传递着生活的温度，适合在忙碌之余放松心情慢慢欣赏。
2363,primary,zh-CN,冰之城墙,《冰之城墙》改编自同名漫画。在冰之城墙的世界中，少女们的物语。作品以奇幻、生存与群像为主题，动画的氛围沉重，少女们的命运充满张力，是一部风格新颖的作品。作品在幻想的外衣下探讨着真实的情感与抉择，主角的成长线扎实有力，与伙伴们的情谊在一次次考验中愈发深厚，冒险的紧张感与日常的温情交替呈现，故事层次丰富、后劲十足。整体而言，该作在题材表达与情感渲染上均有可取之处，剧情张弛有度，角色令人印象深刻，是一部完成度较高、值得推荐的作品。
2364,primary,zh-CN,尖帽子的魔法工房,《尖帽子的魔法工房》改编自同名漫画。少女在魔法工房的学习。作品以魔法、成长与群像为主题，少女的魔法之路充满温馨，动画的画风精美，是一部充满想象力的作品。作品没有强烈的戏剧冲突，却以细腻的笔触捕捉日常中的微小幸福，角色的喜怒哀乐真实可感，在平实的叙述中悄然传递着生活的温度，适合在忙碌之余放松心情慢慢欣赏。整体而言，该作在题材表达与情感渲染上均有可取之处，剧情张弛有度，角色令人印象深刻，是一部完成度较高、值得推荐的作品。
2365,primary,zh-CN,迦楠大人的白给是恶魔级,《迦楠大人的白给是恶魔级》是短篇动画，讲述恶魔迦楠的日常。作品以奇幻、搞笑与治愈为特色，迦楠的互动充满萌点，动画篇幅短小，是一部轻松解压的泡面番。作品没有强烈的戏剧冲突，却以细腻的笔触捕捉日常中的微小幸福，角色的喜怒哀乐真实可感，在平实的叙述中悄然传递着生活的温度，适合在忙碌之余放松心情慢慢欣赏。整体而言，该作在题材表达与情感渲染上均有可取之处，剧情张弛有度，角色令人印象深刻，是一部完成度较高、值得推荐的作品。
2366,primary,zh-CN,没有辣妹会对阿宅温柔!?,《没有辣妹会对阿宅温柔!?》改编自同名漫画。阿宅少年与辣妹的恋爱。作品以恋爱、搞笑与日常为特色，阿宅与辣妹的反差充满萌点，动画的氛围轻松，是一部欢乐的恋爱作品。作品在甜蜜之余也保留了青春特有的青涩与迷茫，主角在感情中的成长与抉择贯穿始终，配乐温润、画面明丽，将恋爱中的忐忑、欢喜与遗憾都拿捏得恰到好处，适合慢慢品味。整体而言，该作在题材表达与情感渲染上均有可取之处，剧情张弛有度，角色令人印象深刻，是一部完成度较高、值得推荐的作品。
2367,primary,zh-CN,姬骑士是蛮族的新娘,《姬骑士是蛮族的新娘》改编自同名漫画。姬骑士与蛮族的恋爱。作品以恋爱、奇幻与搞笑为特色，姬骑士与蛮族的互动充满萌点，动画的氛围轻松，是一部欢乐的恋爱作品。角色间的互动刻画得细腻自然，那些欲言又止的心意、别扭又真诚的靠近都真实而动人，情感线与日常情节交织，让观众在会心一笑与怦然心动之间反复横跳，是一部让人回味无穷的恋爱物语。整体而言，该作在题材表达与情感渲染上均有可取之处，剧情张弛有度，角色令人印象深刻，是一部完成度较高、值得推荐的作品。
2368,primary,zh-CN,关于邻家的天使大人不知不觉把我惯成了废人这档子事 第二季,《关于邻家的天使大人不知不觉把我惯成了废人这档子事 第二季》延续第一季，少年与邻家天使少女的日常继续。本作两人的关系进一步发展，作品以恋爱、日常与治愈为特色，动画的氛围温暖，是邻家天使系列的续作。角色间的互动刻画得细腻自然，那些欲言又止的心意、别扭又真诚的靠近都真实而动人，情感线与日常情节交织，让观众在会心一笑与怦然心动之间反复横跳，是一部让人回味无穷的恋爱物语。整体而言，该作在题材表达与情感渲染上均有可取之处，剧情张弛有度，角色令人印象深刻，是一部完成度较高、值得推荐的作品。
2369,primary,zh-CN,自称恶役大小姐的婚约者观察记录。,《自称恶役大小姐的婚约者观察记录。》改编自同名轻小说。转生为恶役大小姐的少女的婚约。作品以异世界、恋爱与搞笑为特色，恶役大小姐的观察与日常充满笑料，动画的氛围轻松，是一部欢乐的作品。作品在甜蜜之余也保留了青春特有的青涩与迷茫，主角在感情中的成长与抉择贯穿始终，配乐温润、画面明丽，将恋爱中的忐忑、欢喜与遗憾都拿捏得恰到好处，适合慢慢品味。整体而言，该作在题材表达与情感渲染上均有可取之处，剧情张弛有度，角色令人印象深刻，是一部完成度较高、值得推荐的作品。
2370,primary,zh-CN,上伊那牡丹，酒醉身姿似百合花般,《上伊那牡丹，酒醉身姿似百合花般》改编自同名漫画。少女与美酒的日常。作品以日常、治愈与群像为特色，少女的酒醉日常充满温馨，动画的氛围温暖，是一部治愈系的作品。作品没有强烈的戏剧冲突，却以细腻的笔触捕捉日常中的微小幸福，角色的喜怒哀乐真实可感，在平实的叙述中悄然传递着生活的温度，适合在忙碌之余放松心情慢慢欣赏。整体而言，该作在题材表达与情感渲染上均有可取之处，剧情张弛有度，角色令人印象深刻，是一部完成度较高、值得推荐的作品。
2371,primary,zh-CN,身为悲剧始作俑者的最强邪恶BOSS女王为民竭心尽力。 第二季,《身为悲剧始作俑者的最强邪恶BOSS女王为民竭心尽力。 第二季》延续第一季，邪恶BOSS女王的物语继续。本作女王为人民竭尽心力的日常进一步发展，作品以异世界、搞笑与恋爱为特色，动画的氛围轻松，是系列续作。角色间的互动刻画得细腻自然，那些欲言又止的心意、别扭又真诚的靠近都真实而动人，情感线与日常情节交织，让观众在会心一笑与怦然心动之间反复横跳，是一部让人回味无穷的恋爱物语。整体而言，该作在题材表达与情感渲染上均有可取之处，剧情张弛有度，角色令人印象深刻，是一部完成度较高、值得推荐的作品。
2372,primary,zh-CN,复制品的我也会谈恋爱。,《复制品的我也会谈恋爱。》改编自同名轻小说。复制品的少女的恋爱。作品以恋爱、科幻与日常为特色，复制品的身份与恋爱充满看点，动画的氛围独特，是一部风格新颖的作品。作品在甜蜜之余也保留了青春特有的青涩与迷茫，主角在感情中的成长与抉择贯穿始终，配乐温润、画面明丽，将恋爱中的忐忑、欢喜与遗憾都拿捏得恰到好处，适合慢慢品味。整体而言，该作在题材表达与情感渲染上均有可取之处，剧情张弛有度，角色令人印象深刻，是一部完成度较高、值得推荐的作品。
2373,primary,zh-CN,落语朱音,《落语朱音》改编自同名漫画。少女在落语中的成长。作品以落语、青春与群像为特色，少女在落语之路上的努力充满感染力，动画的氛围温暖，是一部充满艺术气息的作品。角色设计可爱讨喜，性格各异的少女们互动起来萌点十足，画风明快、色彩柔和，在轻松愉快的氛围中传递着友情与温情，治愈力满满，是闲暇时光里的最佳陪伴。整体而言，该作在题材表达与情感渲染上均有可取之处，剧情张弛有度，角色令人印象深刻，是一部完成度较高、值得推荐的作品。
2374,primary,zh-CN,雾尾粉丝后援会,《雾尾粉丝后援会》是短篇动画，讲述粉丝后援会的日常。作品以搞笑、偶像与日常为特色，后援会的活动充满笑料，动画篇幅短小，是一部轻松解压的泡面番。作品没有强烈的戏剧冲突，却以细腻的笔触捕捉日常中的微小幸福，角色的喜怒哀乐真实可感，在平实的叙述中悄然传递着生活的温度，适合在忙碌之余放松心情慢慢欣赏。整体而言，该作在题材表达与情感渲染上均有可取之处，剧情张弛有度，角色令人印象深刻，是一部完成度较高、值得推荐的作品。
2375,primary,zh-CN,当前、正被打扰中！,《当前、正被打扰中！》是短篇动画，讲述日常生活中不断被打扰的趣事。作品以搞笑、日常与吐槽为特色，主角总是在关键时刻被打扰，闹出各种令人捧腹的笑话。动画节奏明快、笑点密集，夸张的演出与犀利的吐槽相得益彰，将平凡日常中的窘迫与欢乐描绘得妙趣横生，是一部轻松解压、适合随时观看的搞笑泡面番。画风清新、节奏舒缓，人物之间的相处自然而温暖，那些平凡琐碎的片段在动画的演绎下变得闪闪发光，传递出一种治愈人心的宁静力量，是治愈系爱好者不容错过的作品。
2376,primary,zh-CN,钻石王牌 act2 第二季,《钻石王牌 act2 第二季》延续系列，泽村荣纯的棒球之路继续。本作青道高中在甲子园的挑战进一步发展，作品以棒球、热血与青春为特色，动画的比赛场面充满激情，是钻石王牌系列的续作。动作设计与演出张力俱佳，随着剧情推进，主角面对的敌人越来越强，战斗方式与自身局限的突破层层升级，配乐与画面配合出色，将热血少年向作品应有的爽快感与成长感都演绎得十分到位。整体而言，该作在题材表达与情感渲染上均有可取之处，剧情张弛有度，角色令人印象深刻，是一部完成度较高、值得推荐的作品。
2377,primary,zh-CN,幽灵音乐会,《幽灵音乐会》是短篇动画，讲述幽灵音乐会的物语。作品以音乐、奇幻与治愈为特色，动画的氛围独特，幽灵的音乐充满魅力，是一部风格新颖的作品。作品没有强烈的戏剧冲突，却以细腻的笔触捕捉日常中的微小幸福，角色的喜怒哀乐真实可感，在平实的叙述中悄然传递着生活的温度，适合在忙碌之余放松心情慢慢欣赏。整体而言，该作在题材表达与情感渲染上均有可取之处，剧情张弛有度，角色令人印象深刻，是一部完成度较高、值得推荐的作品。
2378,primary,zh-CN,日本三国,《日本三国》是短篇动画，讲述三国的搞笑物语。作品以历史、搞笑与群像为特色，三国人物的恶搞充满笑料，动画篇幅短小，是一部轻松解压的泡面番。画风清新、节奏舒缓，人物之间的相处自然而温暖，那些平凡琐碎的片段在动画的演绎下变得闪闪发光，传递出一种治愈人心的宁静力量，是治愈系爱好者不容错过的作品。整体而言，该作在题材表达与情感渲染上均有可取之处，剧情张弛有度，角色令人印象深刻，是一部完成度较高、值得推荐的作品。
2379,primary,zh-CN,和班上第二可爱的女孩成为朋友,《和班上第二可爱的女孩成为朋友》改编自同名漫画。少年与第二可爱的女孩的友情。作品以日常、恋爱与治愈为特色，两人的互动充满温馨，动画的氛围温暖，是一部治愈系的作品。角色间的互动刻画得细腻自然，那些欲言又止的心意、别扭又真诚的靠近都真实而动人，情感线与日常情节交织，让观众在会心一笑与怦然心动之间反复横跳，是一部让人回味无穷的恋爱物语。整体而言，该作在题材表达与情感渲染上均有可取之处，剧情张弛有度，角色令人印象深刻，是一部完成度较高、值得推荐的作品。
2380,primary,zh-CN,木头风纪委员和迷你裙JK的故事,《木头风纪委员和迷你裙JK的故事》改编自同名漫画。风纪委员与JK的日常。作品以恋爱、搞笑与学园为特色，风纪委员的木头与JK的互动充满萌点，动画的氛围轻松，是一部欢乐的恋爱作品。角色间的互动刻画得细腻自然，那些欲言又止的心意、别扭又真诚的靠近都真实而动人，情感线与日常情节交织，让观众在会心一笑与怦然心动之间反复横跳，是一部让人回味无穷的恋爱物语。整体而言，该作在题材表达与情感渲染上均有可取之处，剧情张弛有度，角色令人印象深刻，是一部完成度较高、值得推荐的作品。
2381,primary,zh-CN,楠木邸的神明庭院,《楠木邸的神明庭院》是短篇动画，讲述神明庭院的物语。作品以奇幻、治愈与日常为特色，动画的氛围宁静，在庭院的日常中展现温馨，是一部风格新颖的作品。画风清新、节奏舒缓，人物之间的相处自然而温暖，那些平凡琐碎的片段在动画的演绎下变得闪闪发光，传递出一种治愈人心的宁静力量，是治愈系爱好者不容错过的作品。整体而言，该作在题材表达与情感渲染上均有可取之处，剧情张弛有度，角色令人印象深刻，是一部完成度较高、值得推荐的作品。
2382,primary,zh-CN,加油吧！中村君!!,《加油吧！中村君!!》改编自同名漫画。内向少年中村的妄想日常。作品以搞笑、日常与BL为特色，中村的妄想与暗恋充满笑料，动画的氛围轻松，是一部让人捧腹的作品。作品没有强烈的戏剧冲突，却以细腻的笔触捕捉日常中的微小幸福，角色的喜怒哀乐真实可感，在平实的叙述中悄然传递着生活的温度，适合在忙碌之余放松心情慢慢欣赏。整体而言，该作在题材表达与情感渲染上均有可取之处，剧情张弛有度，角色令人印象深刻，是一部完成度较高、值得推荐的作品。
2383,primary,zh-CN,入间同学入魔了 第四季,《入间同学入魔了 第四季》延续系列，善良少年入间的魔界学校日常继续。本作入间在魔界的成长与新的挑战进一步发展，作品以搞笑、日常与魔界为特色，动画的氛围轻松，是一部欢乐的作品。作品没有强烈的戏剧冲突，却以细腻的笔触捕捉日常中的微小幸福，角色的喜怒哀乐真实可感，在平实的叙述中悄然传递着生活的温度，适合在忙碌之余放松心情慢慢欣赏。整体而言，该作在题材表达与情感渲染上均有可取之处，剧情张弛有度，角色令人印象深刻，是一部完成度较高、值得推荐的作品。
2384,primary,zh-CN,弱弱老师,《弱弱老师》改编自同名漫画。弱弱老师的校园日常。作品以搞笑、日常与群像为特色，老师的弱气与学生的互动充满笑料，动画的氛围轻松，是一部让人捧腹的作品。画风清新、节奏舒缓，人物之间的相处自然而温暖，那些平凡琐碎的片段在动画的演绎下变得闪闪发光，传递出一种治愈人心的宁静力量，是治愈系爱好者不容错过的作品。整体而言，该作在题材表达与情感渲染上均有可取之处，剧情张弛有度，角色令人印象深刻，是一部完成度较高、值得推荐的作品。
2385,primary,zh-CN,摩绪,《摩绪》是短篇动画，讲述摩绪充满温情的生活物语。作品以日常、治愈与群像为特色，在平静的日常中，摩绪与身边的人们建立起温暖的联系，一起经历平淡却珍贵的小事。动画的氛围宁静柔和，画面温暖细腻，将人与人之间的羁绊与生活的美好娓娓道来，是一部节奏舒缓、治愈心灵、值得细细品味的短篇作品。细节之处见用心，角色们的互动充满生活气息与小小的幽默，将平淡日常描绘得富有诗意，观感舒适惬意，能让人暂时放下烦恼，沉浸在那份简单纯粹的美好之中。
2386,primary,zh-CN,婚姻剧毒,《婚姻剧毒》改编自同名漫画。毒舌少女与少年的婚姻。作品以恋爱、搞笑与日常为特色，少女的毒舌与少年的互动充满笑料，动画的氛围轻松，是一部欢乐的恋爱作品。角色间的互动刻画得细腻自然，那些欲言又止的心意、别扭又真诚的靠近都真实而动人，情感线与日常情节交织，让观众在会心一笑与怦然心动之间反复横跳，是一部让人回味无穷的恋爱物语。整体而言，该作在题材表达与情感渲染上均有可取之处，剧情张弛有度，角色令人印象深刻，是一部完成度较高、值得推荐的作品。
2387,primary,zh-CN,左撇子艾伦,《左撇子艾伦》改编自同名漫画。美术生艾伦的物语。作品以美术、青春与群像为特色，艾伦在艺术中的成长充满张力，动画的氛围独特，是一部风格新颖的作品。作品风格鲜明、辨识度高，在同类题材中走出了自己的路子，角色与故事的结合恰到好处，整体观感流畅自然，无论是题材爱好者还是路人观众都能乐在其中。整体而言，该作在题材表达与情感渲染上均有可取之处，剧情张弛有度，角色令人印象深刻，是一部完成度较高、值得推荐的作品。
2388,primary,zh-CN,神之水滴,《神之水滴》改编自同名漫画。葡萄酒评论的物语。作品以美食、竞技与群像为特色，葡萄酒的品鉴与竞争充满魅力，动画的氛围独特，是一部风格新颖的作品。竞技之外的成长与人物塑造同样出色，角色们在胜负之外的坚持与热爱令人敬佩，节奏紧凑、情感饱满，将运动番应有的激情与感动都发挥得淋漓尽致，极具感染力。整体而言，该作在题材表达与情感渲染上均有可取之处，剧情张弛有度，角色令人印象深刻，是一部完成度较高、值得推荐的作品。
2389,primary,zh-CN,淫狱团地,《淫狱团地》是成人向的黑暗题材动画，讲述在封闭的狱中世界发生的故事。作品以沉重的氛围、压抑的群像与扭曲的人际关系为特色，在灰暗的色调中展现人性深处的挣扎与欲望。动画的剧情大胆而压抑，直面人性的阴暗面，属于面向成人的严肃题材作品，不适合未成年观众观看。恐怖氛围营造得极具压迫感，画面、音效与节奏配合出色，猎奇的设定与细思极恐的细节让寒意层层渗入，在短小精悍的篇幅内带来强烈的心理冲击，适合胆大的观众挑战。
2390,primary,zh-CN,杀手青春,《杀手青春》是短篇动画，讲述杀手与青春的物语。作品以搞笑、战斗与日常为特色，杀手的反差与青春的日常充满笑料，动画篇幅短小，是一部轻松解压的泡面番。动作设计与演出张力俱佳，随着剧情推进，主角面对的敌人越来越强，战斗方式与自身局限的突破层层升级，配乐与画面配合出色，将热血少年向作品应有的爽快感与成长感都演绎得十分到位。整体而言，该作在题材表达与情感渲染上均有可取之处，剧情张弛有度，角色令人印象深刻，是一部完成度较高、值得推荐的作品。
2391,primary,zh-CN,拜托了偶像公主,《拜托了偶像公主》是少女向偶像动画，公主们以歌声与舞蹈闪耀舞台。本作少女们为了梦想在偶像之路上成长，作品以华丽的舞台演出、可爱的角色与动听的歌曲为特色，动画的氛围充满梦想与希望，是少女向偶像动画的作品。角色的个性塑造鲜明，舞台上的自信与生活中的可爱形成反差，团队协作与个人成长双线并进，歌舞编排赏心悦目，让观众既能享受视听盛宴，也能为少女们的梦想与坚持而感动。整体而言，该作在题材表达与情感渲染上均有可取之处，剧情张弛有度，角色令人印象深刻，是一部完成度较高、值得推荐的作品。
2392,primary,zh-CN,一叠间漫画咖啡屋生活！,《一叠间漫画咖啡屋生活！》改编自同名漫画。住在漫画咖啡屋的少年的日常。作品以日常、搞笑与宅文化为特色，少年的咖啡屋生活充满笑料，动画的氛围轻松，是一部欢乐的作品。作品没有强烈的戏剧冲突，却以细腻的笔触捕捉日常中的微小幸福，角色的喜怒哀乐真实可感，在平实的叙述中悄然传递着生活的温度，适合在忙碌之余放松心情慢慢欣赏。整体而言，该作在题材表达与情感渲染上均有可取之处，剧情张弛有度，角色令人印象深刻，是一部完成度较高、值得推荐的作品。
2393,primary,zh-CN,黑猫与魔女的教室,《黑猫与魔女的教室》改编自同名漫画。黑猫与少女在魔法的物语。作品以魔法、学园与治愈为特色，黑猫的教导与少女的成长充满温馨，动画的氛围温暖，是一部治愈系的作品。画风清新、节奏舒缓，人物之间的相处自然而温暖，那些平凡琐碎的片段在动画的演绎下变得闪闪发光，传递出一种治愈人心的宁静力量，是治愈系爱好者不容错过的作品。整体而言，该作在题材表达与情感渲染上均有可取之处，剧情张弛有度，角色令人印象深刻，是一部完成度较高、值得推荐的作品。
2394,primary,zh-CN,魔法姐妹露露特莉莉,《魔法姐妹露露特莉莉》是短篇动画，讲述魔法姐妹的日常。作品以魔法、搞笑与日常为特色，姐妹的互动充满萌点，动画篇幅短小，是一部轻松解压的泡面番。作品没有强烈的戏剧冲突，却以细腻的笔触捕捉日常中的微小幸福，角色的喜怒哀乐真实可感，在平实的叙述中悄然传递着生活的温度，适合在忙碌之余放松心情慢慢欣赏。整体而言，该作在题材表达与情感渲染上均有可取之处，剧情张弛有度，角色令人印象深刻，是一部完成度较高、值得推荐的作品。
2395,primary,zh-CN,关于虽然逃走的鱼很大、但钓上来的鱼却太大了这件事,《关于虽然逃走的鱼很大、但钓上来的鱼却太大了这件事》改编自同名漫画。钓鱼的日常与吐槽。作品以钓鱼、搞笑与日常为特色，钓鱼的趣事与吐槽充满笑料，动画的氛围轻松，是一部欢乐的作品。作品没有强烈的戏剧冲突，却以细腻的笔触捕捉日常中的微小幸福，角色的喜怒哀乐真实可感，在平实的叙述中悄然传递着生活的温度，适合在忙碌之余放松心情慢慢欣赏。整体而言，该作在题材表达与情感渲染上均有可取之处，剧情张弛有度，角色令人印象深刻，是一部完成度较高、值得推荐的作品。
2396,primary,zh-CN,库兹马唱歌的话家里哆啰啰,《库兹马唱歌的话家里哆啰啰》是短篇动画，讲述库兹马的物语。作品以音乐、搞笑与日常为特色，库兹马的歌声与家人的互动充满笑料，动画篇幅短小，是一部轻松解压的泡面番。画风清新、节奏舒缓，人物之间的相处自然而温暖，那些平凡琐碎的片段在动画的演绎下变得闪闪发光，传递出一种治愈人心的宁静力量，是治愈系爱好者不容错过的作品。整体而言，该作在题材表达与情感渲染上均有可取之处，剧情张弛有度，角色令人印象深刻，是一部完成度较高、值得推荐的作品。
2397,primary,zh-CN,想结束这场“我爱你”的游戏,《想结束这场“我爱你”的游戏》改编自同名漫画。在游戏中告白的恋爱物语。作品以恋爱、日常与搞笑为特色，两人的游戏与心动充满萌点，动画的氛围轻松，是一部欢乐的恋爱作品。角色间的互动刻画得细腻自然，那些欲言又止的心意、别扭又真诚的靠近都真实而动人，情感线与日常情节交织，让观众在会心一笑与怦然心动之间反复横跳，是一部让人回味无穷的恋爱物语。整体而言，该作在题材表达与情感渲染上均有可取之处，剧情张弛有度，角色令人印象深刻，是一部完成度较高、值得推荐的作品。
2398,primary,zh-CN,主播女孩重度依赖,《主播女孩重度依赖》改编自同名游戏。直播少女的物语。作品以直播、日常与群像为特色，少女的直播与内心的挣扎充满张力，动画的氛围独特，是游戏改编动画的作品。作品没有强烈的戏剧冲突，却以细腻的笔触捕捉日常中的微小幸福，角色的喜怒哀乐真实可感，在平实的叙述中悄然传递着生活的温度，适合在忙碌之余放松心情慢慢欣赏。整体而言，该作在题材表达与情感渲染上均有可取之处，剧情张弛有度，角色令人印象深刻，是一部完成度较高、值得推荐的作品。
2399,primary,zh-CN,冻结地球,《冻结地球》改编自同名小说。在冻结的地球上，少年们的物语。作品以科幻、生存与群像为主题，动画的氛围沉重，少年们的命运充满张力，是一部风格新颖的作品。作品将未来科技与人性议题巧妙结合，在冰冷的机械与数据背后，角色的温度与羁绊成为最动人的部分，悬念与哲思交织，收尾干脆有力，值得科幻爱好者反复品味。整体而言，该作在题材表达与情感渲染上均有可取之处，剧情张弛有度，角色令人印象深刻，是一部完成度较高、值得推荐的作品。
2400,primary,zh-CN,转生成自动贩卖机的我今天也在迷宫徘徊 第三季,《转生成自动贩卖机的我今天也在迷宫徘徊 第三季》延续系列，转生成自动贩卖机的主角在迷宫的日常继续。本作自动贩卖机的物语进一步发展，作品以异世界、搞笑与日常为特色，自动贩卖机的设定充满笑料，是自动贩卖机系列的续作。作品没有强烈的戏剧冲突，却以细腻的笔触捕捉日常中的微小幸福，角色的喜怒哀乐真实可感，在平实的叙述中悄然传递着生活的温度，适合在忙碌之余放松心情慢慢欣赏。整体而言，该作在题材表达与情感渲染上均有可取之处，剧情张弛有度，角色令人印象深刻，是一部完成度较高、值得推荐的作品。
2401,primary,zh-CN,灰原同学重返过去，开启所向无敌的第二轮青春游戏,《灰原同学重返过去，开启所向无敌的第二轮青春游戏》改编自同名轻小说。灰原同学重返过去重来青春。作品以青春、恋爱与群像为特色，灰原的第二轮青春充满看点，动画的氛围轻松，是一部欢乐的作品。角色间的互动刻画得细腻自然，那些欲言又止的心意、别扭又真诚的靠近都真实而动人，情感线与日常情节交织，让观众在会心一笑与怦然心动之间反复横跳，是一部让人回味无穷的恋爱物语。整体而言，该作在题材表达与情感渲染上均有可取之处，剧情张弛有度，角色令人印象深刻，是一部完成度较高、值得推荐的作品。
2402,primary,zh-CN,黄泉的使者,《黄泉的使者》改编自同名漫画。少年与黄泉的物语。作品以奇幻、战斗与群像为特色，动画的氛围独特，少年与黄泉的冒险充满张力，是一部风格新颖的作品。动作设计与演出张力俱佳，随着剧情推进，主角面对的敌人越来越强，战斗方式与自身局限的突破层层升级，配乐与画面配合出色，将热血少年向作品应有的爽快感与成长感都演绎得十分到位。整体而言，该作在题材表达与情感渲染上均有可取之处，剧情张弛有度，角色令人印象深刻，是一部完成度较高、值得推荐的作品。
2403,primary,zh-CN,异世界悠闲农家 第二季,《异世界悠闲农家 第二季》延续第一季，转生者的农家生活继续。本作悠闲农家的日常进一步发展，作品以异世界、日常与治愈为特色，农家生活的悠闲与温馨充满看点，动画的氛围温暖，是异世界悠闲农家的续作。作品没有强烈的戏剧冲突，却以细腻的笔触捕捉日常中的微小幸福，角色的喜怒哀乐真实可感，在平实的叙述中悄然传递着生活的温度，适合在忙碌之余放松心情慢慢欣赏。整体而言，该作在题材表达与情感渲染上均有可取之处，剧情张弛有度，角色令人印象深刻，是一部完成度较高、值得推荐的作品。
2404,primary,zh-CN,最强王者的第二人生 第二季,《最强王者的第二人生 第二季》延续第一季，最强王者的第二人生继续。本作王者在新的世界的冒险进一步发展，作品以异世界、战斗与后宫为特色，动画的氛围轻松，是系列续作。动画的节奏把控张弛有度，战斗场面的分镜与作画都相当扎实，主角在与强敌的较量中不断突破自我，和同伴之间建立的信任与羁绊也为剧情增添了温度，热血与感动并存，值得一看。整体而言，该作在题材表达与情感渲染上均有可取之处，剧情张弛有度，角色令人印象深刻，是一部完成度较高、值得推荐的作品。
2405,primary,zh-CN,女神“异世界转生想成为什么”我“勇者的肋骨”,《女神“异世界转生想成为什么”我“勇者的肋骨”》是短篇动画，讲述转生的物语。作品以异世界、搞笑与日常为特色，动画篇幅短小、氛围轻松，在有趣的设定中展开物语，是一部轻松解压的泡面番。画风清新、节奏舒缓，人物之间的相处自然而温暖，那些平凡琐碎的片段在动画的演绎下变得闪闪发光，传递出一种治愈人心的宁静力量，是治愈系爱好者不容错过的作品。整体而言，该作在题材表达与情感渲染上均有可取之处，剧情张弛有度，角色令人印象深刻，是一部完成度较高、值得推荐的作品。
2406,primary,zh-CN,欺诈游戏,《欺诈游戏》改编自同名漫画。少女卷入欺诈游戏的物语。作品以悬疑、心理战与生存为主题，动画的氛围紧张，游戏的真相与背叛充满冲击力，是一部引人入胜的作品。剧情层层递进、伏笔密布，随着线索的不断拼合，真相逐渐浮出水面，每一次反转都在意料之外又情理之中，细节经得起推敲，氛围营造到位，是喜欢烧脑故事的观众不可错过之作。整体而言，该作在题材表达与情感渲染上均有可取之处，剧情张弛有度，角色令人印象深刻，是一部完成度较高、值得推荐的作品。
2407,primary,zh-CN,又被杀掉了呢，侦探大人,《又被杀掉了呢，侦探大人》改编自同名轻小说。被杀掉又复活的侦探的物语。作品以悬疑、搞笑与群像为特色，侦探的复活与推理充满看点，动画的氛围轻松，是一部风格新颖的作品。作品没有强烈的戏剧冲突，却以细腻的笔触捕捉日常中的微小幸福，角色的喜怒哀乐真实可感，在平实的叙述中悄然传递着生活的温度，适合在忙碌之余放松心情慢慢欣赏。整体而言，该作在题材表达与情感渲染上均有可取之处，剧情张弛有度，角色令人印象深刻，是一部完成度较高、值得推荐的作品。
2408,primary,zh-CN,轮回的花瓣,《轮回的花瓣》是短篇动画，讲述轮回的物语。作品以奇幻、治愈与群像为特色，动画的氛围宁静，在轮回的故事中展现温馨，是一部风格新颖的作品。画风清新、节奏舒缓，人物之间的相处自然而温暖，那些平凡琐碎的片段在动画的演绎下变得闪闪发光，传递出一种治愈人心的宁静力量，是治愈系爱好者不容错过的作品。整体而言，该作在题材表达与情感渲染上均有可取之处，剧情张弛有度，角色令人印象深刻，是一部完成度较高、值得推荐的作品。
2409,primary,zh-CN,异兽魔都 第二季,《异兽魔都 第二季》延续第一季，开曼与二阶堂的物语继续。本作异兽与魔法师的战斗进一步发展，作品以黑暗奇幻、战斗与群像为特色，动画的氛围狂野，是异兽魔都系列的续作。动作设计与演出张力俱佳，随着剧情推进，主角面对的敌人越来越强，战斗方式与自身局限的突破层层升级，配乐与画面配合出色，将热血少年向作品应有的爽快感与成长感都演绎得十分到位。整体而言，该作在题材表达与情感渲染上均有可取之处，剧情张弛有度，角色令人印象深刻，是一部完成度较高、值得推荐的作品。
2410,primary,zh-CN,租借女友 第五季,《租借女友 第五季》延续系列，和也与千鹤的恋爱继续。本作两人的关系迎来新的阶段，作品以恋爱、搞笑与日常为特色，动画的氛围轻松，是租借女友系列的续作。角色间的互动刻画得细腻自然，那些欲言又止的心意、别扭又真诚的靠近都真实而动人，情感线与日常情节交织，让观众在会心一笑与怦然心动之间反复横跳，是一部让人回味无穷的恋爱物语。整体而言，该作在题材表达与情感渲染上均有可取之处，剧情张弛有度，角色令人印象深刻，是一部完成度较高、值得推荐的作品。
2411,primary,zh-CN,吞噬魔物的冒险者,《吞噬魔物的冒险者》改编自同名轻小说。吞噬魔物变强的冒险者。作品以异世界、战斗与热血为特色，冒险者的成长与战斗充满看点，动画的战斗场面华丽，是一部标准的异世界作品。动作设计与演出张力俱佳，随着剧情推进，主角面对的敌人越来越强，战斗方式与自身局限的突破层层升级，配乐与画面配合出色，将热血少年向作品应有的爽快感与成长感都演绎得十分到位。整体而言，该作在题材表达与情感渲染上均有可取之处，剧情张弛有度，角色令人印象深刻，是一部完成度较高、值得推荐的作品。
2412,primary,zh-CN,杖与剑的魔剑谭 第二季,《杖与剑的魔剑谭 第二季》延续第一季，少年在魔法学园的物语继续。本作少年用杖与剑的战斗进一步发展，作品以奇幻、学园与战斗为特色，动画的战斗场面华丽，是杖与剑系列的续作。动作设计与演出张力俱佳，随着剧情推进，主角面对的敌人越来越强，战斗方式与自身局限的突破层层升级，配乐与画面配合出色，将热血少年向作品应有的爽快感与成长感都演绎得十分到位。整体而言，该作在题材表达与情感渲染上均有可取之处，剧情张弛有度，角色令人印象深刻，是一部完成度较高、值得推荐的作品。
2413,primary,zh-CN,夜樱家的大作战 第二季,《夜樱家的大作战 第二季》延续第一季，夜樱家的间谍喜剧继续。本作家族与少年的日常进一步发展，作品以搞笑、间谍与家庭为特色，动画的氛围轻松，是夜樱家系列的续作。作品没有强烈的戏剧冲突，却以细腻的笔触捕捉日常中的微小幸福，角色的喜怒哀乐真实可感，在平实的叙述中悄然传递着生活的温度，适合在忙碌之余放松心情慢慢欣赏。整体而言，该作在题材表达与情感渲染上均有可取之处，剧情张弛有度，角色令人印象深刻，是一部完成度较高、值得推荐的作品。
2414,primary,zh-CN,欢迎来到实力至上主义教室 第四季,《欢迎来到实力至上主义的教室 第四季》延续系列，绫小路清隆的智斗继续。本作清隆在学园中的博弈迎来新的篇章，作品以学园、智斗与群像为特色，动画的氛围冷静，是实力至上主义教室系列的续作。角色的成长与友情线索贯穿始终，校园场景的描绘充满生活气息，那些关于梦想、竞争与陪伴的片段真实动人，在轻松愉快的基调里传递着积极向上的力量，令人会心一笑。整体而言，该作在题材表达与情感渲染上均有可取之处，剧情张弛有度，角色令人印象深刻，是一部完成度较高、值得推荐的作品。
2415,primary,zh-CN,石纪元 科学与未来 第3部分,《石纪元 科学与未来 第3部分》延续系列，千空的科学复兴继续。本作科学与未来的篇章进一步发展，作品以科学、冒险与热血为特色，动画的氛围热血，是石纪元系列的续作。动作设计与演出张力俱佳，随着剧情推进，主角面对的敌人越来越强，战斗方式与自身局限的突破层层升级，配乐与画面配合出色，将热血少年向作品应有的爽快感与成长感都演绎得十分到位。整体而言，该作在题材表达与情感渲染上均有可取之处，剧情张弛有度，角色令人印象深刻，是一部完成度较高、值得推荐的作品。
2416,primary,zh-CN,Re：从零开始的异世界生活 第四季 丧失篇,《Re：从零开始的异世界生活 第四季 丧失篇》延续系列，菜月昴的轮回继续。本作昴在丧失篇中面对新的绝望与挑战，作品以异世界、轮回与群像为主题，动画的氛围沉重，昴的挣扎令人动容，是Re零系列的续作。作品没有强烈的戏剧冲突，却以细腻的笔触捕捉日常中的微小幸福，角色的喜怒哀乐真实可感，在平实的叙述中悄然传递着生活的温度，适合在忙碌之余放松心情慢慢欣赏。整体而言，该作在题材表达与情感渲染上均有可取之处，剧情张弛有度，角色令人印象深刻，是一部完成度较高、值得推荐的作品。
2417,primary,zh-CN,关于我转生变成史莱姆这档事 第四季,《关于我转生变成史莱姆这档事 第四季》延续系列，利姆露的建国物语继续。本作利姆露在魔国联邦的进一步发展与新的挑战展开，作品以异世界、轻松冒险与群像为特色，动画的战斗场面华丽，是史莱姆系列的续作。动作设计与演出张力俱佳，随着剧情推进，主角面对的敌人越来越强，战斗方式与自身局限的突破层层升级，配乐与画面配合出色，将热血少年向作品应有的爽快感与成长感都演绎得十分到位。整体而言，该作在题材表达与情感渲染上均有可取之处，剧情张弛有度，角色令人印象深刻，是一部完成度较高、值得推荐的作品。
2418,primary,zh-CN,小书痴的下克上 〜为了成为图书管理员而不择手段〜 领主的养女,《小书痴的下克上 〜为了成为图书管理员而不择手段〜 领主的养女》延续系列，爱书少女的物语继续。本作少女成为领主养女后的生活进一步发展，作品以异世界、日常与成长为主题，动画的氛围温暖，是小书痴系列的续作。作品没有强烈的戏剧冲突，却以细腻的笔触捕捉日常中的微小幸福，角色的喜怒哀乐真实可感，在平实的叙述中悄然传递着生活的温度，适合在忙碌之余放松心情慢慢欣赏。整体而言，该作在题材表达与情感渲染上均有可取之处，剧情张弛有度，角色令人印象深刻，是一部完成度较高、值得推荐的作品。
2419,primary,zh-CN,大贤者里德尔的时空逆行,《大贤者里德尔的时空逆行》改编自同名轻小说。大贤者里德尔时空逆行重来。作品以奇幻、智谋与群像为特色，贤者的逆袭充满看点，动画的氛围独特，是一部风格新颖的作品。世界观设定丰富而自成体系，随着冒险推进，更多奇妙的种族、地点与力量体系逐一展开，角色们在旅途中收获成长与羁绊，画面与配乐共同营造出充满想象力的奇幻氛围，令人沉浸其中。整体而言，该作在题材表达与情感渲染上均有可取之处，剧情张弛有度，角色令人印象深刻，是一部完成度较高、值得推荐的作品。
2420,primary,zh-CN,百鬼夜行抄,《百鬼夜行抄》改编自同名漫画。少年与百鬼的物语。作品以妖怪、悬疑与治愈为特色，少年的灵异日常充满看点，动画的氛围独特，是一部风格新颖的作品。画风清新、节奏舒缓，人物之间的相处自然而温暖，那些平凡琐碎的片段在动画的演绎下变得闪闪发光，传递出一种治愈人心的宁静力量，是治愈系爱好者不容错过的作品。整体而言，该作在题材表达与情感渲染上均有可取之处，剧情张弛有度，角色令人印象深刻，是一部完成度较高、值得推荐的作品。
2421,primary,zh-CN,茉莉花酱的好感度正在崩坏,《茉莉花酱的好感度正在崩坏》是短篇动画，讲述茉莉花的好感度崩坏的物语。作品以恋爱、搞笑与日常为特色，动画篇幅短小、氛围轻松，在有趣的故事中展现情感，是一部轻松解压的泡面番。角色间的互动刻画得细腻自然，那些欲言又止的心意、别扭又真诚的靠近都真实而动人，情感线与日常情节交织，让观众在会心一笑与怦然心动之间反复横跳，是一部让人回味无穷的恋爱物语。整体而言，该作在题材表达与情感渲染上均有可取之处，剧情张弛有度，角色令人印象深刻，是一部完成度较高、值得推荐的作品。
2422,primary,zh-CN,这样高大的女孩子你喜欢吗？,《这样高大的女孩子你喜欢吗？》改编自同名漫画。高个子少女与矮个子少年的恋爱。作品以恋爱、日常与搞笑为特色，身高的反差与两人的互动充满萌点，动画的氛围轻松，是一部欢乐的恋爱作品。角色间的互动刻画得细腻自然，那些欲言又止的心意、别扭又真诚的靠近都真实而动人，情感线与日常情节交织，让观众在会心一笑与怦然心动之间反复横跳，是一部让人回味无穷的恋爱物语。整体而言，该作在题材表达与情感渲染上均有可取之处，剧情张弛有度，角色令人印象深刻，是一部完成度较高、值得推荐的作品。
2423,primary,zh-CN,七米神物语,《七米神物语》是短篇动画，讲述七米神的物语。作品以奇幻、治愈与日常为特色，动画的氛围宁静，在七米神的物语中展现温馨，是一部风格新颖的作品。画风清新、节奏舒缓，人物之间的相处自然而温暖，那些平凡琐碎的片段在动画的演绎下变得闪闪发光，传递出一种治愈人心的宁静力量，是治愈系爱好者不容错过的作品。整体而言，该作在题材表达与情感渲染上均有可取之处，剧情张弛有度，角色令人印象深刻，是一部完成度较高、值得推荐的作品。
2424,primary,zh-CN,轻松熊,《轻松熊》是《轻松熊》的动画，轻松熊的悠闲日常。作品以萌宠、治愈与日常为特色，轻松熊的慵懒生活充满温馨，动画画风软萌、氛围温暖，是一部治愈系的作品。作品没有强烈的戏剧冲突，却以细腻的笔触捕捉日常中的微小幸福，角色的喜怒哀乐真实可感，在平实的叙述中悄然传递着生活的温度，适合在忙碌之余放松心情慢慢欣赏。整体而言，该作在题材表达与情感渲染上均有可取之处，剧情张弛有度，角色令人印象深刻，是一部完成度较高、值得推荐的作品。
2425,primary,zh-CN,剧场版总集篇 GIRLS BAND CRY 青春狂走曲,《剧场版总集篇 GIRLS BAND CRY 青春狂走曲》是《GIRLS BAND CRY》的总集篇，乐队少女们的物语重新编排。本作回顾动画的剧情，作品以音乐、青春与群像为特色，歌曲动人，是GIRLS BAND CRY系列的总集篇。歌舞演出的画面制作精良，每一首歌都与角色心境和剧情推进紧密呼应，少女们在聚光灯下的闪耀与幕后流下的汗水同样动人，传递出追逐梦想、不懈努力的正能量，感染力十足。整体而言，该作在题材表达与情感渲染上均有可取之处，剧情张弛有度，角色令人印象深刻，是一部完成度较高、值得推荐的作品。
2426,primary,zh-CN,剧场版总集篇 GIRLS BAND CRY 呐、未来。,《剧场版总集篇 GIRLS BAND CRY 呐、未来。》是《GIRLS BAND CRY》的总集篇，乐队少女们的物语重新编排。本作回顾动画的剧情，作品以音乐、青春与群像为特色，歌曲动人，是GIRLS BAND CRY系列的总集篇。角色的个性塑造鲜明，舞台上的自信与生活中的可爱形成反差，团队协作与个人成长双线并进，歌舞编排赏心悦目，让观众既能享受视听盛宴，也能为少女们的梦想与坚持而感动。整体而言，该作在题材表达与情感渲染上均有可取之处，剧情张弛有度，角色令人印象深刻，是一部完成度较高、值得推荐的作品。
2427,primary,zh-CN,Candy Caries 蛀在糖糖里,《Candy Caries 蛀在糖糖里》是短篇动画，讲述糖糖的物语。作品以萌系、搞笑与治愈为特色，动画画风可爱、篇幅短小，在轻松的日常中展现糖糖的互动，是一部轻松解压的泡面番。作品没有强烈的戏剧冲突，却以细腻的笔触捕捉日常中的微小幸福，角色的喜怒哀乐真实可感，在平实的叙述中悄然传递着生活的温度，适合在忙碌之余放松心情慢慢欣赏。整体而言，该作在题材表达与情感渲染上均有可取之处，剧情张弛有度，角色令人印象深刻，是一部完成度较高、值得推荐的作品。
2428,primary,zh-CN,北斗神拳 -FIST OF THE NORTH STAR-,《北斗神拳 -FIST OF THE NORTH STAR-》是《北斗神拳》的动画，拳四郎的战斗。本作围绕北斗神拳的物语展开，作品以格斗、热血与末日后世界为特色，动画的战斗场面充满魄力，是格斗动画的经典。动画的节奏把控张弛有度，战斗场面的分镜与作画都相当扎实，主角在与强敌的较量中不断突破自我，和同伴之间建立的信任与羁绊也为剧情增添了温度，热血与感动并存，值得一看。整体而言，该作在题材表达与情感渲染上均有可取之处，剧情张弛有度，角色令人印象深刻，是一部完成度较高、值得推荐的作品。
2429,primary,zh-CN,一脸嫌弃表情的妹子给你看胖次R,《一脸嫌弃表情的妹子给你看胖次R》是短篇成人向动画，讲述少女们的日常。作品以恋爱、成年向与日常为特色，动画的氛围暧昧，是一部面向成人的恋爱作品。作品在甜蜜之余也保留了青春特有的青涩与迷茫，主角在感情中的成长与抉择贯穿始终，配乐温润、画面明丽，将恋爱中的忐忑、欢喜与遗憾都拿捏得恰到好处，适合慢慢品味。整体而言，该作在题材表达与情感渲染上均有可取之处，剧情张弛有度，角色令人印象深刻，是一部完成度较高、值得推荐的作品。
2430,primary,zh-CN,躲在超市后门抽烟的两人,《躲在超市后门抽烟的两人》改编自同名漫画。在超市后门抽烟的两人。作品以日常、治愈与社畜为特色，两人的抽烟时光与交流充满温馨，动画的氛围宁静，是一部治愈系的作品。作品没有强烈的戏剧冲突，却以细腻的笔触捕捉日常中的微小幸福，角色的喜怒哀乐真实可感，在平实的叙述中悄然传递着生活的温度，适合在忙碌之余放松心情慢慢欣赏。整体而言，该作在题材表达与情感渲染上均有可取之处，剧情张弛有度，角色令人印象深刻，是一部完成度较高、值得推荐的作品。
2431,primary,zh-CN,落第贤者的学院无双～第二次转生的S级开外挂魔术师冒险录～,《落第贤者的学院无双～第二次转生的S级开外挂魔术师冒险录～》改编自同名轻小说。落第贤者在学园的无双。作品以学园、战斗与爽快为特色，贤者的强大与学园的日常充满看点，动画的战斗场面华丽，是一部标准的轻改作品。动画的节奏把控张弛有度，战斗场面的分镜与作画都相当扎实，主角在与强敌的较量中不断突破自我，和同伴之间建立的信任与羁绊也为剧情增添了温度，热血与感动并存，值得一看。整体而言，该作在题材表达与情感渲染上均有可取之处，剧情张弛有度，角色令人印象深刻，是一部完成度较高、值得推荐的作品。
2432,primary,zh-CN,剧场版 关于我转生变成史莱姆这档事 苍海之泪篇,《剧场版 关于我转生变成史莱姆这档事 苍海之泪篇》是《关于我转生变成史莱姆》的剧场版，利姆露的物语。本作围绕苍海之泪展开，作品以异世界、轻松冒险与群像为特色，动画的战斗场面华丽，是史莱姆系列的剧场版。动作设计与演出张力俱佳，随着剧情推进，主角面对的敌人越来越强，战斗方式与自身局限的突破层层升级，配乐与画面配合出色，将热血少年向作品应有的爽快感与成长感都演绎得十分到位。整体而言，该作在题材表达与情感渲染上均有可取之处，剧情张弛有度，角色令人印象深刻，是一部完成度较高、值得推荐的作品。
2433,primary,zh-CN,航海王 埃鲁巴夫篇,《航海王 埃鲁巴夫篇》延续系列，草帽一伙的冒险继续。本作路飞一行在埃鲁巴夫的冒险展开，作品以冒险、热血与伙伴羁绊为主题，动画的战斗场面华丽，是航海王系列的重要篇章。动作设计与演出张力俱佳，随着剧情推进，主角面对的敌人越来越强，战斗方式与自身局限的突破层层升级，配乐与画面配合出色，将热血少年向作品应有的爽快感与成长感都演绎得十分到位。整体而言，该作在题材表达与情感渲染上均有可取之处，剧情张弛有度，角色令人印象深刻，是一部完成度较高、值得推荐的作品。
2434,primary,zh-CN,无自觉圣女今天也无意识地释放力量,《无自觉圣女今天也无意识地释放力量》改编自同名轻小说。无自觉圣女的日常。作品以异世界、搞笑与治愈为特色，圣女的无意识释放力量充满笑料，动画的氛围轻松，是一部欢乐的作品。作品没有强烈的戏剧冲突，却以细腻的笔触捕捉日常中的微小幸福，角色的喜怒哀乐真实可感，在平实的叙述中悄然传递着生活的温度，适合在忙碌之余放松心情慢慢欣赏。整体而言，该作在题材表达与情感渲染上均有可取之处，剧情张弛有度，角色令人印象深刻，是一部完成度较高、值得推荐的作品。
2435,primary,zh-CN,女主角？圣女？不，我是杂役女仆（自豪）！,《女主角？圣女？不，我是杂役女仆（自豪）！》改编自同名轻小说。成为杂役女仆的女主角的物语。作品以异世界、搞笑与日常为特色，女主角的杂役女仆生活充满笑料，动画的氛围轻松，是一部欢乐的作品。画风清新、节奏舒缓，人物之间的相处自然而温暖，那些平凡琐碎的片段在动画的演绎下变得闪闪发光，传递出一种治愈人心的宁静力量，是治愈系爱好者不容错过的作品。整体而言，该作在题材表达与情感渲染上均有可取之处，剧情张弛有度，角色令人印象深刻，是一部完成度较高、值得推荐的作品。
2436,primary,zh-CN,魔法少女奈叶 EXCEEDS Gun Blaze Vengeance,《魔法少女奈叶 EXCEEDS Gun Blaze Vengeance》是《魔法少女奈叶》系列的动画，魔法少女们的战斗。本作围绕新的篇章展开，作品以魔法少女、战斗与群像为特色，动画的战斗场面华丽，是魔法少女奈叶系列的新作。动作设计与演出张力俱佳，随着剧情推进，主角面对的敌人越来越强，战斗方式与自身局限的突破层层升级，配乐与画面配合出色，将热血少年向作品应有的爽快感与成长感都演绎得十分到位。整体而言，该作在题材表达与情感渲染上均有可取之处，剧情张弛有度，角色令人印象深刻，是一部完成度较高、值得推荐的作品。
2437,primary,zh-CN,斗球儿弹子,《斗球儿弹子》改编自同名漫画。少年在弹珠机中的物语。作品以竞技、热血与群像为特色，弹珠的竞争充满张力，少年的成长令人动容，是一部风格独特的作品。动画的节奏把控张弛有度，战斗场面的分镜与作画都相当扎实，主角在与强敌的较量中不断突破自我，和同伴之间建立的信任与羁绊也为剧情增添了温度，热血与感动并存，值得一看。整体而言，该作在题材表达与情感渲染上均有可取之处，剧情张弛有度，角色令人印象深刻，是一部完成度较高、值得推荐的作品。
2438,primary,zh-CN,骸骨骑士大人异世界冒险中 第二季,《骸骨骑士大人异世界冒险中 第二季》延续第一季，骸骨骑士的冒险继续。本作骸骨骑士在异世界的冒险进一步发展，作品以异世界、轻松冒险与热血为特色，动画的氛围轻松，是骸骨骑士系列的续作。动作设计与演出张力俱佳，随着剧情推进，主角面对的敌人越来越强，战斗方式与自身局限的突破层层升级，配乐与画面配合出色，将热血少年向作品应有的爽快感与成长感都演绎得十分到位。整体而言，该作在题材表达与情感渲染上均有可取之处，剧情张弛有度，角色令人印象深刻，是一部完成度较高、值得推荐的作品。
2439,primary,zh-CN,才女的侍从 在满是高岭之花的贵族学校暗中照顾（毫无生活自理能力的）学院第一大小姐,《才女的侍从 在满是高岭之花的贵族学校暗中照顾（毫无生活自理能力的）学院第一大小姐》改编自同名轻小说。才女的侍从在贵族学校的日常。作品以恋爱、学园与搞笑为特色，侍从与大小姐的互动充满萌点，动画的氛围轻松，是一部欢乐的恋爱作品。角色间的互动刻画得细腻自然，那些欲言又止的心意、别扭又真诚的靠近都真实而动人，情感线与日常情节交织，让观众在会心一笑与怦然心动之间反复横跳，是一部让人回味无穷的恋爱物语。整体而言，该作在题材表达与情感渲染上均有可取之处，剧情张弛有度，角色令人印象深刻，是一部完成度较高、值得推荐的作品。
2440,primary,zh-CN,从0位居民开始的边境领主大人,《从0位居民开始的边境领主大人》改编自同名轻小说。从零开始的边境领主经营。作品以异世界、日常与轻松冒险为特色，领主的领地经营充满趣味，动画的氛围轻松，是一部欢乐的作品。作品没有强烈的戏剧冲突，却以细腻的笔触捕捉日常中的微小幸福，角色的喜怒哀乐真实可感，在平实的叙述中悄然传递着生活的温度，适合在忙碌之余放松心情慢慢欣赏。整体而言，该作在题材表达与情感渲染上均有可取之处，剧情张弛有度，角色令人印象深刻，是一部完成度较高、值得推荐的作品。
2441,primary,zh-CN,铠真传 武士军团 第2部分,《铠真传 武士军团 第2部分》延续系列，武士们的战斗继续。本作围绕新的篇章展开，作品以战斗、热血与群像为特色，动画的战斗场面华丽，是铠真传系列的续作。动作设计与演出张力俱佳，随着剧情推进，主角面对的敌人越来越强，战斗方式与自身局限的突破层层升级，配乐与画面配合出色，将热血少年向作品应有的爽快感与成长感都演绎得十分到位。整体而言，该作在题材表达与情感渲染上均有可取之处，剧情张弛有度，角色令人印象深刻，是一部完成度较高、值得推荐的作品。
2442,primary,zh-CN,乡下大叔成为剑圣 第二季,《乡下大叔成为剑圣 第二季》延续第一季，乡下大叔的剑圣之路继续。本作大叔在剑术中的成长进一步发展，作品以剑术、热血与日常为特色，动画的氛围温暖，是乡下大叔系列的续作。动作设计与演出张力俱佳，随着剧情推进，主角面对的敌人越来越强，战斗方式与自身局限的突破层层升级，配乐与画面配合出色，将热血少年向作品应有的爽快感与成长感都演绎得十分到位。整体而言，该作在题材表达与情感渲染上均有可取之处，剧情张弛有度，角色令人印象深刻，是一部完成度较高、值得推荐的作品。
2443,primary,zh-CN,恋爱游戏世界对路人角色很不友好 第二季,《恋爱游戏世界对路人角色很不友好 第二季》延续第一季，路人少年的反击继续。本作少年在恋爱游戏世界中的博弈进一步发展，作品以异世界、恋爱与搞笑为特色，动画的氛围轻松，是系列续作。角色间的互动刻画得细腻自然，那些欲言又止的心意、别扭又真诚的靠近都真实而动人，情感线与日常情节交织，让观众在会心一笑与怦然心动之间反复横跳，是一部让人回味无穷的恋爱物语。整体而言，该作在题材表达与情感渲染上均有可取之处，剧情张弛有度，角色令人印象深刻，是一部完成度较高、值得推荐的作品。
2444,primary,zh-CN,与奔驰于透明之夜的你，谈一场看不见的恋爱。,《与奔驰于透明之夜的你，谈一场看不见的恋爱。》改编自同名漫画。与透明少女的恋爱。作品以恋爱、奇幻与日常为特色，透明少女的设定与两人的互动充满萌点，动画的氛围宁静，是一部风格独特的恋爱作品。作品在甜蜜之余也保留了青春特有的青涩与迷茫，主角在感情中的成长与抉择贯穿始终，配乐温润、画面明丽，将恋爱中的忐忑、欢喜与遗憾都拿捏得恰到好处，适合慢慢品味。整体而言，该作在题材表达与情感渲染上均有可取之处，剧情张弛有度，角色令人印象深刻，是一部完成度较高、值得推荐的作品。
2445,primary,zh-CN,猫与龙,《猫与龙》改编自同名漫画。少女与龙的日常。作品以奇幻、治愈与日常为特色，猫与龙的互动充满温馨，动画画风精美、氛围温暖，是一部治愈系的作品。作品没有强烈的戏剧冲突，却以细腻的笔触捕捉日常中的微小幸福，角色的喜怒哀乐真实可感，在平实的叙述中悄然传递着生活的温度，适合在忙碌之余放松心情慢慢欣赏。整体而言，该作在题材表达与情感渲染上均有可取之处，剧情张弛有度，角色令人印象深刻，是一部完成度较高、值得推荐的作品。
2446,primary,zh-CN,尼古喵喵,《尼古喵喵》是短篇动画，讲述尼古喵喵的日常。作品以萌宠、搞笑与治愈为特色，动画画风可爱、篇幅短小，在轻松的日常中展现喵喵的互动，是一部轻松解压的泡面番。作品没有强烈的戏剧冲突，却以细腻的笔触捕捉日常中的微小幸福，角色的喜怒哀乐真实可感，在平实的叙述中悄然传递着生活的温度，适合在忙碌之余放松心情慢慢欣赏。整体而言，该作在题材表达与情感渲染上均有可取之处，剧情张弛有度，角色令人印象深刻，是一部完成度较高、值得推荐的作品。
2447,primary,zh-CN,描绘直至生命尽头,《描绘直至生命尽头》改编自同名漫画。画家在战争中的物语。作品以战争、艺术与悲壮为主题，画家的创作与生命的挣扎充满张力，动画的氛围沉重，是一部引人深思的作品。动作设计与演出张力俱佳，随着剧情推进，主角面对的敌人越来越强，战斗方式与自身局限的突破层层升级，配乐与画面配合出色，将热血少年向作品应有的爽快感与成长感都演绎得十分到位。整体而言，该作在题材表达与情感渲染上均有可取之处，剧情张弛有度，角色令人印象深刻，是一部完成度较高、值得推荐的作品。
2448,primary,zh-CN,幼女战记 第二季,《幼女战记 第二季》延续第一季，谭雅·冯·提古雷查夫的战斗继续。本作谭雅在战争中的谋略与战斗进一步发展，作品以战争、智谋与群像为主题，动画的氛围冷峻，是幼女战记系列的续作。动作设计与演出张力俱佳，随着剧情推进，主角面对的敌人越来越强，战斗方式与自身局限的突破层层升级，配乐与画面配合出色，将热血少年向作品应有的爽快感与成长感都演绎得十分到位。整体而言，该作在题材表达与情感渲染上均有可取之处，剧情张弛有度，角色令人印象深刻，是一部完成度较高、值得推荐的作品。
2449,primary,zh-CN,无职转生 第三季 ～到了异世界就拿出真本事～,《无职转生 第三季 ～到了异世界就拿出真本事～》延续系列，鲁迪乌斯的异世界人生继续。本作鲁迪在异世界的成长与冒险进一步发展，作品以异世界、群像与成长为主题，动画的制作精良，是无职转生系列的续作。世界观设定丰富而自成体系，随着冒险推进，更多奇妙的种族、地点与力量体系逐一展开，角色们在旅途中收获成长与羁绊，画面与配乐共同营造出充满想象力的奇幻氛围，令人沉浸其中。整体而言，该作在题材表达与情感渲染上均有可取之处，剧情张弛有度，角色令人印象深刻，是一部完成度较高、值得推荐的作品。
2450,primary,zh-CN,魔法光源股份有限公司 第二季,《魔法光源股份有限公司 第二季》延续第一季，魔法少女公司的物语继续。本作少女们在公司中的战斗与成长进一步发展，作品以魔法少女、职场与战斗为特色，动画的氛围轻松，是魔法光源系列的续作。动作设计与演出张力俱佳，随着剧情推进，主角面对的敌人越来越强，战斗方式与自身局限的突破层层升级，配乐与画面配合出色，将热血少年向作品应有的爽快感与成长感都演绎得十分到位。整体而言，该作在题材表达与情感渲染上均有可取之处，剧情张弛有度，角色令人印象深刻，是一部完成度较高、值得推荐的作品。
2451,primary,zh-CN,超超超超超喜欢你的100个女朋友 第三季,《超超超超超喜欢你的100个女朋友 第三季》延续系列，少年的百人恋爱喜剧继续。本作少年与女友们的日常进一步发展，作品以恋爱、搞笑与后宫为特色，动画的氛围夸张欢乐，是100个女朋友系列的续作。角色间的互动刻画得细腻自然，那些欲言又止的心意、别扭又真诚的靠近都真实而动人，情感线与日常情节交织，让观众在会心一笑与怦然心动之间反复横跳，是一部让人回味无穷的恋爱物语。整体而言，该作在题材表达与情感渲染上均有可取之处，剧情张弛有度，角色令人印象深刻，是一部完成度较高、值得推荐的作品。
2452,primary,zh-CN,暴怒千金发誓复仇。～凭借魔导书之力打垮祖国～,《暴怒千金发誓复仇。～凭借魔导书之力打垮祖国～》改编自同名轻小说。暴怒千金发誓复仇的物语。作品以异世界、奇幻与复仇为特色，千金的复仇与魔导书的力量充满看点，动画的氛围独特，是一部风格新颖的作品。世界观设定丰富而自成体系，随着冒险推进，更多奇妙的种族、地点与力量体系逐一展开，角色们在旅途中收获成长与羁绊，画面与配乐共同营造出充满想象力的奇幻氛围，令人沉浸其中。整体而言，该作在题材表达与情感渲染上均有可取之处，剧情张弛有度，角色令人印象深刻，是一部完成度较高、值得推荐的作品。
2453,primary,zh-CN,地狱模式～喜欢挑战特殊成就的玩家在废设定的异世界成为无双～第二季,《地狱模式～喜欢挑战特殊成就的玩家在废设定的异世界成为无双～第二季》延续第一季，玩家的异世界无双继续。本作玩家在废设定异世界的冒险进一步发展，作品以异世界、战斗与爽快为特色，动画的氛围轻松，是地狱模式系列的续作。动作设计与演出张力俱佳，随着剧情推进，主角面对的敌人越来越强，战斗方式与自身局限的突破层层升级，配乐与画面配合出色，将热血少年向作品应有的爽快感与成长感都演绎得十分到位。整体而言，该作在题材表达与情感渲染上均有可取之处，剧情张弛有度，角色令人印象深刻，是一部完成度较高、值得推荐的作品。
2454,primary,zh-CN,奇招百出的维多利亚,《奇招百出的维多利亚》改编自同名轻小说。维多利亚的智谋物语。作品以奇幻、智谋与群像为特色，维多利亚的奇招充满看点，动画的氛围独特，是一部风格新颖的作品。世界观设定丰富而自成体系，随着冒险推进，更多奇妙的种族、地点与力量体系逐一展开，角色们在旅途中收获成长与羁绊，画面与配乐共同营造出充满想象力的奇幻氛围，令人沉浸其中。整体而言，该作在题材表达与情感渲染上均有可取之处，剧情张弛有度，角色令人印象深刻，是一部完成度较高、值得推荐的作品。
2455,primary,zh-CN,说了不打算爱我的公爵继承人，不知为何对我宠爱有加,《说了不打算爱我的公爵继承人，不知为何对我宠爱有加》改编自同名轻小说。公爵继承人与少女的恋爱。作品以恋爱、宫廷与搞笑为特色，公爵继承人的反差与宠爱充满萌点，动画的氛围轻松，是一部欢乐的恋爱作品。角色间的互动刻画得细腻自然，那些欲言又止的心意、别扭又真诚的靠近都真实而动人，情感线与日常情节交织，让观众在会心一笑与怦然心动之间反复横跳，是一部让人回味无穷的恋爱物语。整体而言，该作在题材表达与情感渲染上均有可取之处，剧情张弛有度，角色令人印象深刻，是一部完成度较高、值得推荐的作品。
2456,primary,zh-CN,LV999的村民,《LV999的村民》改编自同名轻小说。LV999的村民的物语。作品以异世界、战斗与日常为特色，村民的强大与悠闲充满看点，动画的氛围轻松，是一部标准的异世界作品。动作设计与演出张力俱佳，随着剧情推进，主角面对的敌人越来越强，战斗方式与自身局限的突破层层升级，配乐与画面配合出色，将热血少年向作品应有的爽快感与成长感都演绎得十分到位。整体而言，该作在题材表达与情感渲染上均有可取之处，剧情张弛有度，角色令人印象深刻，是一部完成度较高、值得推荐的作品。
2457,primary,zh-CN,令和的斑小姐,《令和的斑小姐》是短篇动画，讲述斑小姐的日常。作品以日常、搞笑与治愈为特色，斑小姐的互动充满萌点，动画篇幅短小，是一部轻松解压的泡面番。作品没有强烈的戏剧冲突，却以细腻的笔触捕捉日常中的微小幸福，角色的喜怒哀乐真实可感，在平实的叙述中悄然传递着生活的温度，适合在忙碌之余放松心情慢慢欣赏。整体而言，该作在题材表达与情感渲染上均有可取之处，剧情张弛有度，角色令人印象深刻，是一部完成度较高、值得推荐的作品。
2458,primary,zh-CN,世界最强的后卫 ～迷宫国的新人探索者～,《世界最强的后卫 ～迷宫国的新人探索者～》改编自同名轻小说。最强后卫在迷宫国的冒险。作品以异世界、战斗与冒险为特色，后卫的物语充满看点，动画的氛围轻松，是一部标准的异世界作品。动画的节奏把控张弛有度，战斗场面的分镜与作画都相当扎实，主角在与强敌的较量中不断突破自我，和同伴之间建立的信任与羁绊也为剧情增添了温度，热血与感动并存，值得一看。整体而言，该作在题材表达与情感渲染上均有可取之处，剧情张弛有度，角色令人印象深刻，是一部完成度较高、值得推荐的作品。
2459,primary,zh-CN,少女怪兽焦糖味,《少女怪兽焦糖味》是短篇动画，讲述少女怪兽的日常。作品以萌系、搞笑与治愈为特色，少女怪兽与人类的互动充满萌点，动画篇幅短小，是一部轻松解压的泡面番。画风清新、节奏舒缓，人物之间的相处自然而温暖，那些平凡琐碎的片段在动画的演绎下变得闪闪发光，传递出一种治愈人心的宁静力量，是治愈系爱好者不容错过的作品。整体而言，该作在题材表达与情感渲染上均有可取之处，剧情张弛有度，角色令人印象深刻，是一部完成度较高、值得推荐的作品。
2460,primary,zh-CN,我家的弟弟们真是让您费心了,《我家的弟弟们真是让您费心了》改编自同名漫画。弟弟们的日常。作品以日常、搞笑与家庭为特色，弟弟们的互动充满笑料，动画的氛围温暖，是一部让人会心一笑的作品。作品没有强烈的戏剧冲突，却以细腻的笔触捕捉日常中的微小幸福，角色的喜怒哀乐真实可感，在平实的叙述中悄然传递着生活的温度，适合在忙碌之余放松心情慢慢欣赏。整体而言，该作在题材表达与情感渲染上均有可取之处，剧情张弛有度，角色令人印象深刻，是一部完成度较高、值得推荐的作品。
2461,primary,zh-CN,穹庐下的魔女,《穹庐下的魔女》改编自同名漫画。在穹庐下生活的魔女。作品以奇幻、治愈与日常为特色，魔女的生活充满温馨，动画的氛围宁静，是一部治愈系的作品。作品没有强烈的戏剧冲突，却以细腻的笔触捕捉日常中的微小幸福，角色的喜怒哀乐真实可感，在平实的叙述中悄然传递着生活的温度，适合在忙碌之余放松心情慢慢欣赏。整体而言，该作在题材表达与情感渲染上均有可取之处，剧情张弛有度，角色令人印象深刻，是一部完成度较高、值得推荐的作品。
2462,primary,zh-CN,花织即使是转生也想打架,《花织即使是转生也想打架》是短篇动画，讲述转生的花织的物语。作品以战斗、搞笑与日常为特色，花织的转生与打架充满笑料，动画篇幅短小，是一部轻松解压的泡面番。动作设计与演出张力俱佳，随着剧情推进，主角面对的敌人越来越强，战斗方式与自身局限的突破层层升级，配乐与画面配合出色，将热血少年向作品应有的爽快感与成长感都演绎得十分到位。整体而言，该作在题材表达与情感渲染上均有可取之处，剧情张弛有度，角色令人印象深刻，是一部完成度较高、值得推荐的作品。
2463,primary,zh-CN,与你相恋到生命尽头,《与你相恋到生命尽头》改编自同名漫画。以生命为赌注的恋爱。作品以恋爱、悲壮与群像为主题，两人的命运充满张力，动画的氛围沉重，是一部引人深思的作品。角色间的互动刻画得细腻自然，那些欲言又止的心意、别扭又真诚的靠近都真实而动人，情感线与日常情节交织，让观众在会心一笑与怦然心动之间反复横跳，是一部让人回味无穷的恋爱物语。整体而言，该作在题材表达与情感渲染上均有可取之处，剧情张弛有度，角色令人印象深刻，是一部完成度较高、值得推荐的作品。
2464,primary,zh-CN,北斗神拳 拳王军杂兵们的挽歌 第二季,《北斗神拳 拳王军杂兵们的挽歌 第二季》延续系列，杂兵们的物语继续。本作以杂兵们的视角讲述战争的日常进一步发展，作品以搞笑、时代与群像为特色，动画的氛围独特，是北斗神拳系列的衍生作品。动画的节奏把控张弛有度，战斗场面的分镜与作画都相当扎实，主角在与强敌的较量中不断突破自我，和同伴之间建立的信任与羁绊也为剧情增添了温度，热血与感动并存，值得一看。整体而言，该作在题材表达与情感渲染上均有可取之处，剧情张弛有度，角色令人印象深刻，是一部完成度较高、值得推荐的作品。
2465,primary,zh-CN,二十世纪电气目录,《二十世纪电气目录》改编自同名小说。明治时代的少年少女的物语。作品以时代、恋爱与冒险为特色，电气目录的设定充满魅力，动画的氛围典雅，是一部风格独特的作品。作品在甜蜜之余也保留了青春特有的青涩与迷茫，主角在感情中的成长与抉择贯穿始终，配乐温润、画面明丽，将恋爱中的忐忑、欢喜与遗憾都拿捏得恰到好处，适合慢慢品味。整体而言，该作在题材表达与情感渲染上均有可取之处，剧情张弛有度，角色令人印象深刻，是一部完成度较高、值得推荐的作品。
2466,primary,zh-CN,恶女不才，请多关照 ～雏宫蝶鼠换身传～,《恶女不才，请多关照 ～雏宫蝶鼠换身传～》是短篇动画，讲述换身的物语。作品以恋爱、搞笑与宫廷为特色，换身的设定充满笑料，动画篇幅短小，是一部轻松解压的泡面番。角色间的互动刻画得细腻自然，那些欲言又止的心意、别扭又真诚的靠近都真实而动人，情感线与日常情节交织，让观众在会心一笑与怦然心动之间反复横跳，是一部让人回味无穷的恋爱物语。整体而言，该作在题材表达与情感渲染上均有可取之处，剧情张弛有度，角色令人印象深刻，是一部完成度较高、值得推荐的作品。
2467,primary,zh-CN,无用圣女的异世界美食之旅 凭借隐藏技能召唤露营车,《无用圣女的异世界美食之旅 凭借隐藏技能召唤露营车》改编自同名轻小说。无用圣女的美食之旅。作品以异世界、美食与轻松冒险为特色，圣女的美食之旅充满温馨，动画的氛围温暖，是一部治愈系的作品。作品没有强烈的戏剧冲突，却以细腻的笔触捕捉日常中的微小幸福，角色的喜怒哀乐真实可感，在平实的叙述中悄然传递着生活的温度，适合在忙碌之余放松心情慢慢欣赏。整体而言，该作在题材表达与情感渲染上均有可取之处，剧情张弛有度，角色令人印象深刻，是一部完成度较高、值得推荐的作品。
2468,primary,zh-CN,碧蓝之海 第三季,《碧蓝之海 第三季》延续系列，大学生们的搞笑潜水日常继续。本作伊织与伙伴们的日常进一步发展，作品以搞笑、潜水与青春为特色，动画的氛围轻松，是碧蓝之海系列的续作。画风清新、节奏舒缓，人物之间的相处自然而温暖，那些平凡琐碎的片段在动画的演绎下变得闪闪发光，传递出一种治愈人心的宁静力量，是治愈系爱好者不容错过的作品。整体而言，该作在题材表达与情感渲染上均有可取之处，剧情张弛有度，角色令人印象深刻，是一部完成度较高、值得推荐的作品。
2469,primary,zh-CN,再见，拉拉,《再见，拉拉》是短篇动画，讲述告别与青春的物语。作品以青春、治愈与群像为特色，动画的氛围宁静，告别的故事充满温馨，是一部风格新颖的作品。作品没有强烈的戏剧冲突，却以细腻的笔触捕捉日常中的微小幸福，角色的喜怒哀乐真实可感，在平实的叙述中悄然传递着生活的温度，适合在忙碌之余放松心情慢慢欣赏。整体而言，该作在题材表达与情感渲染上均有可取之处，剧情张弛有度，角色令人印象深刻，是一部完成度较高、值得推荐的作品。
2470,primary,zh-CN,炒翻天,《炒翻天》改编自同名漫画。少年厨师在料理中的战斗。作品以料理、热血与竞技为特色，动画的料理对决充满魄力，少年的成长令人动容，是一部经典的料理动画。动画的节奏把控张弛有度，战斗场面的分镜与作画都相当扎实，主角在与强敌的较量中不断突破自我，和同伴之间建立的信任与羁绊也为剧情增添了温度，热血与感动并存，值得一看。整体而言，该作在题材表达与情感渲染上均有可取之处，剧情张弛有度，角色令人印象深刻，是一部完成度较高、值得推荐的作品。
2471,primary,zh-CN,文豪野犬 汪！第二季,《文豪野犬 汪！第二季》延续第一季，文豪们的Q版日常继续。本作以轻松的日常为主，作品以搞笑、日常与Q版为特色，动画的氛围欢乐，是文豪野犬系列的番外作品。画风清新、节奏舒缓，人物之间的相处自然而温暖，那些平凡琐碎的片段在动画的演绎下变得闪闪发光，传递出一种治愈人心的宁静力量，是治愈系爱好者不容错过的作品。整体而言，该作在题材表达与情感渲染上均有可取之处，剧情张弛有度，角色令人印象深刻，是一部完成度较高、值得推荐的作品。
2472,primary,zh-CN,暗黑灯火,《暗黑灯火》是短篇动画，讲述在黑暗中寻找光明的物语。作品以奇幻、悬疑与群像为特色，在昏暗压抑的世界中，角色们怀揣着各自的心事与秘密，在微弱的灯火下相遇、前行。动画的画面明暗对比强烈，氛围沉重而富有张力，将黑暗中的希望与人性的温度描绘得细腻深刻，是一部风格独特、引人深思的短篇作品。细节之处见用心，角色们的互动充满生活气息与小小的幽默，将平淡日常描绘得富有诗意，观感舒适惬意，能让人暂时放下烦恼，沉浸在那份简单纯粹的美好之中。
2473,primary,zh-CN,岩元前辈的推荐,《岩元前辈的推荐》是短篇动画，讲述岩元前辈与身边人的轻松日常。作品以日常、搞笑与群像为特色，前辈总是热心地把各种事物推荐给周围的人，却常常引发意想不到的爆笑反应。动画节奏明快、笑点密集，角色的互动自然有趣，将职场与生活中的小幽默描绘得生动活泼，是一部轻松解压、适合随时观看的搞笑泡面番。作品没有强烈的戏剧冲突，却以细腻的笔触捕捉日常中的微小幸福，角色的喜怒哀乐真实可感，在平实的叙述中悄然传递着生活的温度，适合在忙碌之余放松心情慢慢欣赏。
2474,primary,zh-CN,Grow Up Show ～向日葵马戏团～,《Grow Up Show ～向日葵马戏团～》是短篇动画，讲述马戏团的物语。作品以演出、青春与群像为特色，动画的氛围欢乐，马戏团的表演充满魅力，是一部风格新颖的作品。画风清新、节奏舒缓，人物之间的相处自然而温暖，那些平凡琐碎的片段在动画的演绎下变得闪闪发光，传递出一种治愈人心的宁静力量，是治愈系爱好者不容错过的作品。整体而言，该作在题材表达与情感渲染上均有可取之处，剧情张弛有度，角色令人印象深刻，是一部完成度较高、值得推荐的作品。
2475,primary,zh-CN,盗墓王,《盗墓王》改编自同名漫画。盗墓的物语。作品以冒险、奇幻与群像为特色，盗墓的冒险充满紧张感，动画的氛围独特，是一部风格新颖的作品。世界观设定丰富而自成体系，随着冒险推进，更多奇妙的种族、地点与力量体系逐一展开，角色们在旅途中收获成长与羁绊，画面与配乐共同营造出充满想象力的奇幻氛围，令人沉浸其中。整体而言，该作在题材表达与情感渲染上均有可取之处，剧情张弛有度，角色令人印象深刻，是一部完成度较高、值得推荐的作品。
2476,primary,zh-CN,雷霆三人行,《雷霆三人行》改编自同名漫画。三位怪盗的物语。作品以怪盗、搞笑与日常为特色，三人组的互动充满笑料，动画的氛围轻松，是一部欢乐的作品。作品没有强烈的戏剧冲突，却以细腻的笔触捕捉日常中的微小幸福，角色的喜怒哀乐真实可感，在平实的叙述中悄然传递着生活的温度，适合在忙碌之余放松心情慢慢欣赏。整体而言，该作在题材表达与情感渲染上均有可取之处，剧情张弛有度，角色令人印象深刻，是一部完成度较高、值得推荐的作品。
2477,primary,zh-CN,梅比乌斯之尘,《梅比乌斯之尘》是短篇动画，讲述在循环往复的世界中展开的物语。作品以奇幻、悬疑与群像为特色，在梅比乌斯之环般无限循环的设定下，角色们不断经历相似却又微妙不同的命运，探寻世界的真相与自身的意义。动画的画面富有超现实色彩，氛围独特而迷离，将循环与救赎的主题演绎得充满哲思，是一部风格独特、引人深思的短篇作品。画风清新、节奏舒缓，人物之间的相处自然而温暖，那些平凡琐碎的片段在动画的演绎下变得闪闪发光，传递出一种治愈人心的宁静力量，是治愈系爱好者不容错过的作品。
2478,primary,zh-CN,不虐待我的继母与继姐,《不虐待我的继母与继姐》是短篇动画，讲述继母与继姐的日常。作品以日常、家庭与治愈为特色，继母与继姐的互动充满温馨，动画篇幅短小，是一部轻松解压的泡面番。作品没有强烈的戏剧冲突，却以细腻的笔触捕捉日常中的微小幸福，角色的喜怒哀乐真实可感，在平实的叙述中悄然传递着生活的温度，适合在忙碌之余放松心情慢慢欣赏。整体而言，该作在题材表达与情感渲染上均有可取之处，剧情张弛有度，角色令人印象深刻，是一部完成度较高、值得推荐的作品。
2479,primary,zh-CN,花样少年少女 第二季,《花样少年少女 第二季》延续第一季，女扮男装的少女的学园物语继续。本作少女在男校的日常进一步发展，作品以恋爱、搞笑与学园为特色，动画的氛围轻松，是花样少年少女系列的续作。角色间的互动刻画得细腻自然，那些欲言又止的心意、别扭又真诚的靠近都真实而动人，情感线与日常情节交织，让观众在会心一笑与怦然心动之间反复横跳，是一部让人回味无穷的恋爱物语。整体而言，该作在题材表达与情感渲染上均有可取之处，剧情张弛有度，角色令人印象深刻，是一部完成度较高、值得推荐的作品。
2480,primary,zh-CN,Let's Go 怪奇组,《Let's Go 怪奇组》是短篇动画，讲述怪奇组的物语。作品以搞笑、怪奇与日常为特色，动画篇幅短小、氛围轻松，在有趣的设定中展现角色的互动，是一部轻松解压的泡面番。画风清新、节奏舒缓，人物之间的相处自然而温暖，那些平凡琐碎的片段在动画的演绎下变得闪闪发光，传递出一种治愈人心的宁静力量，是治愈系爱好者不容错过的作品。整体而言，该作在题材表达与情感渲染上均有可取之处，剧情张弛有度，角色令人印象深刻，是一部完成度较高、值得推荐的作品。
2481,primary,zh-CN,转学后班上的清纯可爱美少女，竟是小时候玩在一起的哥儿们,《转学后班上的清纯可爱美少女，竟是小时候玩在一起的哥儿们》改编自同名漫画。转学后的美少女是青梅竹马的物语。作品以恋爱、搞笑与日常为特色，青梅竹马的性别反转充满笑料，动画的氛围轻松，是一部欢乐的恋爱作品。角色间的互动刻画得细腻自然，那些欲言又止的心意、别扭又真诚的靠近都真实而动人，情感线与日常情节交织，让观众在会心一笑与怦然心动之间反复横跳，是一部让人回味无穷的恋爱物语。整体而言，该作在题材表达与情感渲染上均有可取之处，剧情张弛有度，角色令人印象深刻，是一部完成度较高、值得推荐的作品。
2482,primary,zh-CN,『你们先走我断后』，于是10年后我成为了传说,《『你们先走我断后』，于是10年后我成为了传说》改编自同名轻小说。断后的勇者的传说。作品以异世界、战斗与群像为特色，勇者的断后与传说充满看点，动画的氛围轻松，是一部标准的异世界作品。动画的节奏把控张弛有度，战斗场面的分镜与作画都相当扎实，主角在与强敌的较量中不断突破自我，和同伴之间建立的信任与羁绊也为剧情增添了温度，热血与感动并存，值得一看。整体而言，该作在题材表达与情感渲染上均有可取之处，剧情张弛有度，角色令人印象深刻，是一部完成度较高、值得推荐的作品。
2483,primary,zh-CN,攻壳机动队 THE GHOST IN THE SHELL,《攻壳机动队 THE GHOST IN THE SHELL》是《攻壳机动队》的动画，草薙素子的战斗。本作围绕义体人与ghost的物语展开，作品以科幻、赛博朋克与哲学为主题，动画的氛围冷峻，是赛博朋克动画的经典。动作设计与演出张力俱佳，随着剧情推进，主角面对的敌人越来越强，战斗方式与自身局限的突破层层升级，配乐与画面配合出色，将热血少年向作品应有的爽快感与成长感都演绎得十分到位。整体而言，该作在题材表达与情感渲染上均有可取之处，剧情张弛有度，角色令人印象深刻，是一部完成度较高、值得推荐的作品。
2484,primary,zh-CN,最强出涸皇子的暗跃帝位争夺,《最强出涸皇子的暗跃帝位争夺》改编自同名轻小说。出涸皇子的帝位争夺。作品以异世界、智谋与群像为特色，皇子的暗跃与帝位争夺充满看点，动画的氛围独特，是一部风格新颖的作品。世界观设定丰富而自成体系，随着冒险推进，更多奇妙的种族、地点与力量体系逐一展开，角色们在旅途中收获成长与羁绊，画面与配乐共同营造出充满想象力的奇幻氛围，令人沉浸其中。整体而言，该作在题材表达与情感渲染上均有可取之处，剧情张弛有度，角色令人印象深刻，是一部完成度较高、值得推荐的作品。
2485,primary,zh-CN,天是红河岸,《天是红河岸》改编自同名漫画。穿越到古代的少女的物语。作品以恋爱、历史与奇幻为特色，少女的穿越与王子的羁绊充满魅力，动画的氛围华丽，是一部风格独特的作品。角色间的互动刻画得细腻自然，那些欲言又止的心意、别扭又真诚的靠近都真实而动人，情感线与日常情节交织，让观众在会心一笑与怦然心动之间反复横跳，是一部让人回味无穷的恋爱物语。整体而言，该作在题材表达与情感渲染上均有可取之处，剧情张弛有度，角色令人印象深刻，是一部完成度较高、值得推荐的作品。
2486,primary,zh-CN,死神 千年血战篇-祸进谭-,《死神 千年血战篇-祸进谭-》是《死神》千年血战篇的新章，一护的战斗继续。本作围绕祸进谭展开，作品以战斗、热血与群像为特色，动画的制作精良，是死神系列的续作。动作设计与演出张力俱佳，随着剧情推进，主角面对的敌人越来越强，战斗方式与自身局限的突破层层升级，配乐与画面配合出色，将热血少年向作品应有的爽快感与成长感都演绎得十分到位。整体而言，该作在题材表达与情感渲染上均有可取之处，剧情张弛有度，角色令人印象深刻，是一部完成度较高、值得推荐的作品。
2487,primary,zh-CN,碧蓝航线：微速前行！第二季,《碧蓝航线：微速前行！第二季》延续第一季，舰娘们的日常继续。本作以轻松的日常为主，作品以萌系、搞笑与日常为特色，动画的氛围轻松，是碧蓝航线系列的衍生作品。作品没有强烈的戏剧冲突，却以细腻的笔触捕捉日常中的微小幸福，角色的喜怒哀乐真实可感，在平实的叙述中悄然传递着生活的温度，适合在忙碌之余放松心情慢慢欣赏。整体而言，该作在题材表达与情感渲染上均有可取之处，剧情张弛有度，角色令人印象深刻，是一部完成度较高、值得推荐的作品。
2488,primary,zh-CN,Clevatess II-魔兽之王与虚假的勇者传承-,《Clevatess II-魔兽之王与虚假的勇者传承-》是短篇动画，讲述魔兽之王与勇者的物语。作品以奇幻、战斗与群像为特色，动画的氛围独特，是风格新颖的作品。动画的节奏把控张弛有度，战斗场面的分镜与作画都相当扎实，主角在与强敌的较量中不断突破自我，和同伴之间建立的信任与羁绊也为剧情增添了温度，热血与感动并存，值得一看。整体而言，该作在题材表达与情感渲染上均有可取之处，剧情张弛有度，角色令人印象深刻，是一部完成度较高、值得推荐的作品。
2489,primary,zh-CN,感谢对战。 ～大小姐才不玩格斗游戏～,《感谢对战。 ～大小姐才不玩格斗游戏～》改编自同名漫画。大小姐在格斗游戏中的物语。作品以游戏、搞笑与日常为特色，大小姐的格斗游戏日常充满笑料，动画的氛围轻松，是一部欢乐的作品。动作设计与演出张力俱佳，随着剧情推进，主角面对的敌人越来越强，战斗方式与自身局限的突破层层升级，配乐与画面配合出色，将热血少年向作品应有的爽快感与成长感都演绎得十分到位。整体而言，该作在题材表达与情感渲染上均有可取之处，剧情张弛有度，角色令人印象深刻，是一部完成度较高、值得推荐的作品。
2490,primary,zh-CN,鬼的新娘,《鬼的新娘》改编自同名漫画。少女与鬼的恋爱。作品以恋爱、奇幻与搞笑为特色，鬼的新娘设定与两人的互动充满萌点，动画的氛围轻松，是一部欢乐的恋爱作品。角色间的互动刻画得细腻自然，那些欲言又止的心意、别扭又真诚的靠近都真实而动人，情感线与日常情节交织，让观众在会心一笑与怦然心动之间反复横跳，是一部让人回味无穷的恋爱物语。整体而言，该作在题材表达与情感渲染上均有可取之处，剧情张弛有度，角色令人印象深刻，是一部完成度较高、值得推荐的作品。
2491,primary,zh-CN,相反的你和我 第二季,《相反的你和我 第二季》延续第一季，性格相反的少年少女的恋爱继续。本作两人的关系进一步发展，作品以恋爱、日常与搞笑为特色，动画的氛围轻松，是相反的你和我系列的续作。角色间的互动刻画得细腻自然，那些欲言又止的心意、别扭又真诚的靠近都真实而动人，情感线与日常情节交织，让观众在会心一笑与怦然心动之间反复横跳，是一部让人回味无穷的恋爱物语。整体而言，该作在题材表达与情感渲染上均有可取之处，剧情张弛有度，角色令人印象深刻，是一部完成度较高、值得推荐的作品。
2492,primary,zh-CN,BanG Dream! YUME∞MITA,《BanG Dream! YUME∞MITA》是《BanG Dream!》的动画，少女们的梦想物语。本作围绕新的篇章展开，作品以音乐、青春与群像为特色，动画的歌曲动人，是BanG Dream企划的作品。角色的个性塑造鲜明，舞台上的自信与生活中的可爱形成反差，团队协作与个人成长双线并进，歌舞编排赏心悦目，让观众既能享受视听盛宴，也能为少女们的梦想与坚持而感动。整体而言，该作在题材表达与情感渲染上均有可取之处，剧情张弛有度，角色令人印象深刻，是一部完成度较高、值得推荐的作品。
2493,primary,zh-CN,擅长逃跑的殿下 第二季,《擅长逃跑的殿下 第二季》延续第一季，北条时行的逃动物语继续。本作时行在乱世中的逃亡与发展进一步展开，作品以历史、搞笑与群像为特色，动画的氛围独特，是擅长逃跑的殿下系列的续作。作品对历史背景的还原细致入微，时代的风貌与人物命运交织，角色在历史的洪流中做出抉择、书写传奇，史诗感与人物塑造并重，让观众在感受厚重历史的同时也被其中的情怀打动。整体而言，该作在题材表达与情感渲染上均有可取之处，剧情张弛有度，角色令人印象深刻，是一部完成度较高、值得推荐的作品。
2494,primary,zh-CN,同一个研讨会的染谷同学是AV女优的事,《同一个研讨会的染谷同学是AV女优的事》是短篇成人向动画，讲述研讨会的恋爱。作品以恋爱、成年向与日常为特色，动画的氛围暧昧，是一部面向成人的恋爱作品。角色间的互动刻画得细腻自然，那些欲言又止的心意、别扭又真诚的靠近都真实而动人，情感线与日常情节交织，让观众在会心一笑与怦然心动之间反复横跳，是一部让人回味无穷的恋爱物语。整体而言，该作在题材表达与情感渲染上均有可取之处，剧情张弛有度，角色令人印象深刻，是一部完成度较高、值得推荐的作品。
2495,primary,zh-CN,拯救替身千金的是冷酷无情冰之王子的爱,《拯救替身千金的是冷酷无情冰之王子的爱》改编自同名轻小说。替身千金与冰王子的恋爱。作品以恋爱、宫廷与搞笑为特色，替身千金与王子的互动充满萌点，动画的氛围轻松，是一部欢乐的恋爱作品。作品在甜蜜之余也保留了青春特有的青涩与迷茫，主角在感情中的成长与抉择贯穿始终，配乐温润、画面明丽，将恋爱中的忐忑、欢喜与遗憾都拿捏得恰到好处，适合慢慢品味。整体而言，该作在题材表达与情感渲染上均有可取之处，剧情张弛有度，角色令人印象深刻，是一部完成度较高、值得推荐的作品。
2496,primary,zh-CN,正后方的神威,《正后方的神威》改编自同名漫画。神威的战斗。作品以战斗、热血与群像为特色，神威的强大与战斗充满看点，动画的战斗场面华丽，是一部硬核的作品。动作设计与演出张力俱佳，随着剧情推进，主角面对的敌人越来越强，战斗方式与自身局限的突破层层升级，配乐与画面配合出色，将热血少年向作品应有的爽快感与成长感都演绎得十分到位。整体而言，该作在题材表达与情感渲染上均有可取之处，剧情张弛有度，角色令人印象深刻，是一部完成度较高、值得推荐的作品。
2497,primary,zh-CN,澈底对你成瘾,《澈底对你成瘾》是短篇动画，讲述成瘾的恋爱物语。作品以恋爱、成年向与日常为特色，动画的氛围暧昧，是一部面向成人的恋爱作品。角色间的互动刻画得细腻自然，那些欲言又止的心意、别扭又真诚的靠近都真实而动人，情感线与日常情节交织，让观众在会心一笑与怦然心动之间反复横跳，是一部让人回味无穷的恋爱物语。整体而言，该作在题材表达与情感渲染上均有可取之处，剧情张弛有度，角色令人印象深刻，是一部完成度较高、值得推荐的作品。
2498,primary,zh-CN,THE LENTICULARS a/,《THE LENTICULARS a/》是短篇动画，讲述LENTICULARS的物语。作品以奇幻、悬疑与群像为特色，动画的氛围独特，是风格新颖的作品。画风清新、节奏舒缓，人物之间的相处自然而温暖，那些平凡琐碎的片段在动画的演绎下变得闪闪发光，传递出一种治愈人心的宁静力量，是治愈系爱好者不容错过的作品。整体而言，该作在题材表达与情感渲染上均有可取之处，剧情张弛有度，角色令人印象深刻，是一部完成度较高、值得推荐的作品。
2499,primary,zh-CN,靠死亡游戏混饭吃。 44:CLOUDY BEACH,《靠死亡游戏混饭吃。 44:CLOUDY BEACH》延续系列，死亡游戏的物语继续。本作围绕新的篇章展开，作品以悬疑、生存与群像为特色，动画的氛围紧张，是系列续作。剧情层层递进、伏笔密布，随着线索的不断拼合，真相逐渐浮出水面，每一次反转都在意料之外又情理之中，细节经得起推敲，氛围营造到位，是喜欢烧脑故事的观众不可错过之作。整体而言，该作在题材表达与情感渲染上均有可取之处，剧情张弛有度，角色令人印象深刻，是一部完成度较高、值得推荐的作品。
2500,primary,zh-CN,暗芝居 第十七季,《暗芝居 第十七季》是恐怖短篇动画系列，继续以纸芝居的形式讲述各种怪谈。作品以怀旧的画风、猎奇的剧情与细思极恐的氛围著称，每一话都在短短几分钟内营造出强烈的恐怖感，各种扭曲的都市传说让人不寒而栗，是恐怖动画爱好者的必看之作。作品没有强烈的戏剧冲突，却以细腻的笔触捕捉日常中的微小幸福，角色的喜怒哀乐真实可感，在平实的叙述中悄然传递着生活的温度，适合在忙碌之余放松心情慢慢欣赏。整体而言，该作在题材表达与情感渲染上均有可取之处，剧情张弛有度，角色令人印象深刻，是一部完成度较高、值得推荐的作品。
2501,primary,zh-CN,人造人009 涅墨西斯,《人造人009 涅墨西斯》是《人造人009》的新作动画，人造人的战斗。本作围绕涅墨西斯的物语展开，作品以科幻、战斗与群像为特色，动画的氛围沉重，是人造人009系列的新作。动作设计与演出张力俱佳，随着剧情推进，主角面对的敌人越来越强，战斗方式与自身局限的突破层层升级，配乐与画面配合出色，将热血少年向作品应有的爽快感与成长感都演绎得十分到位。整体而言，该作在题材表达与情感渲染上均有可取之处，剧情张弛有度，角色令人印象深刻，是一部完成度较高、值得推荐的作品。
2502,primary,zh-CN,剧场版 暗杀教室 大家的时间,《剧场版 暗杀教室 大家的时间》是《暗杀教室》的剧场版，学生们与杀老师的物语。本作围绕大家的时间展开，作品以搞笑、学园与温情为特色，动画的氛围温暖，是暗杀教室系列的剧场版。动作设计与演出张力俱佳，随着剧情推进，主角面对的敌人越来越强，战斗方式与自身局限的突破层层升级，配乐与画面配合出色，将热血少年向作品应有的爽快感与成长感都演绎得十分到位。整体而言，该作在题材表达与情感渲染上均有可取之处，剧情张弛有度，角色令人印象深刻，是一部完成度较高、值得推荐的作品。
2503,primary,zh-CN,剧场版 鬼灭之刃 无限城篇 第一章 猗窝座再袭,《剧场版 鬼灭之刃 无限城篇 第一章 猗窝座再袭》是《鬼灭之刃》的剧场版，炭治郎的战斗。本作围绕无限城篇展开，作品以热血、战斗与羁绊为主题，动画的制作精良，是鬼灭之刃系列的重要篇章。动画的节奏把控张弛有度，战斗场面的分镜与作画都相当扎实，主角在与强敌的较量中不断突破自我，和同伴之间建立的信任与羁绊也为剧情增添了温度，热血与感动并存，值得一看。整体而言，该作在题材表达与情感渲染上均有可取之处，剧情张弛有度，角色令人印象深刻，是一部完成度较高、值得推荐的作品。
2504,primary,zh-CN,剧场版 我心里危险的东西,《剧场版 我心里危险的东西》是《我心里危险的东西》的剧场版，阴沉少年与美少女的恋爱。本作围绕两人的关系展开，作品以恋爱、日常与搞笑为特色，动画的氛围温暖，是心里的危险系列的剧场版。作品在甜蜜之余也保留了青春特有的青涩与迷茫，主角在感情中的成长与抉择贯穿始终，配乐温润、画面明丽，将恋爱中的忐忑、欢喜与遗憾都拿捏得恰到好处，适合慢慢品味。整体而言，该作在题材表达与情感渲染上均有可取之处，剧情张弛有度，角色令人印象深刻，是一部完成度较高、值得推荐的作品。
2505,primary,zh-CN,Re：从零开始的异世界生活 第四季 夺还篇,《Re：从零开始的异世界生活 第四季 夺还篇》延续系列，菜月昴的轮回继续。本作昴在夺还篇中的挑战与成长进一步发展，作品以异世界、轮回与群像为主题，动画的氛围沉重，昴的挣扎令人动容，是Re零系列的续作。作品没有强烈的戏剧冲突，却以细腻的笔触捕捉日常中的微小幸福，角色的喜怒哀乐真实可感，在平实的叙述中悄然传递着生活的温度，适合在忙碌之余放松心情慢慢欣赏。整体而言，该作在题材表达与情感渲染上均有可取之处，剧情张弛有度，角色令人印象深刻，是一部完成度较高、值得推荐的作品。
2506,primary,zh-CN,宝可梦 地平线,《宝可梦 地平线》是《宝可梦》的新系列动画，新的主角莉可与弗里德的冒险。本作莉可一行人在宝可梦世界的旅程展开，作品以冒险、热血与伙伴羁绊为特色，动画的氛围温暖，是宝可梦系列的新篇章。动画的节奏把控张弛有度，战斗场面的分镜与作画都相当扎实，主角在与强敌的较量中不断突破自我，和同伴之间建立的信任与羁绊也为剧情增添了温度，热血与感动并存，值得一看。整体而言，该作在题材表达与情感渲染上均有可取之处，剧情张弛有度，角色令人印象深刻，是一部完成度较高、值得推荐的作品。
2507,primary,zh-CN,吉伊卡哇,《吉伊卡哇》改编自同名漫画。吉伊卡哇的日常。作品以萌宠、治愈与搞笑为特色，吉伊卡哇们的互动充满萌点，动画画风软萌、氛围温暖，是一部治愈系的作品。画风清新、节奏舒缓，人物之间的相处自然而温暖，那些平凡琐碎的片段在动画的演绎下变得闪闪发光，传递出一种治愈人心的宁静力量，是治愈系爱好者不容错过的作品。整体而言，该作在题材表达与情感渲染上均有可取之处，剧情张弛有度，角色令人印象深刻，是一部完成度较高、值得推荐的作品。
2508,primary,zh-CN,进入花园,在幻想的迷宫中的物语，作品以奇幻、冒险与群像为特色，动画的氛围独特，少年们的成长充满张力，是一部风格新颖的作品。世界观设定丰富而自成体系，随着冒险推进，更多奇妙的种族、地点与力量体系逐一展开，角色们在旅途中收获成长与羁绊，画面与配乐共同营造出充满想象力的奇幻氛围，令人沉浸其中。整体而言，该作在题材表达与情感渲染上均有可取之处，剧情张弛有度，角色令人印象深刻，是一部完成度较高、值得推荐的作品。
