bangumiId,kind,lang,title,content
1,primary,en-US,遭到流放的转生重骑士凭借游戏知识大开无双,"""The Reincarnated Heavy Knight Who Uses Game Knowledge to Win Big"" follows an ordinary young man who is a hardcore gamer. After being reincarnated into another world as a heavy knight, he is exiled from the royal capital due to misunderstandings and political schemes. Relying on the rich knowledge and tactical skills he learned from countless games in his past life, he roams a world filled with monsters, villains, and conspiracies, overcoming crises with clumsy-looking yet highly reliable heavy-armor combat. He masters map mechanics, monster weaknesses, and item combos while using management and strategic thinking to pave his way forward, growing from a scorned exile into a legendary knight. Blending isekai reincarnation, gaming strategy, and lighthearted humor, the story moves at a brisk pace and offers plenty of entertainment as the protagonist makes cool-headed decisions with charming contrast."
2,primary,en-US,飙马野郎 JOJO的奇妙冒险,"""Steel Ball Run"" is the seventh part of the JoJo's Bizarre Adventure series, set in the American West of 1890. To compete for the legendary Saint's Corpse that can revive the dead, several factions join a transcontinental super horse race. Protagonist Johnny Joestar, a once-brilliant jockey now paralyzed from the waist down, embarks on the journey with the help of the mysterious racer Gyro Zeppeli, getting caught up in the battle over the corpse. Combining horse racing, Stand abilities, western style, mystery, and the series' signature intelligence and passion, the story of Johnny and Gyro supporting each other, growing, and finding redemption on a brutal journey is deeply moving, widely hailed as the peak of the JoJo series."
3,primary,en-US,THE WORLD IS DANCING 世界在起舞,"""THE WORLD IS DANCING"" is an original anime themed around dance, depicting a story of connecting hearts through dance around the world. The work revolves around a group of young people who love dancing, conveying emotions and dreams through dance styles from different regions, breaking through language and cultural barriers so strangers can meet and understand each other through rhythm. With gorgeous visuals, infectious beats, and diverse dance forms, it showcases the charm of dance as a universal language, blending themes of youth, friendship, and self-expression to create a vibrant and imaginative audiovisual experience. Viewers can feel the joy and healing dance brings, as well as the pure radiance of young people chasing what they love."
4,primary,en-US,哆啦A梦,"""Doraemon"" is a household classic sci-fi comedy anime. Doraemon, a cat-shaped robot from the 22nd century, is sent to modern times to help Nobita Nobi, an elementary school student who always gets into trouble. He solves Nobita's problems with various gadgets from his four-dimensional pocket, but often makes things worse, leading to a series of hilarious and heartwarming stories. The work blends themes of friendship, family, and growth into joyful daily life, depicting the childhood of Nobita and his friends Shizuka, Gian, and Suneo, teaching children courage, kindness, and persistence through imaginative gadget adventures. This national anime that has accompanied generations carries countless childhood memories and spreads warmth and positive energy."
5,primary,en-US,她和她的猫 -Everything Flows-,"""She and Her Cat -Everything Flows-"" adapts Shinkai Makoto's early short, told from the perspective of a stray black cat. After being adopted by a girl, the cat observes her loneliness, strength, and hidden softness in her solitary life through a cat's unique viewpoint. The story delicately depicts the silent companionship and understanding between cat and owner, using elegant visuals and poetic narration to present the warmth of interdependence between people and pets in urban life. With a slow, restrained pace, the film conveys deep reflections on loneliness, bonds, healing, and the dignity of life through the cat's eyes watching the changing seasons, scenery outside the window, and daily moments. It is a quiet, timeless healing short suitable for calm viewing amid a busy life."
6,primary,en-US,潮与虎 第二季,"""Ushio and Tora"" Season 2 adapts Fujita Kazuhiro's same-name action manga, following the adventures of boy Ushio Aotsuki and the ancient youkai Tora, who are rivals yet allies. Ushio, who has held his father's beast spear since childhood and possesses the power to repel youkai, teams up with Tora, a powerful youkai sealed by the spear for a thousand years. Bound by fate, they travel together, growing and trusting each other through battles against various youkai and the mastermind behind them. Season 2 pushes toward the final showdown with their archenemy Hakumen no Mono, unraveling a grand conspiracy spanning ancient and modern times. Known for its explosive fights, deep friendship, and family bonds, the growth of Ushio and Tora from adversaries to partners who entrust each other with their lives is highly moving, making this a classic of the youkai battle genre."
7,primary,en-US,宇宙巡警露露子,"""Space Patrol Luluco"" is an original short anime by TRIGGER, telling the hilarious adventures of space patrol officer Luluco. As the daughter of the space patrol chief, Luluco is full of justice yet impulsive and clumsy, constantly causing blunders. While fighting cosmic criminals with her partners, she falls in love with the son of a criminal during a mission, caught between justice and love. The work is known for exaggerated performances, breakneck pacing, and countless homages and gags, skillfully blending passion, absurdity, and a girl's heart into a whimsical, joke-packed, ultra-fast sci-fi comedy that can make viewers laugh within seconds."
8,primary,en-US,迷家,"""Mayoiga"" is an original mystery anime directed by Mizushima Tsutomu. Thirty men and women with diverse personalities, each bearing motives to escape reality, gather at an abandoned village called Nanakimura for a mysterious group event. As the investigation deepens, the village's eerie truth surfaces: a mysterious giant monster, old tales of missing villagers, and everyone's hidden past are revealed amid conflict and suspicion. Centering on collective psychology, utopian illusions, and human darkness, the work excels at oppressive mystery and ensemble characterization, exploring the fear, disguise, and redemption within people who flee reality, making it a chilling psychological suspense story."
9,primary,en-US,影鳄 承,"""Kagewani: Sho"" is the second season of the short horror anime Kagewani, continuing the established worldview. While investigating a series of bizarre disappearances and deaths, the protagonist discovers a mysterious existence called Kagewani silently devouring humans, its origins tied to ancient legends. This season reveals the truth of Kagewani's origins and conspiracies related to the organization behind the incidents. With cold tones, tight pacing, and escalating mysteries, it creates a suffocating horror atmosphere, blending urban legends, scientific investigation, and supernatural elements while constantly dropping hooks within limited runtime, keeping viewers on edge."
10,primary,en-US,JOJO的奇妙冒险 不灭钻石,"""JoJo's Bizarre Adventure: Diamond Is Unbreakable"" is the fourth part of the series, shifting the stage from Egypt to the peaceful Japanese town of Morioh. In 1999, Josuke Higashikata, a member of the Joestar family, returns to his hometown only to get caught up in a series of bizarre incidents caused by Stand users. To track down the Stand-using serial killer Yoshikage Kira, Josuke and his friends Koichi, Okuyasu, and Rohan investigate and battle. While retaining the series' passionate intelligence, this part adds the relaxed atmosphere of town life and absurd humor, featuring a colorful cast of characters with especially ingenious Stand designs and battles, culminating in a classic final showdown."
11,primary,en-US,火星异种 REVENGE,"""Terra Formars: Revenge"" is the second season of the Terra Formars anime. In the year 2599, humanity sends cockroaches to Mars to terraform the planet, only to face a furious counterattack centuries later from violently mutated, superpowerful Martian cockroaches. To reclaim Mars, nations dispatch genetically modified super soldiers in an expedition force to wage brutal battles against the powerful insects. This season further reveals the mystery of Martian evolution and the political conspiracies behind it, throwing Koma Koji and his companions into even more dangerous battlefields where they struggle to survive against all odds. The work is known for its passionate yet cruel battle scenes, desperate atmosphere, and spirit of sacrifice, exploring survival and humanity."
12,primary,en-US,逆转裁判,"""Ace Attorney"" adapts CAPCOM's same-name courtroom mystery game, following the story of rookie lawyer Phoenix Wright as he takes on cases full of reversals. Through meticulous investigation, sharp cross-examinations, and exposing contradictions in testimony, Phoenix clears the names of wrongly accused clients. The anime faithfully recreates the game's classic courtroom debates, with exaggerated performances, rousing music, and a satisfying pace that lets viewers experience the thrill of turning the truth around. Covering multiple bizarre cases from simple murders to serial conspiracies, it gradually unfolds Phoenix's complex entanglements with prosecutor Miles Edgeworth and friend Maya, a must-watch for mystery fans."
13,primary,en-US,学战都市 六芒星 第二季,"""The Asterisk War"" Season 2 adapts the same-name light novel, continuing the academy battle story of the water school city Seidoukan Academy. After enrolling with magical aptitude, boy Ayato Amagiri keeps growing stronger to uncover the truth behind his sister's disappearance, taking part in the Phoenix Festa that determines academy dominance. This season deepens the story as Ayato's past, the Asterisk Council, and the struggles among Star Pulse generations gradually become clear. He engages in fierce academy competitions and heated battles against powerful rivals while deepening bonds with female characters like Julis and Saya, making this a standard light-novel academy battle anime."
14,primary,en-US,忍者杀手 特别编辑版,"""Ninja Slayer From Animation"" adapts the same-name web novel, telling the story of a ninja slayer active in the shadows of modern Japan. Ordinary company employee Kenji Fujikido is dragged into a struggle between ninja organizations; after his beloved is cruelly killed, he is transformed into the Ninja Slayer by mysterious power, embarking on a thorny path of revenge against the ninja organization. The work is characterized by high-impact performances, fast and fierce ninja combat, and the exaggerated writing style unique to web novels, with bold, avant-garde visuals that freely switch between violence aesthetics and absurd comedy, creating a hardcore yet poetic underworld."
15,primary,en-US,机动战士高达独角兽 RE:0096,"""Mobile Suit Gundam Unicorn RE:0096"" is a TV version re-edited from the Gundam Unicorn OVA, set in the Universal Century year 0096. Boy Banagher Links accidentally encounters the mysterious mobile suit Unicorn Gundam and is drawn into the cosmic war over Laplace's Box. As the key to guiding humanity's future, Unicorn's NT-D system and Banagher's gradually awakening Newtype abilities take center stage. Known for its grand cosmic battle scenes, superb animation, deep political maneuvering, and reflections on war, Banagher's growth amid the clash of war and ideals makes this a highly acclaimed, epic work in the Gundam series."
16,primary,en-US,我的英雄学院,"""My Hero Academia"" adapts Kohei Horikoshi's same-name manga. In a world where superpowers are commonplace, Izuku Midoriya, a boy born without a Quirk, dreams of becoming a hero. After inheriting the power of the strongest hero All Might, he enters U.A. High School to train with classmates like Bakugo, Uraraka, and Todoroki, fighting the ever-growing League of Villains. Known for passionate hero training, deep bonds between companions, and distinctive Quirk designs, Izuku's journey from zero as he steps forward for others is deeply moving, with every battle and choice making viewers' blood boil."
17,primary,en-US,面包带来和平！,"""Bread and Happiness!"" is a lighthearted daily anime adapted from a yonkoma manga, depicting the ordinary working days of sixteen-year-old Minami at a bakery. With gentle words, sincere smiles, and hand-made bread, she gradually heals the guests and friends around her. Without strong dramatic conflict, the work shows the subtle kindness and bonds between people through warm little stories, with the aroma of bread seemingly wafting through the screen. With a fresh art style and slow, soothing pacing, it is filled with the warm atmosphere typical of healing works, perfect for relaxing during times of fatigue."
18,primary,en-US,超时空要塞Δ,"""Macross Delta"" is the latest installment of the Macross series. In a future where humanity coexists with various galactic civilizations, the Valkyrie flight units and the idol group Walküre fight side by side. The girls' songs possess the power to calm those infected by the Var syndrome, while the enemy's songs bring destruction and madness. The story follows ace pilot Hayate and singer Freyja as they grow, blending gorgeous aerial combat, moving music, and a love triangle, exploring war, peace, and bonds amid the flames of battle, renowned for fluid dogfight animation and infectious songs."
19,primary,en-US,Concrete Revolutio 超人幻想 THE LAST SONG,"""Concrete Revolutio: The Last Song"" is the second season of this anime. In an alternate era, superhumans, youkai, robots, and other beings exist in society, and the state establishes a Superhuman Bureau to register and regulate them. Season 2 revolves around the position conflicts of Jirou Hitoyoshi and the Bureau members amid changing times, showing superhumans' difficult choices between justice and order, ideals and reality. The work is known for its complex narrative structure, sharp social criticism, and numerous historical references, exploring weighty themes of heroes, humanity, and the times, standing as a uniquely styled fantasy ensemble drama."
20,primary,en-US,偶像活动 第二年,"""Aikatsu!"" Season 2 is the sequel to the idol activity series, continuing the idol life of Ichigo Hoshimiya and other girls at Starlight Academy. Ichigo keeps growing in her idol activities, meeting new rivals and friends and participating in various events and auditions as she advances toward becoming a top idol. Building on the previous season's bright style, this season enriches character relationships and stage performances, using gorgeous fashion, moving songs and dances, and dream-filled plots to depict the girls' youthful journey of chasing dreams and shining, letting viewers feel the sparkle and emotion of the idol world."
21,primary,en-US,苍翼默示录 Alter Memory,"""BlazBlue Alter Memory"" adapts the same-name 2D fighting game, telling of the battle over the grimoires and the Azure successor. In a world where city classes are severely divided and social contradictions intensify, awakened ones and magi are drawn into a brutal war over the Azure power. Protagonist Ragna fights to oppose the one who caused the world's collapse, entangled in complex, fateful relations with his sister Nu and a colorful cast of characters. Known for gorgeous fighting scenes, a vast and diverse worldview, and highly individual designs, the anime condenses the feuds and stories of popular game characters into an exciting, profound work and a representative fighting-game adaptation."
22,primary,en-US,苍蓝钢铁的琶音,"""Arpeggio of Blue Steel"" adapts the same-name manga, telling a sci-fi naval battle story between humanity and warship girls with self-awareness. Due to the total blockade by the mysterious fleet Fog, humanity loses control of the seas and can only huddle on land. Boy Chihaya Gunzou boards the Fog warship I-401 by chance and forms a contract with its Mental Model girl Iona to fight for reclaiming the seas. The work skillfully combines realistic naval research with sci-fi settings, exploring self-awareness, trust, and the boundaries of humanity, renowned for detailed warship art, grand naval battles, and thought-provoking themes, offering both excitement and depth."
23,primary,en-US,革命机Valvrave 第二季,"""Valvrave the Liberator"" Season 2 continues the first season, telling of boy Tokishima Haruto's battles with the Valvrave. After being drawn into international conflict, Haruto becomes a Valvrave pilot, fighting the oppression of a powerful empire alongside the princess of a fallen nation and his fellow Sakimori Academy students. In Season 2, the truth about the Valvrave, immortals, and humanity's future gradually emerges; Haruto pays heavy prices for his power and faces even crueler choices and sacrifices. Characterized by grand mecha warfare, complex political maneuvering, and intense emotional entanglements, the story's twists and turns make it a highly controversial original robot anime."
24,primary,en-US,萌萌侵略者,"""Outbreak Company"" adapts the same-name light novel, telling of otaku high schooler Kano Shinichi being recruited as the otaku ambassador to Japan in another world, promoting 2D culture in a magical world. He lives with half-elf maid Myu, dragon-person Raccoon, and other distinct companions, gradually changing this closed world through anime, games, and manga subculture. The work blends isekai, otaku culture, and light comedy, showing both love and satire for otaku culture while exploring themes of cultural exchange, dissolving prejudice, and understanding. Shinichi's idea of conquering another world with 2D content is full of fun, making this a lighthearted isekai slice-of-life series."
25,primary,en-US,斩服少女,"""Kill la Kill"" is an original passionate anime by TRIGGER. Transfer student Ryuko Matoi wields the kamui Senketsu, charging into Honnouji Academy to find her father's killer, battling Satsuki Kiryuin, who rules the school, and her elite Four Devas. As battles advance, a grand conspiracy surrounding the kamui, Life Fibers, and human instinct gradually surfaces. Known for exaggerated, explosive animation, show-stopping performances, and fast, satisfying fights, the growth of Ryuko and Senketsu from mutual distrust to fighting side by side is thrilling, full of power and visual impact, making it a generation-defining classic of action anime."
26,primary,en-US,IS〈无限斯特拉托斯〉第二季,"""Infinite Stratos"" Season 2 adapts the same-name light novel, telling of the sole male pilot of the female-only weapon IS, Ichika Orimura, and his academy battle comedy life among numerous female characters. Continuing from the first season, Ichika deepens bonds with companions during school festivals, training, and tournaments while facing new strong enemies and trials, gradually revealing his powerful machine control abilities. With gorgeous mecha combat, harem romance, and lighthearted daily life as selling points, the interactions between Ichika and the female cast are full of laughs and ambiguity, making this a typical light-novel academy battle harem series."
27,primary,en-US,京骚戏画,"""Kyousougiga"" adapts the same-name short anime. In the Mirror Capital, where chaos and order intertwine, girl Koto embarks on a strange adventure to find her missing father. The Mirror Capital is a magical world where humans and youkai coexist; Koto meets youkai with various purposes and gets caught up in events surrounding the capital's mysteries and the truth of creation. Known for bold, unrestrained colors, unique beautiful Japanese-style visuals, and boundless imagination, the work freely shifts between intense action and profound storytelling, telling a gentle yet grand story about family, bonds, time, and the world, with a highly distinctive artistic style."
28,primary,en-US,核爆默示录,"""Coppelion"" adapts the same-name manga, set in a near-future Tokyo reduced to a dead city by a nuclear power plant accident, following special-forces sisters performing dangerous missions in the ruins. Protagonist Ibara Naruse and her two sisters enter the contaminated zone to rescue survivors and investigate the truth, wearing heavy protective suits as they move through the perilous city, racing against time and fighting radiation. Set against the desolate post-disaster city, the work explores themes of hope, responsibility, and survival through the girls' courage and sacrifice, carrying strong real-world parallels with a tense, heavy atmosphere."
29,primary,en-US,高达创战者,"""Gundam Build Fighters"" is a spin-off of the Gundam series, telling a passionate story of battles using Gunpla (Gundam models). The Gunpla made by boy Iori Sei is unexpectedly piloted by the mysterious master Reiji, and the two team up to compete in the All-Japan Gunpla Battle tournament. The work perfectly combines model building and virtual battles, presented in a bright, lively style with tense model battles, character growth and friendship, and plenty of homages and gags to Gundam works across generations. Both longtime Gundam fans and new viewers can feel the passion and fun of models and battles."
30,primary,en-US,青春纪行,"""Golden Time"" adapts Banri Takemiya's same-name light novel. College student Tada Banri gradually loses his memories from before high school after enrolling, yet remains troubled by his past self. He meets gentle senior Linda and romantic rival Mitsuo Yanagisawa, unfolding a love story full of the bitterness and sweetness of youth. The work delicately depicts memory, growth, and choice, exploring how people move forward after losing their past. Banri's struggle between reality and hazy memories and Linda's hidden feelings are portrayed movingly, making this a realistic yet gentle youth romance."
31,primary,en-US,我的脑内选项正在全力妨碍学园恋爱喜剧,"""Noucome: My Mental Choices Are Completely Interfering with My School Romantic Comedy"" adapts the same-name light novel. High schooler Kanade Amakusa is frequently hit with sudden mandatory choices in his head that force him into embarrassing acts, earning him the title of the Absolute Choice holder. One day he meets a girl claiming to be a god, and guided by absolute choices, he gradually gets involved in romantic comedy with school girls. With gag-style settings, exaggerated comedic performances, and endless gags, the work advances multiple love lines amid funny daily life; Kanade's struggling figure before ridiculous choices is hilarious, making this a lighthearted school romance comedy."
32,primary,en-US,当不成勇者的我，只好认真找工作了。,"""When I Couldn't Become a Hero, I Decided to Look for a Real Job"" adapts the same-name light novel. After the Demon Lord is defeated by the hero, the world gains peace, but the Demon Lord's son Raul loses his inherited mission and becomes an ordinary young man who ends up working at a magic shop. He works alongside Fen, a girl from the former Demon King army who comes to apply, causing all sorts of jokes in their daily work while gradually adapting to ordinary life. With an isekai part-time job theme and light comedy, the work cleverly combines fantasy settings with workplace daily life; the interactions of this odd pair are full of charm and laughs, making it a relaxing isekai slice-of-life series."
33,primary,en-US,东京暗鸦,"""Tokyo Ravens"" adapts the same-name light novel. In modern Tokyo, the secret war between onmyoji and curse users never ceases. Self-proclaimed unqualified onmyoji Harutora Tsuchimikado is forced back into the onmyoji world after being involved in an incident, facing curses and conspiracies with childhood friend Natsume and friend Suzuka. Blending onmyo arts, passionate battles, and school life, the story unfolds around Harutora's hidden lineage, Natsume's fate, and the great truth behind spirit disasters, with meticulous settings and solid character growth, making it a popular supernatural battle work."
34,primary,en-US,噬血狂袭,"""Strike the Blood"" adapts the same-name light novel. The world's strongest vampire, Akatsuki Kojou, enters Saikai Academy on Itogami Island as a monitor, teaming up with the Sword Shaman girl Yukina Himeragi. The two deepen their bond fighting demon races, holy war organizations, and various conspiracies while Kojou's hidden vampire power gradually awakens. Set in a modern fantasy city, the work blends battle, school life, and romance, with tense combat scenes and lighthearted ambiguous daily interactions; the chemistry of this bickering pair is beloved, making it a typical modern fantasy battle series."
35,primary,en-US,白色相簿2,"""White Album 2"" adapts the same-name bishoujo game. Haruki Kitahara of the high school light music club meets Setsuna Ogiso, a girl with a gifted voice, before the school festival, as well as the talented but aloof genius Touma Kazusa; the three become entangled in a complex emotional web through music. Known for delicate psychological portrayal, a suffocating yet realistic atmosphere, and mature romantic storytelling, the bitterness, hesitation, and choices of the love triangle became a classic topic fans endlessly discuss. With its tearjerking plot and overwhelming emotional outbursts, it stands as a famous work that romance anime cannot avoid."
36,primary,en-US,零度战姬Vibration,"""Freezing Vibration"" is the second season of the Freezing anime. Under the threat of the extra-dimensional beings called NOVA, humanity cultivates Pandora warriors, Saint holders who can fight them. This season revolves around the battles and bonds of Kazuya Aoi and Satellizer, further revealing the truth of NOVA, the Pandoras' mission, and each one's past. Characterized by gorgeous passionate battles and vivid characterization, the work intersperses ambiguity and fan-service amid intense fights, creating powerful warrior girls with a balance of passion and melancholy."
37,primary,en-US,Little Busters! 〜Refrain〜,"""Little Busters! Refrain"" is the second season of this game adaptation and its core arc. Riki Naoe and the Little Busters gradually come into contact with the world's secret during school life; this season unveils the truth behind the scenes, telling a deeply moving story of world repetition, the sacrifice of friends, and reunion. With friendship and bonds as its theme, the work uses layered storytelling and tearjerking narration to present the boys' determination to overcome hardships together; Riki's choice before the truth is deeply moving. As a Key work, it continues the studio's signature tearjerking warmth with immense emotional impact."
38,primary,en-US,机巧少女不会受伤,"""Unbreakable Machine-Doll"" adapts the same-name light novel. In a magic world academy, mechanicians who manipulate dolls and automatons coexist. Boy Raishin enrolls to become a mechanician but is attacked by his own automaton Yaya after a defeat; the two form a rivals-turned-allies relationship amid conflict and adjustment. With academy battles and machine-doll settings as its features, Raishin and Yaya keep growing through competitions while gradually uncovering the conspiracy behind the academy. Battle scenes are gorgeous, and the sharp-tongued banter between Raishin and Yaya is hilarious, making this a classic machine-doll battle adaptation."
39,primary,en-US,境界的彼方,"""Beyond the Boundary"" adapts the same-name light novel. In a world where humans and youmu coexist, half-youmu boy Akihito Kanbara, who can control blood, meets the strongest youmu hunter Mirai Kuriyama. Mirai gets drawn into youmu hunting due to her special reaction to Akihito, and the two grow closer as they fight side by side. Blending fantasy battles and school romance, the work's greatest highlights are Kyoto Animation's delicate animation, gentle emotional portrayal, and outstanding direction. The contrasting yet endearing pair of Akihito and Mirai heals and tugs at the heart, and the relief of the ending lingers long."
40,primary,en-US,夜樱四重奏 花之歌,"""Yozakura Quartet: Hana no Uta"" adapts the same-name manga, telling of the town of Sakurashin where humans and youkai coexist. To resolve the constant youkai incidents in town, boys and girls with power form a guardian group to fight forces threatening the town. Centering on four protagonists, this season shows their growth and bonds in protecting the town while revealing its deep secrets. With Japanese-style fantasy as its foundation, the work blends action, daily life, and mystery, with well-rounded characters and fluid battle scenes, creating a fantasy atmosphere that is both warm and slightly dangerous."
41,primary,en-US,黑子的篮球 第二季,"""Kuroko's Basketball"" Season 2 continues the first season, following the growth of the Phantom Sixth Man Tetsuya Kuroko and Taiga Kagami. Their Seirin High basketball team fights to dominate the nation, facing members of the Generation of Miracles such as Daiki Aomine, Seijuro Akashi, and Ryota Kise in spectacular games. Known for exaggerated superpower basketball skills, tense match scenes, and passionate teamwork, the combination of Kuroko's misdirection and Kagami's jumping power is a highlight, with every comeback breathtaking, making it a representative sports anime."
42,primary,en-US,眼镜部,"""Meganebu!"" is an original school anime telling the daily lives of high schoolers who love glasses. Main character Yomogi Mitsuba joins the Glasses Club after enrolling, discussing glasses and holding various activities with members, from frame matching to vision topics. With glasses as the bond, the work depicts the boys' pure friendship and ordinary warm school life, with a clean art style and a lighthearted, healing atmosphere, giving substance to the love of glasses and letting viewers feel the beauty and simple joy of youth through daily interactions."
43,primary,en-US,天方魔谭MAGI 第二季,"""Magi: The Kingdom of Magic"" Season 2 adapts the same-name manga, continuing the adventures of Aladdin and Alibaba. This season revolves around the Magnostadt Academy and the war of magi, with Aladdin getting caught up in national conflicts while learning magic and Alibaba searching for his own path amid confusion. Known for its grand worldview, rich fantasy settings, and thrilling battles, the work also deeply explores themes of power, nations, and slavery; the choices and bonds of best friends Aladdin and Alibaba as they grow are moving, making it an excellent fantasy adventure."
44,primary,en-US,精灵宝可梦XY,"""Pokémon the Series: XY"" is the sixth installment of the Pokémon anime, set in the beautiful Kalos region. Ash and Pikachu meet new friends in Kalos, challenge gym badges, and travel with companions Clemont and Bonnie. The work highlights gorgeous battle visuals, the introduction of Mega Evolution, and Ash's battles against rivals and champion Diantha, showcasing the deep bond between trainers and Pokémon. While retaining the classic adventure core, the art and performances are greatly enhanced, making it a highly acclaimed and popular installment."
45,primary,en-US,飙速宅男,"""Yowamushi Pedal"" adapts the same-name manga, telling of otaku high schooler Sakamichi Onoda finding his dream in cycling. Good at climbing, Onoda joins the Sohoku High cycling club and competes in high school races with teammates Imaizumi and Naruko, growing through intense road races. Known for its detailed depiction of race tactics, teamwork, and passionate scenes, the work brings out the charm of road cycling; Onoda's transformation from an introverted otaku to an ace rider is deeply moving, making it an adrenaline-pumping sports anime."
46,primary,en-US,钻石王牌,"""Ace of Diamond"" adapts the same-name baseball manga, telling the passionate story of Seidou High's baseball club. Protagonist Eijun Sawamura joins Seidou with his unique pitching, striving for Koshien alongside genius catcher Miyuki and many teammates. Known for realistic baseball tactics, detailed game portrayal, and character growth, the work depicts the youthful ensemble of boys chasing baseball dreams; Sawamura's journey from being doubted to gradually earning recognition is real and moving, with the team's unity and bonds running throughout, making it a classic baseball anime."
47,primary,en-US,武士弗拉明戈,"""Samurai Flamenco"" is an original anime. Ordinary young man Masayoshi Hazama, after becoming a volunteer police officer, is unexpectedly drawn into real crime and hero struggles. The partner he meets, Goto Hidenori, and the mysterious existence named Flamenco shift the story from light comedy to a serious, grand hero saga. Known for unexpected plot developments, a unique view of heroes, and powerful performances, the seemingly gag-like premise receives a shocking turn in the latter half; its exploration of social phenomena and the definition of heroes is impressive, making it a highly topical original work."
48,primary,en-US,伽利略少女,"""Galilei Donna"" is an original anime telling the story of three sisters who are descendants of Galileo. The three descendants have their own talents and personalities but are accidentally drawn into an international conflict over the treasure left by their grandfather. Using Galileo's legacy as a clue, the work unfolds a journey full of science and adventure, with the sisters deepening their bonds while pursuing the truth. Combining science elements, action adventure, and heartwarming daily life, the fresh bright art style, vivid characters, and well-balanced pacing make it a light yet fun adventure anime."
49,primary,en-US,Phi-Brain～神之谜题3,"""Phi Brain: Puzzle of God"" Season 3 is the third season of this puzzle anime. Genius puzzle solver Kaito Daimon continues challenging the ancient puzzles called the Puzzle of God to save trapped companions and friends. This season introduces new puzzle mechanisms and powerful rivals, further honing Kaito's puzzle abilities as he faces even tougher trials. With intellectual puzzle solving and tense duels as its features, every puzzle is ingeniously designed to test wisdom and logic; Kaito's cool head and his companions' cooperation are astonishing, making it a rare gem among puzzle anime."
50,primary,en-US,记录的地平线,"""Log Horizon"" adapts the same-name light novel. After the update of the online game Elder Tale, more than thirty thousand players are trapped in the game world unable to log out. Veteran player Shiroe, with wisdom and leadership, establishes influence in the game world and searches for a way to return to reality. With strategy, management, and MMO settings as its features, Shiroe's cool-headed mind games, team organization, and class coordination are highlights; the ensemble portrayal of players living together is detailed, and the worldview is rigorous, making it a classic of MMO anime."
51,primary,en-US,声优战队,"""Voice Actor Squadron"" is an original anime themed around the voice acting industry, depicting young voice actors entering a voice acting school and striving to become professionals. The work is packed with real industry details, audition processes, and comedic bits, with characters growing through recording studios, agencies, and daily life. Using voice work as an entry point, it showcases the charm and behind-the-scenes hardship of the world of sound; the protagonists' sincere pursuit of their voice acting dreams is touching while also full of lighthearted comedy, a must-see for fans of the voice acting world."
52,primary,en-US,第一神拳 Rising,"""Hajime no Ippo: Rising"" is the third season of the classic boxing anime. Ippo Makunouchi continues training at the Kamogawa gym, challenging stronger opponents on his way to becoming a world-class champion. This season Ippo faces even harsher rivals, experiencing defeats and breakthroughs in the ring to refine greater power. Known for realistic boxing portrayal, passionate match scenes, and character growth, every bout is full of tension and emotion, with equally well-rounded opponents; viewers can feel the charm of boxing and the resilience of athletes, making it a representative boxing anime."
53,primary,en-US,摸索吧！部活剧,"This is the experimental short anime where high school girls form a club and search for a club activity direction. The protagonists advance the plot through improvisational performances and dialogue, full of experimentation and comedy, breaking the traditional narrative framework of anime. Characterized by unique directing techniques, fourth-wall-breaking humor, and parody of anime production, the characters joke around and let loose in absurd club ideas, delivering astonishing joke density in short episodes - an experimental gag anime brimming with meme spirit."
54,primary,en-US,黑白小姐,"""Miss Monochrome"" is a virtual idol short anime. The protagonist Miss Monochrome is a robot girl who loves idols; awakened from a long slumber by chance, she works hard to become an idol. Characterized by exaggerated performances, rapid-fire gags, and absurd plots, Miss Monochrome causes all kinds of hilarious trouble while chasing her dreams, from daily trivialities to idol activities. With an extremely fast pace and dense jokes, the work creates the lovably silly yet persistent image of Miss Monochrome, making it a lighthearted, stress-relieving short anime."
55,primary,en-US,噗哔啵 来自未来,"""Pupipo!"" is a short anime telling the heartwarming daily life of a mysterious creature from the future named Pupipo and a human girl. With strange abilities, Pupipo triggers a series of light, funny events with the girl and gradually becomes an important partner to her. With a unique art style and healing atmosphere, the work uses simple storytelling to show the warmth and bond between humans and a mysterious creature, without intense conflict—only daily warmth and small surprises, perfect for relaxing viewing between busy moments to feel that pure beauty."
56,primary,en-US,悠哉日常大王,"""Non Non Biyori"" adapts the same-name manga, depicting the leisurely daily life of the Koshigaya sisters in a rural elementary school and transfer student Renge Miyauchi. The work portrays Japan's countryside scenery across four seasons and the simple lives of children, known for its slow pacing, fresh art style, and healing atmosphere. Renge's innocent catchphrases, the interactions between sisters, and the details of country life bring smiles, showing the quiet beauty of pastoral life to the fullest. It is a representative healing daily anime that lets viewers find inner peace amid the bustle of life."
57,primary,en-US,银狐,"""Gingitsune"" adapts the same-name manga, telling the heartwarming daily life of shrine maiden Makoto Saeki and fox spirit messenger Gintaro. Makoto is the shrine maiden of Uedaten Shrine; Gintaro, who can communicate with the gods, is sharp-tongued yet always quietly protects her. The work revolves around shrine rituals, visitors' wishes, and the girl's growth, depicting the bond and warmth between humans and spirit messengers through small stories tied to the shrine. With delicate art and a tranquil atmosphere, Makoto gradually understands the duties of shrine maiden and spirit messenger with Gintaro's company, making it a healing daily work."
58,primary,en-US,少女骑士物语,"""Aokana: Four Rhythm Across the Blue"" adapts the same-name game. In a knight academy, girls take pride in competing by riding horses and using lances and swords. Protagonist Mizuhara Takahiro, after being injured, shifts to supporting the girls, helping knight trainees and building deep trust with them. Centered on academy knight competition and romance, the work depicts the girls' graceful figures on horseback and their youth; gorgeous knight equipment, thrilling matches, and delicate emotions intertwine, and the interactions between Takahiro and each knight girl are charming, making it a work combining competitive passion and romantic atmosphere."
59,primary,en-US,来自风平浪静的明天,"""Nagi no Asukara"" is an original anime by P.A.WORKS, telling the youth story of boys and girls from two worlds, the sea and the land. The youths of the undersea village Shioshishio are forced to transfer to a land school due to tidal changes, meeting land companions and becoming entangled in love and friendship. Known for delicate emotional portrayal, magnificent ocean scenery, and refined animation, the love triangles and growth of five young people unfold layer by layer, with the metaphor of tides and time running through the film. It is a visually beautiful, emotionally deep, tearjerking youth ensemble drama."
60,primary,en-US,想成为世界最强,"""Want to Be the Strongest in the World!"" adapts the same-name light novel. Popular idol Sakura Hagiwara turns to professional wrestling after an injury, growing on the wrestling stage. Centered on women's pro wrestling, Sakura and her companions challenge their limits in training and matches, gradually gaining recognition from audiences. Blending idol and wrestling elements, the work has both the glamour of idols and the sweat and passion of the ring; Sakura's determination and effort to transform from idol to wrestler are moving, with powerful match scenes, making it a distinctive sports work."
61,primary,en-US,网球并不可笑嘛 3期,"""Teekyu"" is a short gag anime depicting the absurd daily lives of tennis club girls. Characterized by rapid-fire gags, exaggerated performances, and wildly imaginative bits, the work turns serious tennis matches into a series of hilarious scenes, with the characters constantly falling into chaos and blunders. Each episode is extremely short yet dense with jokes; the stupid club members' mishaps in matches and practice never end, making it a hilarious light short anime perfect for stress relief in spare moments."
62,primary,en-US,限制级杀手,"This is a gag anime about an assassin. A mysterious assassin carries out various assassination missions in unexpected ways yet always runs into hilarious, laughable unexpected trouble. Characterized by deadpan humor and exaggerated violent comedy, the work switches freely between serious missions and absurd daily life, with absurd plots and brisk pacing. The protagonist's contrasting performance, bizarre behavior, and the motley cast of the underworld create a unique black-humor atmosphere that also playfully mocks the assassin profession beneath the lighthearted surface - a distinctive work."
63,primary,en-US,名侦探柯南,"""Detective Conan"" is a household classic mystery anime. High school detective Shinichi Kudo is shrunk after being poisoned by the Black Organization, taking the name Conan Edogawa and living with Mori Kogoro, continuing to solve difficult cases under the guise of a child. The work revolves around countless ingenious murder mysteries and the Black Organization's conspiracies; Conan's cooperation with Ai Haibara, Heiji Hattori, and others, along with his romance with Ran, forms a decades-spanning mystery classic. From locked-room murders to the flashy appearances of Phantom Thief Kid, Conan uncovers the truth with meticulous reasoning, accompanying countless viewers through their growing years."
64,primary,en-US,航海王,"""One Piece"" adapts Eiichiro Oda's same-name manga. Boy Luffy sets out to become the Pirate King, forming the Straw Hat crew with his companions and sailing the Grand Line in search of the legendary treasure One Piece. Known for passionate adventures, bonds between companions, and a grand worldview, Luffy deepens friendships with Zoro, Nami, Sanji, Usopp, and others through battles while being drawn into epic showdowns with the Marines, the Four Emperors, and the World Government. From setting sail in the East Blue to the New World, Luffy moves everyone with freedom and dreams; the vast saga and moving stories of the manga and anime make it a true national-level work."
65,primary,en-US,火影忍者疾风传,"""Naruto Shippuden"" is the sequel to Naruto, telling of Naruto's growth after returning from training. Naruto and friends Sakura and Sasuke carry out missions in the Leaf Village, gradually drawn into the whirlpool of Orochimaru, the Akatsuki, and the Fourth Great Ninja War. Centered on ninja battles, bonds, and peace, Naruto grows with unyielding perseverance and tailed beast power, with the fateful duel against Sasuke running throughout. From genin to hero of the ninja world, Naruto changes many people's fates with his talk-no-jutsu and strength, ultimately protecting his precious comrades and the peace of the ninja world—a passionate classic in countless people's youthful memories."
66,primary,en-US,王者天下 第二季,"""Kingdom"" Season 2 adapts the same-name manga, set in late Warring States China. Boy Shin, aiming to become a great general, meets his best friend Hyou and the great general Ou Ki amid Qin's campaigns, gradually getting drawn into the grand war of unifying the world. This season continues historical events like the Qin-Zhao war, showing Shin's growth on the battlefield and the splendor of various scholars and famous generals. Known for grand war scenes, passionate character growth, and authentic historical background, Shin's bravery and persistence are moving; the historical panorama of Qin unifying the six states unfolds in animation, making it an outstanding historical anime."
67,primary,en-US,探险托里兰托 1000年的真宝,"This is an original adventure anime telling the treasure-hunting adventures of young explorers. The protagonist and his companions set out to find the legendary treasure buried for a thousand years, facing all kinds of dangers and puzzles on the mysterious Toritoranto continent. With light adventure and companion bonds as its features, the journey is filled with traps, monsters, and treasure legends one after another; the boys overcome crises with courage and wisdom, suitable for younger viewers. The brisk, positive atmosphere conveys the adventurous spirit of exploration."
68,primary,en-US,美妙旋律 Rainbow Live,"""Pretty Rhythm: Rainbow Live"" is the fourth season of the Pretty Rhythm series, telling of girls realizing their dreams through dance and fashion. Protagonist Naru Ayase becomes a star with her innate dancing skills after hearing the Prism Melody, continuously challenging herself on stage. With gorgeous stage performances, fashion elements, and the girls' growth as the main line, the work shows the sparkle and challenges of the idol world; Naru and her friends deepen their bonds through competitions and performances, and the song-and-dance scenes are infectious, making it a classic series among girls' idol anime."
69,primary,en-US,物语系列 第二季,"""Monogatari Series: Second Season"" is the second season of the anime adapted from Nisio Isin's novels. This season unfolds through several independent yet interwoven storylines, as Koyomi Araragi's past with vampires, oddities, and friends is peeled back, with arcs featuring Deishu Kaiki, Hitagi Senjougahara, and Oshino Ougi. Known for its unique dialogue style, extreme visual expression, and thought-provoking narration, the work perfectly blends romance, mystery, philosophy, and gags; Araragi keeps growing through oddity incidents. The camera language and color use are textbook-level, making it an artistically acclaimed masterpiece."
70,primary,en-US,宇宙兄弟,"""Space Brothers"" adapts the same-name manga, telling the story of two brothers chasing their astronaut dreams. After younger brother Hibito becomes an astronaut, older brother Mutta reignites his childhood dream, passing through rigorous selection to join JAXA and challenge space. Known for authentic space knowledge, warm brotherly bonds, and inspiring growth stories, Mutta's transformation from a discouraged middle-aged man to an astronaut candidate is full of hope and emotion; the hardship and romance of space development intertwine, and the characters' persistence in pursuing dreams is inspiring, making it a powerful and warm work."
71,primary,en-US,猎人,"""Hunter x Hunter"" adapts Yoshihiro Togashi's same-name manga. Boy Gon sets out on the Hunter Exam to find his father, a Hunter, fighting alongside companions Killua, Kurapika, and Leorio. Known for its ingenious Nen ability battle system and narrative that blends coldness with warmth, arcs like the Hunter Exam, the Zoldyck family, the Phantom Troupe, and Greed Island are gripping. Gon's purity and persistence, Killua's struggles and growth, and Kurapika's path of revenge all show the depth of human nature under Togashi's pen, making it a classic full of substance among battle manga."
72,primary,en-US,圣斗士星矢Ω,"""Saint Seiya Omega"" is a new installment of the Saint Seiya series. Kouga, a Saint who lost his memory, becomes a Saint of the new generation under Athena's guidance, fighting with companions to protect the peace of the earth. The work introduces new-generation characters while retaining classic Saint Seiya settings, unfolding adventures around new threats like the God of Mars. Kouga grows from an amnesiac boy into a warrior shouldering his mission, burning cosmo and continuing the series' passionate tradition with saint cloth battles; the friendship and sacrifice of the new generation of Saints are touching, paying homage to the classics while bringing freshness."
73,primary,en-US,超青春姐弟s,"This is a short anime depicting the funny daily life of an older sister and younger brother. Centered on the siblings' interactions, the work uses exaggerated gags and life-like jokes to show the subtle relationship between them, from snatching snacks to daily trivia, full of real and hilarious resonance. Presented in short, light episodes with brisk pacing and dense jokes, the contrasting personalities and daily bickering of the siblings are amusing while also conveying the warmth between family members - a sketch-style work perfect for relaxation."
74,primary,en-US,黏黏糊糊!!角质君,"This is a short gag anime whose protagonist is skin keratin, unfolding various absurd daily life from the keratin's perspective. With exaggerated performances and absurd settings, the work turns the anthropomorphized life of keratin into a delightfully funny show, from daily cleaning to all kinds of bizarre encounters. The extremely fast pace and dense jokes, along with its unique premise and amusing performances, make it a wildly imaginative short anime that lets viewers laugh while forgetting how absurd the premise itself is."
75,primary,en-US,魔鬼恋人,"""Diabolik Lovers"" adapts the same-name otome game. Girl Yui Komori, after transferring to a school inhabited by vampires, is drawn into a blood-sucking game among six brothers. With dark vampire settings, gorgeous characters, and ambiguous interactions as its features, Yui is on edge in her dealings with the dangerous brothers while unable to resist the forbidden temptation. The anime is full of gothic glamour; the brothers have distinct, charming personalities, and the plot wavers between horror and romance, creating a unique dark romantic atmosphere—a representative work of otome vampire romance."
76,primary,en-US,献给某飞行员的恋歌,"""Toaru Hikuushi e no Koiuta"" adapts the same-name light novel. In the holy kingdom of the sky island, the love between boy pilot Kano Balguer and a noble girl sprouts amid class differences and the flames of war. Known for its soaring flight scenes and tragic romantic atmosphere, Kano's determination to protect what matters runs throughout, and his growth from a green youth to a mature pilot is moving. The anime weaves the grandeur of air combat, the bitterness of love, and the cruelty of war, with beautiful music and refined visuals - a youth war romance full of romance and tragedy."""
77,primary,en-US,魔法战争,"""Mahou Sensou"" adapts the same-name light novel. After rescuing an unconscious girl late at night, ordinary high schooler Takeshi Nanase discovers he has awakened magic and is drawn into a war among magicians. Set against magic battles and school life, Takeshi faces threats from the Magic Agency and Black Magicians while pursuing the truth, gradually understanding the secret of his own power. The plot is full of mystery and twists, battle scenes are heated, and Takeshi's struggles and choices in the magic war give the work a certain weight beyond its passion."
78,primary,en-US,鬼灯的冷彻,"""Hozuki no Reitetsu"" adapts the same-name manga, telling the hilarious daily life of Hozuki, the chief assistant to the King of Hell. With a cool, sharp-tongued demeanor, Hozuki handles all kinds of hellish affairs, sparring with jailers, goldfish grass, and various troublemaking beings. Blending Japanese hell mythology with modern workplace comedy, the work depicts hell as a bureaucratic institution full of black humor, with dense jokes and brisk pacing. Hozuki's swift, scheming style, the mesmerizing goldfish grass, and cameos by various gods create a uniquely charming ensemble—a comedy gem that viewers can't get enough of."
79,primary,en-US,樱Trick,"""Sakura Trick"" is a yuri-themed daily anime telling the close relationship between two best friends, Haruka Takayama and Yuu Sonoda. The two keep growing closer in high school life, expressing their cherishing of each other through kisses, deepening their bond amid ambiguity and shyness. Known for its warm healing atmosphere and delicate emotional portrayal, the interactions between Haruka and Yuu are full of sweetness; the fresh, bright art style captures the pure yet hazy feelings between girls just right, making it a popular yuri work."
80,primary,en-US,妖怪手表,"""Yo-kai Watch"" is a national-level yokai anime. Boy Keita Amano, able to see yokai through the Yo-kai Watch, solves incidents caused by yokai with companions like the yokai butler Whisper. With lighthearted daily life, cute yokai characters, and collection elements as its features, Keita gradually understands the inner feelings of yokai through adventures and builds friendships with them. The anime is full of childlike fun and imagination; the yokai designs are diverse and adorable, and its all-around tie-ins from games, toys, to anime make it a beloved national IP among children."
81,primary,en-US,未来卡 搭档对战,"""Future Card Buddyfight"" is a card battle anime telling the growth of boy Gao Mikado in card competitions. Fighting alongside his partner buddy monster, Gao keeps challenging strong opponents in Buddyfight tournaments and forms deep friendships with many rivals. With passionate card battles, partner bonds, and orthodox boy-oriented storytelling as its features, the rules and strategy of card battles are rich; Gao hones his skills and grows his spirit through each battle, full of the passion and emotion unique to shonen manga—a familiar classic among card anime fans."
82,primary,en-US,伪恋,"""Nisekoi"" adapts the same-name manga. To maintain peace between their yakuza families, yakuza heir Raku Ichijo and mafia princess Chitoge Kirisaki are forced to pretend to be lovers. As they spend time together, their feelings gradually warm, and the mystery of Raku's first love unfolds. Known for its joyful romantic comedy, complex character relationships, and dramatic plot, Raku wavers among Chitoge, Onodera, and many female characters, with endless misunderstandings and coincidences, dense laughs and high sugar content—a classic among romantic comedy anime."
83,primary,en-US,魔具少女！通,"""Maken-Ki! Two"" is the second season of Maken-Ki!, continuing the school battle and romantic comedy. Boy Takeru Ooyama lives with female friends at Tenbi Academy, fighting over the Maken. This season adds more characters and battle scenes as Takeru's Maken power gradually emerges and duels against strong enemies intensify. Combining fan-service, battle, and harem elements, the work balances lighthearted gags and passionate combat; the interactions between Takeru and the heroines are fun, making it a typical school harem battle series."
84,primary,en-US,妄想学生会＊,"""Seitokai Yakuindomo*"" adapts a yonkoma manga, telling the hilarious daily life of the student council. Council president Shino Amakusa and members engage in various dirty jokes and gags in the student council room, with the work known for rapid-fire dialogue, parody, and adult humor. From council room daily life to school events, the characters say embarrassing things with deadpan expressions, creating a strong sense of contrast, with dense jokes and blazing pace—an enduring classic among gag school anime and widely regarded as the benchmark of late-night comedy."
85,primary,en-US,稻荷恋之歌,"""Inari, Konkon, Koi Iroha"" adapts the same-name manga. Girl Inari Fushimi gains a transformation ability after helping a fox spirit, but this draws her into entanglements with deities. Set in Kyoto, the work blends shrines, gods, and romance, with Inari wavering between her ability and daily life, depicting a warm story of a girl's growth and first love. Known for its beautiful Kyoto scenery and delicate emotional portrayal, Inari gradually learns to cherish sincerity after gaining power; the fox spirit and god settings are full of Japanese fantasy flavor, making it a gentle, healing work."
86,primary,en-US,世界征服～谋略之星～,"""World Conquest Zvezda Plot"" is an original anime. The evil organization Zvezda plots to conquer the world, and its elite unit members fight against justice heroes. Known for its unique villain perspective and cute character designs, the work blends comedy and seriousness, exploring themes of justice and peace. The cute villain girls plot world conquest with deadpan seriousness, and their duels with heroes are full of contrast and laughter, while the latter half gradually deepens; the contemplation of justice and peace gives the work substance beyond its comedy."
87,primary,en-US,信长之枪,"""Nobunagun"" adapts the same-name manga. A girl with mysterious power, Nobuna Oda, travels between modern times and the past with Warring States generals, fighting enemies threatening the world. Blending Warring States history with sci-fi elements, the work features passionate battles and historical reimagining settings; Nobuna's heroic figure on the battlefield is impressive. The anime reinterprets historical Warring States generals with robot-like future equipment and time-travel settings, wildly imaginative with gorgeous battle scenes—a unique work where history and sci-fi intertwine."
88,primary,en-US,BUDDY COMPLEX,"""Buddy Complex"" is an original robot anime. Ordinary high schooler Aoba Watase is unexpectedly drawn into battles in a future world, meeting mecha pilot Hina Yumihara and fighting powerful enemies together. With time-skip, friendship bonds, and passionate robot battles as its features, the partnership between Aoba and Hina is the core, as they come to understand and trust each other through battle. The mecha designs are refined and battle scenes fluid; the plot layers forward around time paradoxes and the sacrifice of companions, making it a solid, moving robot anime."
89,primary,en-US,魔女的使命,"""Witchcraft Works"" adapts the same-name manga. When ordinary boy Ayaka Kagari is attacked by a witch, he is saved by the witch knight Honoka Takamiya, and the two are bound together. As a witch, Ayaka secretly protects Honoka, and the two get caught up in the conflict between witches and knights during school life. Combining battles and romantic comedy, the work creates a strong female protagonist; the contrast between Ayaka's cool, overwhelming power and Honoka's ordinary daily life is impressive, with gorgeous fluid battle scenes and suspenseful plot around the witch-knight opposition—a light yet passionate fantasy work."
90,primary,en-US,野良神,"""Noragami"" adapts the same-name manga. Nameless god Yato wanders the human world, taking odd jobs to earn offering money. After meeting girl Hiyori Iki and his weapon Yukine, he is drawn into the world of gods and yokai. Known for modern mythology, passionate battles, and warm daily life, Yato gradually gains bonds while seeking his own value, growing from a desolate, unworshipped god into a trusted existence. The fight scenes are full of tension, and the interactions between Yato, Hiyori, and Yukine are heartwarming; against a mythological backdrop, the work explores companionship and redemption, making it a highly acclaimed fantasy."
91,primary,en-US,WIZARD BARRISTERS〜辩魔士圣知,"""Wizard Barristers: Benmashi Cecil"" is an original anime with magic and courtrooms as its themes. Magical defense lawyer Cecil, as a Barrister, uses magic to defend clients in court while facing various conspiracies in the magical legal world. Blending courtroom debate and magic battles, the work shows Cecil's adventures and growth in the magical legal world; each trial is full of intellectual duels and magical confrontations. With a novel setting that fuses the legal genre with fantasy, Cecil's cool, intelligent image is impressive, and the plot balances rigorous courtroom reasoning with gorgeous magic battles."
92,primary,en-US,超级索尼子,"""SoniAni: Super Sonico"" adapts from the same-name character. Sonico is a college student and lead vocalist of a rock band; the work revolves around her daily life, recording her time with band members and family. With healing daily life and music elements as its features, the anime shows Sonico's pure, adorable personality and laid-back life, from practice, performances, to days with her cat, all full of warmth. Without intense conflict, it presents an ordinary yet sparkling daily life of a girl at a slow pace; Sonico's soft image and gentle soundtrack let viewers feel relaxed and healed."
93,primary,en-US,农林,"""Nourin"" adapts the same-name light novel. Agriculture high school student Kosaku Hata and classmates like Ringo Kinoshita engage in hilarious daily life at school. Set against an agriculture background, the work is full of gags, parody, and fan-service, playing with everything from farming knowledge to school life; the romance line between Kosaku and Ringo is woven in. With brisk pacing and dense jokes, the work turns the seemingly serious theme of agriculture into a delightfully funny show; the scenes of characters earnestly discussing farming and livestock are hilarious, making it a unique school comedy with both comedy and passion."
94,primary,en-US,中二病也要谈恋爱！恋,"""Love, Chunibyo & Other Delusions! Ren"" is the second season of the anime. After entering high school, Rikka Takanashi and Yuuta Togashi continue their chunibyo and romance daily life. This season Rikka's real problems gradually surface, and the couple's feelings deepen amid laughter and fluctuations; the arcs about Rikka's sister and her past are moving. Known for delicate emotions, joyful daily life, and Kyoto Animation's superb production, Rikka's cute chunibyo antics and Yuuta's gags complement each other; beyond the comedy, it also shows the chunibyo girl facing reality and growing, making it a joyful yet heartwarming romantic comedy."
95,primary,en-US,未确认进行式,"""Engaged to the Unidentified"" adapts the same-name manga. Girl Kobeni Yonomori, through her sister's arrangement, begins living with her fiancé Hakuya Mitsumine, who turns out to be an existence with an unmentionable secret. The work revolves around the daily life of Kobeni, Hakuya, and his younger sister, blending romance and fantasy elements and depicting a girl's growth in a light, warm atmosphere. With refined animation, the contrast between Kobeni's wariness and curiosity toward her fiancé and Hakuya's mysterious gentleness is amusing; the daily interactions are full of charm and laughs, making it a healing romantic slice-of-life series."
96,primary,en-US,最近，妹妹的样子有点怪？,"""Recently, My Sister Is Unusual"" adapts the same-name manga. Between boy Mitsuki Kanzaki and his sister Hiyori, a chaotic daily life unfolds due to possession by a ghost girl. Hiyori is possessed by a ghost girl and, to fulfill her wish, engages in various embarrassing contacts with Mitsuki; the work is characterized by borderline comedy. Mitsuki and Hiyori gradually face their inner feelings amid laughable events, and the plot wavers between comedy and warmth; the interactions of the siblings are full of contrast and laughs—a light school comedy with fan-service elements."
97,primary,en-US,STRANGE+,"""STRANGE+"" is a short gag anime telling the absurd daily life of detective agency members. Detective Kyou and his assistants handle all kinds of bizarre requests; the work is known for rapid-fire gags, parody, and wildly imaginative plots, delivering dense jokes within extremely short episodes. The oddballs in the detective agency earnestly cause various blunders; the cases themselves are not the point—the focus is on the hilarious interactions of the characters, with blazing pace and dense jokes, making it a stress-relieving short anime."
98,primary,en-US,Z/X IGNITION,"""Z/X IGNITION"" is a card game adaptation anime, telling of battles between boys and the otherworldly beings called Z/X. Protagonist Asuka Tennoji, amid the crisis of parallel world invasion, fights with companions to protect Earth, summoning Z/X through cards to battle. With card summoning, passionate battles, and multi-threaded storytelling as its features, Asuka grows through battles against various opponents, gradually understanding the truth of Z/X and parallel worlds. The anime combines card settings with shonen passion, with gorgeous battle scenes, suitable for fans of cards and fantasy."
99,primary,en-US,愚者信长,"""Nobunaga the Fool"" adapts the same-name manga. In an era where science and magic coexist, Warring States lord Oda Nobunaga challenges fate with extraordinary actions. Blending historical figures with sci-fi settings, the work depicts Nobunaga's boldness and radicalism, full of passion and reversals. Unifying the warring states with a vision beyond his era and iron-fisted means, his relationships with Akechi Mitsuhide, Toyotomi Hideyoshi, and others are full of tension; the anime's battle scenes are gorgeous and pacing brisk, interweaving history and fantasy to create a uniquely charming alternate Nobunaga."
100,primary,en-US,天才麻将少女 全国篇,"""Saki: Zenkoku-hen"" is the second season of the Saki mahjong anime. Miyanaga Saki and mahjong masters from schools nationwide clash in team battles; this season focuses on the fierce competition of the national tournament. With superpowered mahjong skills, intense matches, and the girls' growth as the main line, Saki and her companions charge toward the national tournament, with every match against strong schools tense and thrilling. The anime turns seemingly dull mahjong matches into passionate battles; mahjong genius girls with distinctive personalities appear one after another, making it a unique gem in competitive anime."
101,primary,en-US,银之匙 Silver Spoon 第二季,"""Silver Spoon"" Season 2 adapts Hiromu Arakawa's same-name manga, continuing the growth of city boy Yugo Hachiken at Ooezo Agricultural High School. Through living day and night with pigs, horses, and cattle, he gradually understands the weight of life and the hardship of agriculture while finding his own direction. This season revolves around internships, Koshien, and graduation choices, portraying the bittersweet reality of rural life with humor and realism while exploring profound themes of dreams vs. reality and the dignity of life. Continuing Arakawa's solid storytelling, the work contains genuine emotion in plain stories, making viewers reconsider the meaning of life."
102,primary,en-US,"Wake Up, Girls!","""Wake Up, Girls!"" is an idol anime telling the story of seven girls forming the idol group Wake Up, Girls! at a small entertainment agency in Sendai, Tohoku. Facing the agency's bankruptcy crisis, the girls participate in idol activities with effort and passion in a down-and-out environment, growing step by step amid laughter and tears. Known for its realistic and somewhat cruel portrayal of the idol industry, the work confronts both the glamour and shadows of the idol world; the girls' real struggles, dreams, and friendships intertwine, and the ending's growth and farewell are moving, making it a unique realist work among idol anime."
103,primary,en-US,摸索吧！部活剧 再来一个,"This is the second season of the experimental short anime where girls seek club activity directions through improvisational dialogue. This season adds new characters; the protagonists keep creating laughs amid absurd club ideas and improvisation. Known for breaking conventional narrative, rapid-fire gags, and parody of anime production, the work cleverly combines the gags of the production process with the characters' self-deprecation - a gag short full of meme spirit, extremely fast-paced with dense jokes, suitable for light viewing."
104,primary,en-US,上课小动作,"""Tonari no Seki-kun"" adapts the same-name manga, telling of the boy Seki sitting in the back of class who never pays attention in lessons, indulging in all kinds of astonishing miniature games, from origami and shogi to homemade game machines. His deskmate Yokoi watches throughout, unable to stop commenting yet often impressed by Seki's creativity. With short, compact episodes, a unique perspective, and delicate portrayal, the work shows an alternative kind of classroom fun; Seki's wild imagination and focus are astonishing, full of both childlike play and creativity—a light, fun school short drama."
105,primary,en-US,属性同好会,"""D-Frag!"" adapts the same-name manga, telling the hilarious daily life of girls in a game creation club. After joining the game creation department, club president Kenji Kazama deals with members of distinct personalities, causing countless jokes from character design to game programming. Known for rapid-fire gags, parody, and absurd comedy, the work turns the chaos of game development into a delightfully funny show; the scenes of members earnestly doing absurd things are hilarious, and beyond the comedy it also shows the young people's love and persistence for games."
106,primary,en-US,滨虎,"""Hamatora"" adapts the same-name manga, telling the story of holders of the superpower called Minimum. Detective Nice and his partner Murasaki run a detective agency in Yokohama, handling cases related to Minimum. As investigations deepen, they are drawn into an organization's conspiracy around superhumans and forced to face the past. With episodic cases and a main plot intertwined, the work blends mystery, battles, and urban suspense; the contrast between Nice's confidence and Murasaki's calm depth, along with Yokohama's cityscape and the undercurrent of intrigue, makes it a distinctive urban suspense work."
107,primary,en-US,GO!GO!575,"""GO!GO!575"" is a short anime themed around waka poetry, telling of two high school girls composing poems in the 5-7-5 syllable rhythm. The work combines traditional Japanese waka with modern school life; the girls express their feelings in 5-7-5 form through chats and interactions, turning everything from daily trivia to youthful worries into verse. With a fresh art style, brisk pacing, and a rich Japanese cultural atmosphere, the work skillfully blends tradition and modernity, showcasing the charm of waka in a lighthearted setting—a distinctive cultural sketch."
108,primary,en-US,大家集合！Falcom学园,"""Minna Atsumare! Falcom Gakuen"" is a parody anime of Falcom game characters, placing numerous classic characters from the Trails and Ys series into a fictional school where they live together. The characters cause jokes contrasting with their original settings, full of gags and homages to Falcom's own works. Known for rapid-fire gags and dense easter eggs, popular characters from Rean and Estelle to Adol appear in Q-version form with hilarious interactions; it is a must-see gag anime for Falcom fans, while general viewers can also enjoy it."
109,primary,en-US,pupa,"""Pupa"" adapts the same-name manga, telling a dark story between siblings. After his younger sister Yume is attacked by a monster, boy Yotaro also turns into a monster and begins devouring humans to save her. Known for its oppressive, dark tone, cruel plot, and taboo sibling relationship, the work became a talking point for being excessively bloody and dark. The anime's narration is cold, unfolding the siblings' dependence and madness in dire straits; the almost despairing bond is unsettling, making it a highly controversial, extreme dark work."
110,primary,en-US,游戏王ARC-V,"""Yu-Gi-Oh! ARC-V"" is the fifth installment of the Yu-Gi-Oh! series, telling of dimensional duels using fusion-style summoning. Protagonist Yuya, with the ideal of entertainment dueling, embarks on adventures in Maiami City featuring Action Duels, meeting duelists from other dimensions. With card battles, cross-dimensional plot, and Action Duels as its features, Yuya grows through duels, gradually uncovering the truth of the dimensional war. The anime combines classic Yu-Gi-Oh! passionate duels with novel Action Duel mechanics; card summoning performances are gorgeous, making it an ambitious work in terms of plot settings in the series."
111,primary,en-US,尽管如此世界依然美丽,"""Soredemo Sekai wa Utsukushii"" adapts the same-name shoujo manga. Nika, the fourth princess of the Rain Kingdom who can summon wind and rain, marries far away to the Sun King Livius of the Sunshine Kingdom for political alliance. The two grow closer amid differences and conflict; Nika's innocence and songs heal the king, unfolding a fantasy romance between a princess and a king. Known for its romantic atmosphere, ability settings, and moving music, the contrast between Nika's optimism and strength and Livius's domineering yet gentle nature is charming; the interactions are full of sweetness, and the soundtrack is beautiful—a fantasy romance full of a girl's heart."
112,primary,en-US,Lady 宝石宠物,"""Lady Jewelpet"" is an anime in the Jewelpet series, telling of friendship and magical adventures between girls and Jewelpets. Protagonist Lili and the Jewelpets engage in various activities at school and in the world, collecting jewels and helping others. With cute characters, magical transformations, and girls-oriented daily life as its features, the work conveys themes of friendship and dreams; the Jewelpets have adorable designs and distinct personalities, and Lili's adventures with her friends are full of warmth and childlike fun—a healing magical daily anime suitable for girl viewers."
113,primary,en-US,Happiness Charge 光之美少女！,"""Happiness Charge Pretty Cure!"" is the 11th installment of the Pretty Cure series. With the wish to make everyone happy, girl Megumi Aino and three others transform into Pretty Cure, fighting to protect the power of hearts in the world. Combining cute transformations, sweet daily life, and passionate battles, the four protagonists have distinct personalities and support each other, showing the girls' growth and bonds. The anime continues the series' transformation magic and daily joy while exploring the meaning of happiness in battle; the teamwork and self-overcoming of the Pretty Cure are moving, making it a representative girls' magical girl anime."
114,primary,en-US,金色琴弦 Blue♪Sky,"""La Corda d'Oro Blue♪Sky"" is an anime in the La Corda d'Oro series, telling of students in the music department of Seisou Academy. Protagonist Kanade Kohinata, after entering the music department, plays with the boys of the orchestra club, deepening understanding through music. Centered on classical music, the work unfolds around ensemble performances, competitions, and youthful romance, full of an elegant musical atmosphere. The classical pieces played and the characters' emotions intertwine; Kanade and the talented boys spark with each other through music, with refined visuals and moving accompaniment—a romance anime full of artistic atmosphere."
115,primary,en-US,艾斯卡与罗吉的工作室～黄昏之空的炼金术士～,"""Escha & Logy no Atelier"" adapts the same-name game, telling the daily life and adventures of alchemists. Boy Logy and girl Escha study alchemy at a remote workshop, experimenting and exploring to save a polluted world. Continuing the Atelier series' warm atmosphere, the work features alchemy, daily life, and adventure, showing two youths growing in a twilight world. The anime retains the game's alchemy synthesis, gathering, and friendship elements; Logy and Escha come to understand each other through shared research, with gentle music and warm visuals—a healing fantasy daily work."
116,primary,en-US,剑灵,"""Blade & Soul"" adapts the same-name online game, telling the adventures of Ahn Jin-hyeol and companions in the Blade & Soul world. In a world where girls coexist with demons, battles unfold around power and vengeance. Known for gorgeous action, martial arts elements, and Eastern fantasy style, the characters seek their own paths between revenge and redemption. The anime's fight scenes are fluid and gorgeous, blending Eastern martial arts with fantasy elements; the grudges and loves of Hongmoon disciples run throughout, with a vast worldview and dramatic character fates—a work of considerable quality among game adaptations."
117,primary,en-US,希德尼娅的骑士,"""Knights of Sidonia"" adapts the same-name manga, telling a sci-fi story of humanity drifting in space, piloting mechs called Gardes to fight the mysterious beings called Gauna. Boy Nagate Tanikaze grows aboard the Sidonia, gradually uncovering the secret of the Gauna and humanity's hope for survival. Known for 3DCG expression, hardcore sci-fi settings, and grand cosmic battles, the fleet life, close combat, and layered suspense are fascinating; the bonds between Nagate and Hoshijiro are precious amid brutal battles, making it a representative hard sci-fi anime."
118,primary,en-US,恶魔之谜,"""Riddle Story of Devil"" is an original anime telling the story of ten girls in an assassin class at a special academy and their target, girl Ichinose Haru. All students aim to assassinate Haru, but student Azuma Tokaku gradually develops a desire to protect her. Known for tense atmosphere, yuri elements, and layered suspense, the girls each harbor secrets and pasts; the game of assassination and protection is gripping, and the bond between Tokaku and Haru deepens amid the clash of blades, with a memorable ending twist."
119,primary,en-US,我们大家的河合庄,"""Bokura wa Minna Kawai-sou"" adapts the same-name manga, telling of high schooler Usa Kazunari's boarding life at Kawai-sou. There he meets the literary girl Ritsu Kawai, and the two gradually grow closer amid daily life at the boarding house and the company of various tenants. Known for its warm healing daily life, delicate romance, and unique art style, the tenants of Kawai-sou have distinct, hilarious personalities; Usa and Ritsu slowly draw near through clumsy interactions, capturing the heartbeat and shyness of adolescence just right—a gentle healing romance slice-of-life series."
120,primary,en-US,美妙旋律 All Star Selection,"""Pretty Rhythm: All Star Selection"" is a compilation anime of the Pretty Rhythm series, bringing together characters from previous installments to review their shining stages from new perspectives. Centered on dance, fashion, and idol dreams, the work integrates classic scenes, presenting a special retrospective and tribute for fans. The anime connects the stages and stories of successive heroines, showing their respective growth and transformation; the song-and-dance scenes are gorgeous and moving, letting old fans relive the emotion while new viewers can also feel the charm of the Pretty Rhythm series."
121,primary,en-US,魔神之骨,"This is Bandai's original anime telling of boy Yu receiving the power of the Dragon Bone, fighting with companions against the dragon clan threatening Earth. With card and toy tie-ins as its features, Yu keeps growing stronger in battle and forms deep bonds with companions protecting the world - a typical boy-oriented passionate anime. The anime revolves around summoning and fighting dragons; the duels between Yu and the dragon gods are full of passion, and the characters grow toward the shared goal of protecting Earth with brisk pacing, full of the struggle and friendship unique to shonen manga, suitable for children and young viewers."
122,primary,en-US,噬魂师NOT！,"""Soul Eater Not!"" is a spin-off of Soul Eater, telling the daily life of girls at Death Weapon Meister Academy who are not suited for intense combat. The trio studies the way of meister and weapon in a lighthearted atmosphere. Retaining the original's worldview and characters, the work focuses more on daily life and friendship with a cute art style. Girls like Tsugumi Harudori make friends at the academy and experience the joy of growth; though lacking the original's passionate battles, it adds warm daily flavor—an ideal choice for viewers who prefer a light atmosphere."
123,primary,en-US,魔法科高校的劣等生,"""The Irregular at Magic High School"" adapts the same-name light novel. At a school where magic is treated as technology, siblings Shiba Tatsuya and Shiba Miyuki are evaluated as the Irregular and the Elite respectively, yet Tatsuya hides power surpassing everyone. Set against sibling relations, magic academy, and political struggles, the work revolves around Tatsuya's mystery and overwhelming strength—a typical light-novel academy battle series. Tatsuya reveals his power through a series of conspiracies and battles; Miyuki's admiration and protection of her brother are moving; the battle scenes are gorgeous and settings meticulous, making it a classic among light novel adaptations."
124,primary,en-US,JOJO的奇妙冒险 星尘斗士,"""JoJo's Bizarre Adventure: Stardust Crusaders"" is the third part of the series, telling of Jotaro Kujo and his grandfather Joseph and others journeying to Egypt to save his mother, waging fierce battles against DIO and his Stand users. Introducing the Stand system, the work is full of intelligence battles and passion; companions appear one by one on the journey, forming a classic team. Stand abilities like Jotaro's Star Platinum and Kakyoin's Hierophant Green each have distinct traits, with every battle full of calculation and reversals; the final showdown with DIO is a historic classic, making this the most representative arc of the JoJo series."
125,primary,en-US,魔法少女大战,"""Mahou Shoujo Taisen"" is an original anime gathering anthropomorphized magical girls of Japan's prefectures. Girls from different regions fight as magical girls; the work intersperses local customs amid fantasy battles. Presented in short episodes with independent stories of multiple girls, it carries local promotional overtones; each magical girl corresponds to a prefecture with unique design and weapons. The work combines idols, local culture, and magical girl themes with a light, bright style, showcasing Japan's regional charms while depicting battles—a highly creative work."
126,primary,en-US,约会大作战 第二季,"""Date A Live"" Season 2 adapts the same-name light novel, continuing the story of Shido Itsuka saving spirits through dates. Facing new spirits such as Kurumi Tokisaki, Shido seals their powers by raising affinity through dating. The work is known for romantic comedy, battles, and gap moe; Shido faces more danger while saving spirits. Kurumi's appearance adds many highlights this season, the spirits have distinct charming personalities, Shido juggles dates and battles, and the anime balances fan-service with passion—a classic light-novel harem battle series."
127,primary,en-US,棺姬嘉依卡,"""Chaika: Coffin Princess"" adapts the same-name light novel. After the war ends, scavenger boy Tooru and his sister Akari meet the coffin girl Chaika on their travels, and the three set out to find Chaika's legacy. The work features fantasy adventure, the mysterious Chaika, and passionate battles; Tooru's group gradually uncovers the truth left behind by the empire. Chaika's coffin secrets, the various factions encountered, and the bond between the siblings intertwine, and the anime's adventurous atmosphere and fluid battle scenes make it a work full of mystery and passion."
128,primary,en-US,风云维新大将军,"""Fuuun Ishin Dai Shogun"" is a short gag anime set during the arrival of the Black Ships in the Edo period. To counter the technological gap, Shogun Tokugawa decides to have beautiful girls pilot giant robots, causing hilarious events. The work features historical parody, robots, and comedy, full of exaggerated performances that turn solemn late-Edo history into absurd robot battles. The contrast of girls piloting giant mechs is adorable, and the anime's brisk pacing and dense jokes show unique creativity while parodying history—a stress-relieving comedy short."
129,primary,en-US,漆黑的子弹,"""Black Bullet"" adapts the same-name light novel. In a world infected by Gastrea, cursed children possess the power to fight the Gastrea. Boy Rentaro Satomi and his partner Enju Aihara, as civil officers, gradually touch the conspiracy behind the world while fighting Gastrea. The work features post-apocalyptic battles, tragic survival themes, and bonds between partners; Rentaro and Enju depend on each other in a cruel world, and society's discrimination and redemption toward the cursed intertwine. The anime's brutal battle scenes and heavy atmosphere make it a work full of despair and hope."
130,primary,en-US,目隐都市的演绎者,"""Mekakucity Actors"" adapts from the Kagerou Project, telling of boy Shintaro meeting the mysterious group Mekakushi-dan. Boys and girls with special abilities are drawn into various incidents; the work is known for multi-line narration, fragmented timelines, and unique direction, unfolding around each character's past and the core secrets of the Mekakushi-dan layer by layer. The anime brings the Kagerou Project's songs and worldview to life; the girls' abilities and tragic pasts are moving, and the ending's timeline convergence is stunning, making it a classic case of multimedia project adaptation."
131,primary,en-US,虫师 续章,"""Mushishi: Zoku Shou"" is the sequel to the Mushishi anime. In a world where humans and mushi coexist, Ginko, a mushi master who can see them, continues traveling to help people troubled by mushi. The work unfolds in episodic format, each episode telling a poignant story related to mushi, known for its tranquil style, profound philosophy, and beautiful visuals. Ginko intervenes as a bystander in events about life, obsession, and nature; the mushi settings symbolize human nature and natural laws. The anime's quiet, far-reaching atmosphere and ethereal soundtrack make it a philosophical work worth savoring repeatedly."
132,primary,en-US,极黑的布伦希尔德,"""Brynhildr in the Darkness"" adapts the same-name manga. After his childhood friend is foretold to die, boy Murakami Ryouta meets the transfer student Kuroha Neko, who claims to be a magician. Neko and her companions escaped from a research institute and hide secrets that could cost them their lives at any moment. The work is known for dark fantasy, tense plot, and tragic fate; the magician girls' life countdown and the institute's conspiracy intertwine, and the feelings between Ryouta and Neko become precious amid despair. The anime's oppressive atmosphere and heart-wrenching plot with a powerful ending make it a work hard to let go of."
133,primary,en-US,选择感染者WIXOSS,"""selector infected WIXOSS"" is a card game adaptation anime telling the dark story of girls participating in WIXOSS card battles. Girls who become selectors fulfill their wishes through battles but are gradually drawn into cruel rules and conspiracies. The work is known for its starkly contrasting dark plot, psychological games, and reversals—a seemingly idol-oriented yet heavy work. The girls' obsessions with wishes, the tragic fate of selectors, and the struggles of figures like Ruuko intertwine; the anime combines card battles with psychological horror, and the ending's reversal is memorable, making it an unconventional masterpiece in card anime."
134,primary,en-US,地球队长,"""Captain Earth"" is a BONES original robot anime. High schooler Daichi Manatsu, after meeting a mysterious girl and a giant robot, becomes a member of Earth's team and fights cosmic enemies with his companions. The work combines fresh youthful daily life with passionate robot battles, exploring friendship, growth, and protection. Daichi's growth and the team's cooperation are infectious; the anime's unique mech designs and fluid battles, along with the boys' and girls' youthful troubles amid passion, make it an original work with both heat and warmth."
135,primary,en-US,Love Live! 第二季,"""Love Live! School Idol Project"" Season 2 continues the first season, telling of the growth of Otonokizaka Academy's idol group mus. In a school facing closure, the nine-girl idol group keeps working hard; this season they challenge the Love Live competition and make choices between dreams and reality. The work is known for moving songs, passionate dream-chasing stories, and delicate character portrayal; the members' individual storylines and the group's bonds intertwine, and the concert scenes are grand and moving. As a benchmark idol anime, Love Live! moved countless viewers with its songs and dreams."
136,primary,en-US,一周的朋友。,"""One Week Friends"" adapts the same-name manga. Girl Kaori Fujimiya suffers from a condition that only lets her remember friends for a week, so she forgets them every week. Boy Yuki Hase insists on becoming her friend anew each week, and the two accumulate precious feelings through repeated meetings. The work is known for delicate emotion, gentle narration, and a faint sadness; Kaori's loneliness and Hase's persistence are heartbreaking, and the two carefully protect each other within limited memories. The anime's warm visuals and moving soundtrack capture the purity and helplessness of youth just right—a tearjerking healing work."
137,primary,en-US,众神的恶作剧,"""Kamigami no Asobi"" is an otome game adaptation anime telling the campus romance between a heroine and the gods of myth. Girl Yui Kusanagi enters a school gathering the gods of Japanese, Greek, and Norse mythology, interacting with gods of varied personalities. The work features gorgeous characters, mythological settings, and romance; the gods show cute sides different from legend in the school, and Yui's interactions with each god are romantic. The anime's refined character designs and star-studded voice cast, with a strong otome romantic atmosphere, make it a work aimed at female viewers."
138,primary,en-US,星刻的龙骑士,"""Dragonar Academy"" adapts the same-name light novel. Boy Ash is mocked as a failure at the dragon knight academy due to his aptitude, yet accidentally contracts with the strongest dragon girl Eco. The work features dragon knight academy, battles, and romantic comedy; the interactions between Ash and Eco are a highlight. Eco's shift from tsundere to dependence and Ash's rise in dragon knight competitions are fun; the anime's gorgeous battles and novel academy and dragon knight settings make it a light, enjoyable fantasy romance battle series."
139,primary,en-US,如果她的旗帜被折断了,"""If Her Flag Breaks"" adapts the same-name light novel. Boy Souta Hatate has the ability to see and break the flags above people's heads, so he deliberately keeps his distance but keeps getting drawn into trouble. The work features romantic comedy, supernatural settings, and a complex flag system; Souta can see the flags above the female characters around him and break them in his own way. Beneath the romantic comedy shell hides a mystery mainline; the flag setting is creative, and the plot switches between light gags and serious suspense—a distinctive school romance series."
140,primary,en-US,请问您今天要来点兔子吗？,"""Is the Order a Rabbit?"" adapts the same-name manga, telling the daily life of girls at a coffee shop called Rabbit House. Cocoa comes to town and meets Chino and other girls; the work features cute characters, warm daily life, and desserts, with bright healing visuals—a representative moe daily anime. The girls at the coffee shop each have charm points, and everything from making coffee to eating sweets is healing; without intense conflict, the anime shows warm daily life among friends, and the interactions of Cocoa, Chino, and others are full of sweetness—a relaxing healing anime."
141,primary,en-US,游戏人生,"""No Game No Life"" adapts the same-name light novel. In a world that forbids all violence, everything is decided by games. Genius siblings Sora and Shiro, summoned into the game world, challenge various opponents with their minds. The work features high-IQ gambits, a fantasy world, and sibling bonds; Sora and Shiro keep winning with game rules. Their matches are full of calculation and reversals, covering everything from board games to video games; the siblings' synchronicity and strength are astonishing, and the anime's high-tension direction and vivid colors bring out the charm of games and intelligence battles to the fullest."
142,primary,en-US,破刃之剑,"""Broken Blade"" adapts the same-name manga, telling of boy Rygart, who cannot use magic in a world where all humans can use magic except him. He joins the war between the empire and the country, piloting ancient mechs like the Delphine, entangled with his childhood friends. The work features war, friendship, and passionate mech battles; Rygart grows through battles against strong enemies, and the sacrifice and choices war brings are heavy. The anime's realistic mech designs and brutal battle scenes, balancing mech warfare and human emotion, make it a serious robot war work."
143,primary,en-US,健全机斗士,"""Daimidaler: Prince vs Penguin Empire"" adapts the same-name manga. Possessing an unusual body, the protagonist powers a penguin-shaped robot through energy exchange with girls. The work features frank fan-service comedy and robot battles; the protagonist saves the world while complaining, a work combining parody and fan-service. The anime combines adult jokes with passionate mech combat, the contrast of piloting a penguin mech is adorable, battle scenes are exaggerated and bold, and pacing is brisk with dense jokes—a parody-focused, hilarious mech comedy."
144,primary,en-US,排球少年,"""Haikyu!!"" adapts Haruichi Furudate's same-name manga. Inspired by the Little Giant, boy Shoyo Hinata falls in love with volleyball, joins Karasuno High's volleyball club, and teams up with genius setter Tobio Kageyama. The work is known for realistic, detailed volleyball portrayal, passionate matches, and team growth; Karasuno's whole team fights to reach nationals, with immense appeal. Hinata and Kageyama's growth from clashing to seamless coordination is thrilling, every match is full of tactics and passion, and the characters' effort and bonds are genuinely moving—universally recognized as a classic sports anime."
145,primary,en-US,金田一少年事件簿R,"""Kindaichi Case Files R"" is a series of the classic mystery anime, telling of genius high school detective Hajime Kindaichi solving various difficult cases. With reasoning talent similar to his grandfather's, Kindaichi untangles classic puzzles of locked rooms and alibis. The work is known for orthodox mysteries, complex case design, and tense plot; each case is ingeniously designed and logically rigorous, with often unexpected culprits. Kindaichi's sympathy when solving cases and his insight into human darkness give the work depth beyond mystery, making it a representative of Japanese orthodox mystery anime."
146,primary,en-US,相扑力士松太郎,"This is a sumo anime following the legend of sumo wrestler Matsutarou. Possessing innate monstrous strength, Matsutarou rises in the sumo world but repeatedly causes trouble with his impulsiveness and willfulness. The work is known for realistic sumo depiction and character growth, showing the wrestlers' sweat and passion. Matsutarou's journey from a reckless boy to a wrestler standing on his own is full of tension; sumo match scenes are imposing, and the master-disciple bond and rivalries are portrayed delicately—a work full of power and emotion."
147,primary,en-US,妖精的尾巴 第二季,"""Fairy Tail"" Season 2 continues the first season, telling the adventures of the members of the mage guild Fairy Tail. This season, Natsu, Lucy, and friends face new strong enemies like Tartaros, drawn into major events around the magic world. The work is known for passionate battles, bonds between partners, and a grand magic world, full of explosive energy and emotion. The deep camaraderie among Fairy Tail members and Natsu's never-give-up passion are infectious; battle scenes are gorgeous and stunning, and the plot rises and falls between laughter and tears—a classic of passionate fantasy anime."
148,primary,en-US,监督不行届,"This entry adapts the autobiographical manga by the manga artist, telling the hilarious daily life between the manga artist and her husband, also a manga artist. The work depicts the trivialities and funny moments of married life with self-deprecation, voiced by a real married couple, full of realism and laughs. From deadline hell to daily trivia, the couple's life together is full of warmth and gags; presented in short episodes with brisk pacing, the anime lets viewers smile knowingly and feel the happiness and truth of ordinary married life."
149,primary,en-US,M3～黑色之钢～,"""M3: Sono Kuroki Hagane"" is an original anime telling of boys and girls piloting mechs to fight the existence known as the Arch. Protagonist Izamu and companions gradually uncover the truth about their identities and the world through battle. The work features a gloomy atmosphere, psychological portrayal, and sci-fi battles, with a somewhat oppressive style. The youths bear immense psychological pressure in brutal battles, and their fight against the Arch constantly tests their will; the anime's dark tones and heavy plot explore fear and growth in the face of unknown threats—a distinctive work."
150,primary,en-US,乒乓,"""Ping Pong the Animation"" adapts Taiyo Matsumoto's same-name manga, telling the growth of geniuses Makoto Tsukimoto and Yutaka Hoshino in the world of table tennis. The two clash on the table; the work is known for its unique art style, high-speed table tennis portrayal, and profound character psychology, exploring talent, passion, and life choices. From prodigy to confusion to rebirth, the growth trajectories of Hoshino and Tsukimoto are real and cruel; the anime's direction is highly impactful, expressing the speed and passion of table tennis to the fullest—a work of high artistic value among sports anime."
151,primary,en-US,龙珠改 魔人布欧篇,"""Dragon Ball Kai: Majin Buu Saga"" is a Dragon Ball anime telling the final battle between Goku's group and Majin Buu. Facing the strongest enemy with infinite regeneration, Goku, Vegeta, and friends go through life and death, finally ending the war with the Spirit Bomb. The work features classic passionate battles and the fate of Earth; it is the remastered version of the Dragon Ball Z Majin Buu saga. From Saiyan transformations to the appearance of the Supreme Kais, every battle of Goku's group against Buu is thrilling; Vegeta's self-destruction, Gohan's awakening, and the final duel between Goku and Buu are full of tension—a classic arc of the Dragon Ball series."
152,primary,en-US,龙娘七七七埋藏的宝藏,"""Nanana's Buried Treasure"" adapts the same-name light novel. Boy Jugo Yama, fleeing debt, comes to Nanae Island and meets the bound-spirit girl Nanana, and the two search for the treasure Nanana buried before her death. The work features puzzle adventures, a cute ghost girl, and passionate reasoning; Jugo gets involved in various puzzles and disputes over the treasure hunt. Nanana's airheadedness and Jugo's wit form a fun contrast; the island's treasure legends and power struggles intertwine, and the anime's puzzle-solving process is fun—a light, brisk adventure with a touch of mystery."
153,primary,en-US,网球优等生,"""Baby Steps"" adapts the same-name manga. Serious boy Eiichirou Maruo devotes himself to tennis with study-like focus, improving through scientific training and self-challenge. The work is known for realistic tennis techniques, data analysis, and the protagonist's growth, showing the wisdom and charm of tennis competition. Maruo treats tennis as an academic subject, growing rapidly through data analysis and technique refinement; his duels against opponents of different styles are highlights, the anime's tennis portrayal is detailed and professional, and Maruo's effort and persistence are admirable—a solid sports work."
154,primary,en-US,犬神同学和猫山同学,"""Inugami-san to Nekoyama-san"" is a yuri-themed short anime. Nekoyama, who is dog-like but afraid of dogs, and Inugami, who is cat-like but afraid of cats, carry out their daily life caught between attraction and fear. The work features cute character designs, warm yuri interactions, and a light atmosphere; the two girls waver between contradiction and heartbeat, with interactions full of charm and laughs. The anime's fresh art style captures the raw, hazy feelings between girls just right; though short, it is full of healing—a fresh piece among yuri works."
155,primary,en-US,迷你偶像 2期,"""Puchimas! Petit Idolmaster"" Season 2 is a Q-version short anime of the iM@S series, telling the daily life of miniaturized idols at the 765 Production office. The Q-version idols create laughs with their cuteness and absurd behavior; the work shows another side of the idols in a light comedic style. Classic characters from Haruka, Chihaya to Iori are all Q-versioned, their mini-plays and interactions full of charm; the anime delivers dense jokes within extremely short episodes—a healing little work that iM@S fans shouldn't miss."
156,primary,en-US,元气囝仔,"""Barakamon"" adapts the same-name manga. Young calligrapher Seishuu Handa, after punching an old master, is exiled to a remote island, where he re-understands calligraphy and life through interactions with islanders and children. The work is known for warm healing daily life, growth themes, and the island's simple human warmth; Handa gradually opens up through interactions with the innocent islanders, especially the little girl Naru. The anime combines the artistic pursuit of calligraphy with plain rural life, containing emotion within laughter; Handa's growth and Naru's innocence bring smiles—a heartwarming work."
157,primary,en-US,战国BASARA Judge End,"""Sengoku Basara: Judge End"" is a Sengoku Basara series anime telling the fierce battles of Warring States generals in the contest for the realm. The work features exaggerated character designs and battle scenes; generals like Yukimura Sanada and Masamune Date clash with their own ambitions. The anime brings out the game's gorgeous special moves and character personalities to the fullest; the one-against-a-hundred battlefield performances are full of passion and exaggeration, with the fateful duel between Yukimura and Masamune and Hideyoshi Toyotomi's ambition running throughout—a powerful work among Sengoku anime."
158,primary,en-US,玻璃之唇,"""Glasslip"" is a P.A.WORKS original anime telling the youth story of seven boys and girls meeting in summer. Protagonist Touko Fukami has the ability to see fragments of the future; her feelings with boy Kakeru Okikura and others intertwine over the summer. The work is known for beautiful visuals and delicate emotional atmosphere; Touko's foresight and confusion about love run through the film, and the youths' worries flow with summer. The anime's visuals are full of summer atmosphere, and the interactions between characters are raw and moving—a youth work with strong literary flavor."
159,primary,en-US,黑执事 马戏团篇,"""Black Butler: Book of Circus"" is a Black Butler anime telling of Ciel and the demon butler Sebastian investigating a mysterious circus. Behind the circus hide dark truths related to Ciel's past; the two maneuver amid splendor and conspiracy. The work is known for Gothic style, conspiracies, and the master-servant relationship; the circus's missing children, human experiments, and other dark settings intertwine with the glorious Victorian background. Sebastian's elegance and power and Ciel's revenge obsession are memorable, and the anime's dark atmosphere and gorgeous visuals complement each other."
160,primary,en-US,日本国有铁道公安队,"""Rail Wars!"" adapts the same-name manga, set in a parallel world where railways are nationalized. Girl You Sakura as a member of the railway police force fights to protect railway order and security. The work features railways, uniforms, and action elements; You grows into a qualified police officer through missions. The anime combines railway culture with character growth; action scenes on trains are fun, and the girls' uniforms and railway settings create a unique atmosphere—a light, brisk work."
161,primary,en-US,女神异闻录4 黄金版,"""Persona 4 The Golden Animation"" adapts the same-name game, telling of transfer student Yu Narukami investigating serial murders in a small town. He and his friends enter the world inside the midnight television, awakening their Persona powers. The work combines mystery, Persona battles, and youthful daily life, full of the unique worldview of the Persona series. Yu and his companions face their own hearts while investigating the truth; the awakening of Personas symbolizes the courage to grow, and the anime's urban legend atmosphere and youthful spirit intertwine—an excellent work among game adaptations."
162,primary,en-US,普通女高中生要做当地偶像,"""Locodol"" adapts the same-name manga, telling the promotional story of two ordinary high school girls chosen as local idols. Nanako Usami and Kana Konoe gradually gain popularity through prefecture events; the work features light idol daily life, local promotion, and comedic elements. The two girls aim to promote their hometown, causing various laughs at school festivals and commercial events; the anime combines regional revitalization with the idol theme in a light, warm atmosphere, showing the cute daily life of local idols."
163,primary,en-US,太空丹迪 第二季,"""Space Dandy"" Season 2 is a sci-fi comedy anime directed by Shinichiro Watanabe, telling the adventures of alien hunter Dandy. Dandy and his partners hunt rare aliens in space; the work unfolds in episodic format, blending parody, homage, and wild imagination with a freewheeling style. Each episode is directed by a different director with varied styles, from hard sci-fi to nonsensical comedy; Dandy's laid-back, scattered personality complements the universe's absurd settings—a work full of creativity and fun."
164,primary,en-US,美妙天堂,"""PriPara"" is an idol anime telling of girls entering the miracle-filled idol theme park PriPara. Manaka Laala and her companions perform as idols in the park; the work features gorgeous stages, cute characters, and a light plot, conveying friendship and dreams. Laala meets many idol friends in PriPara, expressing herself through fashion and song and dance; the anime's stage performances are colorful and childlike, the characters have distinct personalities and warm interactions—a popular girls' idol anime."
165,primary,en-US,搞姬日常,"""Himegoto"" is a cross-dressing comedy short. Hime Arikawa is forced by her sister's debt to join the travesty club of the student council and live in girl's clothing. The work features hilarious cross-dressing daily life, fan-service, and parody; Hime causes various jokes in her cross-dressing life in the student council. The anime has brisk pacing and dense jokes; the student council members' interactions are full of parody and fan-service, and Hime's contrast from resisting to getting used to girl's clothing is hilarious—a stress-relieving comedy short."
166,primary,en-US,刀剑神域 第二季,"""Sword Art Online"" Season 2 adapts the same-name light novel, continuing Kirito's VR world adventures. This season includes the Phantom Bullet arc, where Kirito enters a gun-based world under a pseudonym to investigate deaths, meeting sniper Sinon. The work is known for VRMMO settings, tense battles, and character growth; Kirito's gunfights in GGO are thrilling, and Sinon's growth out of the shadows is moving. The anime weaves virtual and reality, exploring VR's impact on the human mind—an important arc of the Sword Art Online series."
167,primary,en-US,机动战士高达桑,"""Mobile Suit Gundam-san"" is a parody anime of the Gundam series, Q-versioning Gundam characters and unfolding funny daily life. The work features exaggerated performances and Gundam-gag commentary, showing the characters' joyful side away from the battlefield. Classic characters like Amuro and Char are all Q-versioned; their hilarious interactions in daily life are full of homage and gags to the original. The anime has brisk pacing and dense jokes—a light gag work Gundam fans shouldn't miss, and general viewers can enjoy it too."
168,primary,en-US,Fate/kaleid liner 魔法少女☆伊莉雅 2wei!,"""Fate/kaleid liner Prisma Illya 2wei!"" is a spin-off anime of the Fate series, telling of Illya and Miyu becoming magical girls to collect cards. This season adds more characters and battles; Illya faces new enemies after becoming a magical girl. The work features magical girl transformations, Fate worldview, and daily comedy, combining Fate's serious settings with the light magical girl atmosphere; Illya's cuteness and gorgeous battles complement each other, and the anime balances fan-service and passion—a uniquely styled work in the Fate series."
169,primary,en-US,LOVE STAGE!!,"""LOVE STAGE!!"" is a BL anime telling the romance between the manga-loving boy Izumi Sena from a celebrity family and the popular entertainer Ryoma Ichijou. Izumi gradually opens up under Ryoma's pursuit; the work features light sweet BL romance, comedy, and voice actor gags. From an accidental reunion, Ryoma's passionate pursuit and Izumi's tsundere response are full of laughs and heartbeats; the anime's refined character designs and strong romantic atmosphere, showing the two growing in sweet daily life, make it a popular BL anime."
170,primary,en-US,少年好莱坞,"""Shonen Hollywood"" is an idol anime telling the growth of the boy idol group Shonen Hollywood. The five members use a small Tokyo theater as their stage, chasing the dream of becoming top idols. The work features delicate youth ensemble, music, and dream-chasing stories; the members have distinct personalities and dreams, growing step by step on the small theater stage. The anime portrays the idols' struggles and collision with reality from a realistic perspective, and the songs and stage performances are infectious—an idol anime with considerable literary flavor."
171,primary,en-US,东京ESP,"""Tokyo ESP"" adapts the same-name manga. High school girl Rinka Urushiba, who gained superpowers, and her companions fight those who misuse abilities in the city. The work features superpower battles and a city where justice and chaos coexist, unfolding conflicts among ESP users. Rinka awakens from an ordinary girl into a warrior, gradually learning about the world of ability users and conspiracies with her partners; the anime's fight scenes are gorgeous, the superpower settings diverse, and pacing brisk—a standard superpower battle work."
172,primary,en-US,ALDNOAH.ZERO,"""ALDNOAH.ZERO"" is an original robot anime. The war between Mars and Earth erupts due to the overwhelming power of Martian mechs; boy Inaho Kaizuka's wisdom as an ordinary person intertwines with the fate of Martian prince Slaine. The work is known for grand war, intelligence battles, and tragic overtones, with a controversial ending. Inaho counters the overwhelming technological gap with a cool head, and Slaine's struggle between loyalty and ambition is poignant; the anime's refined mech battles and plot full of reversals and shocks make it a highly topical original robot work in recent years."
173,primary,en-US,人生,"""Jinsei"" adapts the same-name light novel. Members of the student counseling department solve school troubles in relay fashion. The work features light comedic daily life, various troubles, and character interactions with a relaxed pace. The members each have distinct personalities, giving various unreliable but funny advice for different troubles; the anime's episodic plot is light and brisk, and the characters' interactions are full of laughs. Beyond the comedy, it also shows students' youthful worries—a school comedy suitable for relaxed viewing."
174,primary,en-US,白银的意志 ARGEVOLLEN,"""Argevollen"" is an original robot anime telling of boys' mech battle stories. Protagonist Tokimune, participating in war piloting a mech, gradually learns the truth about war and peace. The work features sci-fi war, growth, and robot battles; Tokimune's growth on the battlefield and his reflections on war run throughout. The anime's hard mech designs and intense battle scenes, with a plot full of tension around mercenary units and great-power conflicts, make it a solid robot war work."
175,primary,en-US,Free!-Eternal Summer-,"""Free! -Eternal Summer-"" is the second season of the swimming anime Free!. Haru, Makoto, Rin, and Sousuke continue chasing dreams in the high school swimming club; this season centers on the national tournament and graduation choices. The work is known for delicate emotion, passionate swimming races, and youthful bonds; Haru's pursuit of freedom, Rin's struggles, and Sousuke's involvement add tension. The anime's underwater animation is beautiful, and the friendship and rivalry among characters are charming—a sports anime combining beauty and passion."
176,primary,en-US,精灵使的剑舞,"""Blade Dance of Elementalers"" adapts the same-name light novel. Boy Kamito Kazehaya, in a spirit academy with only female elementalists, becomes the only male elementalist and trains with noble girls. The work features spirit summoning, blade dance battles, and harem elements; Kamito gradually shows his strength in the Blade Dance Festival. The anime's refined character designs and gorgeous battles, with interactions full of fan-service and ambiguity between Kamito and the elementalist girls, and novel academy battle and spirit contract settings, make it a light fantasy harem battle series."
177,primary,en-US,幕末摇滚,"""Bakumatsu Rock"" is a music anime set in the late Edo period, where the Shinsengumi and the anti-shogunate faction clash through rock music. Ryoma Sakamoto and others sing their hearts for change with rock; the work combines historical figures with rock music, full of passion and exaggerated performances. The anime turns the late-Edo patriots into rock bands, expressing ideals and resistance through music; the characters have gorgeous designs and passionate performances, the songs have strong beats, balancing parody and passion—a uniquely styled music anime."
178,primary,en-US,修业魔女璐璐萌,"This entry adapts the same-name manga, telling the contract comedy between apprentice witch Lulu and a boy. Lulu is punished for violating rules and forms a strange contract with the boy; the two cause various jokes amid magic and daily life. The work features magical girls, comedic daily life, and warm atmosphere; the contrast between Lulu's airheadedness and the boy's gags, with brisk pacing and dense jokes, shows light daily life under the magic setting—a healing yet fun work."
179,primary,en-US,桃剑,"""Momo Kyun Sword"" adapts the same-name light novel. Based on the Momotaro story, girl Momoko inherits the name of Momotaro and fights the demon clan with her companions. The work features Japanese-style fantasy, cute girl battles, and comedy; Momoko's group grows through adventures. The anime reinterprets the Momotaro legend; the adventures of Momoko and her three partners are full of laughter and battle, the Japanese-style scenes and yokai settings create a unique atmosphere, and the characters' interactions are warm and fun—a light, brisk fantasy adventure work."
180,primary,en-US,向山进发 第二季,"""Encouragement of Climb"" Season 2 is the sequel to the mountaineering anime. Girl Aoi Yukimura and childhood friend Hinata Kuraue, along with friends, challenge various mountains in their daily life. This season adds new characters and richer mountaineering scenes; the work is known for healing daily life, beautiful mountain scenery, and the girls' growth. Aoi's gradual love of mountain climbing from a fear of heights, and the girls' laughter and emotion in the mountains, are healing; the anime's scenery art is beautiful, and the interspersed mountaineering knowledge adds both fun and educational value—a warm daily-life work."
181,primary,en-US,青春之旅,"""Ao Haru Ride"" adapts the same-name shoujo manga. Protagonist Futaba Yoshioka regrets that her first love, Kou Mabuchi, transferred in middle school; after reuniting in high school, the two draw close again. The work is known for delicate school romance, adolescence worries, and a faint melancholy; the emotional entanglement between Futaba and Kou is moving. Futaba disguises herself to avoid being ostracized, while Kou becomes cold due to family changes; the two gradually shed their disguises in the process of reknowing each other. The anime depicts a girl's heart and the bitterness of youth to the fullest—a romance work full of resonance."
182,primary,en-US,斩·赤红之瞳！,"""Akame ga Kill!"" adapts the same-name manga. Boy Tatsumi comes to the capital and joins the assassin group Night Raid, working to overthrow the corrupt empire. The work is known for its dark cruel worldview, tragic ending, and intense battles; the characters' fates are ill-fated and shocking. The Night Raid members each hold beliefs and tragic pasts, sacrificing one after another in the battle against the empire; Tatsumi grows amid blood and tears, and the anime's tragic, tearjerking ending makes it an unforgettable dark passionate work."
183,primary,en-US,生存游戏社,"""Sabagebu! Survival Game Club"" adapts the same-name manga. New student Momoka Sonokawa joins the survival game club and participates in survival game battles under the seniors' guidance. The work combines gun battles, comedy, and fan-service; Momoka gradually reveals her talent in games, and the team's interactions are full of laughs. From tactical briefings to practical drills, the club girls win in unexpected ways; the anime has brisk pacing and dense jokes, combining serious survival games with absurd daily life—a light comedy school comedy."
184,primary,en-US,三坪房间的侵略者！？,"""Invaders of the Rokujouma!?"" adapts the same-name light novel. Boy Kotaro Satomi, in a cheap three-tatami room, welcomes invaders like a ghost, magical girl, and underground people, unfolding a farce over the room. The work features ensemble comedy, fantasy battles, and harem elements; Kotaro's rent life becomes lively due to various invaders. The ghost Clan, magical girl Theia, and others each have goals, and their interactions with Kotaro are full of laughs; the anime gradually unfolds the characters' backstories amid comedic daily life—a light, fun ensemble comedy."
185,primary,en-US,花物语,"""Hanamonogatari"" is part of the Monogatari series, telling the story between Kanbaru Suruga and the mysterious Numachi Rouka. This work focuses on Kanbaru's high school period, around the entanglement of vampires and the sports club. The work continues the series' unique dialogue style and visual expression; it is a side story of the Monogatari series. Kanbaru's past and inner wounds unfold in detailed narration, and the reunion and farewell with Rouka carry the Mono-no-aware unique to the series; the anime's stylized direction and brilliant dialogue are as excellent as ever."
186,primary,en-US,东京喰种,"""Tokyo Ghoul"" adapts the same-name manga. Ghouls who feed on humans lurk in Tokyo; college student Kaneki Ken is transformed into a half-ghoul after an encounter, struggling between human and ghoul. The work is known for its dark oppressive atmosphere, cruel survival struggle, and psychological portrayal; Kaneki's growth and transformation are memorable. Kaneki moves from a timid youth onto a painful path of growing strong; the hatred and tragic cycle between ghouls and humans run throughout. The anime's visuals are impactful—a representative dark work."
187,primary,en-US,STRANGE+ 第二季,"""STRANGE+"" Season 2 continues the first season, continuing the detective agency's absurd daily life. Detective Kyou and his assistants handle various bizarre requests; this season adds more imaginative plots atop the original laughs. The work features rapid-fire gags and parody; the oddballs in the detective agency still handle cases in hilarious ways, the anime's blazing pace and dense jokes present packed comedic bits in extremely short episodes—a light, stress-relieving short anime."
188,primary,en-US,月刊少女野崎君,"""Monthly Girls' Nozaki-kun"" adapts the same-name yonkoma manga. Girl Chiyo Sakura confesses to her crush Umetarou Nozaki, only to discover he is a shoujo manga artist; the two carry out hilarious daily life through manga creation. The work is known for romantic comedy, the shoujo manga creation process, and dense jokes; its anti-trope settings are widely acclaimed. Nozaki's dullness and Chiyo's innocence form gap moe; the various blunders in the manga creation process are hilarious, and the anime plays with shoujo manga tropes—a classic comedy with both laughs and sweetness."
189,primary,en-US,法兰雀丝卡,"""Francesca"" is a regional promotion anime of Fukuoka. Girl Francesca, having lost her memory for some reason, starts a new life in Fukuoka, interacting with local characters. The work is set against Fukuoka's landmarks and specialties, with regional promotion and daily healing overtones. Francesca meets local people on Fukuoka's streets, gradually recovering her memories and self; the anime shows Fukuoka's food, sights, and culture in a light, warm atmosphere—a work with both promotional and healing functions."
190,primary,en-US,东京残响,"""Terror in Resonance"" is an original anime directed by Shinichiro Watanabe. Two boys carry out terrorist attacks in Tokyo, maneuvering against the detective chasing them. The work is known for its tense atmosphere, cold narration, and exploration of social issues, with a calm yet charged style. The two boys' pasts and motives gradually emerge through the investigation; they question society with bomb attacks, and detective Shibazaki's pursuit and the boys' fates intertwine. The anime's soundtrack and visuals are refined—a thought-provoking work."
191,primary,en-US,信长协奏曲,"""Nobunaga Concerto"" adapts the same-name manga, telling of modern high schooler Saburou traveling back to the Warring States period, mistaken for Oda Nobunaga and achieving hegemony in his place. The work is known for historical time-travel, humor, and passion coexisting; Saburou stirs the turbulent era with modern knowledge. Saburou maneuvers with Warring States heroes using modern thinking, and his relationships with Kicho and Hideyoshi are fun; the anime balances historical authenticity with light comedy, and the contrast between Saburou's laid-back kind nature and the cruelty of the era makes it a distinctive Sengoku work."
192,primary,en-US,心理测量者 新编集版,"""Psycho-Pass"" (New Edit ver.) is a re-edited version of Psycho-Pass Season 1, telling of inspector Akane Tsunemori and enforcer Shinya Kogami chasing crimes in a near-future society managed through psychological indices. The work is known for its cyberpunk worldview, philosophical reflection, and tense investigations. In a society where psycho-pass values decide everything, the contrast between Akane's purity and Kogami's struggles, with the duel against genius criminal Shogo Makishima running throughout, is central; the anime's deep exploration of systems, justice, and humanity makes it a classic of sci-fi crime anime."
193,primary,en-US,暗芝居 第二季,"""Yami Shibai"" Season 2 is the sequel to the horror short anime. Using Showa-style paper theater, the work tells various urban legends and ghost stories, each episode centering on a chilling horror tale. The work is known for its nostalgic art style, grotesque plots, and spine-tingling atmosphere. From vengeful spirits and curses to distorted daily life, each story creates a strong sense of horror in just a few minutes, and the paper theater format adds eeriness—a must-see for horror anime fans."
194,primary,en-US,戏剧性谋杀,"""DRAMAtical Murder"" adapts the same-name BL game, telling of boy Aoba in an alternate world drawn into a bloody rally while searching for his memories and the truth. The work features a cyberpunk world, BL elements, and suspense battles; Aoba's relationships with various characters unfold layer by layer. Aoba gradually approaches the truth through interactions with each character; the cruelty of the rally and the city's dark side intertwine. The anime's cold atmosphere and suspenseful plot make it a representative BL game adaptation."
195,primary,en-US,REPLY 滨虎,"""Reply Hamatora"" is the second season of Hamatora, continuing Nice and Murasaki's superpowered detective story. This season deepens the conspiracy of the superpowered organization; Nice and Murasaki face the shadows of their past while pursuing the truth. The work combines episodic mysteries with the main suspense; on Yokohama's streets, the entanglements of ability users gradually surface, and the partnership between Nice and Murasaki grows stronger through trials. The anime's calm atmosphere and tight plot make it a solid urban suspense work."
196,primary,en-US,花舞少女,"""Hanayamata"" adapts the same-name manga, telling of introverted girl Naru Sekiya learning Japanese dance and chasing dreams after meeting the American girl Hana. The work is themed on Japanese dance, girls' friendship, and youthful growth, full of energy and healing. Encouraged by Hana, Naru joins the dance club; her growth from shy and introverted to shining on stage is moving, the anime's dance scenes are graceful, and the girls' mutual support is warm—a youth story full of positive energy."
197,primary,en-US,美少女战士Crystal,"""Sailor Moon Crystal"" is a re-made version of Sailor Moon, faithfully following the original manga. Usagi Tsukino awakens as Sailor Moon, fighting the Dark Kingdom with her companions. The work features gorgeous transformations, girl battles, and the original worldview, with an art style closer to the source material. Usagi grows from a clumsy girl into a sailor soldier protecting love and justice; her bonds with Ami, Makoto, and others, and her romance with Mamoru, intertwine. The anime's transformation scenes are gorgeous, and the sailor soldiers' battles are charming—a new-generation work of the classic magical girl series."
198,primary,en-US,火星异种,"""Terra Formars"" adapts the same-name manga. Cockroaches sent to adapt Mars to Earth's environment evolve into giant brutal aliens; humanity dispatches genetically modified warriors to hunt them. The work is known for brutal battles, tragic sacrifices, and sci-fi settings, with tense life-and-death duels throughout. The expedition members each have genetic abilities and suffer attrition in deadly combat against Martian cockroaches; the anime's gore and despairing atmosphere are memorable—a representative hardcore sci-fi battle work."
199,primary,en-US,偶像活动 第三年,"""Aikatsu!"" Season 3 is a sequel to the idol activity series, telling the idol life of girls at Starlight Academy. This season centers on competitions like the Starlight Queen Cup; Ichigo Hoshimiya keeps challenging herself in idol activities. The work is themed on gorgeous stage performances, fashion, and girls chasing dreams; Ichigo and her friends keep growing on the idol path, meeting new rivals. The anime's song-and-dance scenes are gorgeous and characters cute, full of the sparkle and emotion of the idol world—a classic series of girls' idol anime."
200,primary,en-US,山贼的女儿罗妮娅,"""Ronja, the Robber's Daughter"" adapts Swedish children's literature, telling the friendship between the robber's daughter Ronja and Birk, the son of the rival family. Ronja grows up freely in the mountains, forming a deep bond with Birk amid confrontation and understanding. The work is known for natural scenery, fairy-tale atmosphere, and growth themes; Ronja's adventures are full of childlike innocence and courage, and the anime's fresh art style shows the beauty of the Nordic forest to the fullest. The friendship of the two children transcending family feuds is touching—a fairy tale suitable for family viewing."
201,primary,en-US,寄生兽 生命的准则,"""Parasyte -the maxim-"" adapts the same-name manga. High schooler Shinichi Izumi, parasitized on his right hand, is forced to coexist with the parasite, growing while fighting his own kind and reflecting on human society. The work is known for profound philosophical thinking, tense battles, and exploration of the essence of life. Shinichi and the parasite Migi go from confrontation to fighting side by side, gradually changing through battles against other parasites; the anime deeply explores humanity's ecological niche, the cruelty of life, and coexistence—a classic work combining entertainment and thought."
202,primary,en-US,笑对阴天,"This entry is about three brothers running a prison for executions in Meiji-era Kyoto, drawn into a conspiracy over a cursed sword and the anti-shogunate faction. The work features Japanese-style adventure, brotherly bonds, and yokai battles; the three Hotaru brothers protect justice amid Kyoto's turbulence. The eldest's brightness, the youngest's weakness, and the mysterious nature of the middle brother intertwine as they deal with the cursed sword and late-Edo forces; the anime's Japanese-style atmosphere is rich and battle scenes fluid, with the brothers' bond running throughout—a work full of era flavor."
203,primary,en-US,甘城光辉游乐园,"""Amagi Brilliant Park"" adapts the same-name light novel. High schooler Seiya Kanie is dragged in as the manager of the failing amusement park Amagi, tasked with revitalizing it within a limited time. The work combines management, comedy, and fantasy elements; Seiya struggles in cooperation with the magical world residents. The park's fairy residents each have distinct traits; Seiya solves problems one by one with management smarts and gags. The anime has brisk pacing and dense jokes, showing the team's growth amid comedic daily life—a light, fun work."
204,primary,en-US,高达Reconguista in G,"""Gundam Reconguista in G"" is a Gundam series anime directed by Yoshiyuki Tomino, telling of boy Bellri piloting a Gundam and adventuring with companions in a new era after the Universal Century. The work is known for unique mech designs, a grand worldview, and Tomino-style narration. Bellri, his sister Aida, and the mysterious girl Raraiya are drawn into a conflict over energy and politics; the mech battles have Tomino's characteristic speed, and the plot is jumps yet meaningful—a distinctly styled work of its era."
205,primary,en-US,我，要成为双马尾,"""Gonna be the Twin-Tail!!"" adapts the same-name light novel. High schooler Souji Mitsuka, who loves twintails, transforms into a twintail warrior to fight otherworldly invaders. The work combines transformation, battle, and parody; Souji and his companions protect the love of twintails. Enemies from another world try to eradicate humanity's twintails; Souji and friends fight as twintail warriors. The anime's exaggerated gorgeous battles and wild settings freely switch between passionate combat and comedic gags—a light, enjoyable parody battle series."
206,primary,en-US,早安恋味糕点店,"This is a short anime telling the daily life of pastry school female students and teachers around desserts. The work features dessert-making, romance elements, and a light atmosphere; the girls develop feelings while learning. The anime combines exquisite desserts with the girls' youth, each episode centering on a dessert, with cute art and a warm atmosphere—a light short work with both food and romance."
207,primary,en-US,结城友奈是勇者,"""Yuuki Yuuna wa Yuusha de Aru"" is an original anime telling the battles of the Yuusha Club girls in the Shinju-sama world against the enemy Vertex. The girls gain power through battle but pay heavy prices. The work is known for the stark contrast between daily life and cruelty, tragic fate, and the girls' bonds, bringing tears. The club girls switch between ordinary daily life and brutal battles; the price of power and sacrifice is heartbreaking, and the anime wavers between healing and despair, with an ending of sacrifice and redemption that is highly impactful—one of the most topical original anime in recent years."
208,primary,en-US,白箱,"""SHIROBAKO"" is a P.A.WORKS original anime telling the workplace story of Aoi Miyamori, a new production assistant at the animation studio Musashino Animation, and her colleagues making anime. The work portrays the front and back stages of anime production realistically, full of respect and love for the industry, with a vivid ensemble of characters. From scripts, storyboards, to animation and voice acting, the anime presents every production stage in detail; Aoi and her colleagues struggle through deadlines, breakdowns, and crises. The workplace ensemble and persistence for dreams are moving—a must-see for anime industry professionals and fans."
209,primary,en-US,我家浴缸的二三事,"""Orenchi no Furo Jijou"" is a short anime telling the cohabitation life of boy Tatsumi and the beautiful merman Wakasa. Wakasa's cheekiness and Tatsumi's tsundere form gap moe; the work features light comedy, daily life, and fan-service. The merman Wakasa refuses to leave Tatsumi's bathtub, and their daily life is full of chaos and warmth; the anime has brisk pacing and dense jokes, showing the strange friendship between humans and other species amid laughter—a stress-relieving short anime."
210,primary,en-US,高达创战者TRY,"""Gundam Build Fighters Try"" is the sequel to Gundam Build Fighters, telling the new story of Sekai Kamiki and friends battling with Gunpla. This season centers on three-on-three team battles; Sekai teams up with Yuuma Kousaka and Fumina Hoshino, growing through the Gunpla Battle tournament. The work features passionate battles and character bonds; the trio's teamwork and personal conflicts intertwine. The anime's battle scenes are gorgeous and full of homage to the Gundam series—a youthful work in the Gundam theme."
211,primary,en-US,天体的秩序,"""Sora no Method"" is an original anime telling the story between girls in the disc-shaped city and the mysterious disc and its power. Naoki Hisaya's plot revolves around wishes and their price; the girls' friendship and the truth of the disc unfold layer by layer, with a gentle yet faintly melancholy atmosphere. The past and present of the seven girls in the disc city intertwine; the price of wishes and the promise of reunion run throughout. The anime's fresh visuals and delicate emotions make it a work full of warmth and feeling."
212,primary,en-US,电器街的漫画店,"""Denki-gai no Honya-san"" adapts the same-name manga, telling the daily life of employees at an electronics district manga shop. Boy Hio and the distinctly quirky employees cause various jokes in their workplace; the work features otaku culture, comedy, and workplace daily life. From restocking and checkout to interactions with otaku customers, the manga shop work is full of ACG gags and laughs, and the employees each have charm points; the anime has brisk pacing and dense gags—a light workplace comedy full of otaku culture."
213,primary,en-US,寻找失去的未来,"""Ushinawareta Mirai wo Motomete"" adapts the same-name game. A sci-fi romance story in a modern school, where the protagonists return to the past to prevent a future tragedy. The work weaves time travel, mystery, and romance, centered on memories and choices of the future. The protagonists gradually learn the truth about the future while investigating the school's strange events, returning to the past again and again to change fate; the anime's plot layers forward, and the combination of romance and sci-fi is charming—a work with both suspense and emotion."
214,primary,en-US,棺姬嘉依卡 复仇之战,"""Chaika: Avenging Battle"" continues Tooru's group's adventures. This season, the battle over Chaika's legacy fully erupts; Tooru and Chaika are drawn into a grand conspiracy involving the empire, forbidden books, and the dragon tribe. The work features fantasy adventure, passionate battles, and mysteries unfolding layer by layer; Chaika's true identity, the empire's ambition, and the partners' bonds intertwine. The anime's adventurous atmosphere is rich and battle scenes fluid, and Season 2's plot is grander—a work full of mystery and passion."
215,primary,en-US,Fate/stay night [Unlimited Blade Works],"""Fate/stay night [Unlimited Blade Works]"" adapts the same-name game, telling of the Holy Grail War. Magus Shirou Emiya and Servants like Saber and Archer participate in the battle for the Grail; this work centers on the Rin route, focusing on Shirou's ideals and Archer's truth. The work is known for gorgeous battles, a grand worldview, and profound themes; the strong contrast between Shirou's idealism and Archer's disillusionment is central. Produced by ufotable, the battle scenes are industry-leading—a peak work of the Fate series."
216,primary,en-US,虫师 续章 第2部分,"""Mushishi: Zoku Shou"" Part 2 is the second part of the Mushishi sequel; Ginko continues helping people troubled by mushi on his travels. The work unfolds in episodic format, continuing the tranquil style and profound philosophy; each episode is like a short poem about life and nature. Ginko intervenes as a bystander in various events; the mushi settings symbolize human obsession and natural laws. The anime's calm beautiful visuals and ethereal soundtrack contain deep reflection within quiet narration—a philosophical work worth savoring repeatedly."
217,primary,en-US,狼少女与黑王子,"""Wolf Girl & Black Prince"" adapts the same-name manga. Vain girl Erika Shinohara lies about having a boyfriend and is blackmailed by the sadistic Kyouya Sata into playing a fake boyfriend. The two gradually develop real feelings through fake dating; the work features romantic comedy, gap moe, and delicate emotions. The contrast between Erika's disguise and Kyouya's sadism is fun, and their relationship deepens through mutual probing; the anime depicts a girl's conflicted heart and the sweetness of love in detail—a romantic comedy full of heartbeats."
218,primary,en-US,CROSS ANGE 天使与龙的轮舞,"""Cross Ange: Rondo of Angel and Dragon"" is an original robot anime. Noble princess Ange awakens as a witch who can pilot mechs, is exiled, joins a prison unit, and fights dragons and societal prejudice. The work is known for its grand worldview, starkly contrasting plot, and passionate battles, with moving character growth. Ange falls from an arrogant princess into a prison unit, then rises again in desperate circumstances; the truth about the dragons and human society's discrimination intertwine. The anime's plot is full of twists and battle scenes gorgeous—a work full of impact."
219,primary,en-US,魔弹之王与战姫,"""Lord Marksman and Vanadis"" adapts the same-name light novel. Boy Tigre meets the Vanadis Eleonora in a battle and is drawn into war between great powers. The work features fantasy war, the Vanadis' powers, and romantic adventure; Tigre gradually grows into a hero amid war. Tigre's archery combined with the Vanadis' superhuman power shows bravery and wisdom in the flames of war; the anime's grand war scenes and romantic character interactions make it a fantasy work full of passion and adventure."
220,primary,en-US,选择扩散者WIXOSS,"""selector spread WIXOSS"" is the sequel to selector infected WIXOSS, telling of Ruuko and other girls continuing WIXOSS card battles. This season deeply reveals the fate of selectors and the girls' wishes; the work is known for its dark reversal plot, psychological games, and sense of fate. Ruuko's questioning of WIXOSS's essence in battle and the price behind the girls' wishes intertwine; the anime continues the previous work's dark atmosphere with constant reversals and a stunning ending—a uniquely dark masterpiece in card anime."
221,primary,en-US,晨曦公主,"""Akatsuki no Yona"" adapts the same-name manga. Princess Yona of Kouka, after her father is murdered, flees with her childhood friend Hak, embarking on a journey to find the Four Dragon Warriors and restore the kingdom. The work is known for adventure, growth, and the girl's awakening; Yona gradually grows from a frail princess into a strong woman. Yona hones archery during the flight and gathers companions; her dealings with the Four Dragon Warriors and various factions are adventurous, the anime's fantasy settings and character growth are moving, and Yona's transformation is admirable—a work full of power and warmth."
222,primary,en-US,巴哈姆特之怒 GENESIS,"""Rage of Bahamut: Genesis"" is a fantasy anime produced by Cygames. In a world after the war between gods and demons, the fleeing mage Amira meets bounty hunter Favaro and is drawn into the crisis of Bahamut's revival. The work is known for refined visuals, a grand fantasy worldview, and adventure stories. The interactions between Favaro and Amira during the chase and the undercurrents of gods and demons intertwine; the anime's production quality is extremely high, the worldview vast, and the plot unfolds between adventure and conspiracy—a luxurious work among game adaptations."
223,primary,en-US,灰色的果实,"""Grisaia no Kajitsu"" adapts the same-name game. Boy Yuuji Kazami transfers to an academy with only five girls, gradually learning about each of their pasts. The work is known for its dark atmosphere, psychological portrayal, and healing ending, centered on the girls' wounds and redemption. The five girls each carry heavy pasts; Yuuji also reveals his own secrets in the process of understanding them. The anime's oppressive atmosphere and delicate psychological depiction, with a moving ending of redemption and warmth, make it a work combining darkness and healing."
224,primary,en-US,七大罪,"""The Seven Deadly Sins"" adapts the same-name manga. Princess Elizabeth of the kingdom searches for the legendary knight order Seven Deadly Sins, meeting their leader Meliodas. The work is known for fantasy adventure, passionate battles, and bonds between partners; the Sins each have distinct personalities, and the story unfolds around the kingdom's crisis and Meliodas's past. Meliodas and Elizabeth's bond, the Sins' loyalty, and the kingdom's conspiracies intertwine; the anime's gorgeous battles and grand worldview, full of laughs and warmth beyond passionate combat, make it a classic of fantasy adventure."
225,primary,en-US,魔术快斗1412,"""Magic Kaito 1412"" is an anime of the Phantom Thief Kid series, telling of high schooler Kaito Kuroba inheriting his father's identity as Phantom Thief Kid and conducting magic thefts around the world. The work features gorgeous magic, Kid's dashing performances, and romantic comedy; Kaito pursues the truth about his father. Kaito switches between Phantom Thief Kid and ordinary student; his interactions with Aoko and duels with police are fun, and the anime's magic performances are gorgeous and fluid, showing Kid's gentlemanly charm to the fullest—a dedicated work for the classic character Phantom Thief Kid."
226,primary,en-US,境界触发者,"""World Trigger"" adapts the same-name manga. Otherworldly Neighbors invade Earth; to counter the threat, the domestic organization Border trains combatants. Boy Yuma Kuga and Osamu Mikumo join Border, growing through battle. The work is known for tactical battles, teamwork, and a rigorous worldview; Yuma and Osamu gradually stand out in Border's team battles. The anime's tactical design is rigorous and teamwork portrayal detailed, with many distinct characters—a battle work emphasizing strategy and team coordination."
227,primary,en-US,牙狼 炎之刻印,"""Garo: Honoo no Kokuin"" is a Garo series anime telling of Madou Knights fighting to protect humans from the demons Horrors. Knight Leon carries his father's will, growing amid conspiracies and darkness. The work is known for refined 3DCG, gorgeous battles, and a dark fantasy atmosphere; the bond between Leon and the Golden Knight and battles against Horrors are impressive. The anime's outstanding visuals bring out the armor and monster designs of the Garo series to the fullest, exploring themes of protection and sacrifice within a dark tone—a masterpiece of tokusatsu-derived anime."
228,primary,en-US,银仙,"""Gugure! Kokkuri-san"" adapts the same-name manga. A fox spirit calling himself Kokkuri-san is summoned by the airheaded girl Kohina Ichimatsu and then lives with her, taking care of her daily needs. The work features daily comedy, gags, and a warm atmosphere; the contrast between Kokkuri's fussy caretaker image and the girl's airheadedness is fun. Kokkuri causes various jokes while taking care of Kohina; the anime has brisk pacing and dense jokes, showing the two protagonists' strange bond and warmth beyond the laughter—a light, healing daily work."
229,primary,en-US,飙速宅男 GRANDE ROAD,"""Yowamushi Pedal: Grande Road"" is the second season of Yowamushi Pedal; Sakamichi Onoda and Sohoku High's cycling club continue competing in the high school league. This season centers on the fierce clash with Hakone Academy; the team undergoes trials in climbing, sprinting, and teamwork. The work is known for passionate races and character growth; the mountain battles between Sohoku and Hakone are thrilling, and Onoda's climbing ability and teammates' coordination make viewers' blood boil. The anime depicts road cycling races in meticulous detail—a sports anime that keeps viewers holding their breath."
230,primary,en-US,心理测量者2,"""Psycho-Pass 2"" is the second season of Psycho-Pass, telling of new inspector Akane Tsunemori continuing to fight crime after losing her companion. This season introduces a new enforcer and an opposing enemy, centering on collective psychology and systemic criticism. The work continues the cyberpunk worldview and philosophical reflection; Akane's persistence between system and justice, the new enemy's schemes, and the analysis of collective crime run throughout. The anime's oppressive atmosphere and profound thought, with sharper criticism of the psycho-pass system, make it an exemplary sequel of sci-fi crime anime."
231,primary,en-US,记录的地平线 第二季,"""Log Horizon"" Season 2 continues the first season; Shiroe and the Log Horizon guild continue exploring in the Elder Tale world. This season centers on production, battles, and guild warfare; Shiroe maneuvers among various factions with strategy. The work features strategy, management, and MMO adventure; Shiroe's cool-headed mind games, guild management, and large-scale battles are highlights. The anime's faithful depiction of the MMO world and vivid ensemble portrayal make it a work emphasizing strategy and intelligence in MMO anime."
232,primary,en-US,四月是你的谎言,"""Your Lie in April"" adapts the same-name manga. After losing his ability to play the piano, pianist Kousei Arima meets the free-spirited violinist Kaori Miyazono, and the two redeem each other through music. The work is known for music, youth, and tearjerking narration; Kaori's secret and Kousei's rebirth moved countless viewers. Kousei rediscovers the joy of piano through duets with Kaori; the contrast between Kaori's liveliness and hidden sorrow is strong. The anime's performance scenes are moving and the soundtrack beautiful, and the ending's farewell brings tears—universally recognized as a tearjerking masterpiece."
233,primary,en-US,临时女友,"""Girl Friend Beta"" adapts the same-name game, telling the daily life of girls at Seiou Academy. The work presents the life fragments of many female characters in episodic format, centered on friendship, club activities, and youth. The anime features a fresh style and cute characters; the many appearing girls each have distinct personalities, and everything from daily trivia to school events is warm. The work has a slow pace and healing atmosphere, showing the girls' ordinary yet shining school life—suitable for viewers who like light daily life."
234,primary,en-US,七人魔法使,"""Trinity Seven"" adapts the same-name light novel. Boy Arata Kasuga, after meeting a magic user girl, is drawn into the Demon Lord revival conspiracy and enters a magic academy as a chosen one candidate. The work features magic battles, harem elements, and passionate narration; Arata's growth and battles at the academy are highlights. The anime combines magic academy settings with harem interactions; Arata's awakening and the Demon Lord cult's conspiracy intertwine, with gorgeous battles and ample fan-service—a light, enjoyable fantasy battle series."
235,primary,en-US,日常系的异能战斗,"""Inou-Battle wa Nichijou-kei no Naka de"" adapts the same-name light novel. Members of the literary club suddenly awaken superpowers, but without actual crises, they can only use them in daily life. The work features gags, contrast, and deconstruction of the superpower theme; it unfolds comedic daily life under the pretense of ability battles. The protagonists' superpowers are powerful yet useless, and various absurd daily conflicts are full of laughs; the anime's exaggerated performances and dense gags completely turn the serious superpower theme comedic—a uniquely creative comedy work."
236,primary,en-US,怪盗Joker,"""Mysterious Joker"" adapts the same-name manga, telling of boy phantom thief Joker stealing treasures around the world, battling rivals and police. The work features gorgeous magic, exaggerated performances, and episodic adventures; the adventures of Joker and his partner Hachi are fun. Joker's theft plans are always unexpected and imaginative; the anime's vivid performances and brisk pacing show Joker's wit and charm through adventures—a boy's adventure work suitable for family viewing."
237,primary,en-US,大图书馆的牧羊人,"""Daitoshokan no Hitsujikai"" adapts the same-name game. Boy Kyou Kakei meets Tsumugi Shirasaki and joins the library club, helping students in trouble. The work features school romance, a library, and youthful daily life, centered on the girls' dreams and the Shepherd legend. The library club members grow through helping others; the interactions between Kyou and Tsumugi are warm, and the anime's tranquil healing atmosphere explores dreams and choices against the library backdrop—a healing school work."
238,primary,en-US,爱·天地无用！,"""Ai Tenchi Muyo!"" is a short installment of the Tenchi Muyo series, continuing the daily life of Tenchi and the people around him. The work features Q-version characters, light comedy, and classic harem settings, parodying and reviewing the original. The Q-version interactions of Tenchi and the many characters are full of charm and laughs; the anime presents light daily life in extremely short episodes—a fan-oriented light work of the Tenchi Muyo series, suitable for relaxed viewing."
239,primary,en-US,关于完全听不懂老公在说什么的事,"""Danna ga Nani wo Itteiru ka Wakaranai Ken"" adapts a yonkoma manga, telling the daily life of an otaku husband and an ordinary wife. The wife cannot understand the husband's otaku speech; the two understand each other amid laughter. The work features short-form gags, a warm atmosphere, and otaku culture references. The anime comments from the wife's perspective on the husband's otaku behavior, from anime, games, to doujinshi, full of ACG gags and laughs; beyond the comedy, it shows the understanding and warmth between the couple—a light, healing daily work."
240,primary,en-US,BUDDY COMPLEX 完结篇 -回到那片天空的未来-,"""Buddy Complex: Into the Skies of the Future"" is the finale of Buddy Complex, telling the final story of Aoba Watase and Hina Yumihara. Aoba makes a choice amid the truth of time jumps, and the bond of the two across time reaches its conclusion. The work is known for robot battles and a moving ending; the fates of Aoba and Hina intertwine in time paradoxes. The anime's ending is full of warmth and shock, drawing a satisfying conclusion for the time-crossing pair—a moving finale among robot anime."
241,primary,en-US,凭物语,"""Tsukimonogatari"" is part of the Monogatari series, telling of Koyomi Araragi facing a new oddity crisis after losing the protection of Yozuru Kagenui. This work focuses on Yotsugi's past; Araragi proceeds without being able to rely on vampire power. The work continues the series' unique dialogue and visual style; Yotsugi's existence and origin unfold in detailed narration, and Araragi's dealings with oddities carry the Monogatari series' signature. The anime's stylized direction and brilliant dialogue are as excellent as ever—a wonderful chapter of the Monogatari series."
242,primary,en-US,侦探歌剧 少女福尔摩斯 TD,"""Tantei Opera Milky Holmes TD"" is a Milky Holmes series anime telling of detective girls fighting the Phantom Thief Empire. The four girls show comedy and reasoning in their daily life and adventures at Milky Holmes Academy; the work features cute characters, parody, and a light atmosphere. The girls' reasoning always causes various blunders, and the Phantom Thief Empire's appearances bring endless laughs; the anime has brisk pacing and cute characters—a light comedic detective comedy."
243,primary,en-US,绝对双刃,"""Absolute Duo"" adapts the same-name light novel. Boy Tooru Kokonoe enters Goryoukan Academy, which uses superpower tools, fighting with Absolute Duo abilities. The work features academy battles, harem elements, and passionate duels; Tooru gradually uncovers the world's truth through battle. The interactions between Tooru and girls like Julie and Eru are full of fan-service and ambiguity, and the ranking battles within the academy and duels against strong enemies are passionate; the anime's refined character designs and fluid battle scenes make it a standard light-novel academy battle series."
244,primary,en-US,大家集合！Falcom学园 2期,"""Minna Atsumare! Falcom Gakuen"" Season 2 continues the first season; the parody daily life of Falcom game characters at the academy continues. Characters from Trails, Ys, and other works gather, creating laughs through contrast and gags; the work is full of homage and commentary on Falcom works. The Q-version interactions of characters like Rean and Estelle are full of charm; the anime presents dense comedic bits in extremely short episodes—a light work Falcom fans shouldn't miss."
245,primary,en-US,Doamaiger D,"""Doamaiger D"" is a short anime telling of the battles of the giant robot Doamaiger D. A mysterious giant doll and its operators clash in Tokyo; the work features hyper-expanded plots, psychedelic direction, and absurd comedy. The anime's nonsensical plot and unique directing style mix a large amount of parody into a serious robot setting, with blazing pace and wild imagination—an experimental comedic work full of psychedelic style."
246,primary,en-US,百合熊风暴,"""Yuri Kuma Arashi"" is an original anime directed by Kunihiko Ikuhara. In a world of opposition between humans and bears, girl Kureha and the bear girl Ginko develop a friendship transcending species. The work is known for Ikuhara-style symbolism, abstract direction, and fairy-tale atmosphere, exploring love, loneliness, and understanding. The rift between humans and bears and the bond between Kureha and Ginko unfold in Ikuhara's unique narration; the anime's vivid colors and highly impactful direction, with much room for interpretation in the ending, make it a uniquely styled artistic work."
247,primary,en-US,元气少女缘结神◎,"""Kamisama Kiss"" Season 2, titled ""Kamisama Hajimemashita."" After becoming a land god, high school girl Nanami Momozono lives with the familiar Tomoe; this season centers on the familiar's past and Nanami's growth. The work features romance, Japanese-style mythology, and warm daily life; the arc of Tomoe's past is moving, and Nanami's wavering between familiar and girl is full of sweetness and bitterness. The anime's beautiful Japanese-style atmosphere and the sugar-heavy interactions between Tomoe and Nanami make it a classic romance work."
248,primary,en-US,美男高校地球防卫部LOVE！,"""Binan Koukou Chikyuu Boueibu LOVE!"" is an original gag anime. Male students of a handsome boys' high school are chosen by aliens to transform into Earth Defense Club members and fight evil forces. The work features handsome boys, transformation, comedy, and parody, packaging a boy transformation theme with shoujo anime art style. The exaggerated gorgeous transformation scenes of the boys strongly contrast with the serious alien premise; the anime's direction is full of parody spirit with dense jokes—a highly creative comedic work."
249,primary,en-US,军人少女,"This adapts a manga telling the daily life of military girls. The work combines military themes with comedic daily life; the girls engage in various absurd interactions around military knowledge, compact and full of gags. From gun knowledge to military tactics, the girls show the daily life of military enthusiasts in a funny way; the anime has brisk pacing and dense jokes—a light, stress-relieving military-themed short anime."
250,primary,en-US,舰队Collection,"""Kantai Collection"" adapts the same-name game, telling of ship girls fighting the Abyssal Fleet. Girls like Fubuki live and fight at the naval base; the work features anthropomorphized ships, battles, and healing daily life; the ship girls' designs and bonds are highlights. Fubuki's growth from a novice destroyer into a reliable warrior, the naval base girls' warm daily life, and battles against the Abyssal Fleet intertwine; the anime brings the anthropomorphized ship setting to the fullest—a representative ship girl work."
251,primary,en-US,新妹魔王的契约者,"""Shinmai Maou no Testament"" adapts the same-name light novel. After his father suddenly remarries, boy Toujou Basara gains two demon princess stepsisters and is forced into a master-servant contract with them. Taking care of these willful stepsisters drags him into demon clan conflicts, and his inner demon blood gradually awakens. The work combines fan-service, passionate battle, and harem elements; the daily interactions between Basara and Mio and Maria are full of gags and ambiguity, and the battle scenes are fiery—a typical light-novel school battle harem anime."
252,primary,en-US,血型君2,"""Ketsuekigata-kun 2"" is the second season of the blood-type series, unfolding comedic daily life with anthropomorphized A, B, O, and AB blood-type characters. The work generates laughs through the personality differences of the blood-type boys, exaggerating each blood type's traits so viewers can learn blood-type knowledge with a knowing smile. The animation is simple and cute, short and punchy; each episode revolves around a daily topic with rapid-fire gags and brisk pacing—a stress-relieving short anime."
253,primary,en-US,PUNKISS！2次元,"""PUNKISS! 2-jigen"" is a short gag anime telling the hilarious daily life of protagonists discussing 2-D topics. The work focuses on otaku culture such as voice actors, anime, and games, with the characters earnestly discussing various otaku topics full of memes and snark. The animation is fast-paced with dense jokes, vividly depicting otaku daily life—a light comedy short for otaku."
254,primary,en-US,东京喰种√A,"""Tokyo Ghoul Root A"" is the second season of Tokyo Ghoul, telling the story of Kaneki Ken after joining Aogiri. Kaneki struggles between ghoul and human, gradually turning darker, while his relationships with Touka, Shuu, and others change. The work continues the previous season's oppressive atmosphere with crueler battles; Kaneki's transformation and the conflicts among ghoul organizations intertwine, and the tragic ending leaves viewers sighing over Kaneki's fate."
255,primary,en-US,路人女主的养成方法,"""Saekano: How to Raise a Boring Girlfriend"" adapts the same-name light novel. Otaku boy Tomoya Aki decides to make a bishoujo game, and after meeting the girl Megumi Kato by chance he makes her the heroine, struggling alongside the senpai Utaha Kasumigaoka and childhood friend Eriri Spencer Sawamura to create the game. The work is themed on otaku culture, romantic comedy, and game production; the interactions between Tomoya and the charming heroines are full of gags and heartbeats, with vivid ensemble portrayal during production—a representative light-novel romantic comedy."
256,primary,en-US,幸腹涂鸦,"""Koufuku Graffiti"" adapts the same-name manga. After her grandmother passes away, high school girl Ryou Machiko lives alone and is emotionally scarred by her grandmother's cooking, but meeting the girl Kiriya reignites her love of food. The work is themed on food and the girls' daily life; each episode revolves around delicious dishes, and the mealtime moments of Ryou, Kiriya, Shiina, and friends are warm and healing. The anime depicts food exquisitely and appetizingly with a warm, bright atmosphere—a healing work that whets the appetite."
257,primary,en-US,铳皇无尽的法夫纳,"""Juou Mujin no Fafnir"" adapts the same-name light novel. In a world threatened by dragons, girls awaken as D with dragon power and train at an academy. Boy Yuu Mononobe enters the academy as the only male D, fighting the dragon threat with the girls. The work features academy battles, dragon power, and harem elements; Yuu shows his strength in battle after battle, and his interactions with the heroines are full of fan-service and ambiguity—a standard light-novel battle harem anime."
258,primary,en-US,苍穹之法芙娜 EXODUS,"""Fafner EXODUS"" is a sequel in the Fafner series, telling of humanity piloting Fafner mechs to fight the otherworldly Festum. The boys and girls fight and sacrifice on the brutal battlefield to protect their comrades and homeland. The work is known for tragic war, profound exploration of life and death, and character bonds; the second-generation pilots' growth is moving, the mech battle scenes are refined, and the atmosphere is heavy yet touching—a classic of hardcore sci-fi anime."
259,primary,en-US,偶像大师 灰姑娘女孩,"""The IDOLM@STER Cinderella Girls"" is an idol series anime telling the story of girls becoming idols in the Cinderella Project launched by 346 Production. Heroine Uzuki Shimamura and girls like Rin Shibuya and Mio Honda keep growing on the idol path; the work features ensemble portrayal, music, and dream-chasing stories. The Cinderella Girls each have distinct personalities, and their journey from auditions to the stage is full of sweat and emotion. The anime's song-and-dance scenes are gorgeous and characters delicately portrayed—an excellent idol anime."
260,primary,en-US,JOJO的奇妙冒险 星尘斗士 埃及篇,"""JoJo's Bizarre Adventure: Stardust Crusaders - Egypt Arc"" is the latter half of the series' third part, as Jotaro and his group clash fiercely with DIO's subordinates on their way to Egypt. This season's Stand battles are even more brilliant; from the fateful final duel with DIO to the various bizarre Stand abilities, it is full of mind games and passion. The sacrifices and courage of Jotaro, Kakyoin, Polnareff, and others are moving, and the final showdown with DIO is a classic chapter etched into history."
261,primary,en-US,死亡游行,"""Death Parade"" is an original anime telling of the mysterious bar Quindecim, where the dead are asked to play games that reveal their true natures in life. Bartender Decim and the mysterious girl Chiyuki observe and judge these souls; the work is themed on humanity, life and death, and good and evil, each episode revealing a dead person's life and choices through games. The anime's atmosphere is heavy and profound, and its exploration of life and death is thought-provoking—a work of great intellectual depth."
262,primary,en-US,暗杀教室,"""Assassination Classroom"" adapts the same-name manga. The mysterious creature called Koro-sensei becomes the homeroom teacher of Class 3-E and threatens to destroy Earth in a year; the students must assassinate him within that time. The work is themed on school, comedy, and passion; Class 3-E's students grow through assassination training, and the bond between Koro-sensei and his students is moving. The anime skillfully combines hilarity and warmth, Koro-sensei is an unforgettable character—a work full of educational meaning and emotion."
263,primary,en-US,无头骑士异闻录×2 承,"""Durarara!!x2 Shou"" is a sequel in the Durarara!! series, telling a new chapter of Ikebukuro's urban legends. This season adds new characters atop the original cast, with events around the head, demonic sword, and all kinds of oddballs constantly unfolding, and the ensemble narration is as brilliant as ever. The anime uses multi-line parallel narration to weave Ikebukuro's chaotic daily life with conspiracies, with tight pacing and constant reversals—a classic of urban ensemble drama."
264,primary,en-US,ALDNOAH.ZERO 第二季,"""ALDNOAH.ZERO"" Season 2 continues the first season, telling the fates of Inaho and Slaine in the war between Mars and Earth. This season further develops Inaho's relationship with Princess Asseylum and Slaine's ambition, with the truth of the war gradually revealed. The work is known for grand war scenes, mind games, and tragic overtones; the ending's reversal is shocking, and Inaho's calmness and Slaine's obsession run throughout—an impactful original robot work."
265,primary,en-US,DOG DAYS'',"""DOG DAYS''"" is a DOG DAYS series anime telling of boy Shinku summoned to the otherworldly nation Biscotti as a hero participating in sports competitions between nations. The work features fantasy, competition, and a light atmosphere; Shinku clashes with warriors of various nations in matches, and his interactions with the princesses are warm. The battles are presented as sports with no death or bloodshed, bright and cheerful—a light work suitable for all ages."
266,primary,en-US,旋转少女,"""The Rolling Girls"" is an original anime telling the road trip of girls to protect world peace in a fictional Kanto. Protagonist Nozomi Moritomo and her partners set out on a journey; the work features road-movie, ensemble, and nonsensical comedy. The girls encounter all kinds of odd people and events on the way, with a unique art style and bold direction. The anime switches between comedy and seriousness, full of period flavor and imagination—a distinctly styled original work."
267,primary,en-US,黑子的篮球 第三季,"""Kuroko's Basketball"" Season 3 is the series' final season, as Seirin High's basketball team faces the strongest Rakuzan in the national tournament. This season Ryouta... Akashi's imperial power is fully displayed, and the final showdown between Kuroko and Kagami is gripping. The work is known for passionate matches and character growth; all of the Generation of Miracles assemble, every match full of tactics and passion, and Kuroko and Kagami's eruption in the final duel makes viewers' blood boil—a satisfying conclusion to the series."
268,primary,en-US,夜之小双侠,"""Yoru no Yatterman"" is a follow-up in the Yatterman series, centering on the descendants of the villains Yatterman. To stop the plutocratic clan that steals the world's treasures for fun, the boys who inherit the Yatterman name take action. The work is themed on mech battles, comedy, and revenge, with gorgeous art and exaggerated performances; paying homage to the classics while adding a new story, full of tension and reversals—a unique mech anime."
269,primary,en-US,纯洁的玛利亚,"""Maria the Virgin Witch"" adapts the same-name manga, telling of Maria, a witch with great magic in medieval France who protects her village's peace in her own way. Maria uses magic to stop war, making her a target of the church and angels. The work is themed on witches, war, and faith; Maria's choices between good and evil are full of deliberation, the art is classical and beautiful, and the depiction of medieval history is detailed—a work combining fantasy and thought."
270,primary,en-US,圣剑使的禁咒咏唱,"""Seiken Tsukai no World Break"" adapts the same-name light novel. Boy Moroha Haimura, bearing memories of a past life, enters an academy after reincarnation and becomes a holy sword user with a double past life. The work features academy battles, forbidden spells, and harem elements; Moroha gradually reveals his strength in battles against magic-department students, and his interactions with the heroines are full of fan-service. The anime's battle scenes are gorgeous and settings novel—a typical light-novel school battle harem anime."
271,primary,en-US,战国无双,"""Samurai Warriors"" adapts the same-name game, telling the battles of Sengoku generals on the road to unification. Generals like Yukimura Sanada and Mitsuhide Akechi each hold beliefs and pour their passion into the battlefield. The work features gorgeous action scenes and a general ensemble; the Musou-style battle performances are exhilarating, and the bonds and fates of the generals intertwine. The anime plays out the generals' hero tales within a historical framework—a passionate work among game adaptations."
272,primary,en-US,美少女战士Crystal 第二季,"""Sailor Moon Crystal"" Season 2 continues the first season, as Usagi Tsukino and her companions fight new enemies. In this season's Black Moon arc, enemies from the future invade, and the fates of the Sailor Soldiers and Chibiusa intertwine. The work faithfully follows the original manga with gorgeous transformation and battle scenes; Usagi keeps growing in the battle to protect love and justice—a faithful reproduction of the classic magical girl series."
273,primary,en-US,伊斯卡,"""Isuca"" is a short anime telling the adventures of boy Isuca in a wondrous world. The work features fantasy settings and a unique art style; Isuca encounters all kinds of strange events on his travels, and the story is short yet imaginative. The anime has a light, mysterious atmosphere and highly recognizable art—a short work full of artistic flavor."
274,primary,en-US,Go! Princess 光之美少女,"""Go! Princess PreCure"" is a Pretty Cure series anime telling of three girls transforming into Pretty Cures to fight enemies who try to steal people's dreams. The work is themed on princesses, dreams, and magic; girls like Haruno Haruka protect everyone's dreams in battle, with gorgeous costume and battle scenes. The anime balances passionate battle with warm daily life, conveying the power of dreams and friendship—an excellent girls' magical girl anime."
275,primary,en-US,动画心疗系,"""Anime de Wakaru Shinryounaika"" is a short anime themed on psychological treatment, popularizing mental health knowledge in a funny way. The protagonist and nurses explain various psychological symptoms with exaggerated performances; the work features parody, education, and absurdity, conveying mental health common sense amid laughter. The anime is short with dense jokes, presenting serious psychological topics in a light way—both entertaining and educational."
276,primary,en-US,关于完全听不懂老公在说什么的事 第二季,"""Danna ga Nani wo Itteiru ka Wakaranai Ken"" Season 2 continues the first season, telling the daily life of an otaku husband and an ordinary wife. The wife still cannot understand her husband's otaku speech; the two understand each other amid laughter, and this season adds new life chapters like pregnancy. The work features short-form gags, a warm atmosphere, and otaku culture references, showing the understanding and warmth between the couple amid comedy—a light, healing daily work."
277,primary,en-US,我的青春恋爱物语果然有问题 续,"""My Teen Romantic Comedy SNAFU TOO!"" is the series' second season. Hachiman Hikigaya's relationships with Yukino Yukinoshita, Yui Yuigahama, and others undergo profound changes through the Service Club's activities. This season revolves around the cultural festival, requests, and the complex feelings among the three; Hachiman's self-sacrificing way of solving problems sparks more thought. The work is known for delicate psychological portrayal and profound exploration of youth; the characters' inner monologues and entanglements are memorable."
278,primary,en-US,灵感少女！,"""Re-Kan!"" adapts the same-name manga. High school girl Hibiki Amami can see ghosts, which makes her treated as a chuunibyou. She gradually grows through her daily life with ghosts and friends; the work features ghosts, comedy, and daily life, and the interactions between Hibiki and kind ghosts are warm and funny. The anime has cute art and a light atmosphere, showing the girl's growth amid light comedy—a healing daily work."
279,primary,en-US,魔法少女奈叶ViVid,"""Mahou Shoujo Lyrical Nanoha ViVid"" is a Nanoha series anime telling the growth of Nanoha's daughter Vivio. Vivio trains hard to compete in a martial arts tournament, growing through competition with friends. The work is themed on magical girl battles, competition, and family love; the bond between Vivio and her mother Nanoha and the duels with companions are full of passion and warmth, with gorgeous battle scenes—an important chapter of the magical girl series."
280,primary,en-US,在地下城寻求邂逅是否搞错了什么,"""Is It Wrong to Try to Pick Up Girls in a Dungeon?"" adapts the same-name light novel. Boy Bell Cranel keeps challenging the dungeon to grow stronger in the adventurer's guild of the labyrinth city Orario. He encounters powerful monsters and a mysterious girl deep in the dungeon, gradually uncovering its secrets. The work features dungeon exploration, adventure, and passionate battle; Bell's growth and adventures are full of charm, and the battle scenes are exciting—a popular fantasy adventure work."
281,primary,en-US,长门有希酱的消失,"""The Disappearance of Nagato Yuki-chan"" is a spin-off of the Haruhi Suzumiya series, telling the romance daily life of ordinary high school girl Yuki Nagato and Kyon in a parallel world. In this world without Haruhi, Yuki is no longer an alien but a shy ordinary girl. The work features romance, daily life, and youth; Yuki's growth and interactions with Kyon are warm, the art is fresh—a healing school romance work."
282,primary,en-US,吸血鬼福尔摩斯,"""Vampire Holmes"" is a short anime telling the hilarious daily life of Holmes, who claims to be a vampire, and his companions in London. Holmes' reasoning is always full of gags, and his interactions with Watson and others are nonstop laughs. The work features parody, mystery, and comedy, completely absurdifying the classic detective setting; the anime is short with brisk pacing—a stress-relieving comedy short."
283,primary,en-US,食戟之灵,"""Food Wars! Shokugeki no Soma"" adapts the same-name manga, telling of boy Souma Yukihira challenging masters through cooking duels at the elite culinary school Tootsuki Academy. Souma keeps growing through brutal cooking competitions, facing off against distinctive opponents in shokugeki; the work features food, passion, and competition. The anime's depictions of food are mouth-watering, the match scenes tense and exciting, and Souma's creative cooking and never-give-up spirit are infectious—a classic of food anime."
284,primary,en-US,宝石宠物 Magical Change,"""Jewelpet Magical Change"" is a Jewelpet series anime telling the magical adventures of a girl and the Jewelpet creatures. The protagonists carry out various activities in the magic world with the Jewelpets, collecting jewels and helping others. The work features cute characters, magical transformation, and girls' daily life, conveying themes of friendship and dreams; the visuals are bright and the atmosphere warm—a healing magical daily anime for girl viewers."
285,primary,en-US,美妙天堂 第二期,"""PriPara"" Season 2 continues the first season, as girls continue idol activities in the idol theme park PriPara. Manaka Laala and her partners face more challenges on new stages and meet new idol friends. The work features gorgeous stage performances, cute characters, and a light plot; the song-and-dance scenes are infectious, and Laala's growth and friendship are heartwarming—a classic girls' idol series."
286,primary,en-US,电波教师,"""Denpa Kyoushi"" adapts the same-name manga. A science-loving young man who claims he can learn nothing but 2-D takes over an educational problem class as a substitute big brother. He uses his unique teaching methods to help students find their goals; the work features education, comedy, and inspiration, and Junichirou's unconventional teaching is fun and touching. The anime conveys educational philosophy amid light comedy—a work combining entertainment and depth."
287,primary,en-US,境界的轮回,"""Kyokai no Rinne"" adapts Rumiko Takahashi's same-name manga. Girl Sakura Mamiya can see ghosts and meets the half-death god boy Rinne Rokudou; the two work together to help ghosts pass on. The work features the supernatural, comedy, and daily life; Sakura and Rinne interact while solving paranormal cases, and Takahashi's signature comedic style runs throughout with light episodic stories—a warm supernatural daily work."
288,primary,en-US,终结的炽天使,"""Seraph of the End"" adapts the same-name manga. In a world destroyed by a virus, vampires rule the surviving humans. Boy Yuuichirou Hyakuya joins a human resistance organization to avenge the vampires, fighting alongside his best friend Mikaela... and companions like Shinoa. The work is themed on vampires, battle, and revenge; Yuu's anger and growth run throughout, the battle scenes are gorgeous, and the atmosphere is dark yet passionate—a popular work in the vampire genre."
289,primary,en-US,恶魔高校 D×D BorN,"""High School DxD BorN"" is a series anime telling the growth of demon high school student Issei Hyoudou. After becoming a demon, Issei keeps growing stronger; this season he is drawn into battles with fallen angels and Sacred Gear users, with plenty of fan-service interactions with the heroines. The work features battle, harem, and comedy; Issei's hot-blooded yet perverted style is uniquely charming, and the battle scenes are gorgeous—a light and enjoyable light-novel harem battle anime."
290,primary,en-US,枪神斯托拉塔斯,"""Gunslinger Stratos"" adapts the same-name game, telling the battles of boys in a near-future world split into two major powers. The protagonists carry out missions in an anti-gravity world, engaging in gunfights with hostile forces. The work features sci-fi, gunfights, and passion; the battle scenes are fluid, the characters' growth and bonds run throughout, and the settings are novel—a standard sci-fi battle anime."
291,primary,en-US,Fate/stay night [Unlimited Blade Works] 第二季,"""Fate/stay night [Unlimited Blade Works]"" Season 2 is the second season; Shirou Emiya's duel with Archer and the truth of the Holy Grail War fully unfold this season. Shirou's insistence on idealism sharply contrasts with Archer's disillusionment, and his bonds with Saber and Rin are elevated in the final battle. The work is known for gorgeous battles, a grand worldview, and profound themes; ufotable's production quality is industry-leading—the peak of the Fate series."
292,primary,en-US,可塑性记忆,"""Plastic Memories"" is an original anime telling of a future where humanoid robots with memories are common; boy Tsukasa Mizugaki joins a company responsible for retrieving end-of-life robots. He gradually deepens his feelings with his partner robot Isla during retrieval missions, yet must face her destined memory loss. The work is themed on the emotions between robots and humans and farewell; tearjerking plot and warm daily life intertwine, and the ending is moving—a deeply touching sci-fi work."
293,primary,en-US,歌之王子殿下 真爱REVOLUTIONS,"""Uta no Prince-sama: Maji Love Revolutions"" is a series anime telling the romance of heroine Haruka Nanami, who enters an arts school, with the idols. This season Haruka and the six idols continue to grow on the path of music and entertainment; the work features music, romance, and idols, with gorgeous stage performances and moving songs throughout. The interactions between Haruka and the idols are sugary—a representative female-oriented idol anime."
294,primary,en-US,血界战线,"""Blood Blockade Battlefront"" adapts the same-name manga. After New York is connected to the otherworld, boy Leonardo enters the secret organization Libra in a city where otherworldly beings and humans coexist. The work features urban fantasy, passionate battle, and ensemble; Leo plays a role in battle with his powerful eyesight, and his interactions with Libra members are full of gags and emotion. The anime's battle scenes are gorgeous and pacing tight—a charming fantasy work."
295,primary,en-US,亚尔斯兰战记,"""The Heroic Legend of Arslan"" adapts Yoshiki Tanaka's novel. Prince Arslan of the Pars kingdom, after his kingdom falls to an enemy nation, embarks on the road to restore it. He gathers wise generals and companions in his flight, step by step toward the path of kingship. The work is themed on history, war, and hero growth; Arslan's benevolence and wisdom, and his bonds with generals like Daryun, run throughout. The anime's war scenes are grand—a work full of epic flavor."
296,primary,en-US,网球优等生 第二季,"""Baby Steps"" Season 2 continues the first season, as Eiichirou Maruo keeps growing in tennis competition. Through data analysis and hard training, Maruo climbs to higher stages, with fiercer duels against strong opponents. The work is known for realistic tennis techniques, scientific training, and the protagonist's growth; the match depictions are detailed and professional, and Maruo's calmness and persistence are admirable—a solid sports work."
297,primary,en-US,SHOW BY ROCK!!,"""SHOW BY ROCK!!"" is a music anime telling the adventures of band girls. The bands led by guitarist Cyan fight evil forces in the music world, saving the world with the power of rock. The work features music, cute characters, and comedy; the bands' performances are infectious, the characters' daily interactions are full of gags, and the pacing is brisk—a light and enjoyable music anime."
298,primary,en-US,雨色可可,"""Amaama... Rainy Cocoa"" is a short anime telling the daily life of the cafe Rainy Color. The cafe staff and customers interact around coffee; the work features healing, daily life, and coffee, each episode revolving around a small story at the cafe. The anime has fresh art and a tranquil atmosphere, with the aroma of coffee and people's daily lives intertwined—a healing short work suitable for relaxed viewing."
299,primary,en-US,HELLO!! 黄金拼图,"""HELLO!! Kin-iro Mosaic"" is the second season of the Kin-iro Mosaic series, telling the school daily life of the girls. Alice comes to Japan from England and spends happy times at school with friends Youko, Aya, and others; the work features moe daily life, friendship, and healing. The girls' interactions are full of charm and gags, with bright cute art and a relaxed warm atmosphere—a representative moe daily anime."
300,primary,en-US,钻石王牌 第二季,"""Ace of Diamond"" Season 2 continues the first season, as Seidou High's baseball team keeps fighting for Koshien. Eijun Sawamura, Kazuya Miyuki, and teammates keep growing in matches; this season's opponents are stronger and matches more intense. The work is known for realistic baseball tactics, detailed match depiction, and character growth; Sawamura's pitching progress and the team's unity make viewers' blood boil—a classic baseball anime."
301,primary,en-US,怪盗Joker2,"""Mysterious Joker"" Season 2 continues the series, as boy phantom thief Joker keeps stealing treasures around the world, outwitting rivals and police. This season adds new rivals and partners, with even more spectacular magic theft plans. The work features gorgeous magic, exaggerated performances, and episodic adventures; the adventures of Joker and Hachi are fun, and the anime's vivid colorful direction and brisk pacing make it a work suitable for young viewers."
302,primary,en-US,闪乱神乐,"""Senran Kagura"" adapts the same-name game, telling the battles and daily life of ninja girls at the academy. The ninja girls of Hanzo Academy clash with evil ninja forces; the work features ninja, battle, and fan-service elements. The girls' ninjutsu duels are gorgeous and thrilling, and their daily interactions are full of fan-service; the anime combines passionate battle with light daily life, with vivid charming characters—a work with both action and moe."
303,primary,en-US,黏黏糊糊!!角质君 第2期,"This is the second season of the short anime about the anthropomorphized keratin character. Continuing the first season, it unfolds absurd daily life from the keratin character's perspective. The keratin character's life is still full of wild ideas and laughs; the work features exaggerated performances and absurd settings, and the anime is short with blazing pace, showing the keratin's bizarre daily life amid light comedy—a wild-brain short anime."
304,primary,en-US,网球并不可笑嘛 4期,"""Teekyuu"" Season 4 continues the series, as the tennis club girls' nonsensical daily life goes on. The work features rapid-fire gags, exaggerated performances, and wild-brain segments, turning tennis matches into various hilarious scenes; each episode is extremely short yet packed with jokes—a light short anime that makes viewers laugh out loud, perfect for stress relief in spare time."
305,primary,en-US,我是高宫茄乃,"This is a spin-off short of Non Non Biyori, unfolding leisurely episodes of the character's rural life from a specific point of view. The art style matches the main series, with a light healing atmosphere. The anime is short, centered on the character's daily life and fun moments—a must-see side story for Non Non Biyori fans."
306,primary,en-US,御神乐学园组曲,"""Mikagura Gakuen Kumikyoku"" adapts the same-name light novel. Boy Ichigaya Manabi enters Mikagura Academy, which gathers all kinds of talents, and is drawn into school activities held by the clubs' alliance. The work features school battles, comedy, and ensemble; the academy's bizarre settings and interactions of various characters are fun, and the anime unfolds school competitions amid light comedy—a brisk school comedy."
307,primary,en-US,吹响吧！上低音号,"""Sound! Euphonium"" adapts the same-name novel, telling the youth story of the girls of Kitauji High's concert band. Heroine Kumiko Oumae strives with her clubmates toward a goal, competing and chasing dreams. The work is themed on music, youth, and growth; Kumiko's growth and the clubmates' bonds are delicate and moving, the visuals and music are excellent, and the performance scenes are infectious—a classic of Kyoto Animation."
308,primary,en-US,银魂°,"""Gintama"" (Season) continues the Gintama series, telling the hilarious daily life of Yorozuya Gin and his partners in Edo. This season includes popular chapters and a serious mainline; Gin switches between comedy and passion, and the stories with the Joui rebels and the Shogun are charming. The work features parody, snark, and passion, combining nonsensical comedy with touching plots; Gintama's unique style is addictive—a universally recognized comedic masterpiece."
309,primary,en-US,绝命制裁X,"""Triage X"" adapts the same-name manga, telling of the girls of the special unit Black Label carrying out sanction missions. The girls hide behind legal identities to fight villains the law cannot punish; the work features action, battle, and uniforms. The girls' battle scenes are gorgeous, and the tension of missions and the warmth of daily life intertwine; the pacing is brisk—a standard action work."
310,primary,en-US,俺物语!!,"""My Love Story!!"" adapts the same-name manga, telling the love story of Takeo Gouda, a burly man with a gentle heart. Takeo falls for the gentle girl Rinko Yamato, and his friendship with best friend Sunakawa Makoto is also moving. The work features romance, friendship, and gap moe; Takeo is pure and kind despite his scary looks, and his interactions with Rinko are sugary, with a warm healing atmosphere—a love story full of positive energy."
311,primary,en-US,放学后的昴星团,"""Houkago no Pleiades"" adapts from the animation project, telling the story of girls collecting fragments with aliens. The girls of the Pleiades drive vehicles on adventures to collect scattered star fragments; the work features magical girls, sci-fi, and daily life. The girls' adventures are fun, the art is fresh, and the character interactions are warm; the anime unfolds sci-fi adventures in a light atmosphere—a healing magical girl work."
312,primary,en-US,干支魂,"""Etotama"" adapts the multimedia project telling the battles of the girls representing the twelve zodiac animals. To compete for the status of zodiac god representative, the girls hold an elimination tournament; the story of the protagonist and her companions is passionate. The work features anthropomorphized zodiac, battle, and comedy; the characters each have distinct personalities, and the battle scenes are gorgeous with brisk pacing—a light passionate fantasy work."
313,primary,en-US,Punch Line,"""Punch Line"" is an original anime telling of boy Yuuta Iridatsu, cursed so that seeing panties will destroy the world. Yuuta takes action to lift the curse; the work features wild ideas, comedy, and mystery, with absurd funny settings. The anime's plot is full of reversals and gags, hiding layers of riddles beneath the absurd surface, and the ending is surprising—a highly creative work."
314,primary,en-US,浦和小调,"This is a short anime set in Urawa, Saitama, telling the girls' daily life. The work features local scenery and character interactions with a regional promotional flavor; the girls' daily fragments are light and warm. The anime is short with cute art, showing Urawa's charm in easy daily life—a healing work with local color."
315,primary,en-US,伪恋：,"""Nisekoi:"" is the second season of the Nisekoi anime, continuing the romantic comedy of Raku Ichijou, Chitoge Kirisaki, and others. This season centers on the interactions between Raku and many female characters, with the mystery of first love and the romance lines developing further. The work features cheerful romantic comedy and complex character relationships; misunderstandings and coincidences keep coming, dense with jokes and sugar—a classic romantic comedy anime."
316,primary,en-US,希德尼娅的骑士 第九惑星战役,"""Knights of Sidonia: Battle for Planet Nine"" is the second season of Knights of Sidonia; Nagate Tanikaze and Sidonia's warriors continue fighting the Gauna. This season's battles are fiercer, and Nagate's bonds with Shizuka Hoshijiro and others deepen further; the work is known for 3DCG, hardcore sci-fi settings, and grand cosmic war, with shocking battle scenes—a representative hard sci-fi anime."
317,primary,en-US,圣斗士星矢 黄金魂 -soul of gold-,"""Saint Seiya: Soul of Gold"" tells the battles of the Gold Saints in Northern Europe. Led by Aiolos, the resurrected Gold Saints fight to protect Goddess Athena. The work is themed on classic Saint Seiya battles, the charm of the Gold Cloths, and passion; the Gold Saints each display their skills with gorgeous battle scenes—a must-see for Saint Seiya fans."
318,primary,en-US,灰色的迷宫,"""Grisaia no Meikyuu"" is a sequel to Grisaia no Kajitsu, telling the past and present of Yuuji Kazami at the academy. This season reveals the past of Yuuji and the girls, unfolding around the truth of the labyrinth academy. The work features a dark atmosphere, psychological portrayal, and character bonds; Yuuji's growth and the girls' redemption intertwine, and the narration progresses layer by layer—the bridge chapter of the Grisaia series."
319,primary,en-US,山田君与7个魔女,"""Yamada-kun and the Seven Witches"" adapts the same-name manga. Problem boy Ryuu Yamada, after falling and kissing honor student Urara Shiraishi, accidentally swaps bodies, discovering that kissing can trigger supernatural powers. The work features superpowers, romantic comedy, and school; Yamada gets entangled with many girls while discovering witches, and the anime's settings are novel and fun, with Yamada's growth and love line full of gags—a light and enjoyable school romance work."
320,primary,en-US,英国一家，吃在日本,"This is a short anime telling of a British family who moved to Japan enjoying Japanese food. The work features food, daily life, and cultural exchange; the British family's dining experiences in Japan are fun, and the anime combines Japanese cuisine with the British family's reactions, with cute art and a light atmosphere—a short work with both food and fun."
321,primary,en-US,灰色的乐园,"""Grisaia no Rakuen"" is the final chapter of the Grisaia series, as the story of Yuuji Kazami and the academy girls concludes. This season revolves around Yuuji's past and the girls' futures, with the truth of the labyrinth academy and each character's redemption intertwined. The work is known for its dark atmosphere, psychological portrayal, and warm ending; Yuuji and the girls face the past together and move toward the future, and the narrative is complete and moving—a satisfactory conclusion to the Grisaia series."
322,primary,en-US,我老婆是学生会长,"""Okusama ga Seitokaichou!"" (My Wife Is the Student Council President) is a short anime telling the romantic comedy between student council president Ui Wakana and vice president Hayato Izumi. After being elected president, Ui starts living with Hayato; the work features romance, comedy, and fan-service. Their interactions are full of gags and ambiguity, and the anime is short with brisk pacing—a stress-relieving romantic comedy short."
323,primary,en-US,黑街匪徒,"""Gangsta."" adapts the same-name manga, telling of the struggles between the vigilantes of the twilight town Ergastulum and various factions. Bounty hunters and gangs maneuver in the city's shadows; the work features gangs, action, and ensemble, with a hard-boiled art style and gloomy atmosphere. The characters' struggles in the gray zone are full of tension, and the plot is tight—a work full of adult flavor."
324,primary,en-US,Chaos Dragon 赤龙战役,"""Chaos Dragon: Sekiryuu Seneki"" adapts a multimedia project, telling the adventures of boys in an otherworld dominated by a red dragon. Protagonist Ibuki sets out to protect the people he cares about, drawn into a war over the red dragon; the work features fantasy, adventure, and ensemble, with a vast worldview and intertwined fates of characters. The plot rises and falls—a work full of fantasy flavor."
325,primary,en-US,创圣的大天使LOGOS,"""Aquarion Logos"" is an Aquarion series anime telling of boys and girls piloting Aquarion machines to fight mysterious enemies. Protagonist Akira Kaibuki awakens his ability at the academy and fights with companions against enemies eroding reality; the work features mech battles, passion, and school. The combined battle of the Aquarion units is gorgeous, and the characters' growth and bonds run throughout; the battle scenes are shocking."
326,primary,en-US,乱步奇谭 拉普拉斯的游戏,"""Rampo Kitan: Game of Laplace"" adapts from Edogawa Ranpo's works, telling of genius high school student Kobayashi participating in solving bizarre cases. Kobayashi and Inspector Akechi are drawn into the Game of Laplace while pursuing a mysterious criminal; the work features mystery, suspense, and a dark atmosphere, modernizing Ranpo's detective world with a plot full of reversals and shocks—a uniquely styled mystery work."
327,primary,en-US,青春×机关枪,"""Aoharu x Kikanjuu"" adapts the same-name manga, telling of boys and girls participating in survival games. High school girl Hotaru Tachibana joins a survival game battle to save a friend, competing on the field with partners. The work features gunfights, passion, and youth; the tactical duels of survival games are tense and exciting, and the characters' growth and bonds in competition run throughout. The battle scenes are fluid—a work full of vitality."
328,primary,en-US,城下町的蒲公英,"""Joukamachi no Dandelion"" adapts the same-name manga. In a royal family with many children, the princesses' superpower competition begins to decide the next king. Protagonist Shio Sakurada gradually comes to understand the responsibility of royalty amid the competition among her many siblings. The work features royal daily life, superpowers, and comedy; there are many characters each with charm, and the anime unfolds the royal election amid light comedy—a warm and fun work."
329,primary,en-US,黑塔利亚 第6期,"""Hetalia"" Season 6 is a Hetalia series anime, as the anthropomorphized countries continue their comedic daily life. Countries of the world interact as cute characters, constantly joking about history, culture, and national relations; the work features parody, history, and comedy, with distinct characters. The anime is short with dense jokes—a representative of historical anthropomorphization."
330,primary,en-US,潮与虎,"""Ushio to Tora"" is the integrated version of the Ushio to Tora anime, telling the adventures of boy Ushio Aotsuki and the beast Tora. Ushio wields the Beast Spear and fights side by side with Tora against various yokai and the mastermind behind them; the work features passionate battle, friendship, and Japanese-style yokai. The growth of Ushio and Tora from confrontation to trust is moving, and the fight scenes are shocking—a classic of yokai battle anime."
331,primary,en-US,黑白小姐 第二季,"""Miss Monochrome"" Season 2 continues the first season, as virtual idol Miss Monochrome keeps chasing her idol dream. Monochrome's daily life is still full of absurdity and laughs; the work features exaggerated performances and rapid-fire gags, and the anime is short with blazing pace, with endless funny stories in Monochrome's dream-chasing—a stress-relieving comedy short."
332,primary,en-US,兔宝的悲惨日常 梦幻篇,"This is a sequel to the Wooser series, telling the miserable yet funny daily life of the bullied rabbit Wooser. The work features black humor, parody, and daily life; Wooser's unlucky experiences are full of gags, and the anime has simple art and brisk pacing, showing Wooser's cuteness and misery amid light comedy—a unique comedy short."
333,primary,en-US,若叶女孩,"""Wakaba*Girl"" adapts the same-name manga, telling the daily life of high school girl Wakaba. Wakaba spends relaxing happy times with her friends at school; the work features daily life, healing, and friendship, with warm cute interactions between the girls and fresh art. The anime is short with a light atmosphere, showing the girls' ordinary school life—a daily work suitable for relaxed viewing."
334,primary,en-US,GATE 奇幻自卫队,"""GATE: Jieitai Kanochi nite, Kaku Tatakaeri"" adapts the same-name novel, telling of the Self-Defense Forces crossing into another world. The JSDF contacts otherworldly civilizations through the opened gate; boy Youji Itami... the protagonist Itami carries out adventures and investigations in the otherworld. The work features military, fantasy, and adventure; the cultural collision between the JSDF and the otherworld is fun, and the anime combines military settings with fantasy elements—a work with a novel theme."
335,primary,en-US,教室☆危机,"""Classroom Crisis"" is an original anime telling of boys and girls at a high-tech academy on Mars orbit. Genius students like the protagonist get drawn into various incidents through class activities at the academy; the work features school, comedy, and sci-fi, and the characters' interactions are full of gags. The anime unfolds sci-fi settings amid light comedy with brisk pacing—a light and enjoyable school work."
336,primary,en-US,战姬绝唱SYMPHOGEAR GX,"""Senki Zesshou Symphogear GX"" is a Symphogear series anime telling of girls who fight using song. The Symphogear-wearing warriors use song as power to fight the mysterious Noise; this season new threats and characters appear. The work features music, battle, and passion; the performances combining singing and combat are infectious, and the warriors' bonds and sacrifices are moving—a representative of music battle anime."
337,primary,en-US,无头骑士异闻录×2 转,"""Durarara!!x2 Ten"" is a series anime continuing the ensemble narration of Ikebukuro's urban legends. This season revolves around new characters and events, as Ikebukuro's oddballs continue their chaotic daily life; the work features multi-line narration, urban suspense, and ensemble, with dizzying reversals and interweavings. The anime has tight pacing and many characters—a classic of urban ensemble drama."
338,primary,en-US,夏洛特,"""Charlotte"" is an original anime by Key x P.A.WORKS, telling of boy Yuu Otosaka with special abilities. After meeting student council girl Nao Tomori, Yuu joins Hoshinoumi Academy and helps other ability users; the work features superpowers, youth, and tragicomedy. Yuu's growth and the world's truth unfold layer by layer, and the anime switches between comedic daily life and tearjerking plot, with a shocking ending reversal."
339,primary,en-US,迷糊餐厅 第三季,"""Working!!"" Season 3 continues the series, telling the comedic daily life of the staff at the family restaurant Wagnaria. Souta Takanashi and the quirky staff's interactions at the restaurant are full of gags; the work features daily life, comedy, and ensemble, and the characters' snark and entanglements make viewers laugh. The anime has a relaxed happy atmosphere—a classic of comedic daily anime."
340,primary,en-US,没有黄段子存在的无聊世界,"""Shimoneta to Iu Gainen ga Sonzai Shinai Taikutsu na Sekai"" adapts the same-name light novel. In a future Japan with strict moral laws, boy Tanukichi Okuma joins a pure school organization to pursue a senpai, but is accidentally drawn into an underground organization that spreads obscene materials. The work features parody, snark, and fan-service, with absurd funny settings; the anime has exaggerated performances and dense jokes—a gag work full of mischief."
341,primary,en-US,科学小飞侠Crowds insight,"""Gatchaman Crowds insight"" is a series anime telling of girls using NOTES to protect the world. Hitomi... the protagonist Ichinose Hajime and her companions face new enemies; the work features sci-fi, ensemble, and social issues, exploring collective consciousness and individual value. The anime has a distinct style and unique direction, and the plot is full of deliberation—a work of great depth in the Gatchaman series."
342,primary,en-US,六花的勇者,"""Rokka no Yuusha"" adapts the same-name light novel. In the crisis of the Demon King's revival, six chosen heroes gather, but among them an enemy is mixed in. Protagonist Adlet fights to prove his innocence; the work features fantasy, mystery, and mind games, with suspicion among the heroes and the reveal of truth progressing layer by layer. The plot is tight and the atmosphere tense—a fantasy work full of reversals."
343,primary,en-US,龙珠超,"""Dragon Ball Super"" is a new Dragon Ball work telling of Goku and his friends' battles in new chapters like the Tournament of Power. This work introduces new characters such as the Gods of Destruction and the Omni-King; Goku keeps breaking through in battles in the realm of gods. The work features passionate battle, humor, and a grand worldview; the battle scenes are gorgeous, and Goku's growth and bonds with friends run throughout—a new chapter of the Dragon Ball series."
344,primary,en-US,和歌子酒,"""Wakako-zake"" is a short anime telling of working woman Wakako Murasaki enjoying food and sake after work. The work features food, healing, and solitude; Wakako's scenes of drinking alone are full of atmosphere, and the anime combines tempting food with the pleasure of tipsiness. The art is simple and the pace slow—a food healing work suitable for relaxed viewing."
345,primary,en-US,噬神者,"""God Eater"" adapts the same-name game, telling of the God Eaters who fight using God Arcs in a world devastated by Aragami. Boy Lenka Utsugi joins a God Eater unit and fights Aragami with his companions; the work features battle, sci-fi, and survival. The anime has a unique art style and gorgeous battle scenes; Lenka grows through battles, and the clashes with Aragami are tense—an excellent game adaptation."
346,primary,en-US,赤发白雪姬,"""Akagami no Shirayuki-hime"" adapts the same-name manga. Girl Shirayuki, blessed with natural red hair, leaves the palace to escape becoming a prince's concubine, and meets young King Zen in the neighboring country. The two grow closer in court life, unfolding a romantic tale; the work features romance, court, and adventure. Shirayuki's independence and strength pair beautifully with Zen's gentleness, and the anime's visuals are fresh and beautiful—a work full of girlish heart."
347,primary,en-US,出包王女Darkness 第二季,"""To LOVE-Ru Darkness"" Season 2 is a To LOVE-Ru series anime, continuing the harem daily life of Rito and many girls. This season revolves around the Dark sister and Momo's plan, with Rito's troubles escalating; the work features romantic comedy, fan-service, and parody, and the anime is rich in fan-service scenes with dense jokes—a representative harem anime."
348,primary,en-US,网球并不可笑嘛 5期,"""Teekyuu"" Season 5 continues the series, as the tennis club girls' nonsensical daily life goes on. The work features rapid-fire gags, exaggerated performances, and wild-brain segments, turning tennis into various hilarious scenes; each episode is extremely short yet packed with jokes—a light short anime that makes viewers laugh out loud, perfect for stress relief in spare time."
349,primary,en-US,其实我是,"""Jitsu wa Watashi wa"" (Actually, I Am...) adapts the same-name manga. The girl the protagonist is secretly in love with turns out to be a vampire. To keep her secret, the protagonist helps her hide her identity; the work features supernatural, romantic comedy, and comedy, revolving around many girls hiding their true identities. The anime's settings are absurd and funny with dense jokes, and the protagonist's interactions with the characters are full of fun—a light and enjoyable school comedy."
350,primary,en-US,悠哉日常大王 Repeat,"""Non Non Biyori Repeat"" is the second season of Non Non Biyori, continuing the leisurely daily life of the rural school girls. Renge Miyauchi and the Koshigaya sisters spend ordinary yet wonderful times through the changing seasons; the work features healing, daily life, and rural scenery. The slow pace, fresh art, and Renge's catchphrase bring knowing smiles—a representative healing daily anime."
351,primary,en-US,百万偶像,"This is a short anime telling the struggle stories of girls aspiring to be idols. The work features idols, daily life, and comedy; the girls' interactions in their dream-chasing are fun, and the anime is short with brisk pacing, showing the idol industry's daily life in a light atmosphere—a stress-relieving idol short anime."
352,primary,en-US,怪兽酒场干杯！,"This is a short anime telling the daily life of monsters at a tavern. At a monster-themed tavern, the interactions between various monster characters and human customers are fun; the work features comedy, daily life, and monsters, with a unique art style and light atmosphere, showing various nonsensical stories in the monster tavern setting—a unique comedy short."
353,primary,en-US,OVERLORD,"""OVERLORD"" adapts the same-name light novel. When the popular game shuts down, protagonist Suzuki Satoru and his guild are transported to another world, becoming the strongest mage Ainz Ooal Gown. As an undead monarch, Ainz builds power in the otherworld; the work features otherworld, dark fantasy, and ensemble. Ainz's power and caution form a charming contrast, and the anime has a vast worldview and many characters—a classic of the isekai genre."
354,primary,en-US,那就是声优！,"""Sore ga Seiyuu!"" is a short anime telling the struggle stories of new voice actors. The work is themed on the real daily life of the voice acting industry; the protagonists grow through auditions, recordings, and work, with many real voice actor cameos and industry memes. The art is cute and the atmosphere light, showing the industry's hardships and charm while being warm—a healing industry work."
355,primary,en-US,魔物娘的同居日常,"""Monster Musume no Iru Nichijou"" adapts the same-name manga. In a modern world where humans and demi-humans coexist, boy Kimihito Kurusu lives with several monster girls arranged by the government. The work features monster girls, harem, and fan-service; Kimihito's cohabitation life with various monster girls is full of gags and ambiguity. The anime's settings are novel and fun with plenty of fan-service—a light and enjoyable non-human harem work."
356,primary,en-US,比基尼勇士,"""Bikini Warriors"" is a short anime telling the adventures of girl warriors wearing bikini armor. The girls set out to defeat the Demon King in a fantasy world; the work features battle, fan-service, and parody. The anime combines bishoujo with adventure, full of fan-service visuals with a light fast plot—a short work centered on visual service."
357,primary,en-US,洲崎西 THE ANIMATION,"""Suzaki Nishi THE ANIMATION"" is a short anime adapting from the radio program of the voice actor unit Suzaki Nishi. The anime is themed on the daily interactions of the two voice actors; the work features comedy, voice actors, and daily life, visualizing the radio's memes and their interactions. It is short with dense jokes—a must-see for fans of the voice actor unit."
358,primary,en-US,空战魔导士候补生的教官,"""Kuusen Madoushi Kouhosei no Kyoukan"" adapts the same-name light novel. In a world threatened by magic beetles, boy Kanata as an instructor of sky warrior mages teaches the cadets to fight. The work features aerial battles, school, and harem; Kanata's interactions with the girl cadets are full of fan-service, and the anime's battle scenes are gorgeous with novel settings—a standard light-novel school battle anime."
359,primary,en-US,纯情罗曼史3,"""Junjo Romantica 3"" is a Junjo Romantica series anime, telling the love stories of Misaki, Usami, and other BL couples. This season continues depicting the emotional development of several couples; the work features BL romance, warmth, and comedy, with sweet moving interactions. The anime balances romance and humor—a classic BL anime."
360,primary,en-US,干物妹！小埋,"""Himouto! Umaru-chan"" adapts the same-name manga. Umaru Doma, perfect honor student outside and a slacker little sister at home, has a hilarious cohabitation daily life with her brother Taihei. The work features daily life, comedy, and sibling love; Umaru's slothful home demeanor contrasts adorably with her perfect outside image. The anime has cute art and a light atmosphere—a healing comedic daily work."
361,primary,en-US,学园孤岛,"""Gakkou Gurashi!"" adapts the same-name manga. In a world after an infection outbreak, the girls of the School Living Club survive on campus; the work features post-apocalyptic survival, healing, and horror. The girls live a seemingly peaceful daily life in the abandoned school, but a cruel truth is hidden; the anime switches between warmth and despair with an impactful ending—a work of strong contrast."
362,primary,en-US,群居姐妹,"""Danchigai"" is a short anime telling the daily life of a protagonist living with several older sisters. The work features family comedy, fan-service, and comedy; the protagonist's interactions with the distinct older sisters are full of gags, and the anime is short with brisk pacing, showing family warmth amid light comedy—a stress-relieving short anime."
363,primary,en-US,监狱学园,"""Prison School"" adapts the same-name manga. At the private Hachimitsu Academy with strict rules, five boys are imprisoned for violating school rules, unfolding an absurd survival comedy. The work features comedy, parody, and fan-service; the boys outwit the student council in prison, and the anime has exaggerated performances and dense jokes—a school comedy full of mischief."
364,primary,en-US,维纳斯计划 CLIMAX,"""Venus Project: Climax"" is a Venus Project anime telling the struggle stories of girl idols. Themed on the Venus Project selection, the girls keep growing on the idol path; the work features idols, music, and dream-chasing. The anime's song-and-dance scenes are gorgeous, and the girls' efforts and bonds are moving—one of the works in the idol anime genre."
365,primary,en-US,枕男子,"""Makura no Danshi"" is a short anime telling the time spent with various handsome men before sleep. The work features female-oriented, healing, and fantasy elements; each episode revolves around one handsome man, and the anime creates an ambiguous pre-sleep atmosphere with exquisite art—a short work suitable for female viewers to relax."
366,primary,en-US,偶像大师 灰姑娘女孩 第二季,"""The IDOLM@STER Cinderella Girls"" Season 2 continues the first season, as the Cinderella Girls keep growing on the idol path. This season revolves around the idols' activities and new challenges, with each character's story line deepening; the work features ensemble portrayal, music, and dream-chasing. The song-and-dance scenes are gorgeous, and the girls' growth and bonds are moving—an excellent idol anime."
367,primary,en-US,Fate/kaleid liner 魔法少女☆伊莉雅 2wei Herz!,"""Fate/kaleid liner Prisma Illya 2wei Herz!"" is a Fate series spin-off anime, continuing Illya and Miyu's battles as magical girls. This season adds more characters and battles, with Illya's daily life and crises as a magical girl intertwining; the work features magical girl transformation, the Fate worldview, and daily comedy. The anime has both fan-service and passion—a uniquely styled work in the Fate series."
368,primary,en-US,魔鬼恋人 第二季,"""Diabolik Lovers"" Season 2 continues the first season, as girl Yui Komori's entanglement with the vampire brothers goes on. Yui's fate in the blood-sucking games deepens; the work features dark vampire settings, gorgeous characters, and ambiguous interactions. The anime has a strong Gothic atmosphere, and the forbidden relationships between Yui and the brothers are full of tension—an otome-oriented vampire work."
369,primary,en-US,见习神明 秘密的心灵 第一部,"""Kamisama Minarai: Himitsu no Cocotama"" is a short anime telling of apprentice god girls helping people's troubles. The girls resolve people's wishes as gods; the work features healing, daily life, and gods, with cute art and a warm atmosphere, conveying warmth in light stories—a healing work suitable for relaxed viewing."
370,primary,en-US,鲁邦三世,"""Lupin the Third"" is a classic phantom thief anime series, telling the adventures of Lupin the Third and his partners. Lupin steals treasures around the world, maneuvering against his rival Inspector Zenigata; the work features phantom thieves, adventure, and comedy. Lupin's wit and charm are captivating, and the anime's art and performances are full of period flavor—a classic in the history of Japanese animation."
371,primary,en-US,枪与假面舞会,"This adapts the same-name light novel. In a world where masquerades flourish, boy Arata is drawn into battles using masks. The work features battle, mystery, and fantasy; Arata's growth and the truth of the masquerade unfold layer by layer, and the anime's battle scenes are gorgeous with novel settings—a fantasy battle work full of suspense."
372,primary,en-US,青年黑杰克,"""Young Black Jack"" adapts from Osamu Tezuka's masterpiece, telling the story of young Black Jack (Kuroo Hazama). The young Black Jack encounters various medical incidents in his medical student career, gradually forming his own medical philosophy; the work is themed on medicine, humanity, and darkness, with a heavy atmosphere and profound exploration. It is a modern interpretation of Tezuka's work, full of power and thought."
373,primary,en-US,影鳄,"""Kagewani"" is a short horror anime telling of the protagonist encountering Kagewani while investigating mysterious events. Kagewani is an unknown creature that devours humans; the work features horror, suspense, and episodic stories, with a cold art style and oppressive atmosphere, creating a strong sense of horror in limited length—a work that makes viewers think deeply."
374,primary,en-US,骇客娃娃,"""Hacka Doll"" is a short anime telling of three AI Hacka Dolls helping humans in daily life. The girl Hacka Dolls solve human problems in various ways; the work features sci-fi, comedy, and daily life, with cute art and brisk pacing, showing fun AI interactions in light episodic stories—a stress-relieving short anime."
375,primary,en-US,黑白小姐 第三季,"""Miss Monochrome"" Season 3 continues the series, as virtual idol Miss Monochrome keeps chasing her idol dream. Monochrome's daily life is still full of absurdity and laughs; the work features exaggerated performances and rapid-fire gags, and the anime is short with blazing pace, with endless funny stories in Monochrome's dream-chasing—a stress-relieving comedy short."
376,primary,en-US,重装武器,"""Heavy Object"" adapts the same-name light novel. On battlefields dominated by the OBJECT weapons, two boys challenge the gigantic OBJECTs as ordinary soldiers. The work features mech battles, war, and passion; the boys resist overwhelming force with wisdom and courage, and the battle scenes are gorgeous with the characters' growth and bonds running throughout—a powerful mech work."
377,primary,en-US,野良神 ARAGOTO,"""Noragami Aragoto"" is the second season of Noragami; Yato and Hiyori's story continues. This season revolves around Ebisu, Yomi, and Yato's past, with deeper battles and emotions; the work is known for modern mythology, passionate battle, and warm daily life. Yato gains new bonds in his search for self-worth, and the fight scenes are full of tension—a highly acclaimed fantasy work."
378,primary,en-US,K 诸王归来,"""K: Return of Kings"" is a K series anime telling the battles between Kings with powers and their clans. This season revolves around the conflicts of Silver King Isana Yashiro and many Kings; the work features gorgeous character designs, superpower battles, and ensemble. The anime's color scheme and performances are visually impactful, and the Kings' fates and clan members' bonds run throughout—a uniquely styled work."
379,primary,en-US,苍穹之法芙娜 EXODUS 第2部分,"""Fafner EXODUS"" Part 2 is a sequel to Fafner; the boys and girls pilot Fafner to continue fighting the Festum. This season's war is more brutal, and the second-generation pilots' sacrifices and growth are moving; the work is known for tragic war and profound exploration of life and death, with refined mech battle scenes and a heavy yet touching atmosphere—a classic of hardcore sci-fi anime."
380,primary,en-US,金田一少年事件簿R 2期,"""Kindaichi Case Files R"" Season 2 continues the series, as Hajime Kindaichi keeps solving difficult cases. This season's cases retain the charm of orthodox mystery, with ingenious puzzles of locked rooms and alibis; the work features mystery, suspense, and tense plot. Kindaichi's reasoning unravels thread by thread, and the surprising truths are impressive—a representative of Japanese mystery anime."
381,primary,en-US,传颂之物 虚伪的假面,"""Utawarerumono: The False Faces"" adapts the same-name game. Boy Haku, who lost his memory, is helped by the mysterious girl Kuon and joins the political struggles of the great nation Yamato. The work features fantasy, politics, and ensemble; Haku's growth and decisions in troubled times are full of tension, and the anime has a vast worldview and many characters, with the plot unfolding between adventure and scheming—a sequel in the Utawarerumono series."
382,primary,en-US,Peeping Life TV シーズン1 ??,"""Peeping Life TV"" Season 1 is a short anime presenting various comedic scenes of daily life with a unique art style. The work features daily observation, deadpan humor, and parody, exaggerating ordinary life details; the anime has a distinctive art style and brisk pacing, delivering dense jokes in short length—a distinctly styled comedy short."
383,primary,en-US,家有穆珂,"""Muco"" adapts the same-name manga, telling the warm daily life of the golden retriever Muco and her glass craftsman master Komatsu. Muco observes the world from a dog's perspective, and her interactions with her master are healing; the work features pets, daily life, and warmth, with cute art and a warm atmosphere. Muco's cuteness and her master's gentleness bring knowing smiles—a healing pet daily work."
384,primary,en-US,学战都市 六芒星,"""The Asterisk War"" is the first season of the series, telling Ayato Amagiri's battles at Seidoukan Academy. Ayato joins the fighting to find out the truth about his sister's disappearance, competing in school duels against capable opponents; the work features school battles, passion, and fantasy. Ayato's growth and bonds with partners run throughout, and the battle scenes are gorgeous—a standard light-novel school battle anime."
385,primary,en-US,落第骑士英雄谭,"""Chivalry of a Failed Knight"" adapts the same-name light novel. At a magic knight academy, the failed knight Ikki Kurogane meets the strongest girl Stella Vermillion, and the two fight side by side. The work features school battles, passion, and romance; Ikki challenges strong enemies with swordsmanship and wisdom, and the battle scenes are gorgeous with sugary interactions between Ikki and Stella—a work combining passion and romance."
386,primary,en-US,终物语,"""Owarimonogatari"" is a Monogatari series anime telling of Koyomi Araragi's last spring of high school. This season revolves around the entanglements between Araragi, Suruga Kanbaru, and Oshino Ougi, with the series' mysteries gradually revealed; the work is known for its unique dialogue style, extreme visual expression, and contemplative narration. Araragi's choices in oddity incidents are profound—an important chapter of the Monogatari series."
387,primary,en-US,KOWABON,"""KOWABON"" is a short horror anime depicting modern urban horror stories with 3DCG. The work features horror, suspense, and urban legends, with a unique art style and eerie atmosphere, creating a strong sense of horror in limited length; various spine-chilling stories send chills down viewers' spines—a must-see for horror anime fans."
388,primary,en-US,进击！巨人中学校,"""Attack on Titan: Junior High"" is a spin-off comedy anime of Attack on Titan, placing the original characters into a middle school daily life. Eren, Mikasa, and others carry out comedic daily life at school; the work features parody, snark, and daily life, completely comedifying the serious Attack on Titan setting. The anime is short with dense jokes—a light work Attack on Titan fans shouldn't miss."
389,primary,en-US,排球少年 第二季,"""Haikyu!!"" Season 2 continues the first season, as Karasuno High's volleyball team keeps fighting. Hinata and Kageyama grow through training camps and matches; this season's opponents are stronger, and the work is known for realistic volleyball portrayal, passionate matches, and team growth. The whole Karasuno team's efforts and bonds make viewers' blood boil—a classic sports anime."
390,primary,en-US,机动战士高达 铁血的奥尔芬斯,"""Mobile Suit Gundam: Iron-Blooded Orphans"" is a Gundam series anime telling the battles of boys from Mars. Mikazuki and the Tekkadan group take up mechs to resist oppression on Mars; the work features mech battles, passion, and ensemble. The Tekkadan boys struggle to survive in a cruel world, and the battle scenes are brutal with the characters' sacrifices and convictions moving—a uniquely styled work in the Gundam series."
391,primary,en-US,温泉幼精箱根酱,"""Onsen Yousei Hakone-chan"" is a short anime telling the daily life of the hot spring fairy Hakone-chan and boy Touya. Hakone-chan comes to the human world and meets Touya; the work features healing, hot springs, and daily life, with cute art and a light atmosphere, unfolding warm interactions against a hot spring backdrop—a healing short anime suitable for relaxed viewing."
392,primary,en-US,雨色可可 欢迎来到Rainy color！,"""Rainy Cocoa: Welcome to Rainy Color!"" is a Rainy Cocoa series work telling the daily life of the cafe Rainy Color. This season continues the cafe's warm stories, with the staff and customers' interactions full of healing; the work features healing, daily life, and coffee, with fresh art and a tranquil atmosphere—a healing work suitable for relaxed viewing."
393,primary,en-US,小森同学拒绝不了！,"""Komori-san wa Kotowarenai!"" adapts the same-name manga. Komori-san cannot refuse others' requests, constantly getting drawn into various incidents in daily life. The work features comedy, daily life, and snark; Komori's troubles and her interactions with those around her are full of gags, and the anime is short with brisk pacing, showing Komori's cuteness in light daily life—a stress-relieving short anime."
394,primary,en-US,彗星路西法,"""Comet Lucifer"" is an original anime telling of boy Sougo meeting a mysterious girl in a mining town. Sougo and the girl Lucy learn the world's secrets through adventure; the work is themed on fantasy, adventure, and growth, with beautiful visuals and a warm atmosphere. The bond between Sougo and Lucy runs throughout—an adventure work full of healing."
395,primary,en-US,Concrete Revolutio 超人幻想,"""Concrete Revolutio: Choujin Gensou"" is the first season of the series, telling of the Superhuman Bureau handling various superhuman matters in a world where superhumans coexist with humans. Protagonist Jirou Hitoyoshi's choices between justice and order run throughout; the work is known for its complex narrative structure and sharp social criticism, exploring heavy themes of heroes, humanity, and the times—a uniquely styled fantasy ensemble drama."
396,primary,en-US,一拳超人,"""One-Punch Man"" adapts the same-name manga. Hero Saitama, possessing absolute power, is bored with fighting due to his overwhelming strength; the work is themed on passionate battle, comedy, and heroes. The satisfaction of Saitama one-punching enemies and the ensemble portrayal of various heroes complement each other, and the battle scenes are gorgeous and stunning—one of the most influential passionate works in recent years."
397,primary,en-US,女高中生给你做饭了！,"This is a short anime telling of high school girls making dishes. The work features food, daily life, and healing; the girls' process of making various dishes is fun, and the anime combines tempting food with the girls' interactions, with cute art and a light atmosphere—a short work with both food and moe."
398,primary,en-US,网球并不可笑嘛 6期,"""Teekyuu"" Season 6 continues the series, as the tennis club girls' nonsensical daily life goes on. The work features rapid-fire gags, exaggerated performances, and wild-brain segments, turning tennis into various hilarious scenes; each episode is extremely short yet packed with jokes—a light short anime that makes viewers laugh out loud, perfect for stress relief in spare time."
399,primary,en-US,阿松,"""Mr. Osomatsu"" adapts Osamu Akatsuka's classic manga, telling the daily life of the six Matsuno twins. The six look the same but have different personalities, causing various jokes in their slacker life; the work features parody, snark, and social satire, with bold daring performances, hinting at satire of reality beneath the nonsensical daily life—a phenomenal comedy anime."
400,primary,en-US,摇曳百合 3☆High!,"""YuruYuri San☆Hai!"" is a YuruYuri series anime telling the daily life of the Amusement Club girls at Nanamori Middle School. Akari and her friends spend happy times in the club room; the work features yuri, daily life, and comedy, with the girls' interactions full of charm and gags. The anime has cute art and a light atmosphere—a classic yuri daily anime."
401,primary,en-US,高校星歌剧,"""High School Star Musical"" is a music anime telling the growth of students in the music department of the star academy. To reach their dream stage, the boys train and chase dreams at the academy; the work features music, youth, and ensemble, with distinct characters and infectious song-and-dance scenes. The anime has a warm and inspirational atmosphere—a music work full of positive energy."
402,primary,en-US,新我们这一家,"""Shin Atashin'chi"" is a sequel to the Atashin'chi series, telling the hilarious daily life of the Hanawa family. Mii-chan's ordinary family life with her husband and children is full of gags; the work features family comedy, daily life, and snark, vividly portraying the trivia of family life with a warm atmosphere—a comedy work full of life flavor."
403,primary,en-US,绯弹的亚里亚AA,"""Aria the Scarlet Ammo AA"" is a spin-off of Aria the Scarlet Ammo, telling the battles of the girls at the armed detective high school. Centered on Akari, the girl armed detectives carry out missions at the school; the work features action, school, and ensemble, with gorgeous battle scenes and charming character interactions—a spin-off of the Aria series."
404,primary,en-US,DD北斗神拳2 草莓味+,"""DD Hokuto no Ken 2: Ichigo Aji+"" is a Q-version comedy anime of Fist of the North Star, Q-versioning the classic characters and unfolding daily life. Kenshiro and others cause various jokes in the Q-version world; the work features parody, snark, and daily life, and the anime is short with dense jokes—a light work Fist of the North Star fans shouldn't miss."
405,primary,en-US,侦探小队KZ事件簿,"""Tantei Team KZ Jiken Note"" is a mystery short anime telling of a team of boy detectives solving school incidents. The members each have strengths, displaying reasoning ability while investigating events; the work features mystery, suspense, and school, and the anime is short with brisk pacing, showing the boys' wisdom in light mystery—a mystery work suitable for young viewers."
406,primary,en-US,我被绑架到贵族女校当「庶民样本」,"""Ore ga Ojousama Gakkou ni ""Shomin Sample"" Toshite Gets♥Sareta Ken"" adapts the same-name light novel. Ordinary high school student Kimito Kagurazaka is kidnapped to an elite girls' school of only rich young ladies, as a sample to understand commoners' lives. The work features school, harem, and comedy; Kimito's interactions with the young ladies are full of gags and ambiguity, and the anime's settings are novel and fun—a light and enjoyable school harem work."
407,primary,en-US,与魔共舞,"""Dance with Devils"" is a female-oriented anime telling the romance of girl Ritsuka Tachibana with demons. Drawn into a demon game, Ritsuka interacts with charming demons; the work features romance, fantasy, and music, with a strong Gothic atmosphere and gorgeous characters. The entanglements between Ritsuka and the demons are full of tension—an otome anime."
408,primary,en-US,樱子小姐的脚下埋着尸体,"""Beautiful Bones: Sakurako's Investigation"" adapts the same-name novel. Sakurako-san, who loves bones, and boy Shoutarou Tatewaki solve various incidents through bones. The work features mystery, suspense, and daily life; Sakurako's expertise and unique personality are charming, and the anime reveals human warmth through mystery—a mystery work combining suspense and warmth."
409,primary,en-US,对魔导学园35试验小队,"""Anti-Magic Academy: The 35th Test Platoon"" adapts the same-name light novel. In a world where magic is banned, the 35th Test Platoon of the anti-magic academy carries out missions to recover magic relics. Captain Takeru Kusanagi and his members grow through missions; the work features school battles, fantasy, and ensemble, with gorgeous battle scenes and bonds running throughout—a standard light-novel school battle anime."
410,primary,en-US,不思议美眉,"""Fushigi na Somera-chan"" adapts the same-name yonkoma manga, telling the daily life of Mayu, a girl who claims to be a psychic. Mayu's delusions and psychic settings are funny; the work features daily life, parody, and snark, and the anime is short with brisk pacing, showing the girl's cuteness amid light comedy—a stress-relieving short anime."
411,primary,en-US,全部成为F THE PERFECT INSIDER,"""The Perfect Insider"" adapts Mori Hiroshi's mystery novel. Architecture student Souhei Saikawa and researcher Moe Nishinosono visit an isolated research institute and get drawn into a locked-room murder case. The work features orthodox mystery, suspense, and philosophy, with ingenious case design and profound exploration of science and humanity; the anime has a calm rational atmosphere—an intellectual mystery work."
412,primary,en-US,牙狼 红莲之月,"""Garo: Guren no Tsuki"" is a Garo series anime set in the Heian period, telling of Madou Knights fighting the Horrors. Yin-yang masters and Madou Knights protect humans in the eerie era; the work features Japanese-style fantasy and gorgeous battles, combining Garo's armor with Japanese aesthetics, with shocking battle scenes—a uniquely styled work in the Garo series."
413,primary,en-US,新妹魔王的契约者 BURST,"""Shinmai Maou no Testament Burst"" is the second season of Shinmai Maou no Testament; Basara's battles with the demon princesses continue. This season's opponents are stronger, and Basara's demon blood awakens further; the work combines fan-service, passionate battle, and harem elements, with gorgeous battle scenes where fan-service and passion coexist—a standard light-novel battle harem anime."
414,primary,en-US,请问您今天要来点兔子吗？？,"""Is the Order a Rabbit??"" is the second season of Is the Order a Rabbit?; the girls' daily life at Rabbit House continues. Cocoa, Chino, and the others spend more warm times; the work features cute characters, warm daily life, and desserts, with bright healing visuals—a representative moe daily anime."
415,primary,en-US,终结的炽天使 名古屋决战篇,"""Seraph of the End: Nagoya Kessen-hen"" is the second season of Seraph of the End; Yuu, Shinoa, and the others fight in Nagoya. The war between humans and vampires fully erupts, with Yuu's anger and growth intertwined; the work is themed on vampires, battle, and revenge, and the battle scenes are brutal with a dark yet passionate atmosphere—a popular work in the vampire genre."
416,primary,en-US,女武神驱动 美人鱼,"""Valkyrie Drive: Mermaid"" is a Valkyrie Drive series anime telling the battles of girls. Girls with special powers awaken on an island; the work features battle, yuri, and fan-service, with gorgeous battle scenes combining transformation and combat, rich in fan-service elements—a work aimed at specific audiences."
417,primary,en-US,怪物弹珠,"""Monster Strike"" adapts the same-name game, telling of boy Ren Homura and friends battling with marbles. Ren battles various monsters in the Monster Strike world; the work features adventure, battle, and friendship, with gorgeous battle scenes and fun adventures—a work among game adaptations."
418,primary,en-US,血型君3,"""Ketsuekigata-kun 3"" is the third season of the blood-type series, continuing the comedic daily life with anthropomorphized blood-type characters. The A, B, O, and AB blood-type characters create gags through personality differences; the work features comedy, daily life, and education, with simple cute art and short length—a stress-relieving short anime."
419,primary,en-US,动画锻炼！EX,"""Animation eXercise! EX"" is a short anime telling of girls exercising at the academy. The work features fitness, daily life, and fan-service; the girls' interactions during exercise are fun, and the anime is short with brisk pacing, showing the girls' vitality in light daily life—a stress-relieving short anime."
420,primary,en-US,精灵宝可梦XY&Z,"""Pokemon XY&Z"" is a Pokemon anime series; Ash and Pikachu continue their adventures in the Kalos region. This season introduces Mega Evolution and new rivals, with more exciting battles for Ash and his partners; the work features adventure, battle, and bonds. The gorgeous battle scenes and the deep bond between Pokemon are moving—a highly popular Pokemon anime."
421,primary,en-US,姐姐来了,"""Onee-chan ga Kita"" is a short anime telling the daily life of a boy with older sisters. The protagonist lives surrounded by his sisters; the work features family comedy, fan-service, and comedy, and the anime is short with brisk pacing, showing the sisters' charm amid light comedy—a stress-relieving short anime."
422,primary,en-US,疾走王子 Alternative,"""Prince of Stride: Alternative"" is a sports anime telling the story of the male running sport Stride. The boys form teams to compete in Stride, pouring sweat on the track; the work features sports, passion, and ensemble, with race scenes full of speed and the characters' growth and bonds running throughout—a dynamic sports work."
423,primary,en-US,无彩限的怪灵世界,"""Musaigen no Phantom World"" adapts the same-name light novel. In a world where brain function mutations cause phantom incidents, boy Haruhiko Ichijou and his companions fight the phantoms. The work features fantasy, battle, and comedy; the stories of Haruhiko and the phantoms are fun, and the battle scenes are gorgeous with plenty of fan-service—a light and enjoyable fantasy battle work."
424,primary,en-US,春&夏推理事件簿～春太与千夏的青春～,"""Haruchika"" adapts the same-name novel. High schoolers Haruta and Chika, in the brass band club, solve school incidents through music and mystery. The work features mystery, music, and youth; Haruta's musical talent and his partnership with Chika are charming, and the anime shows youthful worries and growth through mystery—a work combining suspense and warmth."
425,primary,en-US,Active Raid -机动强袭室第八课-,"""Active Raid: Kidou Kyoushuushitsu Dai-Hakkei"" is an original anime telling of the special unit Section 8 fighting criminals using powered armor. The members of Section 8 carry out dangerous missions; the work features mech battles, police, and ensemble, with gorgeous battle scenes and daily life and missions intertwined, brisk pacing—a light passionate mech work."
426,primary,en-US,少女们向荒野进发,"""Shoujo-tachi wa Kouya wo Mezasu"" adapts the same-name game. Boy Buntarou Houjou and the girls gather to make a game; the work features game production, youth, and romance. The girls grow through making the game, and the anime has a warm atmosphere with charming character interactions—a work about youth and dreams."
427,primary,en-US,命运九重奏,"""NORN9"" adapts the same-name otome game. Girl Koharu's encounter with nine boys unfolds an intertwining of fates. The work features romance, fantasy, and ensemble, with distinct characters and a gorgeous warm atmosphere; the interactions between Koharu and the boys are full of romance—an otome anime."
428,primary,en-US,只有我不存在的城市,"""ERASED"" adapts the same-name manga. Young man Satoru Fujinuma possesses the power of Revival to return to the past; to save a classmate kidnapped and killed, he returns to elementary school days, trying to change the tragedy. The work is themed on mystery, time travel, and warmth; Satoru's journey of redemption is full of tension and emotion, and the plot progresses layer by layer with a moving ending—an excellent mystery work of recent years."
429,primary,en-US,大叔与棉花糖,"""Ojisan to Marshmallow"" is a short anime telling the interactions between ojisan Hige and his coworker Wakamiya, who loves marshmallows. Wakamiya's obsession with marshmallows and the ojisan's snark are full of gags; the work features daily life, comedy, and romance, and the anime is short with brisk pacing, showing their warm interactions in light daily life—a stress-relieving short anime."
430,primary,en-US,梦幻之星online2,"""Phantasy Star Online 2"" adapts the same-name game, telling the adventures of boys and girls in a virtual world. The protagonists fight and explore in the Phantasy Star world; the work features adventure, battle, and ensemble, with a vast worldview and fun adventures—a work among game adaptations."
431,primary,en-US,粗点心战争,"""Dagashi Kashi"" adapts the same-name manga. In a countryside candy store, boy Kokonotsu Shikada meets the city girl Hotaru Shidare, who challenges him with her obsession with dagashi. The work features food, comedy, and daily life, combining the charm of dagashi with character interactions, dense with jokes, showing the fun of candy in light daily life—a work full of joy."
432,primary,en-US,暗杀教室 第二季,"""Assassination Classroom"" Season 2 is the series' final season; Class 3-E students keep working to assassinate Koro-sensei. This season revolves around Koro-sensei's past and Class 3-E's graduation, with assassination and warmth intertwining movingly; the work is themed on school, comedy, and passion, skillfully combining hilarity and emotion, and the farewell at the ending brings tears—a classic education anime."
433,primary,en-US,鲁邦三世 意大利游戏,"""Lupin the Third: Italian Game"" is a movie of Lupin the Third, telling Lupin's adventure in Italy. Lupin and his partners carry out theft operations in Italy; the work features phantom thieves, adventure, and comedy, with art and performances full of period flavor. Lupin's wit and charm are captivating—a new chapter of the Lupin series."
434,primary,en-US,告诉我！辣妹子酱,"""Oshiete! Galko-chan"" is a short anime telling of the American girl Galko-chan interacting with Japanese people. Galko-chan asks questions in English, and the characters answer in various ways; the work features comedy, daily life, and cultural exchange, and the anime is short with dense jokes, showing fun exchanges in light interactions—a stress-relieving short anime."
435,primary,en-US,石膏男孩,"""Sekkou Boys"" is a short anime telling the daily life of idolized plaster statues. The plaster statues made into idols cause various jokes; the work features parody, idols, and daily life, with cute art and brisk pacing, showing the funny stories of plaster statue idols in an absurd setting—a unique comedy short."
436,primary,en-US,神圣之门,"""Divine Gate"" adapts the same-name game, telling the adventures of boys in a world where the Divine Gate has opened. The protagonists fight various enemies in pursuit of the Divine Gate; the work features fantasy, adventure, and battle, with a vast worldview and fun adventures—a work among game adaptations."
437,primary,en-US,红壳的潘多拉,"""Pandora in the Crimson Shell: Ghost Urn"" adapts from Shirow Masamune and Rokuda Washi's manga. The cyborg girl who received mechanical body modifications and her partner adventure in a near-future city; the work features sci-fi, action, and daily life, combining cute character designs with sci-fi settings. The adventures of the cyborg girl are fun—a work with both moe and action."
438,primary,en-US,从前有座灵剑山,"""Ling Jian Shan"" is a Chinese cultivation anime adapting the same-name novel, telling the growth of cultivation boy Wang Lu. Wang Lu trains at the Ling Jian sect, and his interactions with his master Wang Wu and others are full of gags; the work features cultivation, comedy, and passion, with novel settings and brisk pacing, unfolding cultivation adventures amid light daily life—an excellent Chinese cultivation anime."
439,primary,en-US,昭和元禄落语心中,"""Shouwa Genroku Rakugo Shinjuu"" adapts the same-name manga, telling the rakugo world of rakugo artist Yotarou and his master Kikuhiko. The work is themed on rakugo, art, and life; Kikuhiko's rakugo life and master-disciple bonds run throughout. The anime has a serene elegant atmosphere, with detailed depiction of rakugo art—an artistic work full of Showa-era flavor."
440,primary,en-US,舞兵器舞乱伎,"""Bubuki Buranki"" is an original anime telling the adventures of a boy and the bubuki girls. Boy Azuma, who lost his memory, regains the power of bubuki and fights enemies with the girls; the work features fantasy, battle, and passion, with gorgeous 3DCG battle scenes and the characters' bonds running throughout—a powerful action work."
441,primary,en-US,幸运逻辑,"""Luck & Logic"" is an original anime telling of boys with the power of logic fighting in the gap between fantasy and reality. Protagonist Ichika awakens after meeting a mysterious girl and fights threats with his partners; the work features fantasy, battle, and passion, with gorgeous battle scenes and growth and bonds running throughout—a standard fantasy battle work."
442,primary,en-US,无头骑士异闻录×2 结,"""Durarara!!x2 Ketsu"" is the concluding chapter of the series, as the ensemble narration of Ikebukuro's urban legends reaches its climax. This season interweaves the fates of many characters, with the events around the head and conspiracies drawing to a close; the work features multi-line narration, urban suspense, and ensemble, with tight pacing and constant reversals, drawing a conclusion for Ikebukuro's oddballs—a classic of urban ensemble drama."
443,primary,en-US,魔法护士小麦R,"""Nurse Witch Komugi-chan R"" is a short anime telling the daily life and battles of magical nurse Komugi. As a magical nurse, she switches between protecting the city and daily life; the work features magical girls, comedy, and daily life, and the anime is short with brisk pacing, unfolding magical girl adventures amid light daily life—a stress-relieving short anime."
444,primary,en-US,历物语,"""Koyomimonogatari"" is a Monogatari series anime telling Koyomi Araragi's encounters with various oddities during high school. This season reviews Araragi's experiences with oddities in short-story format; the work is known for its unique dialogue style and extreme visual expression, with Araragi's inner monologues and entanglements with oddities full of deliberation. The anime's stylized direction is as excellent as ever—a supplementary chapter of the Monogatari series."
445,primary,en-US,虹色时光,"""Nijiiro Days"" adapts the same-name manga, telling the youthful romance of four boys and high school girls. The love entanglements of Natsuki, Anna, and others are full of youthful spirit; the work features romance, daily life, and ensemble, with realistic fun character interactions. The anime has a light warm atmosphere, showing the rawness and heartbeats of adolescence—a romance work full of sunshine."
446,primary,en-US,房东妹子青春期,"""Ooya-san wa Shishunki!"" is a short anime telling the daily life of a young man and his high school girl landlady. The boy rents a room from the high school girl landlady, and their cohabitation life is fun; the work features daily life, comedy, and romance, and the anime is short with brisk pacing, showing their interactions amid light daily life—a stress-relieving short anime."
447,primary,en-US,维度战记,"""Dimension W"" adapts the same-name manga. In a near future where dimensional energy is discovered, dimensional collector Kyoma Mabuchi lives in the city. He meets a mysterious girl and gets drawn into a conspiracy over dimensional energy; the work features sci-fi, action, and suspense, with a unique art style and gorgeous battle scenes. Kyoma's adventures and the truth of dimensional energy unfold layer by layer—a charming sci-fi work."
448,primary,en-US,灰与幻想的格林姆迦尔,"""Grimgar of Fantasy and Ash"" adapts the same-name light novel. Boys who lost their memories struggle to survive in the otherworld Grimgar; the work features otherworld, survival, and ensemble, with realistic depiction and a heavy atmosphere that leave a strong impression. The protagonists' slow growth in a cruel world is real and moving—a unique work in the isekai genre."
449,primary,en-US,暗芝居 第三季,"""Yami Shibai"" Season 3 is a horror short anime series, continuing to tell various ghost stories in paper theater format. The work is known for its nostalgic art style, grotesque plots, and spine-chilling atmosphere; each episode creates a strong sense of horror in just a few minutes, and the distorted urban legends send chills down viewers' spines—a must-see for horror anime fans."
450,primary,en-US,最弱无败神装机龙,"""Saijaku Muhai no Bahamut"" adapts the same-name light novel. In a world where mech armor called Drag-Ride is widespread, boy Lux grows as the weakest Drag-Knight at the academy. The work features school battles, harem, and passion; Lux's interactions with the girls are full of fan-service, and the battle scenes are gorgeous with novel settings—a standard light-novel school battle harem anime."
451,primary,en-US,黑之宣告,"""Schwarzesmarken"" adapts the same-name light novel, telling of boys piloting mechs to fight in a parallel world's East Germany. Under the tense East-West Germany confrontation, the boys are drawn into brutal war; the work features mech battles, war, and ensemble, with a heavy atmosphere and the characters' struggles and sacrifices in war moving—a hardcore sci-fi work."
452,primary,en-US,赤发白雪姬 第2部分,"""Akagami no Shirayuki-hime"" Part 2 is the second season of Akagami no Shirayuki-hime; Shirayuki and Zen's love story continues. Shirayuki shows her herbal medicine talent at court, and her bond with Zen deepens further; the work features romance, court, and adventure, with fresh beautiful visuals. Shirayuki's independence and strength pair beautifully with Zen's gentleness—a work full of girlish heart."
453,primary,en-US,网球并不可笑嘛 7期,"""Teekyuu"" Season 7 continues the series, as the tennis club girls' nonsensical daily life goes on. The work features rapid-fire gags, exaggerated performances, and wild-brain segments, turning tennis into various hilarious scenes; each episode is extremely short yet packed with jokes—a light short anime that makes viewers laugh out loud, perfect for stress relief in spare time."
454,primary,en-US,血型君4,"""Ketsuekigata-kun 4"" is the fourth season of the blood-type series, continuing the comedic daily life with anthropomorphized blood-type characters. The A, B, O, and AB blood-type characters create gags through personality differences; the work features comedy, daily life, and education, with simple cute art and short length—a stress-relieving short anime."
455,primary,en-US,魔法少女什么的已经够了啦。,"This is a short anime telling the daily life of a magical girl. After becoming a magical girl, the protagonist spends her daily life with the mascot and friends; the work deconstructs the magical girl setting, with brisk pacing and dense jokes, showing the girls' interactions amid light daily life—a stress-relieving short anime."
456,primary,en-US,苍之彼方的四重奏,"""Aokana: Four Rhythm Across the Blue"" adapts the same-name game. In a world where the anti-gravity flying sport Flying Circus is popular, boy Masaya Hinata meets the genius girl Asuka Kurashina, unfolding a youthful story of aerial competition. The work features sports, romance, and passion; the aerial competition scenes are full of speed, and the characters' growth and bonds run throughout—a charming sports romance work."
457,primary,en-US,为美好的世界献上祝福！,"""KonoSuba: God's Blessing on This Wonderful World!"" adapts the same-name light novel. After dying, hikikomori boy Kazuma Satou is reincarnated in another world, forming a party with the useless goddess Aqua, the explosion-magic girl Megumin, and the masochist knight Darkness, carrying out hilarious adventures. The work features isekai, comedy, and snark; the bizarre combination of Kazuma and his teammates is full of gags, and the anime has exaggerated performances and dense jokes—a classic isekai comedy."
458,primary,en-US,亚人,"""Ajin: Demi-Human"" adapts the same-name manga. Ajin Kei Nagai, who has immortality, goes on the run and fights after being hunted by humans. The work features sci-fi, suspense, and action; the Ajin settings and battle scenes are shocking, and Kei's struggles and choices in desperate situations are impressive. The anime's 3DCG is unique—an excellent sci-fi anime."
459,primary,en-US,这个男人、工作是魔法,"This is a short anime telling the interactions between a boy working at a magic agency and his clients. The work features magic, daily life, and warmth, with fresh art and a warm atmosphere, showing magic and human hearts in light episodic stories—a healing short work."
460,primary,en-US,莉露莉露妖精莉露～妖精之门～,"""Rilu Rilu Fairilu: Fairilu no Gate"" is a girls' anime telling the adventures of fairy girls. The fairies carry out various activities through the Fairilu Gate, helping humans fulfill wishes; the work features magic, daily life, and healing, with cute art and a warm atmosphere. The girls' adventures are full of childlike charm—a magical daily anime for girl viewers."
461,primary,en-US,GATE 奇幻自卫队 炎龙篇,"""GATE: Jieitai Kanochi nite, Kaku Tatakaeri - Enryuu-hen"" is the second season of GATE; the JSDF's adventures in the otherworld continue. This season revolves around the conflicts in the otherworld, with Itami's interactions with otherworld residents deepening; the work features military, fantasy, and adventure, combining military settings with fantasy elements—a work with a novel theme."
462,primary,en-US,偶像活动 第四年,"""Aikatsu!"" Season 4 is an Aikatsu series anime, as the idol lives of the Starlight Academy girls continue. This season Ichigo Hoshimiya and her partners face new challenges and tournaments; the work is themed on gorgeous stage performances, fashion coordination, and girls chasing dreams, with gorgeous song-and-dance scenes and cute characters, full of the sparkle and emotion of the idol world—a classic girls' idol series."
463,primary,en-US,魔法使光之美少女！,"""Maho Girls PreCure!"" is a Pretty Cure series anime telling of girls who transform using magic. The girls travel between the magic world and the human world, fighting dark forces; the work features magic, girls' battles, and daily life, with gorgeous costume and battle scenes. The characters' bonds are warm and touching—a girls' magical girl anime."
464,primary,en-US,新章 妖精的尾巴 ZERØ,"""Fairy Tail Zero"" is a prequel to Fairy Tail, telling the founding story of the Fairy Tail guild. Centered on Mavis, this work depicts the guild's origins and first adventures; the work is known for passionate battle, partner bonds, and a grand magic world, with a warm atmosphere, adding moving history to the Fairy Tail series—a work full of sentiment."
465,primary,en-US,熊巫女,"""Kuma Miko"" adapts the same-name manga. Shrine maiden girl Machi Amayadori and her bear companion Natsu live in a village; Machi works hard to overcome her shyness. The work features daily life, healing, and comedy; the interactions between Machi and Natsu are warm and funny, with cute art and a light atmosphere—a healing daily work."
466,primary,en-US,Re：从零开始的异世界生活,"""Re:Zero - Starting Life in Another World"" adapts the same-name light novel. Ordinary boy Subaru Natsuki is summoned to another world on his way home from the convenience store, gaining the ability to return by dying. He dies and loops repeatedly in the otherworld, fighting to protect the people he cares about; the work is themed on isekai, suspense, and tears. Subaru's despair and persistence are moving, and the production is refined—a representative isekai work."
467,primary,en-US,霸旋陀螺 爆刃对决,"""Beyblade Burst"" is a beyblade battle anime telling of boys battling with spinning tops. The protagonists keep growing in beyblade competition, dueling capable opponents; the work features competition, passion, and toys, with gorgeous battle scenes and growth and bonds running throughout—a work suitable for young viewers."
468,primary,en-US,怪盗Joker3,"""Mysterious Joker"" Season 3 is the third season; boy phantom thief Joker continues his gorgeous theft adventures. This season adds new rivals and incidents, with even more spectacular magic theft plans; the work features gorgeous magic, exaggerated performances, and episodic adventures, with vivid colorful direction and brisk pacing—a work suitable for young viewers."
469,primary,en-US,12岁。小小的胸口心跳加速,"""12-sai.: Chicchana Mune no Tokimeki"" adapts the same-name manga, telling the love and growth of sixth-grade girls. Hanabi Ayase and Takao's first love story is full of girlish heart; the work is themed on romance, daily life, and growth, with cute art and a warm atmosphere, delicately depicting the girls' raw emotions—a work suitable for girl viewers."
470,primary,en-US,美少女战士Crystal 第三季,"""Sailor Moon Crystal"" Season 3 continues the series, as Usagi Tsukino and her companions fight new enemies. In this season's Death Busters arc, the Sailor Soldiers battle new enemies; the work faithfully follows the original manga with gorgeous transformation and battle scenes. Usagi keeps growing in the battle to protect love and justice—a faithful reproduction of the classic magical girl series."
471,primary,en-US,爆音少女!!,"""Bakuon!!"" is a short anime telling the girls' daily life with motorcycles. Girls who know nothing about motorcycles come into contact with motorcycle culture under their companions' guidance; the work features motorcycles, daily life, and comedy, combining the charm of motorcycles with the girls' interactions, with cute art and a light atmosphere—a stress-relieving short anime."
472,primary,en-US,龙心战纪,"This is an original anime telling the battles of boys with dragon power. The protagonists adventure under the dragon threat; the work features fantasy, adventure, and passion, with gorgeous battle scenes and growth and bonds running throughout—a standard fantasy adventure work."
473,primary,en-US,百武装战记,"""Hundred"" adapts the same-name light novel. In a world attacked by unknown lifeforms, the boy who can resonate with the Hundred, the weapon-type armor, fights together with the girls. The work features school battles, harem, and passion; the protagonist's interactions with the girls are full of fan-service, and the battle scenes are gorgeous—a standard light-novel school battle harem anime."
474,primary,en-US,美妙天堂 第三期,"""PriPara"" Season 3 continues the series, as the girls' idol activities at PriPara continue. This season new characters and stages appear, making Laala and her partners' idol life even more exciting; the work features gorgeous stage performances, cute characters, and a light plot, with infectious song-and-dance scenes—a classic girls' idol series."
475,primary,en-US,薄樱鬼～御伽草子～,"""Hakuouki: Otogisoushi"" is a Q-version anime of the Hakuouki series, Q-versioning the Shinsengumi characters and unfolding daily life. Chizuru and the Shinsengumi members cause various jokes in the Q-version world; the work features parody, daily life, and snark, and the anime is short with dense jokes—a light work Hakuouki fans shouldn't miss."
476,primary,en-US,鬼牌游戏,"""Joker Game"" adapts the same-name novel, telling of the members of the spy organization D Agency carrying out various intelligence missions before World War II. The members each have special skills, completing missions in dangerous environments; the work features spies, suspense, and ensemble, with a cool atmosphere and ingenious plots. The characters' wits and sacrifices are impressive—an excellent spy anime."
477,primary,en-US,战斗之魂 双重驱动,"""Battle Spirits: Double Drive"" is a Battle Spirits series anime telling of boys battling with cards. The protagonists keep growing in card battles, dueling capable opponents; the work features cards, passion, and adventure, with gorgeous battle scenes and growth and bonds running throughout—a work suitable for young viewers."
478,primary,en-US,双星之阴阳师,"""Twin Star Exorcists"" adapts the same-name manga. Boy Rokuro Enmadou with great power and girl Benio Adashino, as the Twin Star Exorcists, fight the evil spirits Kegare together. The work features exorcists, battle, and passion; the partnership between Rokuro and Benio is full of tension, and the battle scenes are gorgeous with moving growth—an exorcist anime."
479,primary,en-US,Crane Game Girls,"""Crane Game Girls"" is a short anime telling the story of girls through crane games. Alien girls challenge crane games to save Earth; the work features comedy, daily life, and absurdity, with absurd funny settings and brisk pacing, showing the girls' interactions amid light daily life—a stress-relieving short anime."
480,primary,en-US,超级恋人,"""Super Lovers"" is a BL romance anime telling the love story between Haru Kaidou and his adopted brother Ren. Ren closes his heart due to past trauma, and Haru slowly melts him with gentleness; the work features BL romance, warmth, and healing, with a warm atmosphere and delicate emotional development—an excellent BL anime."
481,primary,en-US,鬼斩,"""Onigiri"" adapts the same-name game, telling the battle story of Japanese-style girls. Girls with power fight under the threat of oni; the work features battle, Japanese style, and ensemble, with gorgeous battle scenes and charming character interactions—a uniquely styled battle work."
482,primary,en-US,文豪野犬,"""Bungou Stray Dogs"" adapts the same-name manga. In a world with supernatural abilities, literary masters fight with abilities. Orphan Atsushi Nakajima joins the Armed Detective Agency, solving incidents with Dazai and other characters; the work features ability battles, literary master anthropomorphization, and ensemble, with gorgeous battle scenes and well-rounded characters—a highly popular work in recent years."
483,primary,en-US,偶像活动Stars,"""Aikatsu Stars!"" is an Aikatsu series anime telling the idol lives of the Yotsuboshi Academy girls. Set at Four Star Academy, the girls aim to become top idols; the work is themed on gorgeous stage performances, fashion coordination, and girls chasing dreams, with infectious song-and-dance scenes—a classic girls' idol series."
484,primary,en-US,Anne Happy♪,"""Anne Happy"" adapts the same-name manga. At a school that advocates happiness, girls plagued by misfortune form the Happiness Class; the work features daily life, healing, and comedy, with the girls working hard to pursue happiness. The anime has cute art and a light atmosphere, showing the girls' friendship amid warm daily life—a healing daily work."
485,primary,en-US,黑色残骸,"""Kuromukuro"" is an original anime telling the story of boys and ancient giant weapons left by an ancient civilization. The boys pilot the machines in battles in the city of Kurobe, drawn into a conspiracy over the black remains; the work features mech battles, passion, and ensemble, with gorgeous battle scenes and growth and bonds running throughout—a solid mech work."
486,primary,en-US,线上游戏的老婆不可能是女生？,"""Netoge no Yome wa Onnanoko ja Nai to Omotta?"" adapts the same-name light novel. Boy Hideki Nishimura, rejected after confessing to a female player in an online game, discovers the player is his classmate in real life. The work features online games, romantic comedy, and daily life; the real-life interactions between Hideki and his online wife are full of gags and sweetness, and the anime has a light atmosphere—a cheerful school romantic comedy."
487,primary,en-US,甲铁城的卡巴内利,"""Kabaneri of the Iron Fortress"" is an original anime. In a world ravaged by Kabane, boy Ikoma fights with the girl Mumei and others aboard the armored train Kotetsujou; the work features steampunk, zombies, and passion, with unique settings and gorgeous battle scenes. The bond between Ikoma and Mumei runs throughout—an original work by WIT STUDIO."
488,primary,en-US,在下坂本，有何贵干？,"""Haven't You Heard? I'm Sakamoto"" adapts the same-name manga. The all-around high schooler Sakamoto conquers the whole school with his handsome and perfect actions; the work features comedy, daily life, and snark. Sakamoto's gorgeous actions and calm responses are full of gags, and the anime has exaggerated performances and brisk pacing—a school comedy that makes viewers laugh."
489,primary,en-US,少年女仆,"""Shounen Maid"" adapts the same-name manga. Boy Chihiro, who lost his mother, starts a maid life at his uncle's house; the work features daily life, healing, and comedy, with warm and funny interactions between Chihiro and his uncle's family. The anime has cute art and a light atmosphere, showing the boy's growth amid comedic daily life—a healing work."
490,primary,en-US,境界的轮回 第二季,"""Kyokai no Rinne"" Season 2 continues the first season, as Sakura Mamiya and the half-death god Rinne Rokudou continue helping ghosts pass on. This season new paranormal incidents and characters appear; the work features the supernatural, comedy, and daily life, with Takahashi's signature comedic style running throughout and light episodic stories—a warm supernatural daily work."
491,primary,en-US,田中君总是如此慵懒,"""Tanaka-kun wa Itsumo Kedaruge"" adapts the same-name manga. The extremely lazy boy Tanaka and his reliable friend Oota's daily life is fun; the work features daily life, comedy, and healing, with the contrast between Tanaka's laziness and Oota's reliability forming gap moe. The anime has soft art and a slow pace, showing the two's friendship amid light daily life—a healing work."
492,primary,en-US,羁绊者,"""Kiznaiver"" is an original anime telling the story of boys and girls sharing pain. The boys and girls chosen as Kiznaivers come to understand each other by sharing pain; the work features sci-fi, youth, and ensemble, exploring the connections and loneliness between people. The characters' growth and bonds run throughout—a work full of deliberation."
493,primary,en-US,高校舰队,"""High School Fleet"" is an original anime telling the story of girls piloting warships. At the Yokosuka Girls' Marine High School, girls train and adventure aboard warships; the work features warships, school, and ensemble, with gorgeous battle scenes and charming growth and bonds—a unique military school work."
494,primary,en-US,飞翔的魔女,"""Flying Witch"" adapts the same-name manga. Apprentice witch Makoto Kowata comes to her relatives' home in Aomori for training, living with her cousins. The work features magic, daily life, and healing; Makoto's leisurely life in the countryside is warm and fun, with fresh art and a tranquil atmosphere—a healing daily magic work."
495,primary,en-US,炸猪排DJ扬太郎,"""Tonkatsu DJ Agetarou"" is a short anime telling of tonkatsu shop boy Agetarou becoming interested in DJing. Agetarou finds common ground between tonkatsu and DJ; the work features food, music, and comedy, cleverly combining tonkatsu with DJ, with a unique art style and light atmosphere—a distinctive work."
496,primary,en-US,三者三叶,"""Sansha Sanyou"" adapts the same-name manga, telling the daily life of three girls whose names contain the character for leaf. The work features daily life, healing, and comedy; the girls' interactions are full of charm and gags, with cute art and a light atmosphere, showing the girls' friendship amid warm daily life—a healing daily work."
497,primary,en-US,兔龟,"""Usakame"" is a short anime telling the daily life of high school girls and rabbits. The girls interact around rabbit-themed activities; the work features daily life, healing, and comedy, with cute art and brisk pacing, showing the girls' interactions amid light daily life—a stress-relieving short anime."
498,primary,en-US,任性HighSpec,"""Wagamama High Spec"" adapts the same-name game, telling the daily life of a genius boy and the girls who are council presidents at the academy; the work features school, romance, and daily life, with the protagonist's interactions with the girls full of gags. The anime has a light atmosphere—a light school romance work."
499,primary,en-US,至高指令,"""Big Order"" adapts the same-name manga. Boy Eiji Hoshimiya, who has the power of dominion, fights various ability users after gaining power; the work features superpowers, battle, and passion, with Eiji's power and the world's truth unfolding layer by layer. The battle scenes are gorgeous, and the characters' growth and bonds run throughout—a superpower battle work."
500,primary,en-US,天方魔谭MAGI 辛巴达的冒险,"""Magi: Adventure of Sinbad"" is a prequel to Magi, telling the growth of Sinbad, the Seven Seas King. Young Sinbad awakens his power through adventure, gradually becoming a legendary king; the work features fantasy, adventure, and passion, with Sinbad's growth and the world's unfolding full of charm. The battle scenes are gorgeous—an exciting prequel to the Magi series."
501,primary,en-US,ENDRIDE,"""Endride"" is an original anime telling the adventure of a boy crossing from the real world to the otherworld Andoride. Arriving in a crystal-surrounded otherworld by chance, he meets Prince Emilio, who has suffered a coup, and the two fight side by side to regain the throne. The work features fantasy adventure, passionate battle, and the bond between dual protagonists; the battle scenes are gorgeous, and the growth and friendship of the two boys run throughout—a work full of adventure flavor."
502,primary,en-US,最终幻想15 兄弟情,"""Brotherhood: Final Fantasy XV"" is a spin-off anime of the game Final Fantasy XV, telling the brotherly bond between protagonist Noctis and his companions. The anime depicts the four-man team's interactions and bonds during their journey in short-story format, supplementing the game's backstory. The work features friendship, adventure, and the Final Fantasy worldview, with refined visuals and warm moving character interactions—a must-see for FF15 fans."
503,primary,en-US,Ragnastrike Angels,"""Ragnastrike Angels"" is a short anime telling of giantized girl warriors fighting mysterious enemies. The girls become giant under a special device and engage in fierce battles; the work features battle, fan-service, and parody, and the anime is extremely short with brisk pacing, showing the girl warriors' duels in exaggerated settings—a short work centered on visual impact."
504,primary,en-US,猫猫日本史,"""Neko Nihon Shi"" is a short anime telling Japanese history with cats. Historical figures appear as cute cats; the work features history, comedy, and education, popularizing Japanese history in light daily life. The anime has cute art and short length, combining fun and knowledge—a history education work suitable for all ages."
505,primary,en-US,小飞翔魔女,"""Mini Flying Witch"" is a spin-off short of Flying Witch, continuing the daily life of apprentice witch Makoto. Makoto's leisurely rural life and magical adventures are warm; the work features magic, daily life, and healing, with fresh art and a tranquil atmosphere, showing the witch's life in light stories—a side story for Flying Witch fans."
506,primary,en-US,ReLIFE,"""ReLIFE"" adapts the same-name manga. Unemployed 27-year-old Arata Kaizaki, with the help of a mysterious organization, returns to high school life and experiences youth again at age 17. The work is themed on youth, growth, and healing; Arata re-examines life through interactions with high school students, and the anime has a warm atmosphere with moving thoughts on youth and a touching ending—a healing work."
507,primary,en-US,RS计划 -Rebirth Storage-,"""RS Project -Rebirth Storage-"" is an original short anime telling of a boy and girl piloting machines to fight in an apocalyptic world. The girl awakens for revenge and fights alongside the boy; the work features mech battles, sci-fi, and passion, and the anime is short with a heavy atmosphere, showing battle and bonds in limited length—a cool-styled work."
508,primary,en-US,忧郁的物怪庵,"""Fukigen na Mononokean"" adapts the same-name manga. The boy who can see yokai becomes a servant of the Mononokean, solving yokai incidents with the master Haruitsuki Abeno. The work features yokai, daily life, and healing; the partnership between the boy and Abeno is fun, and the episodic stories are warm and interesting. The anime has fresh art and a warm atmosphere—a healing yokai tale."
509,primary,en-US,剑风传奇,"""Berserk"" adapts Kentarou Miura's same-name manga, telling the story of Guts and Griffith of the mercenary group Band of the Hawk. Guts survives in the brutal medieval world, and his bonds with Griffith and the Hawks head toward tragedy; the work is known for dark fantasy, brutal battles, and profound themes. The anime has refined animation and a heavy atmosphere—a masterpiece of manga adapted to anime."
510,primary,en-US,小桃小栗 Love Love物语,"""Momokuri"" adapts the same-name manga, telling the sweet romance between high school girl Kururi and her younger boyfriend Momo. Kururi's obsession with her lover Momo and her delusions are fun; the work features romance, daily life, and comedy, with cute art and a light atmosphere. Their interactions are sugary—a light healing romance daily work."
511,primary,en-US,食戟之灵 贰之皿,"""Food Wars! The Second Plate"" is the second season of Food Wars; Soma Yukihira continues participating in cooking duels at Tootsuki Academy. This season's Autumn Election and shokugeki battles are fiercer, with Soma competing against distinctive opponents; the work features food, passion, and competition, and the anime's food depictions are mouth-watering with tense exciting match scenes—a classic food anime."
512,primary,en-US,LoveLive! Sunshine!!,"""Love Live! Sunshine!!"" is a Love Live series anime telling of nine girls of Uranohoshi Girls' High School becoming school idols to save the school from closure. Chika and her partners grow through idol activities; the work features music, dream-chasing, and ensemble, with moving songs and gorgeous stage performances. The girls' friendship and dreams are touching—a classic idol anime series."
513,primary,en-US,初恋怪兽,"""First Love Monster"" adapts the same-name manga. Elementary school girl Chiyo Nikaidou meets Kaho Takahashi, who claims to be a college student, but exposes him as a fifth-grade elementary student. The work features romantic comedy, contrast, and comedy; the contrast between Kaho's adult appearance and childish heart is full of gags, and the anime's settings are absurd and funny—a comedic romance work that makes viewers laugh."
514,primary,en-US,B-PROJECT～鼓动＊Ambitious～,"""B-PROJECT: Kodou*Ambitious"" is a female-oriented idol anime telling the growth of the idols of the agency B-PROJECT. The boys chase dreams on the idol stage; the work features music, idols, and ensemble, with gorgeous songs and stage performances. The characters each have charm, and the anime has an inspirational warm atmosphere—a female-oriented idol anime."
515,primary,en-US,DAYS,"""Days"" adapts the same-name manga, telling the growth of football boy Tsukushi Tsukamoto. Led by football genius Jin Kazama into the football club, Tsukushi keeps growing on the pitch; the work features football, passion, and youth. The match scenes are full of passion, and Tsukushi's efforts and team bonds are moving—a passionate sports anime."
516,primary,en-US,Rewrite,"""Rewrite"" adapts the same-name game. At a green campus, boy Kotarou Tennouji meets girls, unfolding an adventure full of mystery. The work features fantasy, mystery, and ensemble; Kotarou gradually learns the world's secrets in his search for truth, and the anime has a unique atmosphere with a plot progressing layer by layer—a Key work adapted to anime."
517,primary,en-US,屁吾郎,"This is a short comedy anime themed on farts. The work features parody, daily life, and humor, with absurd funny settings, presenting various comedic gags in extremely short length. The art is simple and pacing brisk—a light short anime winning with absurdity."
518,primary,en-US,亚尔斯兰战记 风尘乱舞,"""The Heroic Legend of Arslan: Dust Storm Dance"" is the second season of The Heroic Legend of Arslan; Prince Arslan continues growing on the road to restore his kingdom. This season faces new enemies and challenges, further displaying Arslan's benevolence and wisdom; the work is themed on history, war, and hero growth. The war scenes are grand, and the characters' bonds and choices are full of tension—a work full of epic flavor."
519,primary,en-US,情热传说 the X,"""Tales of Zestiria the X"" adapts the same-name game, telling the adventure of the Shepherd Sorey in a world where seraphim and humans coexist. Sorey sets out to purify malevolence, fighting with his companions; the work features fantasy, adventure, and passion, with refined production and gorgeous battle scenes. Sorey's growth and the world's truth unfold layer by layer—an excellent game adaptation."
520,primary,en-US,橘色奇迹,"""Orange"" adapts the same-name manga. High school girl Naho Takamiya receives a letter from herself ten years in the future, acting to change the future. The letter mentions that transfer student Kakeru will die; Naho and her friends work to change his fate. The work is themed on sci-fi, romance, and youth; Naho's growth and Kakeru's redemption intertwine, and the anime has a warm touching atmosphere—a tearjerking work."
521,primary,en-US,齐木楠雄的灾难,"""The Disastrous Life of Saiki K."" adapts the same-name manga. High schooler Saiki Kusuo, who has psychic powers, just wants a quiet life but is plagued by all kinds of troubles. The work features comedy, snark, and superpowers; the contrast between Saiki's world-weary inner monologue and the bizarre behavior of those around him is funny. The anime has blazing pace and dense jokes—a classic comedy anime."
522,primary,en-US,智龙迷城X,"""Puzzle & Dragons X"" adapts the same-name game, telling of a boy battling with dragon partners using orb matching. The protagonists adventure in the Puzzle & Dragons world, fighting alongside various dragons; the work features adventure, battle, and passion, with gorgeous battle scenes and growth and bonds running throughout—a work suitable for young viewers."
523,primary,en-US,香蕉喵,"""Bananya"" is a short anime telling the daily life of cats hiding inside banana peels. The innocent cute behavior of the banana cats is healing; the work features cute pets, daily life, and healing, with soft cute art and a light atmosphere, showing the cats' cuteness in extremely short length—a healing short anime that brightens the mood."
524,primary,en-US,NEW GAME!,"""NEW GAME!"" adapts the same-name manga, telling the workplace life of new game developer Aoba Suzukaze entering a game company. Aoba interacts with her seniors in the daily work of making games; the work features workplace, daily life, and healing, with cute art and a warm atmosphere, vividly depicting the game industry's daily life—a light healing workplace work."
525,primary,en-US,SHOW BY ROCK!! SHORT!!,"""SHOW BY ROCK!! Short!!"" is a short anime of SHOW BY ROCK!!; the band girls' daily life continues. The work features music, comedy, and daily life, and the anime is short with brisk pacing, showing the band members' interactions in light daily life—a side story for SHOW BY ROCK fans."
526,primary,en-US,天真与闪电,"""Sweetness and Lightning"" adapts the same-name manga. Single father Kouhei Inuzuka and his daughter, through meeting the girl Kotori Iida, begin learning to cook. The work is themed on cooking, family love, and healing; the warm daily life of Kouhei cooking for his daughter is moving, and the anime depicts food in detail with heartwarming father-daughter love—a healing family work."
527,primary,en-US,驱魔少年 HALLOW,"""D.Gray-man Hallow"" is a D.Gray-man anime telling the battles of exorcists against the Millennium Earl. Allen and his companions uncover the organization's secrets while fighting akuma; the work features battle, fantasy, and ensemble, with a dark atmosphere and the characters' bonds and sacrifices full of tension—a sequel in the D.Gray-man series."
528,primary,en-US,禁忌咒纹,"""Taboo Tattoo"" adapts the same-name manga. Boy Justice Akatsuka is implanted with a forbidden tattoo while protecting a girl, gaining special power. The work features battle, fantasy, and passion; Justice gradually learns the truth about the tattoo in battles against various enemies, and the battle scenes are gorgeous with novel settings—a standard fantasy battle work."
529,primary,en-US,吸血鬼仆人,"""Servamp"" adapts the same-name manga. High schooler Mahiru Shirota picks up a vampire servant named Kuro, beginning cohabitation. The work features vampires, battle, and daily life; the interactions between Mahiru and Kuro are full of gags, and the anime combines daily life with battle, with the characters' bonds running throughout—a work where light and passion coexist."
530,primary,en-US,腐男子高校生活,"""Fudanshi Koukou Seikatsu"" is a short anime telling the daily life of fudanshi high school boys interested in BL. The work features comedy, daily life, and fujo culture; the fudanshi interact around BL topics, and the anime is short with brisk pacing, showing the characters' fun in light daily life—a stress-relieving short anime."
531,primary,en-US,男子啦啦队!!,"""Cheer Danshi!!"" adapts the same-name novel, telling the story of a boys' cheerleading club. The boys work hard to win the cheerleading competition; the work features sports, youth, and passion, with the novel setting of a male cheerleading club full of highlights. The characters' training and match scenes are moving—a dynamic sports work."
532,primary,en-US,魔装学园H×H,"""Musou Gakuen HxH"" adapts the same-name light novel. Boy Kizuna... the boy with magical armor ability, fights together with his female friends at the academy. The work features school battles, harem, and fan-service; the protagonist's magical armor enhancement ability is a highlight, and the anime has both fan-service and battle—a standard light-novel school battle harem anime."
533,primary,en-US,红伤骑士X,"""Scared Rider Xechs"" adapts the same-name game. In the world threatened by the mysterious Red, the girl and the Knights fight together. The work features fantasy, battle, and ensemble, with gorgeous art and many characters; the bond between the girl and the Knights runs throughout—a fantasy battle work full of imagination."
534,primary,en-US,月歌,"""Tsukiuta."" adapts the same-name project, telling the story of the idol groups Six Gravity and Procellarum. The boys chase dreams on the idol stage; the work features music, idols, and ensemble, with gorgeous songs and stage performances. The characters each have charm, and the anime has an inspirational atmosphere—a female-oriented idol anime."
535,primary,en-US,Fate/kaleid liner 魔法少女☆伊莉雅 3rei!!,"""Fate/kaleid liner Prisma Illya 3rei!!"" is a Fate series spin-off anime; Illya and Miyu's magical girl battles open a new chapter. This season revolves around Miyu's past and the world's crisis; the work features magical girl transformation, the Fate worldview, and battle, with gorgeous battle scenes. Illya's growth is moving—a uniquely styled work in the Fate series."
536,primary,en-US,OZMAFIA!!,"""OZMAFIA!!"" adapts the same-name otome game. Girl Fuka, who lost her memory, meets the young men of mafia families; the work features romance, mafia, and ensemble, with gorgeous art. Fuka's interactions with the characters are charming, and the plot revolves around memory and conspiracy—an otome anime."
537,primary,en-US,魔法少女？Naria☆Girls,"""Mahou Shoujo? Naria Girls"" is a short anime telling of three girls who admire magical girls. The girls carry out daily life in their fantasy of becoming magical girls; the work features comedy, daily life, and snark, and the anime is short with brisk pacing, showing the girls' interactions in light daily life—a stress-relieving short anime."
538,primary,en-US,雷加利亚三圣星,"""Regalia: The Three Sacred Stars"" is an original anime telling the battle story of girls piloting machines. The three sisters uncover the world's truth in battles with giant machines; the work features mech battles, girls, and passion, with gorgeous battle scenes and growth and bonds running throughout—a solid mech work."
539,primary,en-US,半田君,"""Handa-kun"" is a spin-off anime of Barakamon, telling the high school days of young calligrapher Seishuu Handa. Handa worries because he is always misunderstood; the work features comedy, daily life, and snark, with Handa's misunderstanding comedy full of gags. The anime has fresh art and a light atmosphere—a side story for Barakamon fans."
540,primary,en-US,这个美术社大有问题！,"""This Art Club Has a Problem!"" adapts the same-name manga. Art club girl Mizuki Usami has a crush on club president Subaru Uchimaki, but he is only interested in 2-D characters, not 3-D. The work features romantic comedy, daily life, and comedy; Mizuki's crush and the art club's daily life are full of gags, and the anime has a light atmosphere—a school comedy that brings knowing smiles."
541,primary,en-US,美男高校地球防卫部LOVE！LOVE！,"""Cute High Earth Defense Club LOVE! LOVE!"" is the second season of the series; the Earth Defense Club of the handsome boys' high school continues fighting evil forces. This season new enemies and characters appear, and the boys' transformation battles are still full of parody; the work features handsome boys, transformation, comedy, and parody, with exaggerated performances and dense jokes—a highly creative comedy work."
542,primary,en-US,星之梦,"""Planetarian: Chiisana Hoshi no Yume"" adapts Key's game. In the ruins of war, a traveling repairman meets the robot girl Hoshino Yumemi, who calls herself a planetarium narrator. The two spend brief time in the abandoned planetarium; the work is themed on sci-fi, tears, and warmth. Yumemi's innocence and the man's human brilliance are moving—a deeply touching short work."
543,primary,en-US,蓝海少女,"""Amanchu!"" adapts Amano Kozue's same-name manga. Girl Futaba Ooki transfers to a school by the sea and meets the diving girl Hikari Kohinata, beginning to learn diving. The work features diving, daily life, and healing, with fresh beautiful art; the undersea world and the girls' youth shine together—a work full of healing."
544,primary,en-US,Thunderbolt Fantasy 东离剑游纪,"""Thunderbolt Fantasy: Touriken Yuuki"" is a puppet anime collaboration between Gen Urobuchi and Taiwan's Pili, telling the story of a cursed magic sword and swordsmen. Dan Heng, Rin Shouyou, and other characters carry out martial arts adventures in a fantasy world; the work features martial arts, puppetry, and passion, with powerful puppet performances and a plot full of twists—a uniquely styled work."
545,primary,en-US,发条精灵战记 天镜的极北之星,"""Shoukoku no Altair"" adapts the same-name light novel. In a world where clockwork machines drive machinery, boy Mahmut... the boy as the worst soldier is drawn into war. The work features war, strategy, and ensemble; the contrast between the protagonist's lazy appearance and his outstanding wisdom is striking, and the war scenes are grand with a plot full of strategy and reversals—a hardcore war work."
546,primary,en-US,91天,"""91 Days"" is an original anime. Boy Avilio, seeking revenge for his family, infiltrates a mafia family and carries out a 91-day revenge plan. The work is themed on mafia, revenge, and suspense; Avilio's revenge plan is full of tension and reversals, and the anime has a heavy atmosphere with classic music—a work full of tragic flavor."
547,primary,en-US,时间旅行少女～真理、和花与8名科学家～,"""Time Travel Shoujo: Mari, Waka and the 8 Scientists"" is an original anime telling of girls time-traveling to meet historical scientists. Girl Mari carries out time travel while investigating her father's research; the work is themed on sci-fi, education, and the girl's growth, combining scientific knowledge with adventure in a warm atmosphere—an educational and entertaining work."
548,primary,en-US,一人之下,"""Hitori no Shita: The Outcast"" adapts the same-name manga. Ordinary youth Zhang Chulan, after his grandfather's death, is drawn into the conflicts of the superhuman world. With the help of the mysterious girl Feng Baobao, he gradually learns about his own origins; the work features Chinese kung fu, fantasy, and passion, with gorgeous fight scenes. Chulan's growth and the superhuman world's settings are charming—a representative Chinese animation."
549,primary,en-US,心灵代码,"""Qualidea Code"" is an original anime. In a world where music cannot be played, boy Ichiya and the girls fight through music. The work features music, sci-fi, and passion, with gorgeous battle scenes and a novel setting of music power; the bond between Ichiya and his partners runs throughout—a creative work."
550,primary,en-US,圣洁天使,"""Ange Vierge"" adapts the same-name game. In a future facing collapse, girls awaken to fight to protect the world. The work features battle, fantasy, and ensemble, with gorgeous art and growth and bonds running throughout; the plot revolves around the world's truth—a standard fantasy battle work."
551,primary,en-US,Active Raid -机动强袭室第八课- 2nd,"""Active Raid: Kidou Kyoushuushitsu Dai-Hakkei 2nd"" is the second season of the series; Special Unit 8 continues its missions. This season the members face stronger enemies; the work features mech battles, police, and ensemble, with gorgeous battle scenes and daily life and missions intertwined, brisk pacing—a light passionate mech work."
552,primary,en-US,弹丸论破3 -The End of 希望之峰学园- 未来篇,"""Danganronpa 3: The End of Kibougamine Gakuen - Mirai-hen"" is a Danganronpa series anime telling of the members of the Future Foundation drawn into a game of despair. Makoto Naegi and his partners face attacks of despair in the Future arc; the work is themed on suspense, despair, and reversal, with a tense atmosphere and a plot full of reversals and impact—the concluding chapter of the Danganronpa series."
553,primary,en-US,灵能百分百,"""Mob Psycho 100"" adapts ONE's same-name manga. Boy Shigeo Kageyama (Mob) with strong psychic powers handles paranormal incidents under his master Arataka Reigen's guidance. The work is themed on superpowers, battle, and growth; Mob's struggle between suppressing power and growing is full of resonance, and the battle scenes are gorgeous with a moving ending—a passionate work of great depth."
554,primary,en-US,弹丸论破3 -The End of 希望之峰学园- 绝望篇,"""Danganronpa 3: The End of Kibougamine Gakuen - Zetsubou-hen"" is the despair arc of the Danganronpa series, telling the past of Kibougamine Academy. This work depicts the spread of despair in the academy and the characters' tragedies, echoing the Future arc; the work features suspense, despair, and ensemble, with a heavy atmosphere and impactful fates—the concluding chapter of the Danganronpa series."
555,primary,en-US,野球少年,"""Battery"" adapts the same-name novel. Boy Takumi Harada aims to be a baseball pitcher and meets catcher Gou Nagakura after transferring schools. The work is themed on baseball, youth, and friendship; Takumi's growth and pitching are highlights, and the anime depicts baseball in detail with real moving bonds and setbacks—a solid sports work."
556,primary,en-US,航海王：黄金之心,"""One Piece: Heart of Gold"" is a special episode of One Piece, telling the adventure related to the Heart of Gold. The Straw Hat crew encounters new enemies in their search for the Heart of Gold; the work is themed on adventure, passion, and partner bonds, with gorgeous battle scenes and fun-filled adventures—a special episode for One Piece fans."
557,primary,en-US,七大罪 圣战的预兆,"""The Seven Deadly Sins: Signs of Holy War"" is a special episode of The Seven Deadly Sins, telling the daily life before the holy war. This work focuses on the characters' interactions and preparations before the holy war; the work features fantasy adventure, passionate battle, and partner bonds, with a relatively light atmosphere, supplementing the stories between characters—a transitional special."
558,primary,en-US,银河机攻队 庄严王子,"""Ginga Kikoutai Majestic Prince"" is an original robot anime telling of an Earth defense force fighting unknown enemies. The boys pilot machines to fight, growing through war; the work features mech battles, passion, and ensemble, with gorgeous battle scenes and growth and bonds running throughout—a solid mech work."
559,primary,en-US,Under The Dog,"""Under The Dog"" is a sci-fi anime telling of students with special abilities being used as weapons in a near-future world. The girls struggle in a manipulated fate; the work features sci-fi, battle, and a dark atmosphere, with refined art. The plot revolves around the tragedy of ability users—a cool-styled work."
560,primary,en-US,伤物语Ⅰ铁血篇,"""Kizumonogatari Part 1: Tekketsu"" is the prequel movie of the Monogatari series, telling the encounter between Koyomi Araragi and the vampire Kiss-shot. After helping the dying vampire, Araragi becomes her servant and is drawn into battles against three vampire hunters; the work is known for its unique dialogue style, extreme visual expression, and profound themes, with refined production—the origin chapter of the Monogatari series."
561,primary,en-US,加速世界 Infinite Burst,"""Accel World: Infinite Burst"" is a movie of Accel World, telling boy Haruyuki Arita's battles in the Accel World. This work revolves around a new chapter, with Haruyuki and his partners challenging strong enemies; the work features sci-fi, battle, and passion, with gorgeous battle scenes. Haruyuki's growth is moving—a movie of the Accel World series."
562,primary,en-US,苍蓝钢铁的琶音 Cadenza,"""Aoki Hagane no Arpeggio: Cadenza"" is a movie of Aoki Hagane no Arpeggio; the story of the crew and Iona opens a new chapter. This work revolves around the fate of the Fleet of Fog and humanity; the work features SF naval battles, sci-fi, and emotion, with refined ship animation. The crew's growth and Iona's emotions are moving—an important work of the series."
563,primary,en-US,选择破坏者WIXOSS剧场版,"""Selector Destructed WIXOSS"" is a movie of the WIXOSS series; the girls continue participating in WIXOSS card battles. This work revolves around a new chapter; the work features cards, suspense, and psychological games, continuing the series' dark atmosphere. The girls' fates and wishes intertwine, with a plot full of reversals—an important work of the WIXOSS series."
564,primary,en-US,电影 High☆Speed! -Free! Starting Days-,"""High Speed! -Free! Starting Days-"" is a prequel movie of Free!, telling the story of the boys of Iwatobi Middle School's swim club. Haru and Makoto meet in middle school and work to establish the swim club; the work is themed on swimming, youth, and bonds, with beautiful underwater animation. The boys' friendship and dreams are moving—a prequel of the Free! series."
565,primary,en-US,少女与战车 剧场版,"""Girls und Panzer der Film"" is a movie of Girls und Panzer, telling of girls battling with tanks. Ooarai Girls' Academy faces a new crisis in the movie, with the girls engaging in fierce large-scale tank battles; the work features tanks, passion, and ensemble, with gorgeous stunning battle scenes. The girls' teamwork is charming—a classic of the tank genre."
566,primary,en-US,心灵想要大声呼喊。,"""The Anthem of the Heart"" is an original anime telling the story of girl Jun Naruse, who cannot speak. Jun loses her ability to speak due to past trauma, gradually finding the courage to express herself through musical activities; the work is themed on youth, healing, and growth. Jun's inner world and the musical unfold movingly, with refined production—a deeply touching work."
567,primary,en-US,女神异闻录5 -THE DAY BREAKERS-,"""Persona 5: The Animation - The Day Breakers-"" is a short anime of Persona 5, telling the actions of the Phantom Thieves. This work shows the Phantom Thieves' adventures in episodic format; the work features Persona battles, youth, and ensemble, with a unique style and charming character interactions—a spin-off of the P5 series."
568,primary,en-US,乌龙派出所 THE FINAL 两津勘吉最后的一天,"This is the final chapter of Kochikame, telling the last story of officer Ryotsu Kankichi. This work reviews Ryotsu's legendary life; the work features comedy, daily life, and warmth, with the comedy style running throughout and a moving farewell at the ending—a satisfactory conclusion of the Kochikame series."
569,primary,en-US,喵楞！,"This is a short anime telling the daily life of cats. The work features cute pets, daily life, and healing, with soft cute art and a light atmosphere, showing the cats' adorable behavior in extremely short length, brightening the mood—a healing short anime."
570,primary,en-US,怪兽娘～奥特怪兽拟人化计划～,"""Kaiju Girls: Ultra Kaijuu Gijinka Keikaku"" is a short anime anthropomorphizing Ultraman series monsters into girls, telling their daily life. The work features monster anthropomorphization, daily life, and comedy, with cute art and a light atmosphere, showing the kaiju girls' interactions in light daily life—a spin-off of the Ultraman series."
571,primary,en-US,数码宝贝宇宙 应用怪兽,"""Digimon Universe: Appli Monsters"" is a Digimon series anime telling of boys battling app monsters. Haru Shinkai adventures with his partner app monster; the work features adventure, battle, and the Digimon worldview, with gorgeous battle scenes and growth and bonds running throughout—a new Digimon series work."
572,primary,en-US,时间飞船24,"""Time Bokan 24"" is a Time Bokan series anime telling of boys' time-space adventures piloting flying machines. The chase battles between the protagonists and the villain Time Bokan are fun; the work features adventure, comedy, and machines, with novel settings and joyful adventures—a work suitable for all ages."
573,primary,en-US,时空囚徒,"This is a short anime telling the story of prisoners in a space-time prison. The prisoners struggle to survive in a strange environment; the work features suspense, sci-fi, and horror, with an oppressive atmosphere and a plot full of mysteries, creating tension in limited length—a uniquely styled work."
574,primary,en-US,舞兵器舞乱伎 星之巨人,"""Bubuki Buranki: Hoshi no Kyojin"" is the second season of Bubuki Buranki; Azuma and the bubuki girls' adventures continue. This season revolves around the truth of the Star Giant, with fiercer battles; the work features fantasy, battle, and passion, with gorgeous 3DCG battle scenes and bonds running throughout—a powerful action work."
575,primary,en-US,终末的伊泽塔,"""Shuumatsu no Izetta"" is an original anime telling the war story of the witch Izetta and the princess. In a world engulfed in war, witch Izetta fights to protect the princess; the work is themed on fantasy, war, and tragedy, with Izetta's power and the princess's bond running throughout. The anime has a heavy atmosphere with a plot full of sacrifice and emotion—a moving work."
576,primary,en-US,WWW.迷糊餐厅,"""WWW.Wagnaria!!"" adapts the same-name manga, telling the daily life of the staff at the family restaurant Wagnaria. This work has different settings from the previous work, but the staff's interactions are still full of gags; the work features daily life, comedy, and ensemble, with a relaxed happy atmosphere and funny snark and entanglements—a Wagnaria series work."
577,primary,en-US,魔法少女育成计划,"""Mahou Shoujo Ikusei Keikaku"" adapts the same-name novel. Summoned by a magical girl training game, girls gain magical girl powers but are drawn into a cruel elimination battle. The work is themed on magical girls, suspense, and darkness; the girls struggle in mutual destruction, and the anime has an oppressive atmosphere with an impactful ending—an anti-trope magical girl work."
578,primary,en-US,ViVid Strike!,"""ViVid Strike!"" is a Nanoha series anime telling the fighting competition of girls Fuuka and Rio. Fuuka keeps growing in the fighting tournament, engaging in fierce duels with opponents; the work is themed on battle, passion, and growth, with gorgeous fighting scenes. Fuuka's growth is moving—a spin-off of the Nanoha series."
579,primary,en-US,歌之王子殿下 真爱LEGEND STAR,"""Uta no Prince-sama: Maji Love Legend Star"" is a series anime; Haruka Nanami and the idols' story continues. This season Haruka and the six idols meet new challenges on the music path; the work features music, romance, and idols, with gorgeous stage performances and moving songs throughout. The characters' interactions are sugary—a representative female-oriented idol anime."
580,primary,en-US,虎面人W,"""Tiger Mask W"" is a Tiger Mask series anime telling the battles of wrestlers against a mysterious organization. The boys take the path of wrestling for revenge; the work is themed on wrestling, passion, and revenge, with powerful wrestling scenes. The protagonists' growth and duels make viewers' blood boil—a wrestling anime."
581,primary,en-US,甜甜私房猫 吃饱啦大冒险,"This is a Chi's Sweet Home series anime telling the daily adventures of kitten Chi. Chi's life with her owner's family is warm; the work features cute pets, daily life, and healing, with soft cute art. Chi's adorable behavior brings knowing smiles—a healing pet anime."
582,primary,en-US,怪物猎人物语 RIDE ON,"""Monster Hunter Stories: Ride On"" adapts the same-name game, telling the adventures of a boy and monsters. A rider forms bonds with monsters and sets out on adventures; the work features adventure, passion, and monsters, with gorgeous battle scenes. The bond between the rider and monsters runs throughout—a spin-off of the Monster Hunter series."
583,primary,en-US,机动战士高达 铁血的奥尔芬斯 第二季,"""Mobile Suit Gundam: Iron-Blooded Orphans"" Season 2 continues the first season; Tekkadan's struggle for survival on Mars continues. This season the war expands, and Mikazuki and Tekkadan's fates grow heavier; the work features mech battles, passion, and ensemble, with brutal battle scenes and moving sacrifices and convictions—a uniquely styled work in the Gundam series."
584,primary,en-US,SHOW BY ROCK!! 第二季,"""SHOW BY ROCK!!"" Season 2 continues the first season; the band girls' adventures continue. This season the stage is grander, with the bands' battles and growth in the music world full of highlights; the work features music, cute characters, and comedy, with infectious performance scenes and nonstop gags in daily interactions—a light and enjoyable music anime."
585,primary,en-US,超心动！艺术之星,"This is a short anime telling the interactions between art school boys and art spirits. The protagonists grow in the world of art; the work features art, daily life, and comedy, with cute art and a light atmosphere, showing art's charm in light daily life—a stress-relieving short anime."
586,primary,en-US,我老婆是学生会长!+!,"""Okusama ga Seitokaichou!+!"" is the second season of the series; the romantic comedy of student council president Ui Wakana and Hayato Izumi continues. Their cohabitation life is full of gags and fan-service; the work features romance, comedy, and fan-service, and the anime is short with brisk pacing—a stress-relieving romantic comedy short."
587,primary,en-US,刀剑乱舞-花丸-,"""Touken Ranbu: Hanamaru"" is a sword anthropomorphization anime telling the daily life of sword warriors at the honmaru. The swords live together as partners of their master; the work features daily life, healing, and sword anthropomorphization, with cute art and a warm atmosphere. The swords each have distinct personalities—a light healing daily work."
588,primary,en-US,星梦手记,"This is an idol anime telling the struggle stories of girl idols. The girls chase dreams through idol activities; the work features idols, music, and dream-chasing, with gorgeous song-and-dance scenes. The characters' growth and bonds are moving—an inspirational idol anime."
589,primary,en-US,青鬼,"""Ao Oni"" adapts the same-name game, telling the horror adventure of boys and girls in a haunted school. The protagonists struggle to survive against the blue ogre; the work features horror, suspense, and puzzles, with an oppressive atmosphere and a tense plot—a horror work that sends chills down viewers' spines."
590,primary,en-US,怪盗Joker4,"""Mysterious Joker"" Season 4 is the fourth season; boy phantom thief Joker continues his gorgeous theft adventures. This season adds new rivals and incidents, with even more spectacular magic theft plans; the work features gorgeous magic, exaggerated performances, and episodic adventures, with vivid colorful direction and brisk pacing—a work suitable for young viewers."
591,primary,en-US,12岁。小小的胸口心跳加速 第二季,"""12-sai.: Chicchana Mune no Tokimeki"" Season 2 continues the first season; sixth-grade girls' love and growth continue. Hanabi and Takao's first love story develops further; the work is themed on romance, daily life, and growth, with cute art and a warm atmosphere, delicately depicting the girls' raw emotions—a work suitable for girl viewers."
592,primary,en-US,斯特拉的魔法,"""Stella no Mahou"" adapts the same-name manga. Girl Tamaki Honda joins a doujin game-making club in high school, making games with the members. The work features daily life, healing, and game production; Tamaki's interactions with the members are warm, and the anime has cute art and a light atmosphere—a healing daily work."
593,primary,en-US,学园帅哥,"""Gakuen Handsome"" adapts the same-name game, telling the interactions between the protagonist and handsome boys at a handsome boys' academy. The work features BL, comedy, and daily life, with a unique art style and exaggerated performances, showing the handsome boys' daily life amid parody—a light work full of gags."
594,primary,en-US,TRICKSTER -来自江户川乱步「少年侦探团」-,"""Trickster: Edogawa Ranpo Shounen Tanteidan yori"" adapts from Edogawa Ranpo's works. The members of the Boy Detectives Club solve cases in a future world; the work features mystery, suspense, and a dark atmosphere, with a plot full of reversals. The boys' adventures and growth run throughout—a uniquely styled mystery work."
595,primary,en-US,灼热乒乓妹,"""Shakunetsu no Takkyuu Musume"" is a short anime telling the daily life of table tennis girls. The girls' interactions in the table tennis club are fun; the work features table tennis, daily life, and comedy, and the anime is short with brisk pacing, showing the girls' vitality in light daily life—a stress-relieving short anime."
596,primary,en-US,侍灵演武：将星乱,"This is a Sino-Japanese co-production anime telling of the spirits of Three Kingdoms generals fighting in the modern world. A boy, drawn into a battle of spirits, fights alongside the generals; the work features Three Kingdoms, battle, and passion, with gorgeous battle scenes. The generals' spirit settings are novel—a powerful work."
597,primary,en-US,信长的忍者,"""Nobunaga no Shinobi"" is a short anime telling the story between ninja Chidori and Oda Nobunaga in the Warring States period. Chidori meets Nobunaga in the turbulent Sengoku era; the work features Sengoku, comedy, and daily life, and the anime is short with brisk pacing, showing the ninja's life in light daily life—a stress-relieving short anime."
598,primary,en-US,装神少女小缠,"""Soushin Shoujo Matoi"" is an original anime telling of girl Matoi gaining power through spirit possession. Matoi awakens through a shrine ritual and fights evil spirits; the work features magical girls, battle, and daily life, with gorgeous battle scenes. Matoi's growth and family bonds run throughout—a work where warmth and passion coexist."
599,primary,en-US,夏目友人帐 伍,"""Natsume Yuujinchou Go"" is the fifth season of Natsume Yuujinchou; boy Takashi Natsume's encounters with yokai continue. This season Natsume returns names in the Book of Friends to yokai with Madara; the work features yokai, healing, and daily life, with a gentle atmosphere and heartwarming episodic stories—a classic healing anime."
600,primary,en-US,黑白来看守所,"""Nanbaka"" is an original anime telling the daily life of prisoners at Nanba Prison, where escape artists gather. The prisoners carry out various funny escape attempts and daily life under the guards' watch; the work features comedy, daily life, and snark, with exaggerated performances and dense jokes. The characters have distinct personalities—a joyful ensemble comedy."
601,primary,en-US,一课一练,"This is a Sino-Japanese co-production anime telling of high school student Zhuge Mengming's battles at the academy. After transferring schools, Mengming is drawn into competition between academies; the work features school, battle, and passion, with gorgeous battle scenes. Mengming's growth and bonds run throughout—a standard school battle work."
602,primary,en-US,凸变英雄,"""To Be Hero"" is an original anime telling the funny story of a trash hero saving the world. After becoming a hero, the protagonist fights aliens; the work features comedy, passion, and family, with a unique art style and dense jokes, showing the hero's growth in nonsensical daily life. The ending is moving—a highly acclaimed work."
603,primary,en-US,Crane Game Girls 第二季,"""Crane Game Girls"" Season 2 continues the first season; the alien girls continue challenging crane games. This season's crane game missions are even more absurd; the work features comedy, daily life, and absurdity, with absurd funny settings and brisk pacing, showing the girls' interactions in light daily life—a stress-relieving short anime."
604,primary,en-US,解谜之音,"This is a short anime telling the daily life of an AI girl solving puzzles. The girls interact through puzzle-solving; the work features puzzles, daily life, and sci-fi, and the anime is short with a unique atmosphere, showing the characters' charm in the interweaving of riddles and daily life—a novel-styled short anime."
605,primary,en-US,网球并不可笑嘛 8期,"""Teekyuu"" Season 8 continues the series, as the tennis club girls' nonsensical daily life goes on. The work features rapid-fire gags, exaggerated performances, and wild-brain segments, turning tennis into various hilarious scenes; each episode is extremely short yet packed with jokes—a light short anime that makes viewers laugh out loud, perfect for stress relief in spare time."
606,primary,en-US,奇异太郎少年的妖怪绘日记,"""Kiitarou Shounen no Youkai Enikki"" is a short anime telling the daily life of boy Kiitarou and yokai. Kiitarou encounters various yokai in his life at the shrine; the work features yokai, daily life, and healing, with soft art and a warm atmosphere, showing the interactions between humans and yokai in light daily life—a healing work."
607,primary,en-US,魔法少女什么的已经够了啦。第二季,"""Mahou Shoujo Nante Mou Ii Desu kara."" Season 2 continues the first season; magical girl Yuzu's daily life continues. This season the interactions between Yuzu and the mascot and friends are richer; the work deconstructs the magical girl setting, with brisk pacing and dense jokes—a stress-relieving short anime."
608,primary,en-US,动画锻炼！XX,"""Animation eXercise! XX"" continues the series; the story of girls exercising at the academy continues. The work features fitness, daily life, and fan-service; the girls' interactions during exercise are fun, and the anime is short with brisk pacing, showing the girls' vitality in light daily life—a stress-relieving short anime."
609,primary,en-US,吹响吧！上低音号 第二季,"""Sound! Euphonium"" Season 2 continues the first season; Kitauji High's concert band keeps moving forward. This season the ensemble competition and the members' worries intertwine, with Kumiko and the members growing together; the work features music, youth, and ensemble, with infectious performance scenes and delicate moving emotions—a classic of Kyoto Animation."
610,primary,en-US,文豪野犬 第二季,"""Bungou Stray Dogs"" Season 2 continues the first season; the Armed Detective Agency's ability battles continue. This season revolves around Dazai's past and the confrontation with the Port Mafia, with Atsushi's growth deepening; the work features ability battles, literary master anthropomorphization, and ensemble, with gorgeous battle scenes and well-rounded characters—a highly popular work in recent years."
611,primary,en-US,无畏魔女,"""Brave Witches"" is a Strike Witches series anime telling the battles of the witches of Unit 502. The girls fight the Neuroi; the work features battle, yuri, and daily life, with gorgeous aerial battle scenes. The girls' bonds run throughout—a Strike Witches series work."
612,primary,en-US,冰上的尤里,"""Yuri!!! on Ice"" is an original anime telling the story of a figure skater. Japanese skater Yuuri Katsuki challenges the world stage under coach Victor's guidance; the work features figure skating, sports, and emotion, with beautiful skating scenes. Yuuri's growth and his bond with Victor are moving—a phenomenal sports anime."
613,primary,en-US,轻拍翻转小魔女,"""Flip Flappers"" is an original anime telling the story of girls transforming into witches. Cocona becomes a witch by chance and adventures with her partner Papika; the work features magic, adventure, and fantasy, with a unique art style and vivid colors. The girls' growth and friendship are charming—a uniquely styled work."
614,primary,en-US,竞女,"""Keijo!!!!!!!!"" adapts the same-name manga, telling a competitive story themed on girls' keijo. The girls engage in fierce competition through chest and hip clashes; the work features comedy, passion, and competition, with absurd funny settings and exaggerated passionate match scenes—a work full of joy."
615,primary,en-US,ALL OUT!!,"""ALL OUT!!"" adapts the same-name manga, telling the passionate story of the boys' rugby club. Kenji Gion joins the rugby club in high school and keeps growing on the pitch; the work features rugby, passion, and youth, with passionate match scenes and moving growth and bonds—a passionate sports anime."
616,primary,en-US,伯纳德小姐说。,"""Bernard-jou Iwaku."" is a short anime telling the daily life of girl Sawako Machida, who calls herself a bookworm but never reads. Sawako's interactions with the library club members are fun; the work features reading, daily life, and snark, and the anime is short with brisk pacing, showing the characters' fun in light daily life—a stress-relieving short anime."
617,primary,en-US,我太受欢迎了该怎么办,"""Watashi ga Motete Dousunda"" adapts the same-name manga. Gloomy girl Kae Serinuma becomes a beauty after dieting, attracting the pursuit of boys. The work features romance, comedy, and daily life; Serinuma's interactions with the boys are full of gags, and the anime has a light atmosphere—a romantic comedy that makes viewers laugh."
618,primary,en-US,少女编号,"""Girlish Number"" is an original anime telling the industry story of new voice actress Chitose Karasuma. Chitose's struggles in the voice acting industry are realistic and funny; the work features voice actors, the industry, and snark, realistically depicting the industry's hardships. Chitose's sharp-tongued yet narcissistic personality is charming—a unique industry work."
619,primary,en-US,漂流武士,"""Drifters"" adapts Kouta Hirano's same-name manga. Sengoku general Toyohisa Shimazu is summoned to another world after death, fighting alongside heroes of history. The work features isekai, battle, and ensemble, with brutal violent battle scenes and bold character settings—a powerful work."
620,primary,en-US,失忆煽动WIXOSS,"""Lostorage Incited WIXOSS"" is a WIXOSS series anime telling the card battles of new protagonists. The girls face cruel rules in WIXOSS games; the work features cards, suspense, and psychological games, continuing the series' dark atmosphere. The girls' fates and wishes intertwine—a uniquely styled work."
621,primary,en-US,排球少年 乌野高校 VS 白鸟泽学园高校,"""Haikyu!!: Karasuno Koukou vs. Shiratorizawa Gakuen Koukou"" is the third season of Haikyu!!; Karasuno High's national tournament duel against Shiratorizawa. Hinata and Kageyama face the national top ace Ushijima in a fierce offensive and defensive battle; the work is themed on volleyball, passion, and team growth, with breath-taking match scenes. The whole Karasuno team's struggle is moving—a peak of sports anime."
622,primary,en-US,亚人 第2部分,"""Ajin"" Part 2 continues the first season; Kei Nagai's battle with the Ajin continues. This season Sato's threat escalates, with Kei growing in his duel against Sato; the work features sci-fi, suspense, and action, with shocking Ajin settings and battle scenes. The anime's 3DCG is unique—an excellent sci-fi anime."
623,primary,en-US,临时女友♪,"""Girl Friend (Kari)"" adapts the same-name game, telling the girls' daily life at school. Themed on their lives, the work features daily life, healing, and ensemble, with cute art and a light atmosphere. The girls' interactions are full of moe—a daily work suitable for relaxed viewing."
624,primary,en-US,克拉斯卡劳埃德,"""ClassicaLoid"" is a short anime telling the funny story of famous figures from classical paintings awakening in the modern world. The painting figures cause various jokes in modern society; the work features comedy, parody, and art, and the anime is short with dense jokes, showing art's fun in absurd settings—a stress-relieving short anime."
625,primary,en-US,长骑美眉,"""Long Riders!"" is a short anime telling the daily life of girls riding bicycles. The girls grow through the bicycle club's activities; the work features bicycles, daily life, and healing, with cute art and a light atmosphere, showing the joy of riding in light daily life—a stress-relieving short anime."
626,primary,en-US,3月的狮子,"""March Comes in Like a Lion"" adapts Chika Umino's same-name manga. Genius shogi player Rei Kiriyama grows amid the warmth of shogi and the people around him after losing his family. The work is themed on shogi, healing, and life; Rei's loneliness and inner struggles are depicted deeply, and the anime has a serene beautiful atmosphere—a masterpiece full of humanistic care."
627,primary,en-US,超自然9人组,"""Occultic;Nine"" adapts the same-name novel. Around mysterious events, nine people with various quirks are drawn into a supernatural conspiracy. The work features suspense, urban legends, and multi-line narration, with tight pacing and constant reversals. The fates of the characters intertwine—a suspense work full of wild ideas."
628,primary,en-US,战国鸟兽戏画～甲～,"""Sengoku Choujuu Giga"" is a short anime anthropomorphizing Sengoku generals as animals, unfolding comedic daily life. The work features history, comedy, and anthropomorphization, with a unique art style and brisk pacing, showing the generals' interactions in light daily life—a short anime with both fun and historical flavor."
629,primary,en-US,乌冬面之国的金色毛毬,"""Udon no Kuni no Kin-iro Kemari"" adapts the same-name manga. Web designer Souta returns to his hometown and meets Poko, a tanuki yokai who looks like a child, unfolding warm daily life. The work features daily life, healing, and yokai, with a warm atmosphere. The interactions between Souta and Poko are healing—a warm family work."
630,primary,en-US,钢之管弦乐,"This is an original short anime telling the story of a robot and a girl. In a mechanical world, a girl meets a robot; the work features sci-fi, healing, and daily life, with fresh art and a tranquil atmosphere, showing the bond between humans and machines in light stories—a healing work."
631,primary,en-US,编舟记,"""The Great Passage"" adapts Miura Shion's same-name novel. Young man Mitsuya Majime participates in compiling the dictionary The Great Passage at a dictionary editorial department; the work is themed on workplace, humanities, and persistence. Majime's passion for dictionaries and the team's efforts are moving, and the anime has a serene atmosphere—an excellent work full of craftsman spirit."
632,primary,en-US,人狼暗号1951,"""Jinrou Coden 1951"" is a short anime telling a military secret after World War II. The boys carry out missions in a war over the wolf-man code; the work features military, suspense, and sci-fi, with a heavy atmosphere. The plot revolves around the truth of the code and war—a cool-styled work."
633,primary,en-US,雨色可可 in Hawaii,"""Rainy Cocoa in Hawaii"" is a Rainy Cocoa series work; the cafe story comes to Hawaii. This work tells the daily life of the cafe members in Hawaii; the work features healing, daily life, and coffee, with fresh art and a tranquil atmosphere—a healing work suitable for relaxed viewing."
634,primary,en-US,星期一的丰满,"""Getsuyoubi no Tawawa"" is a short anime telling the interactions between a Monday commuter and buxom girls. The work features fan-service, daily life, and comedy, with refined art and short length, showing the girls' charm in light daily life—a short anime centered on visual service."
635,primary,en-US,精灵宝可梦 太阳&月亮,"""Pokemon Sun & Moon"" is a Pokemon anime series; Ash and Pikachu begin a new adventure in the Alola region. This work Ash studies at the Pokemon school and meets new partners; the work features adventure, battle, and bonds, with a refreshing new style. The deep bond between Pokemon is moving—a new chapter of Pokemon anime."
636,primary,en-US,伤物语Ⅱ热血篇,"""Kizumonogatari Part 2: Nekketsu"" is the second part of the Kizumonogatari movie series; Koyomi Araragi's battles with the vampire hunters continue. Araragi gradually understands Kiss-shot in battles with the hunters; the work is known for its unique dialogue style and extreme visual expression, with gorgeous battle scenes. Araragi's choices are profound—a classic chapter of the Monogatari series."
637,primary,en-US,魔法使的新娘 等待繁星之人,"""The Ancient Magus' Bride: Those Awaiting a Star"" is a movie of The Ancient Magus' Bride, telling the story of girl Chise Hatori and the magus Elias. Chise comes into contact with the magic world under Elias's guidance; the work features fantasy, healing, and magic, with exquisite visuals and a dreamy atmosphere. Chise's growth is moving—a poetic work."
638,primary,en-US,机动战士高达 THE ORIGIN,"""Mobile Suit Gundam: The Origin"" is a Gundam series anime telling the past of Char Aznable. This work depicts the experiences of Char and his sister in war and the birth of Zeon; the work features mech battles, war, and epic, with refined production and detailed animation. Char's growth and tragedy are moving—a classic prequel of the Gundam series."
639,primary,en-US,剧场版 吹响吧！上低音号～欢迎来到北宇治高中吹奏乐部～,"""Sound! Euphonium the Movie: Welcome to the Kitauji High School Concert Band"" is a compilation movie of Sound! Euphonium; Kumiko's story of joining the concert band is re-edited. The work features music, youth, and ensemble, with infectious performance scenes and delicate moving emotions—a classic of Kyoto Animation."
640,primary,en-US,数码宝贝大冒险 tri. 第三章「告白」,"""Digimon Adventure tri. Chapter 3: Confession"" is the third chapter of the Digimon tri series; the Chosen Children's adventure with Digimon continues. This work revolves around confession and a new crisis, with the children's growth and bonds with Digimon full of highlights; the work is themed on adventure, friendship, and growth—a movie of the Digimon series."
641,primary,en-US,黑子的篮球 Winter Cup总集篇 ～影与光～,"""Kuroko's Basketball: Winter Cup Soushuuhen - Kage to Hikari"" is a compilation movie of Kuroko's Basketball, reviewing the classic duels of the Winter Cup. This work focuses on the battles between Seirin and the Generation of Miracles; the work features basketball, passion, and competition, with gorgeous match scenes. The partnership between Kuroko and Kagami is a highlight—a movie of the Kuroko's Basketball series."
642,primary,en-US,美妙天堂剧场版 大～家的憧憬♪出发吧☆美妙巴黎,"""PriPara Movie: Minna no Akogare Let's Go PriParis"" is a movie of PriPara; the girls' idol adventure comes to Paris. This work Laala and her partners put on new performances in Paris; the work features gorgeous stage performances, cute characters, and music, with infectious song-and-dance scenes—a classic girls' idol series."
643,primary,en-US,名侦探柯南 纯黑的恶梦,"""Detective Conan: The Darkest Nightmare"" is a Detective Conan movie; Conan engages in a fierce showdown with the Black Organization. This work revolves around a spy and the organization's conspiracy, with gorgeous action scenes. The interactions between Conan and characters like Akai and Amuro are highlights; the work features mystery, action, and suspense—a highly popular Conan movie."
644,primary,en-US,从很久以前就喜欢你了。～告白实行委员会～,"""Zutto Mae kara Suki deshita. Kokuhaku Jikkou Iinkai"" is a movie of the Confession Executive Committee series, telling the love stories of high school students. This work revolves around the romance between Natsuki Enomoto and Yuu Setoguchi; the work features romance, youth, and music, with exquisite visuals and moving raw emotions—a work full of girlish heart."
645,primary,en-US,蜡笔小新：梦境世界大突击,"""Crayon Shin-chan: Fast Asleep! The Great Assault on Dreamy World!"" is a Crayon Shin-chan movie; Shin-chan and his friends adventure in the dream world. This work revolves around the anomaly in dreams, with Shin-chan and his partners fighting mysterious enemies in dreams; the work features comedy, adventure, and family, with a joyful atmosphere and a warm ending—a Crayon Shin-chan movie."
646,primary,en-US,ZEGAPAIN ADP,"""Zegapain ADP"" is a movie of Zegapain, telling the battles of a boy in a virtual world. Kyo gradually learns the world's truth in his encounter with a mysterious girl; the work features sci-fi, battle, and suspense, with gorgeous battle scenes and impressive plot reversals—a movie of the Zegapain series."
647,primary,en-US,牙狼〈GARO〉-DIVINE FLAME-,"""Garo: Divine Flame"" is a movie of the Garo series, telling the battles of Madou Knights against the Horrors. This work revolves around the growth of a new Madou Knight; the work features Japanese-style fantasy and gorgeous battles, combining Garo's armor with dark aesthetics, with shocking battle scenes—an important work of the Garo series."
648,primary,en-US,剧场版 精灵宝可梦XY&Z 波尔凯尼恩与机巧的玛机雅娜,"""Pokemon the Movie XY&Z: Volcanion and the Mechanical Marvel"" is a Pokemon movie; Ash and Pikachu meet the mythical Pokemon Volcanion. This work revolves around the mystery of the mechanical Magearna; the work features adventure, battle, and bonds, with gorgeous battle scenes. The deep bond between Pokemon is moving—a Pokemon movie."
649,primary,en-US,黑子的篮球 Winter Cup总集篇 ～大门的另一边～,"""Kuroko's Basketball: Winter Cup Soushuuhen - Tobira no Mukou"" is a compilation movie of Kuroko's Basketball, reviewing the finals of the Winter Cup. This work focuses on the showdown between Seirin and Rakuzan; the work features basketball, passion, and competition, with gorgeous match scenes and peak duels full of highlights—a movie of the Kuroko's Basketball series."
650,primary,en-US,伤物语Ⅲ冷血篇,"""Kizumonogatari Part 3: Reiketsu"" is the final part of the Kizumonogatari movie series; the story of Koyomi Araragi and the vampire Kiss-shot reaches its conclusion. Araragi makes his final choice amid entanglements with hunters and vampires; the work is known for its unique dialogue style, extreme visual expression, and profound themes, with refined production—a classic chapter of the Monogatari series."
651,primary,en-US,亚人 -冲动-,"""Ajin: Shoudou"" is the first movie of the Ajin series, telling the origin of the Ajin Kei Nagai. After discovering he is an immortal Ajin, Kei goes on the run and fights; the work features sci-fi, suspense, and action, with shocking Ajin settings and battle scenes. The anime's 3DCG is unique—a movie of the Ajin series."
652,primary,en-US,亚人 -冲突-,"""Ajin: Shoutotsu"" is the second movie of the Ajin series; the conflict between Kei Nagai and Sato escalates. This work Kei fights against Sato's forces while on the run; the work features sci-fi, suspense, and action, with shocking Ajin settings and battle scenes. The anime's 3DCG is unique—a movie of the Ajin series."
653,primary,en-US,航海王之黄金城,"""One Piece Film: Gold"" is a One Piece movie; Luffy and his crew's adventure in the golden city. This work revolves around the secret of the golden city and new enemies, with the Straw Hats engaging in gorgeous battles; the work is themed on adventure, passion, and partner bonds, with gorgeous battle scenes and joyful adventures—a highly popular One Piece movie."
654,primary,en-US,政宗君的复仇,"""Masamune-kun's Revenge"" adapts the same-name manga. Boy Masamune Makabe, once called Piggy, changes his name and takes action to get revenge on Aki Adagaki, who once rejected him. The work features romantic comedy, revenge, and daily life; Masamune's revenge plan is full of gags, and the anime has a light atmosphere with sugary interactions between the leads—a joyful romantic comedy."
655,primary,en-US,珈百璃的堕落,"""Gabriel DropOut"" adapts the same-name manga. Angel Gabriel, after coming to the human world, becomes addicted to games and degenerates into a slacker angel. The work features comedy, daily life, and snark; Gabriel's degeneration and her interactions with angels and demons are full of gags, and the anime has cute art with brisk pacing—a stress-relieving comedy."
656,primary,en-US,秋叶原之旅,"""Akiba's Trip: The Animation"" adapts the same-name game, telling the battles of vampire hunter boys in Akihabara. The protagonists fight vampires in Akihabara; the work features action, comedy, and parody, incorporating Akihabara culture into battle, with a unique art style and brisk pacing—a creative work."
657,primary,en-US,亚人酱有话要说,"""Interviews with Monster Girls"" adapts the same-name manga, telling the story of demi-human teachers and students. Demi-humans such as vampires and snow women live at school; the work features daily life, healing, and education, with a warm atmosphere. The demi-human teachers' worries and growth are fun—a light healing work."
658,primary,en-US,Schoolgirl Strikers,"""Schoolgirl Strikers: Animation Channel"" adapts the same-name game, telling the battles of girls at the academy. Five girls are chosen for a special unit and fight mysterious enemies; the work features school, battle, and ensemble, with gorgeous battle scenes and growth and bonds running throughout—a school battle work."
659,primary,en-US,飙速宅男 新世代,"""Yowamushi Pedal: New Generation"" continues the series; Sakamichi Onoda and Sohoku High's cycling club's story continues. This season brings new rivals and races, with Onoda's climbing ability amazing viewers; the work features cycling, passion, and competition, with passionate race scenes and moving growth and bonds—an excellent sports anime."
660,primary,en-US,为美好的世界献上祝福！ 第二季,"""KonoSuba: God's Blessing on This Wonderful World!"" Season 2 continues the first season; Kazuma and his useless teammates' otherworld adventure continues. This season Kazuma's party causes more jokes in new missions; the work features isekai, comedy, and snark, with the bizarre combination of Kazuma and his teammates full of gags. The anime has exaggerated performances and dense jokes—a classic isekai comedy."
661,primary,en-US,鬼平,"""Onihei"" adapts the same-name historical novel. The head of the fire thieves disciplinary unit Heizou Hasegawa protects public order in Edo. The work features jidaigeki, human warmth, and mystery; Heizou's justice and wit are charming, and the anime has a serene atmosphere with gripping episodic stories—a work full of era flavor."
662,primary,en-US,BanG Dream!,"""BanG Dream!"" is the anime of a band project, telling the story of girls forming a band. The girls find themselves through music and work to reach their dream stage; the work features music, youth, and ensemble, with moving songs and infectious performance scenes. The characters' growth is moving—the starting point of the BanG Dream project."
663,primary,en-US,漫研部～Surgical Friends～,"This is a series anime telling the daily life of the girls of the manga research club. The members carry out various parodies in their daily work of making manga; the work features comedy, daily life, and snark, with a unique art style and brisk pacing, showing the girls' interactions in light daily life—a stress-relieving short anime."
664,primary,en-US,小林家的龙女仆,"""Miss Kobayashi's Dragon Maid"" adapts the same-name manga. The cohabitation daily life of programmer Kobayashi and the dragon Tohru is fun. Tohru becomes Kobayashi's maid to repay her kindness, living together with other dragons; the work features daily life, healing, and comedy, with funny interactions between dragons and humans and a warm atmosphere—a phenomenal healing work."
665,primary,en-US,Urara迷路帖,"""Urara Meirochou"" adapts the same-name manga. Divination girl Chiya, searching for her mother, comes to Meiro Town and begins learning fortune-telling. The work features divination, daily life, and healing; the interactions between Chiya and the divination girls are warm, and the anime has cute art and a light atmosphere, showing the fun of divination in cute daily life—a healing work."
666,primary,en-US,超·少年侦探团NEO,"""Chou Shounen Tanteidan NEO"" adapts from Edogawa Ranpo's works; the Boy Detectives Club solves cases in a near-future world. Set against high technology, the boy detectives adventure in a future city; the work features mystery, adventure, and sci-fi, with a plot full of mysteries and fun adventures—a novel-styled work."
667,primary,en-US,小魔女学园,"""Little Witch Academia"" is TRIGGER's original anime telling of girl Atsuko entering a witch academy to learn magic. Atsuko chases the dream of her idol Shiny Chariot at Luna Nova Academy, carrying out magical adventures; the work features magic, youth, and passion, with vibrant visuals. Atsuko's growth is moving—TRIGGER's representative work."
668,primary,en-US,清恋,"""Seiren"" is a series anime telling the love stories of a boy and girls. This work unfolds romance stories from the perspectives of multiple heroines; the work features romance, daily life, and youth, with a warm atmosphere. The characters' raw emotions are charming—a light healing romance work."
669,primary,en-US,幼女战记,"""Saga of Tanya the Evil"" adapts the same-name light novel. An elite civil servant is reincarnated as the little girl Tanya after death, surviving in a war world. Tanya gets drawn into a world war with her cruel military talent; the work features war, isekai, and black humor, with gorgeous war scenes. Tanya's calm yet crazy way of fighting is charming—a unique war work."
670,primary,en-US,风夏,"""Fuuka"" adapts Seo Kouji's same-name manga. Boy Yuu Haruna meets the girl Fuuka after moving, unfolding a youthful story of band and love. The work features romance, music, and youth; Yuu's growth in band activities and his emotional entanglements are highlights, and the anime has a youthful atmosphere—a music-filled work."
671,primary,en-US,南镰仓高校女子自行车社,"""Minami Kamakura High School Girls Cycling Club"" adapts the same-name manga. Girl Hiromi Maiharu transfers to Minami Kamakura High School and begins to encounter bicycles. The work features bicycles, daily life, and healing; Hiromi's growth in cycling is full of vitality, and the anime has fresh art and a light atmosphere, showing the joy of riding in light daily life—a healing work."
672,primary,en-US,青之驱魔师 京都不净王篇,"""Blue Exorcist: Kyoto Saga"" is the second season of Blue Exorcist; Rin Okumura's battle with the Impure King unfolds. This work revolves around the crisis in Kyoto and Rin's past; the work features exorcism, battle, and passion, with gorgeous battle scenes. Rin's growth and bonds with his partners run throughout—an important chapter of the Blue Exorcist series."
673,primary,en-US,昭和元禄落语心中 -助六再临篇-,"""Shouwa Genroku Rakugo Shinjuu: Sukeroku Futatabi-hen"" is the second season of the series; rakugo artist Kikuhiko's story continues. This work revolves around Sukeroku's past and the succession of rakugo; the work is themed on rakugo, art, and life, with a serene elegant atmosphere and detailed depiction of rakugo art—an artistic work full of era flavor."
674,primary,en-US,从前有座灵剑山 第二季,"""Ling Jian Shan"" Season 2 continues the first season; cultivation boy Wang Lu's training continues. This season Wang Lu faces new challenges at the Ling Jian sect; the work features cultivation, comedy, and passion, with novel settings and brisk pacing, unfolding cultivation adventures amid light daily life—an excellent Chinese cultivation anime."
675,primary,en-US,锁链战记～赫克瑟塔斯之光～,"""Chain Chronicle: The Light of Haecceitas"" adapts the same-name game, telling the battles of the volunteer army against the Black King. Boy Yuri and his partners adventure in a fantasy world; the work features adventure, battle, and ensemble, with gorgeous battle scenes and growth and bonds running throughout—a game adaptation."
676,primary,en-US,宇宙警探elDLIVE,"""elDLIVE"" adapts Amano Akira's manga, telling the story of boy Chuta Kokonose becoming a space police officer. Chuta adventures at the Space Police Agency; the work features sci-fi, adventure, and passion, with fresh art. Chuta's growth and bonds with his partners run throughout—a work suitable for young viewers."
677,primary,en-US,猫咪日常,"""Nyanko Days"" is a short anime telling the daily life of a girl and three cats. The interactions between Konagai and the cats are healing; the work features cute pets, daily life, and healing, with soft cute art and a light atmosphere, showing the cats' cuteness in extremely short length—a healing short anime that brightens the mood."
678,primary,en-US,情热传说 the X 第二季,"""Tales of Zestiria the X"" Season 2 continues the first season; the Shepherd Sorey's adventure continues. This season revolves around the conflict between seraphim and humans, testing Sorey's convictions; the work features fantasy, adventure, and passion, with refined production and gorgeous battle scenes. Sorey's growth and the world's truth unfold layer by layer—an excellent game adaptation."
679,primary,en-US,偶像事变,"""Idol Jihen"" adapts the same-name game, telling the story of politician idols. The girls participate in political elections as idols; the work features idols, politics, and ensemble, with novel settings. The girls' campaign activities are full of highlights, and the characters' growth and bonds run throughout—a unique work."
680,primary,en-US,银魂.,"""Gintama."" is a Gintama series anime; the Yorozuya's daily life and battles continue. This season Gin and his partners face tests in a new chapter; the work features comedy, snark, and passion, with parody and seriousness coexisting. Gin's sharp tongue and bonds with his partners are moving—a continuation of the Gintama series."
681,primary,en-US,新撰组镇魂歌 二分之一,"This is a short anime telling the comedic daily life of Shinsengumi characters. The work features history, parody, and daily life; the Shinsengumi members cause various jokes in light daily life, and the anime is short with brisk pacing—a stress-relieving short anime."
682,primary,en-US,ACCA13区监察课,"""ACCA: 13-Territory Inspection Dept."" adapts the same-name manga. Inspection officer Jean is responsible for inspecting 13 autonomous territories, getting drawn into a political conspiracy during inspections. The work features politics, daily life, and food, with a serene elegant atmosphere. The contrast between Jean's gentle personality and the kingdom's scheming is striking—a stylish work."
683,primary,en-US,Hand Shakers,"""Hand Shakers"" is an original anime telling the battles of ability users connected by hands. Boy Tazuna Takatsuki and a mysterious girl engage in battles between ability users; the work features battle, sci-fi, and passion, with gorgeous visuals and tense battle scenes. The bond between Tazuna and the girl runs throughout—a visually unique work."
684,primary,en-US,兽娘动物园,"""Kemono Friends"" is an original anime telling the adventures of a girl and animal girls in a zoo. Girl Kaban, who lost her memory, meets animal friends in Japari Park; the work features moe, adventure, and healing, with a unique art style and warm atmosphere. The bond between Kaban and the animal friends is moving—a phenomenal work."
685,primary,en-US,Piacevole～我的意大利料理～,"""Piacevole: My Italian Cooking"" is a short anime telling the daily life of a girl working at an Italian restaurant and Italian cuisine. The girl comes into contact with food while working at the Italian restaurant; the work features food, daily life, and comedy, and the anime is short with brisk pacing, showing food's charm in light daily life—a stress-relieving short anime."
686,primary,en-US,One Room,"""One Room"" is a short anime telling the girls' daily life from a first-person perspective. Viewers interact with the girls from the protagonist's point of view; the work features daily life, romance, and healing, with refined art and a warm atmosphere, showing the girls' lives in short length—an immersive work."
687,primary,en-US,混沌子,"""Chaos;Child"" adapts the same-name game. In Shibuya after an earthquake, boy Takuru Miyashiro and the girls are drawn into supernatural incidents. The work is themed on suspense, sci-fi, and darkness, with an oppressive atmosphere. The plot's reversals and settings are impactful—a cool-styled suspense work."
688,primary,en-US,MARGINAL#4 从KISS开始创造Big Bang,"""MARGINAL#4: KISS kara Tsukuru Big Bang"" is a female-oriented idol anime telling the story of the idol group MARGINAL#4. The boys chase dreams on the idol stage; the work features music, idols, and ensemble, with gorgeous songs and stage performances. The characters each have charm, and the anime has an inspirational warm atmosphere—a female-oriented idol anime."
689,primary,en-US,超级恋人 第二季,"""Super Lovers"" Season 2 continues the first season; the love story of Haru and Ren continues. This season their feelings develop further, and Ren's past is gradually revealed; the work features BL romance, warmth, and healing, with a warm atmosphere and delicate moving emotional development—an excellent BL anime."
690,primary,en-US,人渣的本愿,"""Scum's Wish"" adapts the same-name manga, telling the romance of boys and girls who appear to love each other but secretly love others. Hanabi and Mugi each secretly love someone else, comforting each other as lovers; the work is themed on romance, reality, and darkness, with a heavy atmosphere. The characters' twisted emotions are depicted deeply—a controversial romance work."
691,primary,en-US,Rewrite 第二季,"""Rewrite"" Season 2 continues the first season; Kotarou Tennouji's adventure opens a new chapter. This season revolves around the truth of the world line, with Kotarou's choices full of impact; the work features fantasy, mystery, and ensemble, with a unique atmosphere and a plot progressing layer by layer—a Key work adapted to anime."
692,primary,en-US,剧场版 银河机攻队 庄严王子 觉醒的基因,"""Ginga Kikoutai Majestic Prince the Movie: Genetic Awakening"" is a movie of Ginga Kikoutai Majestic Prince; the boys' battles open a new chapter. This work revolves around the awakening gene; the work features mech battles, passion, and ensemble, with gorgeous battle scenes and growth and bonds running throughout—a solid mech movie."
693,primary,en-US,剧场版 偶像活动Stars,"""Aikatsu Stars! the Movie"" is a movie of Aikatsu Stars!; the idol lives of the Starlight Academy girls. This work the girls put on performances on a new stage; the work is themed on gorgeous stage performances, fashion coordination, and girls chasing dreams, with infectious song-and-dance scenes—a classic girls' idol series."
694,primary,en-US,杀戮都市：O,"""Gantz:O"" is a CG movie of Gantz, telling the battles of men forced to participate in deadly games. This work revolves around the Hyakki Yagyo of the Osaka arc; the work features sci-fi, battle, and darkness, with gorgeous stunning CG visuals and brutal bloody battle scenes—a visually impactful work."
695,primary,en-US,橘色奇迹 -未来-,"""Orange: Mirai"" is a movie of Orange, telling the future world ten years later. This work revolves around the future of Kakeru, Naho, and others; the work is themed on sci-fi, romance, and youth, with a warm touching atmosphere. The characters' emotions and fates intertwine—a tearjerking movie."
696,primary,en-US,星之梦～星之人～,"""Planetarian: Hoshi no Hito"" is a movie of Planetarian, telling the story of Yumemi and a man. This work shows the warmth of a planetarium in a wasteland world; the work is themed on sci-fi, tears, and warmth, with Yumemi's innocence and human brilliance moving. The anime has a touching atmosphere—a movie of the Planetarian series."
697,primary,en-US,数码宝贝大冒险 tri. 第四章「丧失」,"""Digimon Adventure tri. Chapter 4: Loss"" is the fourth chapter of the Digimon tri series; the Chosen Children's adventure with Digimon continues. This work revolves around loss and a new crisis, with the children's growth and bonds with Digimon full of highlights; the work is themed on adventure, friendship, and growth—a movie of the Digimon series."
698,primary,en-US,黄金拼图 Pretty Days,"""Kin-iro Mosaic Pretty Days"" is an OVA of Kin-iro Mosaic; the girls' daily life continues. This work revolves around the girls at the cultural festival; the work features daily life, healing, and ensemble, with cute art and a warm atmosphere. The girls' interactions are full of moe—a healing work."
699,primary,en-US,游戏王 次元之暗面,"""Yu-Gi-Oh!: The Dark Side of Dimensions"" is a Yu-Gi-Oh! movie, telling the duel between Yugi Mutou and Seto Kaiba across dimensions. This work revolves around new cards and dimensional power; the work features cards, passion, and duels, with gorgeous duel scenes. The duel between Yugi and Kaiba is full of tension—a Yu-Gi-Oh! movie."
700,primary,en-US,Fate/Grand Order -First Order-,"""Fate/Grand Order: First Order"" is an anime of Fate/Grand Order, telling the story of the Chaldea Security Organization. Ritsuka Fujimaru and Mash adventure at Singularity F, fighting alongside Servants; the work features the Fate worldview, battle, and ensemble, with gorgeous battle scenes—the anime adaptation of the FGO series."
701,primary,en-US,亚人 OAD,"""Ajin OAD"" is an OVA of the Ajin series, telling extra stories of the Ajin Kei Nagai. This work supplements side stories of the mainline; the work features sci-fi, suspense, and action, with shocking Ajin settings and battle scenes. The anime's 3DCG is unique—a spin-off of the Ajin series."
702,primary,en-US,重力眩晕 序章,"""Gravity Rush: Prologue"" adapts the same-name game, telling a girl's adventure in gravity manipulation. This work serves as a prequel to the game, showing the gravity world's settings; the work features sci-fi, action, and fantasy, with a unique art style. The girl's adventure is fun—a spin-off for game fans."
703,primary,en-US,噬血狂袭 II,"""Strike the Blood II"" is a Strike the Blood series anime; Akatsuki Kojou's vampire battles continue. This work revolves around a new chapter, with the bond between Kojou and Yukina Himeragi deepening; the work features vampires, battle, and harem, with gorgeous battle scenes and both fan-service and passion—a spin-off of the Strike the Blood series."
704,primary,en-US,斩首循环 蓝色学者与戏言跟班,"""Kubikiri Cycle: Aoiro Savant to Zaregoto Tsukai"" adapts Nisio Isin's novel, telling the reasoning of detective Ii-chan and the blue savant. This work revolves around a beheading incident on an island; the work features mystery, suspense, and Nisio Isin's unique prose style, with a cool atmosphere and ingenious reasoning—a stylish work."
705,primary,en-US,妖精的尾巴 OAD,"""Fairy Tail OAD"" is an OVA of Fairy Tail; Natsu and his partners' daily life and adventures. This work focuses on light side stories; the work features passionate battle, partner bonds, and the magic world, with a joyful atmosphere, supplementing light content for the Fairy Tail series—a side story for fans."
706,primary,en-US,妄想学生会＊ OAD,"""Seitokai Yakuindomo* OAD"" is an OVA of Seitokai Yakuindomo; the comedic daily life of the Osai Academy student council continues. This work focuses on light side stories; the work features comedy, snark, and dirty jokes, with exaggerated performances and dense jokes. The characters' interactions are fun—a side story of the student council series."
707,primary,en-US,在地下城寻求邂逅是否搞错了什么 OVA,"""Is It Wrong to Try to Pick Up Girls in a Dungeon? OVA"" is an OVA of DanMachi; Bell's side story adventure. This work focuses on light daily life; the work features fantasy, adventure, and harem, with a joyful atmosphere. The interactions between Bell and the goddesses are fun—a side story of the DanMachi series."
708,primary,en-US,我的青春恋爱物语果然有问题 续 OVA,"""My Teen Romantic Comedy SNAFU TOO! OVA"" is an OVA of My Teen Romantic Comedy SNAFU; Hachiman Hikigaya's youthful daily life side story. This work focuses on light daily life; the work features school, romance, and snark, with a light atmosphere. Hachiman's inner monologue remains sharp—a side story of the Oregairu series."
709,primary,en-US,六心公主,"This is a short anime telling the story of six princesses. The princesses' daily life and adventures in the kingdom are full of fairy-tale color; the work features fairy tales, daily life, and healing, with refined art and a warm atmosphere, showing the princesses' charm in light stories—a healing work."
710,primary,en-US,暗杀教室 第二季 课外授课篇,"This is an OVA of Assassination Classroom; Class 3-E's extracurricular side story. This work focuses on light daily life; the work is themed on school, comedy, and passion, with a joyful atmosphere. The interactions of the Class 3-E students are fun—a side story of the Assassination Classroom series."
711,primary,en-US,黑白来看守所 第二季,"""Nanbaka"" Season 2 continues the first season; the comedic daily life of the Nanba Prison inmates continues. This season new characters and stories appear; the work features comedy, daily life, and snark, with exaggerated performances and dense jokes. The characters have distinct personalities—a joyful ensemble comedy."
712,primary,en-US,暗芝居 第四季,"""Yami Shibai"" Season 4 is a horror short anime series, continuing to tell various ghost stories in paper theater format. The work is known for its nostalgic art style, grotesque plots, and spine-chilling atmosphere; each episode creates a strong sense of horror in just a few minutes, and the distorted urban legends send chills down viewers' spines—a must-see for horror anime fans."
713,primary,en-US,剧场版 暗杀教室 365天的时间,"""Assassination Classroom the Movie: 365 Days' Time"" is a movie of Assassination Classroom; the story of Class 3-E and Koro-sensei reaches its conclusion. This work revolves around the final days before Class 3-E's graduation; the work is themed on school, comedy, and emotion, combining hilarity with tears. The farewell at the ending is moving—the concluding chapter of the Assassination Classroom series."
714,primary,en-US,元气少女缘结神 新婚篇,"""Kamisama Hajimemashita: Kekkon-hen"" is an OVA of Kamisama Hajimemashita; Nanami and Tomoe's newlywed life. This work focuses on sweet newlywed daily life; the work features romance, gods, and healing, with a warm atmosphere. The interactions between Nanami and Tomoe are sugary—a side story of the Kamisama series."
715,primary,en-US,碧蓝幻想,"""Granblue Fantasy"" adapts the same-name game, telling the adventure of boy Gran and girl Lyria. Gran sets out to find his father, adventuring through the sky with Lyria; the work features adventure, fantasy, and passion, with refined art. Gran's growth and bonds with his partners run throughout—an excellent game adaptation."
716,primary,en-US,超级弹丸论破2.5 狛枝凪斗与世界的破坏者,"""Danganronpa 2.5: Nagito Komaeda and the World Destroyer"" is an OVA of the Danganronpa series, revolving around Nagito Komaeda. This work is set against the background of the story between the Despair and Hope arcs; the work features suspense, despair, and psychological games, with a heavy atmosphere. Nagito's twisted convictions are impactful—a spin-off of the Danganronpa series."
717,primary,en-US,光之美少女 食尚甜心,"""Kirakira PreCure a la Mode"" is a Pretty Cure series anime telling of girls who transform using dessert power. The girls fight enemies with sweets as power; the work features magical girls, food, and daily life, with gorgeous costume and battle scenes. The characters' bonds are warm and touching—a girls' magical girl anime."
718,primary,en-US,偶像活动 ~被盯上的魔法偶活卡~,"""Aikatsu!: Nerawareta Mahou no Aikatsu Card"" is an OVA of Aikatsu; the magical Aikatsu card adventure of the girl idols. This work focuses on light side stories; the work features idols, magic, and daily life, with a joyful atmosphere. The girls' interactions are full of moe—a side story of the Aikatsu series."
719,primary,en-US,超级恋人 OAD,"""Super Lovers OAD"" is an OVA of Super Lovers; Haru and Ren's romance side story. This work focuses on sweet daily life; the work features BL romance, warmth, and healing, with a warm atmosphere. Their interactions are sugary—a side story of the Super Lovers series."
720,primary,en-US,龙的牙医,"""The Dragon Dentist"" is an original anime telling the story of the girl dentists who guard a dragon. In the dragon's country, the dentists are responsible for protecting the dragon's teeth, and the adventure of girl Nonoko in the dragon's teeth unfolds; the work features fantasy, war, and ensemble, with exquisite visuals. Nonoko's growth and the cruelty of war intertwine—a poetic work."
721,primary,en-US,避难所,"""Shelter"" is a short anime telling a girl's monologue in a shelter. In a world after disaster, the girl searches for hope through music; the work features sci-fi, healing, and emotion, with exquisite visuals and a tranquil atmosphere. The girl's song and monologue are moving—a short yet profound healing work."
722,primary,en-US,告诉我！辣妹子酱 OAD,"""Oshiete! Galko-chan OAD"" is an OVA of Oshiete! Galko-chan; Galko-chan's comedic daily life continues. This work focuses on light side stories; the work features comedy, daily life, and cultural exchange, and the anime is short with dense jokes—a stress-relieving short anime."
723,primary,en-US,剧场版 七人魔法使 悠久图书馆与炼金术少女,"""Trinity Seven: Eternity Library & Alchemic Girl"" is a movie of Trinity Seven; Arata and the magical girls' battles. This work revolves around the eternal library and new enemies; the work features magic, battle, and harem, with gorgeous battle scenes. The characters' interactions are charming—a movie of the Trinity Seven series."
724,primary,en-US,电影 魔法使光之美少女！奇迹的变身！摩芙伦天使！,"""Maho Girls PreCure! the Movie: The Miraculous Transformation! Cure Mofurun!"" is a movie of the Pretty Cure series; the battles of the Maho Girls PreCure. This work revolves around Mofurun's transformation; the work features magical girls, battle, and daily life, with gorgeous costume and battle scenes. The characters' bonds are warm and touching—a movie of the girls' magical girl anime."
725,primary,en-US,爆音少女!! OAD,"""Bakuon!! OAD"" is an OVA of Bakuon!!; the girls' motorcycle daily life side story. This work focuses on light side stories; the work features motorcycles, daily life, and comedy, with cute art and a light atmosphere. The girls' interactions are fun—a stress-relieving short anime."
726,primary,en-US,结城友奈是勇者 -鹫尾须美之章- 第1章 朋友,"""Yuuki Yuuna wa Yuusha de Aru: Washio Sumi no Shou - Chapter 1: Tomodachi"" is a prequel movie of Yuuki Yuuna wa Yuusha de Aru, telling the story of Sumi Washio and her partners. This work depicts the past and sacrifices of the heroes; the work features battle, tragedy, and healing, with a heavy atmosphere. The girls' fates are moving—a movie of the Yuuki Yuuna series."
727,primary,en-US,雏子的笔记,"""Hinako Note"" adapts the same-name manga. Girl Hinako comes to Tokyo to become an actress, beginning a new life at an old bookstore. The work features daily life, healing, and ensemble; the interactions between Hinako and her partners are warm, and the anime has cute art and a light atmosphere—a healing daily work."
728,primary,en-US,鲁邦三世 血烟的石川五右卫门,"""Lupin III: Chikemuri no Ishikawa Goemon"" is a spin-off anime of Lupin the Third, telling the story of the swordsman Ishikawa Goemon. Goemon shows a swordsman's dignity in duels against enemies; the work features swordsmen, adventure, and passion, with an art style full of period flavor. Goemon's swordsmanship is stunning—a spin-off of the Lupin series."
729,primary,en-US,蜡笔小新,"""Crayon Shin-chan"" is a classic comedy anime telling the daily life of kindergarten kid Shinnosuke Nohara. Shin-chan's funny life with his parents and friends is full of gags; the work features comedy, family, and daily life, with Shin-chan's nonsensical behavior making viewers laugh. The anime has a light joyful atmosphere—a national-level comedy anime of Japan."
730,primary,en-US,樱桃小丸子,"""Chibi Maruko-chan"" is a classic anime telling the daily life of third-grader Maruko. Maruko's life with her family and classmates is warm and funny; the work features daily life, family, and healing, with a warm atmosphere. Maruko's childhood memories are nostalgic—a national-level healing anime of Japan."
731,primary,en-US,东方梦想夏乡,"""Touhou Musou Kakyou"" is a Touhou Project doujin anime telling the daily life of the girls of Gensokyo. The work features Gensokyo's characters and danmaku, with cute art and a light atmosphere, showing the charm of Touhou characters in light daily life—a doujin work for Touhou Project fans."
732,primary,en-US,哆啦A梦：大雄的南极冰冰凉大冒险,"""Doraemon: Nobita and the Great Adventure in the Antarctic Kachi Kochi"" is a Doraemon movie; Nobita and his friends' adventure in Antarctica. This work revolves around a golden ring in Antarctica, with Nobita and Doraemon embarking on a great adventure in the frozen land; the work is themed on adventure, sci-fi, and friendship, with a joyful atmosphere and a moving ending—a Doraemon movie."
733,primary,en-US,声之形,"""A Silent Voice"" adapts Yoshitoki Ooima's same-name manga, telling the story of hearing-impaired girl Shouko Nishimiya and boy Shouya Ishida. Shouya bears guilt for bullying Shouko in childhood and seeks redemption after reuniting with her in high school; the work is themed on school, growth, and healing, with exquisite visuals. The emotions between Shouya and Shouko are delicate and moving—a phenomenal work."
734,primary,en-US,POP IN Q,"""POP IN Q"" is an original movie anime telling the story of five girls saving the world through dance. The girls adventure in another world through the power of dance; the work features music, dance, and youth, with gorgeous visuals and moving songs. The girls' growth and bonds are moving—a work full of youthful spirit."
735,primary,en-US,喜欢上你的那个瞬间。～告白实行委员会～,"""Suki ni Naru Sono Shunkan o. Kokuhaku Jikkou Iinkai"" is a movie of the Confession Executive Committee series, telling the love stories of high school students. This work revolves around the romance between Yuu Setoguchi and Seina Narumi; the work features romance, youth, and music, with exquisite visuals and moving raw emotions—a work full of girlish heart."
736,primary,en-US,机动战士高达 雷霆宙域 第二季,"""Mobile Suit Gundam Thunderbolt: Bandit Flower"" is a sequel to Mobile Suit Gundam Thunderbolt; the space battles of the Federation and Zeon continue. This work revolves around the battles of the Thunderbolt sector; the work features mech battles, war, and ensemble, with brutal battle scenes. The characters' convictions and sacrifices are moving—a hardcore Gundam work."
737,primary,en-US,我的英雄学院 第二季,"""My Hero Academia"" Season 2 continues the first season; Izuku Midoriya's hero path at U.A. High School continues. This season's sports festival and Hero Killer arc unfold, with Izuku and his classmates' growth full of highlights; the work is themed on heroes, passion, and growth, with gorgeous battle scenes. Izuku's convictions are moving—a highly popular work in recent years."
738,primary,en-US,进击的巨人 第二季,"""Attack on Titan"" Season 2 continues the first season; Eren and the Survey Corps' battles continue. This season revolves around the truth of titanization and Reiner's betrayal; the work is themed on battle, suspense, and despair, with refined production. The titan threat and human struggle are full of tension—an important chapter of the Attack on Titan series."
739,primary,en-US,高校舰队 OVA,"""High School Fleet OVA"" is an OVA of High School Fleet; the girls' ship daily life side story. This work focuses on light side stories; the work features ships, school, and ensemble, with a joyful atmosphere. The girls' interactions are full of moe—a side story of the High School Fleet series."
740,primary,en-US,路人女主的养成方法 ♭,"""Saekano: How to Raise a Boring Girlfriend Flat"" is the second season of Saekano; Tomoya Aki's galgame production daily life continues. This season Eriri and Utaha's entanglements deepen, with Tomoya's romance line taking a turn; the work features romance, snark, and the industry, with delicate performances and deep emotional portrayal—an excellent romantic comedy."
741,primary,en-US,在地下城寻求邂逅是否搞错了什么 外传 剑姬神圣谭,"""Sword Oratoria: Is It Wrong to Try to Pick Up Girls in a Dungeon? - Side Story"" is a spin-off of DanMachi, telling the story of the Sword Princess Ais. This work unfolds from Ais's perspective, depicting her past and battles in the familia; the work features fantasy, adventure, and battle, with gorgeous battle scenes. Ais's growth is moving—a spin-off of the DanMachi series."
742,primary,en-US,重启咲良田,"""Sakurada Reset"" adapts the same-name novel. In Sakurada, a town where wishes come true, Kei Asai with memory-retention ability and Misora Haruki with reset ability cooperate to solve incidents. The work features superpowers, suspense, and mystery, with a calm rational atmosphere. The cooperation between Kei and Misora is full of strategy—a contemplative work."
743,primary,en-US,偶像大师 灰姑娘女孩剧场,"""The IDOLM@STER Cinderella Girls Theater"" is a short anime of The IDOLM@STER Cinderella Girls; the idols' Q-version daily life. The work features idols, comedy, and daily life, with cute art and short length, showing the idols' interactions in light daily life—a side story of the Cinderella Girls series."
744,primary,en-US,时钟机关之星,"""Clockwork Planet"" adapts the same-name light novel. In a world dominated by gears, boy Naoto Miura meets the gear girl RyuZU. The work features sci-fi, machinery, and adventure; the adventures of Naoto and RyuZU are fun, and the anime has refined art with a novel gear world setting—an imaginative work."
745,primary,en-US,不正经的魔术讲师与禁忌教典,"""Akashic Records of Bastard Magic Instructor"" adapts the same-name light novel. Magic instructor Glenn calls himself a slacker but hides powerful strength. The work features school, magic, and passion; the contrast between Glenn's lazy appearance and his strength in critical moments is striking, and the battle scenes are gorgeous. Glenn's relationships with his students are charming—a standard light-novel work."
746,primary,en-US,机甲少女 FRAME ARMS GIRL,"""Frame Arms Girl"" adapts the same-name model series. Girl Gourai is turned into a Frame Arms Girl, fighting and living with partners. The work features mechs, battle, and daily life, anthropomorphizing the models; the interactions between Gourai and the Frame Arms Girls are fun, and the battle scenes are gorgeous—a uniquely styled work."
747,primary,en-US,爱丽丝与藏六,"""Alice to Zouroku"" adapts the same-name manga. Girl Sana, who has mysterious powers, escapes a research institute and meets the old man Zouroku. The work features fantasy, healing, and daily life; the interactions between Sana and Zouroku are warm, and the anime has a warm atmosphere. Sana's growth is moving—a healing work."
748,primary,en-US,恋爱暴君,"""Renai Boukun"" adapts the same-name manga. High schooler Seiji Aino is forced to kiss by a girl who claims to be an angel, and is dragged into entanglements with the angel and a death god girl. The work features comedy, romance, and fantasy; the interactions between Seiji and the angel and death god girls are full of gags, with brisk pacing and dense jokes—a light and enjoyable romantic comedy."
749,primary,en-US,埃罗芒阿老师,"""Eromanga Sensei"" adapts the same-name light novel. Light novel author Masamune Izumi and his shut-in younger sister Sagiri create novels together. Sagiri, as the illustrator Eromanga Sensei, refuses to interact with people; the work features the light novel industry, comedy, and sibling love, with a light atmosphere. The sibling interactions are sugary—an excellent light-novel anime."
750,primary,en-US,末日时在做什么？有没有空？可以来拯救吗？,"""WorldEnd: What Do You Do at the End of the World? Are You Busy? Will You Save Us?"" adapts the same-name light novel. In a world where humanity has died out, the last human Willem meets the weapon girls. Willem regains warmth while taking care of the girls; the work is themed on fantasy, tragedy, and tears, with the bond between Willem and the girls running throughout. The anime has a heavy yet touching atmosphere with a tearjerking ending—a highly acclaimed light-novel work in recent years."
751,primary,en-US,月色真美,"""Tsuki ga Kirei"" is an original anime telling the first love story of middle schoolers Kotarou Azumi and Akane Mizuno. The two meet through entrance to the same school, and their shy feelings gradually sprout in ordinary daily life; the work features romance, youth, and daily life, with a calm and warm atmosphere. The portrayal of adolescent heart-pounding is delicate and moving, and it is a romance anime with an excellent reputation in recent years."
752,primary,en-US,怪怪守护神,"""Tsugumomo"" adapts the same-name manga. Ordinary boy Kazuya Kagami meets Kiriha, a tsukumogami of a kimono left by his father, and begins to learn his responsibility as a master. The work features battle, fantasy, and harem; the interactions between Kazuya and Kiriha are full of fun, the battle scenes are gorgeous, and the character designs are refined, making it a work where light-heartedness and passion coexist."
753,primary,en-US,从零开始的魔法书,"""Zero kara Hajimeru Mahou no Sho"" adapts the same-name light novel. A beastman mercenary meets the sorceress Zero and sets out on a journey to find a magic book. Zero is a powerful but eccentric witch, and her partnership with the mercenary is full of comedy; the work features fantasy, adventure, and humor, with a grand worldview. The interactions between Zero and the mercenary are hilarious, making it an enjoyable fantasy work."
754,primary,en-US,樱花任务,"""Sakura Quest"" is an original anime telling the story of a girl who becomes king of a rural town. Yoko Yoshino becomes a tourism ambassador in the town of Manoyama and grows through revitalizing the village; the work features daily life, workplace, and ensemble, with a warm atmosphere. The interactions between Yoko and the villagers are full of healing, making it a work full of human warmth."
755,primary,en-US,信长的忍者 伊势·金崎篇,"""Nobunaga no Shinobi: Ise Kanegasaki-hen"" continues the series; the story of ninja Chidori and Oda Nobunaga continues. This work revolves around the battles of Ise and Kanegasaki; the work features the Warring States, comedy, and daily life, with short episodes and brisk pacing, depicting the Warring States story in light daily life, making it a stress-relieving short anime."
756,primary,en-US,境界的轮回 第三季,"""Kyokai no Rinne"" Season 3 continues the series; Sakura Mamiya and half-reaper Rokudo continue to help ghosts attain Buddhahood. This season new supernatural incidents and characters appear; the work features the supernatural, comedy, and daily life, with Rumiko Takahashi's signature comedic style running throughout. The episodic stories are light and fun, making it a warm supernatural daily work."
757,primary,en-US,夏目友人帐 陆,"""Natsume's Book of Friends"" Season 6 continues the series; the encounters between boy Natsume Takashi and the youkai continue. This season Natsume, together with Nyanko-sensei, returns the names in the Book of Friends to the youkai; the work features youkai, healing, and daily life, with a gentle atmosphere. The episodic stories warm the heart, making it a classic of healing anime."
758,primary,en-US,快盗天使BREAK,"This is a series anime telling the battles of the phantom thief angels. The girls uncover a conspiracy in their phantom thief activities; the work features magical girls, battle, and comedy, with a light atmosphere. The interactions between the girls are full of moe, making it an enjoyable magical girl work."
759,primary,en-US,正确的KADO,"""Seikaisuru Kado"" is an original anime. After a mysterious cube descends, government official Shindou Koujirou holds a dialogue with a visitor from another dimension. The work features sci-fi, politics, and philosophy, exploring the themes of communication and civilization. The plot development is full of intellectual debate, making it a uniquely styled sci-fi work."
760,primary,en-US,武装少女,"""Armed Girl's Machiavellism"" adapts the same-name manga. Transfer student Fudou Nomura faces attacks from the armed girls at Aichi Synergy Academy. The work features school, battle, and harem; the duels between Nomura and the armed girls are fun, the battle scenes are gorgeous, and the fan-service elements are abundant, making it a standard light novel school battle harem anime."
761,primary,en-US,有顶天家族 第二季,"""The Eccentric Family"" Season 2 continues the first season; the story of the tanuki family continues. This season revolves around the conflicts between tanuki and tengu; the work features fantasy, ensemble, and warmth, with a unique atmosphere. The portrayal of Kyoto is full of charm, and the bonds between the characters are moving, making it an excellent adaptation of Tomihiko Morimi's work."
762,primary,en-US,莉露莉露妖精莉露～魔法之镜～,"This is a girls' anime; the adventures of the fairy girls continue. This work the fairies unfold new activities through the magic mirror; the work features magic, daily life, and healing, with cute art and a warm atmosphere. The girls' adventures are full of childlike fun, making it a magic daily anime suitable for girl viewers."
763,primary,en-US,Re：创世主们,"""Re:Creators"" is an original anime telling the story of creations intersecting with the real world. Created characters come to the real world and hold dialogues with their creators; the work features sci-fi, ensemble, and philosophy, exploring the meaning of creation. The character settings are full of imagination, making it a uniquely styled work."
764,primary,en-US,黑色推销员NEW,"""The Laughing Salesman NEW"" is a short anime telling the story of salesman Moguro Fukuzou, who sells desires to humans. Fukuzou lures people into traps of desire in various ways; the work features satire, grotesque, and urban legends, with a retro art style and dark atmosphere full of charm, making it a modern interpretation of the Laughing Salesman series."
765,primary,en-US,高校星歌剧 第二季,"""Star-Myu: High School Star Musical"" Season 2 continues the first season; the growth of the music course students of Ayanagi Academy continues. This season the boys meet new challenges on the path of music; the work features music, youth, and ensemble, with infectious song and dance scenes. The characters' efforts and bonds are moving, making it a positive music work."
766,primary,en-US,ID-0,"""ID-0"" is an original anime telling the story of the boys piloting mecha in space mines. The protagonist's adventures in space are interwoven with the mystery of his identity; the work features sci-fi, mecha battles, and ensemble, with refined 3DCG visuals. The bonds between the characters run throughout, making it a hardcore sci-fi mecha work."
767,primary,en-US,假面Noise,"""Anonymous Noise"" adapts the same-name manga. Girl Nino, who loves singing, sets out on a musical journey to find her childhood friend. The work features music, romance, and youth; Nino's singing is infectious, the atmosphere is youthful, and the characters' emotional entanglements are delicate and moving, making it a work full of musical atmosphere."
768,primary,en-US,青春歌舞伎,"""Kabukibu!"" adapts the same-name novel. Boy Kurogo Tojima works to found a kabuki club and studies kabuki with his clubmates. The work features kabuki, youth, and ensemble, combining traditional art with youth. The kabuki performance scenes are full of power, and the characters' growth is moving, making it a unique work."
769,primary,en-US,偶像时间美妙天堂,"""Idol Time PriPara"" continues the series; the idol activities of the girls continue. This work new protagonists and stages appear, with the girls chasing dreams in idol time; the work features gorgeous stage performances, cute characters, and music, with infectious song and dance scenes, making it a classic girls' idol anime series."
770,primary,en-US,世界之暗图鉴,"This is a short horror anime telling the mysteries of a boy surrounding the Darkness of the World. The protagonist encounters various eerie incidents during his investigation; the work features horror, suspense, and grotesque, with an eerie atmosphere. The plots are thought-provokingly frightening, making it a horror work that sends chills down viewers' spines."
771,primary,en-US,与僧侣交合的色欲之夜,"This adapts the same-name manga, telling the romance between a girl and her childhood friend monk. The work features romance, adult themes, and daily life, with an ambiguous atmosphere and tense interactions between the two, making it an adult-oriented romance work."
772,primary,en-US,王室教师海涅,"""The Royal Tutor"" adapts the same-name manga. Royal tutor Heine is responsible for educating four princes and guides their growth in a unique way. The work features education, comedy, and daily life; Heine's wisdom and the princes' growth are highlights, with a light and warm atmosphere, making it a healing work."
773,primary,en-US,博人传-火影次世代-,"""Boruto: Naruto Next Generations"" is a sequel of Naruto, telling the growth of Naruto's son Boruto Uzumaki. Boruto studies at the ninja academy and embarks on new adventures with his partners; the work features ninjutsu, passion, and ensemble, with gorgeous battle scenes. Boruto's growth and bonds run throughout, making it a new chapter of the Naruto series."
774,primary,en-US,不要输！！恶之军团！,"This is a short anime telling the daily life of an evil army and a girl. The evil army causes various jokes in their interactions with the girl; the work features comedy, daily life, and snark, with short episodes and brisk pacing, making it a stress-relieving short anime."
775,primary,en-US,爱米 -WE LOVE RICE-,"This is a short anime that anthropomorphizes rice and tells the idol story of the rice. The rice have funny daily lives in the process of becoming idols; the work features anthropomorphization, idols, and comedy, with cute art and short episodes, showcasing the charm of the rice in light daily life, making it a unique short anime."
776,primary,en-US,剑风传奇 次篇,"""Berserk"" (Sequel Arc) continues the series; the tragedy of Guts and Griffith continues. This work revolves around the past of the Band of the Hawk and the God Hand; the work is known for dark fantasy, brutal battles, and profound themes, with refined animation and a heavy atmosphere. It is an animation of a masterpiece in manga history."
777,primary,en-US,巴哈姆特之怒 VIRGIN SOUL,"""Rage of Bahamut: Virgin Soul"" continues the first season; the war of humans, gods, and demons continues. This work revolves around a new protagonist and the power of Bahamut; the work features fantasy, war, and ensemble, with high-quality production and gorgeous visuals. The fates of the characters are interwoven, making it a grand fantasy work."
778,primary,en-US,喧哗番长 乙女 Girl Beats Boys,"This adapts the same-name game. A girl enters an all-boys school dressed as a boy and spends her campus life fighting. The work features comedy, battle, and cross-dressing, with a light atmosphere. The protagonist's adventures in the boys' school are fun, making it an enjoyable work."
779,primary,en-US,Room Mate ～One Room side M～,"""Room Mate"" is the male-oriented version of One Room, telling the daily life with handsome men from a first-person perspective. Viewers interact with the male characters from the protagonist's point of view; the work features daily life, romance, and healing, with refined art and a warm atmosphere, making it an immersive work."
780,primary,en-US,sin 七大罪,"""sin: Nanatsu no Taizai"" adapts the same-name project, telling the battles between the Demon Lords of the Seven Deadly Sins and the goddesses. The fallen angels appear as Demon Lords; the work features battle, fan-service, and parody, with gorgeous art and abundant fan-service elements, making it a work for a specific audience."
781,primary,en-US,阿童木起源,"""Atom: The Beginning"" adapts the same-name manga, telling the story before Astro Boy was born. This work focuses on genius scientists Tenma and Ochanomizu, depicting the story of the dawn of robotics; the work features sci-fi, passion, and friendship, with an atmosphere combining passion and warmth, making it the origin story of the Astro Boy series."
782,primary,en-US,猫猫日本史 第二季,"""Neko Neko Nihonshi"" Season 2 continues the first season, telling Japanese history with cats anthropomorphized. Historical figures appear as cute cat characters; the work features history, comedy, and education, popularizing Japanese history in light daily life. With cute art and short episodes, it is both fun and educational, making it a history popularization work suitable for all ages."
783,primary,en-US,银之守墓人,"""Silver Guardian"" is a China-Japan co-production anime telling the story of grave keeper boy Lu Shuiyin. Shuiyin embarks on adventures in the game world; the work features games, battle, and passion, with gorgeous battle scenes. Shuiyin's growth and bonds run throughout, making it a co-production work."
784,primary,en-US,悠悠式 OVA,"""Yuyushiki"" OVA is an OVA of Yuyushiki; a side story of the daily life of the girls in the Information Processing Club. This work focuses on light daily life; the work features daily life, healing, and comedy, with cute art and a light atmosphere. The interactions between the girls are full of moe, making it a side story of the Yuyushiki series."
785,primary,en-US,商人之星的小比索,"This is a short anime telling the adventure of merchant boy Piso. Piso embarks on fun journeys through buying and selling; the work features merchants, adventure, and comedy, with cute art and short episodes, showcasing the fun of commerce in light daily life, making it a stress-relieving short anime."
786,primary,en-US,扩张少女系Trinary,"This is a short anime telling the battles between the girls and mysterious beings. The girls fight in an expanding world; the work features battle, sci-fi, and ensemble, with short episodes and a unique atmosphere, showcasing the girls' bonds in limited length, making it a novel-styled work."
787,primary,en-US,魔物娘的同居日常 OAD,"""Monster Musume no Iru Nichijou"" OAD is an OVA of Monster Musume; a side story of the cohabitation of Kimihito and the monster girls. This work focuses on light daily life; the work features monster girls, harem, and fan-service, with novel settings and abundant fan-service, making it an enjoyable harem work."
788,primary,en-US,结城友奈是勇者 -鹫尾须美之章- 第2章 魂,"""Yuki Yuna is a Hero: Washio Sumi Chapter - Chapter 2, Soul"" is a prequel movie of Yuki Yuna is a Hero; the story of Sumi Washio and her partners continues. This work depicts the battles and sacrifices of the heroes; the work features battle, tragedy, and healing, with a heavy atmosphere. The fates of the girls are moving, making it a movie of the Yuki Yuna series."
789,primary,en-US,青之驱魔师 OAD,"""Blue Exorcist"" OAD is an OVA of Blue Exorcist; a side story of Rin Okumura's daily life. This work focuses on light daily life; the work features exorcism, battle, and daily life, with a joyful atmosphere. The interactions between Rin and his partners are fun, making it a side story of the Blue Exorcist series."
790,primary,en-US,干物妹！小埋 OAD,"""Himouto! Umaru-chan"" OAD is an OVA of Himouto! Umaru-chan; a side story of Umaru's lazy girl daily life. This work focuses on light daily life; the work features daily life, comedy, and sibling love, with cute art and a light atmosphere. Umaru's slacker attitude is full of comedy, making it a side story of the Umaru series."
791,primary,en-US,游戏王VRAINS,"""Yu-Gi-Oh! VRAINS"" is a Yu-Gi-Oh! series anime telling the battles of the duelists in the network world. Boy Yusaku Fujiki duels in the network city; the work features cards, passion, and duels, with gorgeous duel scenes. Yusaku's growth and the secrets of the network run throughout, making it a new chapter of the Yu-Gi-Oh! series."
792,primary,en-US,浪漫冒险,"This is a short anime telling the romantic adventure of a boy and a girl. The work features romance, adventure, and daily life, with refined art and a warm atmosphere, showcasing the sweetness of love in short length, making it a light and healing short anime."
793,primary,en-US,在这世界的角落,"""In This Corner of the World"" is a movie anime telling the daily life of girl Suzu in Hiroshima during WWII. Suzu and her family rely on each other amid the war, depicting the cruelty of war and the warmth of life from a gentle perspective; the work features history, war, and humanity, with exquisite visuals. Suzu's resilience and warmth are moving, making it a stunning work."
794,primary,en-US,黑色五叶草 OAD,"""Black Clover"" OAD is an OVA of Black Clover; a side story of Asta and the Magic Knights. This work focuses on light daily life; the work features magic, passion, and ensemble, with a joyful atmosphere. The interactions between Asta and his partners are fun, making it a side story of the Black Clover series."
795,primary,en-US,相对世界,"This is an original anime telling the battles between the real world and the relative world. The boys embark on adventures in the interweaving of two worlds; the work features sci-fi, battle, and ensemble, with unique art and gorgeous battle scenes. The growth and bonds of the boys run throughout, making it a novel-styled work."
796,primary,en-US,特工次世代,"""Blame!"" adapts Tsutomu Nihei's same-name manga. In a huge city composed of strata, worker Killy embarks on an adventure to find the Net Terminal Genes. The work features sci-fi, post-apocalyptic, and suspense, with a cold atmosphere. Killy's journey through the dark city is full of mystery, making it a uniquely styled sci-fi work."
797,primary,en-US,亚人 -冲戟-,"""Ajin: Shotsu"" is the third movie of the Ajin series; the duel between Kei Nagai and Sato reaches its climax. This work the final conflict between Kei and Sato unfolds; the work features sci-fi, suspense, and action. The setting of the Ajin and the battle scenes are stunning, and the 3DCG expression is unique, making it a movie of the Ajin series."
798,primary,en-US,雏逻辑 〜from Luck ＆ Logic〜,"This is a short anime telling the daily life of the girls. The interactions between the girls at the academy are full of warmth; the work features daily life, healing, and comedy, with cute art and a light atmosphere, showcasing the girls' friendship in light daily life, making it a stress-relieving short anime."
799,primary,en-US,机动战士高达 暮光的阿克西斯,"""Mobile Suit Gundam: Twilight Axis"" is a Gundam series anime telling a secret operation around Axis. This work revolves around the wreckage of Neo Zeon; the work features mecha battles, suspense, and ensemble, with gorgeous battle scenes and tense plot development, making it a spin-off of the Gundam series."
800,primary,en-US,海螺小姐,"""Sazae-san"" is a classic long-running anime telling the daily life of the Isono family. The warm daily life of Sazae-san and her family and neighbors is full of human warmth; the work features daily life, family, and healing, with a warm atmosphere. It is a nationally beloved family anime that has accompanied countless viewers' growth."
801,primary,en-US,食戟之灵 OAD,"""Food Wars!"" OAD is an OVA of Food Wars; a side story of Soma Yukihira's cooking. This work focuses on light daily life; the work features food, passion, and competition, with mouth-watering depictions of cooking. The interactions between Soma and his partners are fun, making it a side story of the Food Wars series."
802,primary,en-US,偶像活动Stars 第二年,"""Aikatsu Stars!"" Year 2 continues the series; the idol life of the girls at Starlight Academy continues. This work the girls grow through new challenges; the work features gorgeous stage performances, fashion coordination, and girls chasing dreams, with infectious song and dance scenes, making it a classic girls' idol anime series."
803,primary,en-US,NEW GAME!!,"""NEW GAME!!"" is the second season of NEW GAME!; the workplace life of rookie game creator Aoba Suzukaze continues. This season Aoba and her seniors meet new challenges in game development; the work features workplace, daily life, and healing, with cute art and a warm atmosphere, vividly depicting the daily life of the game industry, making it a light and healing workplace work."
804,primary,en-US,战斗女子高校,"This adapts the same-name game, telling the battles of the battle high school girls. The girls train at the academy and fight mysterious enemies; the work features school, battle, and ensemble, with gorgeous battle scenes. The growth and bonds of the girls run throughout, making it a game adaptation."
805,primary,en-US,将国之天鹰星,"""Altair: A Record of Battles"" adapts the same-name manga. Young general Mahmut pursues peace in a war-torn world; the work features war, politics, and ensemble. Mahmut's wisdom and benevolence are charming, the war scenes are grand, and the characters' choices are full of tension, making it a hardcore war work."
806,primary,en-US,骑士&魔法,"""Knight's & Magic"" adapts the same-name light novel. Reincarnated boy Ernesti, who loves mecha, pilots magic machines in another world. The work features mecha battles, fantasy, and passion; Erni's obsession with mecha is a highlight, and the battle scenes are gorgeous, making it a powerful mecha work."
807,primary,en-US,舞动青春,"""Welcome to the Ballroom"" adapts the same-name manga. Boy Tatara Fujita comes into contact with ballroom dancing by chance and steps onto the path of dance from then on. The work features dance, youth, and passion; the dance scenes are full of tension, and Tatara's growth on the dance floor is moving, making it an excellent sports work of recent years."
808,primary,en-US,洁癖男子！青山君,"""Clean Freak! Aoyama-kun"" adapts the same-name manga. Genius soccer boy Aoyama-kun has a serious germaphobia and dislikes physical contact. The work features soccer, comedy, and daily life; the interactions between Aoyama-kun and his teammates are full of comedy, with a light atmosphere, making it a hilarious sports comedy."
809,primary,en-US,笨女孩,"""Aho-Girl"" adapts the same-name manga. Super stupid girl Yoshiko Hanabatake is only interested in bananas and the class representative. The work features comedy, daily life, and snark; Yoshiko's stupid behavior is hilarious, with brisk pacing and dense jokes, making it a comedy work that wins through absurdity."
810,primary,en-US,徒然喜欢你,"""Tsuredure Children"" adapts the same-name manga. From the perspective of multiple couples, it tells the love stories of high school students. The work features romance, ensemble, and comedy; the interactions of each couple are full of sweetness, with brisk pacing, showcasing the sweetness of love in light daily life, making it a heart-pounding romantic comedy."
811,primary,en-US,RWBY Volume 1-3: The Beginning,"""RWBY Volume 1-3: The Beginning"" is a compilation of the RWBY series, telling the story of the girls fighting the Grimm. This work reviews the plot of the previous seasons; the work features battle, ensemble, and fantasy, with gorgeous action scenes. The growth and bonds of the characters run throughout, making it a movie of the RWBY series."
812,primary,en-US,异世界食堂,"""Isekai Shokudou"" adapts the same-name light novel. The restaurant Nekoya that exists in another world opens to guests from another world every Saturday. The work features food, isekai, and episodic stories; the anime depicts the food stories of various otherworldly races warmly and interestingly, with each dish mouth-watering, making it a healing food work."
813,primary,en-US,第一次的辣妹,"""Hajimete no Gal"" adapts the same-name manga. Virgin high school student Junichi Hashiba confesses to gal Yame Yukana to get rid of his virginity. The work features romance, comedy, and fan-service; the interactions between Junichi and the gals are full of comedy, with a light atmosphere, making it a hilarious romantic comedy."
814,primary,en-US,欢迎来到实力至上主义的教室,"""Classroom of the Elite"" adapts the same-name light novel. At the merit-based Advanced Nurturing High School, student Kiyotaka Ayanokoji hides his abilities. The work features school, psychological battles, and ensemble; Ayanokoji's calmness and wisdom are charming, with a cool atmosphere and a plot full of psychological games, making it a hardcore school psychological battle work."
815,primary,en-US,GAMERS电玩咖,"""Gamers!"" adapts the same-name light novel. The romantic comedy between game lover Keita Amano and the girls of the game club. The work features games, romance, and misunderstandings; the characters' emotional entanglements are full of comedy, with brisk pacing, vividly depicting adolescent ambiguity and misunderstandings, making it a joyful romantic comedy."
816,primary,en-US,Fate/Apocrypha,"""Fate/Apocrypha"" is an anime of the Fate series, telling the story of the Great Holy Grail War. This work revolves around the Servants of the Red and Black factions; the encounter between Sieg and Jeanne runs throughout. The work features the Fate worldview, battle, and ensemble, with gorgeous battle scenes and powerful duels between Servants, making it a spin-off of the Fate series."
817,primary,en-US,Princess Principal,"""Princess Principal"" is an original anime telling the story of spy girls in a fictional London. Five girls carry out missions as spies; the work features spies, ensemble, and steampunk, with a cool and elegant atmosphere. The girls' missions and bonds are full of tension, making it a uniquely styled work."
818,primary,en-US,来自深渊,"""Made in Abyss"" adapts the same-name manga. In the cave of the abyss, girl Riko aims to become a cave raider and embarks on an adventure with robot boy Reg. The work features adventure, fantasy, and darkness; the mystery and cruelty of the abyss unfold layer by layer, with exquisite visuals. Riko and Reg's journey is stunning, making it a hardcore adventure masterpiece of recent years."
819,primary,en-US,活击 刀剑乱舞,"""Katsugeki/Touken Ranbu"" is a sword anthropomorphization anime telling the battles of the sword warriors against the historical revisionists. This work centers on serious battles, with the swords fighting to protect history; the work features sword anthropomorphization, battle, and passion, with gorgeous battle scenes. Each sword has its own charm, making it a powerful work."
820,primary,en-US,最游记 RELOAD BLAST,"""Saiyuki Reload Blast"" continues the series; the westward journey of Genjo Sanzo and his partners continues. This work Sanzo and his party face new enemies on the road; the work features fantasy, passion, and ensemble, with gorgeous art. The bonds between Sanzo, Goku, and the others run throughout, making it a sequel of the Saiyuki series."
821,primary,en-US,战姬绝唱SYMPHOGEAR AXZ,"""Symphogear AXZ"" is a series anime of Symphogear; the singers fight with the power of song. This work revolves around new enemies and equipment; the work features music, battle, and passion, with infectious songs and gorgeous battle scenes, making it a sequel of the Symphogear series."
822,primary,en-US,地狱少女 宵伽,"""Hell Girl: Yoi no Togi"" is a series anime of Hell Girl; hell girl Enma Ai continues to accept requests. This work revolves around new clients; the work features the supernatural, darkness, and episodic stories, with an eerie atmosphere. The setting of Ai sending people to hell is impactful, making it a sequel of the Hell Girl series."
823,primary,en-US,天使的3P!,"""Angel's 3Piece!"" adapts the same-name light novel. Hikikomori boy Hibiki Ryutoki serves as the producer of an elementary school band. The work features music, young girls, and daily life; the music activities of Hibiki and the girls are warm, with a light atmosphere and moving songs, making it a healing music work."
824,primary,en-US,狂赌之渊,"""Kakegurui"" adapts the same-name manga. At Hyakkaou Private Academy, where gambling is revered, transfer student Yumeko Jabami enjoys gambling. The work features gambling, psychological battles, and madness; Yumeko's gambling style is stunning, with exaggerated art and an eerie atmosphere. The plot twists are impactful, making it a uniquely styled work."
825,primary,en-US,妖怪公寓的优雅日常,"This is an anime adapting the same-name novel. High school student Yushi Inaba starts a new life in a haunted apartment and spends daily life with the spirits. The work features spirits, daily life, and healing; the interactions between Yushi and the spirits are warm, with a warm atmosphere, making it a healing daily work."
826,primary,en-US,恋爱禁止的世界,"""Love and Lies"" adapts the same-name manga. In a world where marriage partners are decided by the government, boy Yukari Nejima likes his childhood friend. The work features romance, sci-fi, and youth; Nejima's struggle between the system and his feelings is a highlight, with a stifling atmosphere, making it a romance work that reflects on society."
827,primary,en-US,冰海精灵之灯,"This is a short anime telling the story of the sea angels. In the Arctic sea, the encounter between a sea angel and a girl is dreamlike; the work features fantasy, healing, and nature, with exquisite visuals and a tranquil atmosphere, making it a short yet beautiful healing work."
828,primary,en-US,咕噜咕噜魔法阵,"""Magical Circle Guru Guru"" adapts the same-name manga. The adventures of hero Nike and magician girl Kukuri are full of comedy. The two cause various jokes on the road to defeat the Demon King; the work features fantasy, adventure, and comedy, with exaggerated performances and dense jokes, making it an adventurous work full of childlike fun."
829,primary,en-US,梵蒂冈奇迹调查官,"""Vatican Miracle Examiner"" adapts the same-name novel. At the Vatican, two priests investigate the authenticity of miracles. The work features religion, suspense, and deduction; the priests encounter various eerie incidents during their investigations, with a mysterious atmosphere and a plot full of mysteries, making it a uniquely styled deduction work."
830,primary,en-US,美男战国 穿越时空的爱恋,"This adapts the same-name game. A girl travels back in time to the Warring States period and falls in love with the warlords. The work features romance, time travel, and ensemble; the interactions between the girl and the warlords are romantic, with a gorgeous atmosphere, making it an otome anime."
831,primary,en-US,时间支配者,"""Chronos Ruler"" adapts the same-name manga. In a world where time is controlled, time hunter Victor and his partners hunt monsters that devour time. The work features fantasy, adventure, and passion; Victor's past and the truth of time unfold layer by layer, with gorgeous battle scenes, making it an imaginative work."
832,primary,en-US,裙子下的野兽,"This is a short adult-oriented anime telling the romance between a girl and an older man. The work features romance, adult themes, and daily life, with an ambiguous atmosphere and tense interactions, making it an adult-oriented romance work."
833,primary,en-US,暗芝居 第五季,"""Yami Shibai"" Season 5 is a horror short anime series, continuing to tell various ghost stories in paper theater format. The work is known for its nostalgic art style, grotesque plots, and thought-provokingly frightening atmosphere; each episode creates a strong sense of horror in just a few minutes, and the distorted urban legends send chills down viewers' spines, making it a must-see for horror anime fans."
834,primary,en-US,猜谜王,"""Nana Maru San Batsu"" adapts the same-name manga. Boy Shiki Koshiyama, who loves quizzes, engages in quiz competitions with his partners at the academy. The work features quizzes, competition, and passion; the anime depicts quiz matches as tense and exciting, with Shiki's quiz talent and teamwork as highlights, making it a unique competition work."
835,primary,en-US,捏造陷阱 -NTR-,"This adapts the same-name manga. Two girls each have boyfriends but secretly develop a relationship beyond friendship. The work features romance, yuri, and psychology, with an ambiguous and stifling atmosphere. The characters' emotional entanglements are full of tension, making it an adult-oriented romance work."
836,primary,en-US,跳水男孩,"""Dive!!"" adapts the same-name novel. Boy Tomoki Sakai joins a diving club with the goal of participating in the Olympics. The work features diving, sports, and passion; the diving scenes are beautiful, and Tomoki's growth through training is moving, making it a solid sports work."
837,primary,en-US,便利店男友,"""Convenience Store Boy Friends"" adapts the same-name project. With a convenience store as the stage, the romantic daily life of boys and girls. The work features romance, daily life, and ensemble, with a youthful atmosphere. The interactions between the characters are full of sweetness, making it a light and healing romance work."
838,primary,en-US,动作女主 水果应援团,"This is an original anime telling the battles of the girls as action heroines. The girls become idols while fighting to protect the city; the work features battle, idols, and ensemble, with a bright art style. The growth and bonds of the girls run throughout, making it a vibrant work."
839,primary,en-US,18if,"""18if"" adapts the same-name game, telling a boy's adventure in the dream world. The dream detective travels through the girls' dreams; the work features fantasy, suspense, and ensemble, with diverse episodic stories. The dream world settings are full of imagination, making it a uniquely styled work."
840,primary,en-US,独占我的英雄,"""Hitorijime My Hero"" adapts the same-name manga. The love story between delinquent Masahiro Setagawa and teacher Kousuke Ooshiba. The work features BL romance, daily life, and warmth; the emotional development between Masahiro and Kousuke is delicate and moving, with a warm atmosphere, making it an excellent BL anime."
841,primary,en-US,人马小姐不迷茫,"""Centaur no Nayami"" adapts the same-name manga. In a world where centaurs and other demi-humans coexist, the daily life of girl Kino Himeno. The work features daily life, ensemble, and fantasy, exploring topics of race and society. The interactions between Himeno and her partners are fun, making it a daily work with depth."
842,primary,en-US,带着智能手机闯荡异世界。,"""In Another World With My Smartphone"" adapts the same-name light novel. Boy Touya Mochizuki gains a smartphone after death and is reincarnated in another world. The work features isekai, harem, and light adventure; Touya's strength and harem life are highlights, with a light atmosphere, making it a standard isekai work."
843,primary,en-US,狐妖小红娘 日语版,"""Fox Spirit Matchmaker"" (Japanese dubbed version) is the Japanese dub of Fox Spirit Matchmaker, telling the past-life love stories between humans and spirits. The fox spirits of Tushan help the lovers of humans and spirits reincarnate and continue their bonds; the work features romance, fantasy, and episodic stories, with touching episodic tales, making it a classic Chinese animation."
844,primary,en-US,野良和皇女和流浪猫之心,"This adapts the same-name game. The funny daily life of boy Nara and witch Princess. The work features comedy, daily life, and witches, with cute art and short episodes, showcasing the interactions between the princess and the boy in light daily life, making it a stress-relieving short anime."
845,primary,en-US,电影 光之美少女 Dream Stars!,"""Eiga Pretty Cure Dream Stars!"" is a movie of the Pretty Cure series, with all the girls of the series gathering. This work the girls cooperate across works; the work features magical girls, battle, and ensemble, with gorgeous transformation and battle scenes. The bonds between the characters are warm and moving, making it a movie of the girls' magical girl anime."
846,primary,en-US,你的名字。,"""Your Name"" is Makoto Shinkai's movie anime. Boy Taki Tachibana and girl Mitsuha Miyamizu exchange bodies in dreams, unfolding a story that transcends time and space. The work features romance, fantasy, and fate; the visuals are beautiful to the extreme, and the journey of the two searching for each other is moving, making it a phenomenal animated film."
847,primary,en-US,黑执事 豪华客船篇,"""Black Butler: Book of the Atlantic"" is a movie of Black Butler; the adventure of Ciel and Sebastian on a luxury ocean liner. This work revolves around eerie incidents on the ship; the work features fantasy, suspense, and darkness, with an elegant and dark atmosphere. Sebastian's battle scenes are gorgeous, making it an important work of the Black Butler series."
848,primary,en-US,舰队Collection 剧场版,"""Kantai Collection: KanColle"" Movie is a movie of Fleet Collection; the battles and daily life of the ship girls. This work revolves around a new sea area and the threat of enemies; the work features ship girls, battle, and ensemble, with cute art. The bonds between the ship girls run throughout, making it a movie of the KanColle series."
849,primary,en-US,午睡公主～我不为人知的故事～,"""Napping Princess"" is a movie anime telling the adventure of girl Kokone Morikawa in her dreams. Kokone enters a dream world while napping, interwoven with a conspiracy in the real world; the work features sci-fi, adventure, and family, with exquisite visuals. Kokone's growth and family bonds are moving, making it a warm work."
850,primary,en-US,刀剑神域 序列之争,"""Sword Art Online: Ordinal Scale"" is a movie of Sword Art Online; the adventure of Kirito and his friends in the AR game Ordinal Scale. This work revolves around a new game and mysterious events; the work features sci-fi, battle, and bonds, with gorgeous battle scenes. The interactions between Kirito and Asuna are moving, making it a movie of the SAO series."
851,primary,en-US,剧场版 黑子的篮球 终极一战,"""Kuroko's Basketball Movie: Last Game"" is a movie of Kuroko's Basketball; the duel between Seirin and the world's strong teams. This work revolves around the final battle between Kuroko and Kagami; the work features basketball, passion, and competition, with gorgeous match scenes. The pinnacle duels of the characters are highlights, making it a movie of the Kuroko's Basketball series."
852,primary,en-US,数码宝贝大冒险 tri. 第五章「共生」,"""Digimon Adventure tri. Chapter 5: Symbiosis"" is the fifth chapter of the Digimon tri series; the adventure of the Chosen Children and Digimon continues. This work revolves around symbiosis and a new crisis; the growth of the children and their bonds with the Digimon are highlights. The work features adventure, friendship, and growth, making it a movie of the Digimon series."
853,primary,en-US,猫咪带来的圆圆的幸福,"This is a short anime telling the daily life of a cat and a girl. The interactions between the girl and the cat are full of healing; the work features cute pets, daily life, and healing, with soft cute art and a light atmosphere, making it a healing work that brightens the mood."
854,primary,en-US,怪物弹珠 第二季,"""Monster Strike"" Season 2 continues the first season; the bead battles of En Ren and his partners continue. This work new adventures and enemies appear; the work features adventure, battle, and passion, with gorgeous battle scenes. The growth and bonds of the characters run throughout, making it a game adaptation."
855,primary,en-US,恶魔城 第一季,"""Castlevania"" Season 1 adapts the same-name game, telling the battles between vampire hunter Trevor and Dracula. This work revolves around the mission of the Belmont family; the work features dark fantasy, battle, and suspense, with a dark atmosphere. The battle scenes are bloody and gorgeous, making it an excellent game adaptation."
856,primary,en-US,结城友奈是勇者 -鹫尾须美之章- 第3章 约定,"""Yuki Yuna is a Hero: Washio Sumi Chapter - Chapter 3, Promise"" is a prequel movie of Yuki Yuna is a Hero; the story of Sumi Washio and her partners reaches its conclusion. This work depicts the final choices and promises of the heroes; the work features battle, tragedy, and healing, with a heavy atmosphere. The fates of the girls are moving, making it a movie of the Yuki Yuna series."
857,primary,en-US,アイマリンプロジェクト Deep Blue Song,"This is a short anime telling the story of a virtual singer. Centering on the songs of a virtual idol, the work features music, idols, and sci-fi, with refined art and a unique atmosphere, showcasing the charm of the virtual singer through music, making it a novel-styled work."
858,primary,en-US,DAYS OAD,"""DAYS"" OAD is an OVA of DAYS; a side story of the soccer boys. This work focuses on light daily life; the work features soccer, passion, and youth, with a joyful atmosphere. The interactions between Tsukushi and his partners are fun, making it a side story of the DAYS series."
859,primary,en-US,反照者,"This is a short anime telling the battles of boys and girls with abilities. The boys embark on adventures with the power of reflection; the work features battle, sci-fi, and ensemble, with unique art and gorgeous battle scenes. The bonds between the characters run throughout, making it a novel-styled work."
860,primary,en-US,漫威未来复仇者,"""Marvel Future Avengers"" is a Marvel anime telling the battles of the boys who form the Future Avengers. This work revolves around the growth of young heroes; the work features heroes, battle, and ensemble, with gorgeous battle scenes. The growth and bonds of the characters run throughout, making it a Marvel animation."
861,primary,en-US,拳皇命运,"""The King of Fighters: Destiny"" adapts the same-name game, telling the battles of the fighters. The KOF fighters duel in a world championship; the work features fighting, passion, and ensemble, with gorgeous battle scenes. The grudges and bonds of the fighters run throughout, making it a game adaptation."
862,primary,en-US,终物语（下）,"""Owarimonogatari (Part 2)"" is a Monogatari series anime; the story of Araragi Koyomi reaches its conclusion. This work revolves around the final duel between Araragi and Oshino Ougi, with the mysteries of the series fully revealed. The work is known for its unique dialogue style, extreme visual expression, and profound themes, with Araragi's choices full of depth, making it an important chapter of the Monogatari series."
863,primary,en-US,无畏魔女 彼得堡大战略,"""Brave Witches"" (Petersburg Grand Strategy) is an OVA of Brave Witches; a battle side story of the 502nd Joint Fighter Wing. This work focuses on a light side story; the work features battle, yuri, and daily life, with a joyful atmosphere. The interactions between the girls are full of moe, making it a side story of the Strike Witches series."
864,primary,en-US,魔卡少女樱 透明牌篇 序幕 小樱与两人的小熊,"""Cardcaptor Sakura: Clear Card-hen - Prologue: Sakura and the Two Bears"" is a special of Cardcaptor Sakura; a prologue story before the Clear Card arc. This work focuses on warm daily life; the work features magic, daily life, and healing, with refined art and a warm atmosphere. Sakura's cuteness and magic are moving, making it a prelude of the Cardcaptor Sakura series."
865,primary,en-US,悠久持有者！OAD,"""UQ Holder!"" OAD is an OVA of UQ Holder; a side story of Touta and his partners. This work focuses on light daily life; the work features battle, fantasy, and ensemble, with a joyful atmosphere. The interactions between Touta and his partners are fun, making it a side story of the UQ Holder series."
866,primary,en-US,偶像大师 SideM,"""The IDOLM@STER SideM"" is an anime of the IDOLM@STER series, telling the story of the male idols. This work centers on the idols of 315 Production; the work features idols, music, and ensemble, with gorgeous songs and stage performances. Each character has its own charm, and the atmosphere is inspirational and warm, making it a male-oriented work of the IDOLM@STER series."
867,primary,en-US,如果有妹妹就好了。,"""A Sister's All You Need"" adapts the same-name light novel. The daily life of light novel author Nayuta Kani and his little-sister complex is full of comedy. The work features the light novel industry, snark, and daily life; the interactions between Nayuta and his partners are full of comedy, with a light atmosphere. The depiction of the industry is realistic and fun, making it a joyful work."
868,primary,en-US,Just Because!,"""Just Because!"" is an original anime telling the youth and love of third-year high school students. In the winter before graduation, transfer student Eita Izumi reunites with former classmates; the work features romance, youth, and ensemble, with a calm and delicate atmosphere. The characters' emotions are real and moving, making it a romance work full of realism."
869,primary,en-US,此花绮谭,"""Konohana Kitan"" adapts the same-name manga. At the hot spring inn Konohanatei, where humans and gods coexist, the story of girl Yuzu. The work features daily life, healing, and ensemble; the interactions between the girls of the inn and the guests are warm, with exquisite art and a tranquil atmosphere, making it a healing fantasy daily work."
870,primary,en-US,网络胜利组,"This adapts the same-name manga. 30-year-old leftover woman Moriko Morioka experiences love in an online game. The work features online games, romance, and daily life; the interactions of Moriko online and in the game are fun, with a light atmosphere, making it a daily work that brings knowing smiles."
871,primary,en-US,关于我女友是个一本正经的碧池这件事,"This is a short adult-oriented anime telling the romantic daily life of a high school student and his girlfriend. The work features romance, adult themes, and comedy, with a light and ambiguous atmosphere and tense interactions, making it an adult-oriented romance work."
872,primary,en-US,悠久持有者！,"""UQ Holder!"" adapts the same-name manga. Boy Touta Konoe embarks on adventures with his partners in a near-future world. The work features battle, fantasy, and passion; Touta's growth and the bonds with his partners run throughout, with gorgeous battle scenes, making it a standard fantasy battle work."
873,primary,en-US,战刻夜想曲,"""Sengoku Night Blood"" adapts the same-name game. The love story between a girl and the Warring States warlords. The girl meets the warlords in a war-torn world; the work features romance, the Warring States, and ensemble, with gorgeous art. The interactions between the characters are romantic, making it an otome anime."
874,primary,en-US,品酒要在成为夫妻后,"This adapts the same-name manga. The sweet daily life of a newlywed couple drinking at dinner. The husband is skilled at mixing drinks, while the wife cannot hold her liquor; the work features food, daily life, and romance, with a warm atmosphere. The interactions between the two are full of sweetness, making it a light healing work."
875,primary,en-US,偶像大师 灰姑娘女孩剧场 第二季,"""The IDOLM@STER Cinderella Girls Theater"" Season 2 continues the series; the Q-version daily life of the Cinderella Girls idols continues. The work features idols, comedy, and daily life, with cute art and short episodes, showcasing the idols' interactions in light daily life, making it a side story of the Cinderella Girls series."
876,primary,en-US,十二大战,"""Juni Taisen: Zodiac War"" adapts the same-name novel. Twelve warriors fight a life-and-death battle under the names of the twelve zodiac signs. The work features battle, ensemble, and darkness; the backstories of each warrior are interwoven, with a heavy atmosphere. The fates of the characters are impactful, making it a cold-styled work."
877,primary,en-US,少女终末旅行,"""Girls' Last Tour"" adapts the same-name manga. In a post-apocalyptic world of collapsed civilization, girls Chito and Yuuri travel in a tracked vehicle. The work features post-apocalypse, daily life, and philosophy; the girls' journey through the ruins is full of loneliness and warmth, with simple art and a tranquil atmosphere, making it a masterpiece that makes viewers think deeply."
878,primary,en-US,相亲对象是强硬的问题学生,"This is a short adult-oriented anime telling the romance between a girl and a problem student. The work features romance, adult themes, and daily life, with an ambiguous atmosphere and tense interactions, making it an adult-oriented romance work."
879,primary,en-US,LoveLive! Sunshine!! 第二季,"""Love Live! Sunshine!!"" Season 2 continues the first season; the idol activities of Uranohoshi Girls' High School continue. This season Chika and her partners meet new challenges on the path of idols; the work features music, chasing dreams, and ensemble, with moving songs and gorgeous stage performances. The friendship and dreams of the girls are moving, making it a classic idol anime series."
880,primary,en-US,奇诺之旅,"""Kino's Journey"" adapts Keiichi Sigsawa's novel. Traveler Kino and her talking motorcycle Hermes travel around the world. The work features travel, episodic stories, and philosophy; Kino's experiences in each country are full of allegory, with a calm atmosphere, making it a travel work full of intellectual debate."
881,primary,en-US,牙狼 VANISHING LINE,"""Garo: Vanishing Line"" is a Garo series anime; the battles of the Golden Knight and the Horrors continue. This work revolves around the growth of a new Golden Knight; the work features Japanese-style fantasy and gorgeous battles, with stunning battle scenes. The conviction of the Golden Knight is moving, making it a work of the Garo series."
882,primary,en-US,宝石之国,"""Land of the Lustrous"" adapts the same-name manga. In a world after humanity's extinction, the gem people fight the Moon People. Phosphophyllite gradually grows through battles; the work features sci-fi, battle, and philosophy, with refined 3DCG visuals. The growth of Phos and the fates of the gems are stunning, making it a masterpiece of recent years."
883,primary,en-US,魔法使的新娘,"""The Ancient Magus' Bride"" adapts the same-name manga. Girl Chise Hatori, abandoned by her family, is bought by magus Elias and becomes his bride. The work features fantasy, healing, and magic; Chise's growth in the magic world and her bond with Elias run throughout, with exquisite visuals and a dreamlike atmosphere, making it a poetic work."
884,primary,en-US,鬼灯的冷彻 第二季,"""Hozuki no Reitetsu"" Season 2 continues the first season; the daily life of hell continues. Hozuki handles various affairs in hell, and his interactions with King Enma and the jailers are full of comedy; the work features comedy, daily life, and black humor, with creative depictions of hell, making it a unique comedy work."
885,primary,en-US,泥鲸之子们在沙地上歌唱,"""Children of the Whales"" adapts the same-name manga. On a floating sand island, the residents have emotions but short lifespans. The work features fantasy, ensemble, and pathos; the fates and emotions of the whale children are interwoven, with a heavy atmosphere, making it a poetic work."
886,primary,en-US,调教咖啡厅,"""Blend S"" adapts the same-name manga. Cafe employee Maika Sakuranomiya has a sadistic personality and plays a sadistic role at the cafe. The work features daily life, comedy, and ensemble; the interactions between the cafe staff are full of comedy, with a light atmosphere, making it a hilarious daily comedy."
887,primary,en-US,干物妹！小埋R,"""Himouto! Umaru-chan R"" is the second season of Himouto! Umaru-chan; Umaru's slacker girl daily life continues. This season the cohabitation of Umaru and her brother Taihei becomes richer; the work features daily life, comedy, and sibling love. Umaru's slacker attitude is full of comedy, with cute art and a light atmosphere, making it a healing comedy work."
888,primary,en-US,Infini-T Force,"""Infini-T Force"" is a 3DCG anime telling the battles of the superheroes and a mysterious girl. The heroes of past generations gather to fight a new threat; the work features heroes, battle, and ensemble, with gorgeous 3DCG visuals. The bonds between the heroes run throughout, making it a powerful work."
889,primary,en-US,血界战线 & BEYOND,"""Blood Blockade Battlefront & Beyond"" continues the first season; Leonardo's adventure in Hellsalem's Lot continues. This work revolves around new otherworldly incidents; the work features fantasy, battle, and ensemble, with gorgeous battle scenes. The interactions between the characters are charming, making it a sequel of the Blood Blockade series."
890,primary,en-US,3月的狮子 第二季,"""March Comes in Like a Lion"" Season 2 continues the first season; the growth of shogi player Rei Kiriyama continues. This work revolves around Rei's shogi life and the warmth of those around him; the work features shogi, healing, and life, with a calm and beautiful atmosphere. Rei's inner world is portrayed deeply, making it a masterpiece full of human concern."
891,primary,en-US,动画同好会,"This is an original anime telling the daily life of the girls in the anime research club. The girls engage in snarky discussions while appreciating anime; the work features anime, daily life, and snark, with a light atmosphere. The portrayal of anime fans is realistic and fun, making it a work that makes anime fans smile knowingly."
892,primary,en-US,阿松 第二季,"""Mr. Osomatsu"" Season 2 continues the first season; the funny daily life of the six Matsuno sextuplets continues. This work the sextuplets continue to cause various jokes in their loser life; the work features parody, snark, and social satire, with bold and wild performances, making it a phenomenal comedy anime."
893,primary,en-US,克拉斯卡劳埃德 第二季,"""ClassicaLoid"" Season 2 continues the first season; the funny daily life of the celebrities in famous paintings continues. This work the painting celebrities cause more jokes in modern society; the work features comedy, parody, and art, with short episodes and dense jokes, making it a stress-relieving short anime."
894,primary,en-US,黑色五叶草,"""Black Clover"" adapts the same-name manga. Boy Asta, born without magic, aims to become the Wizard King together with genius Yuno. The work features magic, passion, and ensemble; Asta's indomitable spirit and growth are highlights, with gorgeous battle scenes, making it a shonen passion work."
895,primary,en-US,食戟之灵 餐之皿,"""Food Wars! The Third Plate"" is the third season of Food Wars; Soma Yukihira's cooking battles continue. This season Soma faces stronger opponents and new cooking duels; the work features food, passion, and competition, with mouth-watering depictions of cooking. The match scenes are tense and exciting, making it a classic food anime."
896,primary,en-US,国王游戏,"""King's Game"" adapts the same-name novel. In a high school class, students who receive commands from the King are forced to execute cruel orders. The work features horror, suspense, and survival; the atmosphere is stifling, and the fates of the characters are impactful, making it a survival horror work that sends chills down viewers' spines."
897,primary,en-US,美妙天堂剧场版 大家一起闪耀！KIRARIN☆STARLIVE！,"""PriPara Movie: Everyone Shine! Kirarin Star Live"" is a movie of PriPara; the idol adventure of the girls continues. This work Laala and her partners perform on a new stage; the work features gorgeous stage performances, cute characters, and music, with infectious song and dance scenes, making it a classic girls' idol anime series."
898,primary,en-US,混沌子 SILENT SKY,"""Chaos;Child: Silent Sky"" is a side-story anime of Chaos;Child, telling the story of a girl. This work revolves around a plot outside the main story; the work features suspense, sci-fi, and darkness, with a stifling atmosphere. The plot twists are impactful, making it a cold-styled suspense work."
899,primary,en-US,名侦探柯南 殷红的恋歌,"""Detective Conan: The Crimson Love Letter"" is a movie of Detective Conan; a love case involving Conan and Heiji Hattori. This work revolves around the karuta competition and serial incidents; the work features deduction, suspense, and action, with a tense atmosphere. The romance line between Heiji and Kazuha is a highlight, making it a movie of the Conan series."
900,primary,en-US,春宵苦短，少女前进吧！,"""The Night is Short, Walk on Girl"" is a movie of Tomihiko Morimi's novel, telling a strange story of a night in Kyoto. The girl embarks on a strange journey on a spring night; the work features fantasy, youth, and ensemble, with imaginative visuals. The girl's adventure is dazzling, making it a uniquely styled work."
901,primary,en-US,宣告黎明的露之歌,"""Lu Over the Wall"" is a movie anime telling the story of a boy and a mermaid in a fishing village. Boy Kai meets mysterious girl Lu in a fishing village, unfolding a fantasy story about mermaids and humans; the work features fantasy, healing, and music, with exquisite visuals. Lu's innocence and the warmth of the fishing village are moving, making it a warm work."
902,primary,en-US,虐杀器官,"""Genocidal Organ"" adapts Project Itoh's sci-fi novel. In a near-future with frequent wars, special forces officer Clavis Shepherd pursues the genocidal organ. The work features sci-fi, war, and philosophy, with a heavy atmosphere. Clavis's journey is full of intellectual debate, making it a hardcore sci-fi work."
903,primary,en-US,剧场版 妖精的尾巴 龙泣,"""Fairy Tail Movie: Dragon Cry"" is a movie of Fairy Tail; the adventure of Natsu and his partners. This work revolves around the truth of Dragon Cry and new enemies; the work features passionate battles, partner bonds, and the magic world, with gorgeous battle scenes. The duels of Natsu and his partners are powerful, making it a movie of the Fairy Tail series."
904,primary,en-US,剧场版 Free!-Timeless Medley- 约束,"""Free! -Timeless Medley-: The Promise"" is a movie of Free!; the story of the swimming boys. This work revolves around the bond between Haruka and Rin; the work features swimming, youth, and emotion, with beautiful in-water animation. The friendship and dreams of the boys are moving, making it a movie of the Free! series."
905,primary,en-US,妄想学生会＊ OVA,"""Seitokai Yakuindomo* OVA"" is an OVA of Seitokai Yakuindomo; the funny daily life of the student council of Ousai Academy continues. This work focuses on light side stories; the work features comedy, snark, and dirty jokes, with exaggerated performances and dense jokes, making it a side story of the Seitokai series."
906,primary,en-US,URAHARA,"""URAHARA"" is an original anime telling the adventure of the girls in Harajuku. The girls run a shop in Harajuku and fight mysterious enemies; the work features fantasy, battle, and ensemble, with unique art and vivid colors. The growth and bonds of the girls run throughout, making it a novel-styled work."
907,primary,en-US,银魂. 走光篇,"""Gintama.: Porori-hen"" is an OVA of Gintama; a funny daily side story of the Yorozuya. This work focuses on light daily life; the work features comedy, snark, and parody. The interactions between Gintoki and his partners are full of comedy, with a joyful atmosphere, making it a side story of the Gintama series."
908,primary,en-US,结城友奈是勇者 -鹫尾须美之章-/-勇者之章-,"""Yuki Yuna is a Hero: Washio Sumi Chapter / Hero Chapter"" is a compilation movie of the Yuki Yuna series; the story of the heroes is rearranged. This work reviews the plots of the Washio Sumi Chapter and the Hero Chapter; the work features battle, tragedy, and healing, with a heavy atmosphere. The fates of the girls are moving, making it an important work of the Yuki Yuna series."
909,primary,en-US,Code:Realize ～创世的姬君～,"""Code:Realize - Guardian of Rebirth"" adapts the same-name game. Girl Cardia and partners such as phantom thief Arsene Lupin embark on adventures. The work features romance, fantasy, and ensemble; the mystery of Cardia's origins and the interactions with her partners are charming, with gorgeous art, making it an otome anime."
910,primary,en-US,神怒之日,"This adapts the same-name game, telling the battles of boys and girls. Centering on the conspiracy of holy relics and a mysterious organization, the work features battle, fantasy, and darkness, with a heavy atmosphere. The fates of the characters are interwoven, making it a cold-styled work."
911,primary,en-US,大正小小先生,"This adapts the same-name manga. The love story between a young lady and a butler in the Taisho era. The work features romance, the Taisho era, and daily life, with an elegant atmosphere. The interactions between the two are full of sweetness, making it a work full of Taisho romance."
912,primary,en-US,侧车搭档,"This adapts the same-name manga. The girls unfold their youth story in sidecar competition. The work features competition, youth, and ensemble, combining the tension of sidecar races with the girls' daily life. The growth and bonds of the characters run throughout, making it a unique competition work."
913,primary,en-US,犬屋敷,"""Inuyashiki"" adapts the same-name manga. Ordinary old man Ichiro Inuyashiki and boy Hiro Shishigami gain power from aliens. The work features sci-fi, action, and humanity; the choices of the old man and the boy form a contrast, with a heavy atmosphere. The fates of the characters are impactful, making it a thought-provoking work."
914,primary,en-US,爱米 -WE LOVE RICE- 第二季,"""Eve - WE LOVE RICE -"" Season 2 continues the first season; the idol story of anthropomorphized rice continues. This work the rice cause more funny daily life in the process of becoming idols; the work features anthropomorphization, idols, and comedy, with cute art and short episodes, making it a unique short anime."
915,primary,en-US,"Wake Up, Girls! 新章","""Wake Up, Girls! New Chapter"" continues the series; the story of idol group Wake Up, Girls! continues. This work the girls meet new challenges on the path of idols; the work features idols, music, and chasing dreams, with gorgeous songs and stage performances. The growth and bonds of the characters are moving, making it an idol anime."
916,primary,en-US,剧场版 妄想学生会,"""Seitokai Yakuindomo Movie"" is a movie of Seitokai Yakuindomo; the funny daily life of the student council of Ousai Academy. This work focuses on light plots; the work features comedy, snark, and dirty jokes, with exaggerated performances and dense jokes, making it a movie of the Seitokai series."
917,primary,en-US,小魔女学园 魔法游行,"""Little Witch Academia: The Enchanted Parade"" is a movie of Little Witch Academia; Akko's magic adventure continues. This work Akko and her partners carry out a magic parade to save Luna Nova Academy; the work features magic, youth, and passion, with vibrant visuals. Akko's growth is moving, making it a representative work of TRIGGER."
918,primary,en-US,红白黑黄 第五季,"""RWBY"" Volume 5 continues the series; the battles of the girls against the Grimm continue. This work revolves around the fall chapter; the work features battle, ensemble, and fantasy, with gorgeous action scenes. The growth and bonds of the characters run throughout, making it a sequel of the RWBY series."
919,primary,en-US,苍蓝雷霆：刚巴尔特,"""Azure Striker Gunvolt"" adapts the same-name game, telling the battles of ability user Gunvolt against the Sumeragi Group. The work features action, battle, and passion, with gorgeous battle scenes. Gunvolt's growth and bonds run throughout, making it a game adaptation."
920,primary,en-US,A频道 来吃火锅吧,"""A Channel: Let's Eat Hot Pot"" is an OVA of A Channel; a daily side story of the girls. This work focuses on the warm daily life of eating hot pot; the work features daily life, healing, and comedy, with cute art and a light atmosphere. The interactions between the girls are full of moe, making it a side story of the A Channel series."
921,primary,en-US,妖怪手表 飞翔鲸鱼与两个世界的冒险喵,"""Yo-kai Watch: The Flying Whale and the Great Adventure of the Two Worlds"" is a movie of Yo-kai Watch; boy Keita Amano's yo-kai adventure. This work revolves around the flying whale and the adventure of two worlds; the work features yo-kai, adventure, and comedy, with a joyful atmosphere. The interactions between Keita and the yo-kai are fun, making it a movie of the Yo-kai Watch series."
922,primary,en-US,出包王女Darkness OVA,"""To LOVE-Ru Darkness OVA"" is an OVA of To LOVE-Ru; a daily side story of Rito and the girls. This work focuses on light daily life; the work features romance, harem, and fan-service, with a light and ambiguous atmosphere. The interactions between Rito and the girls are full of moe, making it a side story of the To LOVE-Ru series."
923,primary,en-US,剧场版 Fate/kaleid liner 魔法少女☆伊莉雅 雪下的誓言,"""Fate/kaleid liner Prisma Illya Movie: Vow in the Snow"" is a movie of the Fate series; the magical girl battles of Illya and Miyu. This work revolves around Miyu's past and a world crisis; the work features magical girl transformation, the Fate worldview, and battle, with gorgeous battle scenes. Illya's growth is moving, making it a uniquely styled movie of the Fate series."
924,primary,en-US,ESCHA CHRON,"This is a short anime telling the story of the girls in a future world. The adventures and daily life of the girls in the near future; the work features sci-fi, daily life, and healing, with refined art and a tranquil atmosphere, showcasing imagination of the future in light stories, making it a short yet warm work."
925,primary,en-US,我们的爱总是只有10厘米。,"""Our love has always been 10 centimeters apart."" is an anime of the Confession Executive Committee series, telling the love story of Natsuki and Yuu. The distance between the two is always only 10 centimeters, yet they can never get closer; the work features romance, youth, and music, with exquisite visuals. The shy emotions of the characters are moving, making it a work full of girlish hearts."
926,primary,en-US,少女与战车 最终章 第1话,"""Girls und Panzer: Saishuushou"" Episode 1 is a movie of the final chapter of Girls und Panzer; the tank battles of the girls enter a new chapter. This work Ooarai Girls Academy faces new opponents; the work features tanks, passion, and ensemble, with gorgeous and stunning battle scenes. The teamwork of the girls is charming, making it a classic of the tank genre."
927,primary,en-US,NEKOPARA OVA,"""NEKOPARA OVA"" adapts the same-name game, telling the daily life of the catgirls of the Minaduki family. The life of the master at the cat cafe with the catgirls is full of warmth; the work features cute pets, daily life, and healing, with refined art and a light atmosphere. The cuteness of the catgirls is heartwarming, making it a healing work."
928,primary,en-US,剧场版 精灵宝可梦 就决定是你了！,"""Pokemon the Movie: I Choose You!"" is a movie of the Pokemon animation; the journey of Satoshi and Pikachu. This work retells the story of Satoshi and Pikachu's encounter; the work features adventure, battle, and bonds, with gorgeous battle scenes. The deep feelings between Pokemon are moving, making it a movie of the Pokemon series."
929,primary,en-US,三颗星彩色冒险,"""Mitsuboshi Colors"" adapts the same-name manga. A trio of elementary school girls embarks on great adventures to protect Ueno. The work features daily life, healing, and comedy; the adventures of the girls are full of childlike fun, with cute art and a light atmosphere, making it a healing work that brings knowing smiles."
930,primary,en-US,citrus～柑橘味香气～,"""citrus"" adapts the same-name manga. The love story between step-sisters Yuzu and Mei. The two gradually grow closer through collision and understanding; the work features yuri, romance, and youth, with a delicate atmosphere. The emotional development of Yuzu and Mei is heart-pounding, making it an excellent yuri anime."
931,primary,en-US,刀使的巫女,"""Katana Maidens: Toji no Miko"" is an original anime telling the battles of the shrine maidens wielding toji swords. The girls train at the toji academy and fight enemies threatening the world; the work features battle, school, and ensemble, with gorgeous battle scenes. The growth and bonds of the girls run throughout, making it a solid work."
932,primary,en-US,粗点心战争 第二季,"""Dagashi Kashi"" Season 2 continues the first season; the competition between the boy of a countryside candy store and Hotaru Shidare continues. This work the duels between Hotaru and Kokonotsu over dagashi remain full of comedy; the work features food, comedy, and daily life, combining the charm of dagashi with the interactions of the characters, making it a joyful work."
933,primary,en-US,宅饮。,"This is a short anime telling the drinking daily life of OL shut-ins. The work features alcohol, daily life, and healing, combining knowledge of various alcoholic drinks with the interactions of the girls. With short episodes and a light atmosphere, it is a stress-relieving short anime."
934,primary,en-US,爆肝工程师的异世界狂想曲,"""Death March to the Parallel World Rhapsody"" adapts the same-name light novel. Programmer Ichiro Suzuki lives in another world; the work features isekai, harem, and light adventure. Ichiro's strength and food journey are highlights, with a light atmosphere, making it a standard isekai work."
935,primary,en-US,龙王的工作！,"""The Ryuo's Work is Never Done!"" adapts the same-name light novel. Shogi Ryuo Kuzuryu Yaichi and elementary school girl Ai Hinatsuru unfold a shogi story. The work features shogi, young girls, and daily life; the shogi duels between Yaichi and Ai are highlights, with a light atmosphere, making it a daily work of the shogi genre."
936,primary,en-US,没有心跳的少女,"""Beatless"" adapts the same-name light novel. In a future where AI is widespread, the issue of coexistence between humans and robots. The work features sci-fi, philosophy, and ensemble, with a cool atmosphere. The discussion of AI and humanity is profound, making it a thought-provoking work."
937,primary,en-US,博多豚骨拉面,"""Hakata Tonkotsu Ramens"" adapts the same-name novel. In Hakata, assassins engage in an assassination game around a girl. The work features assassins, ensemble, and suspense, with a cold atmosphere. The schemes and battles of the characters are highlights, making it a hardcore urban ensemble drama."
938,primary,en-US,原书·原书使,"This adapts the same-name project. The girls engage in magical battles through the power of original books. The work features magical girls, battle, and ensemble, with cute art. The growth and bonds of the girls run throughout, making it a standard magical girl work."
939,primary,en-US,Slow Start,"""Slow Start"" adapts the same-name manga. Girl Hana Ichinose restarts her life in high school. The work features daily life, healing, and ensemble; the interactions between Hana and her partners are warm, with cute art and a light atmosphere, making it a healing daily work."
940,primary,en-US,续「刀剑乱舞-花丸-」,"""Touken Ranbu: Hanamaru"" (Sequel) continues the series; the daily life of the sword warriors at the citadel continues. This work the daily life of the swords remains warm; the work features daily life, healing, and sword anthropomorphization, with cute art and a warm atmosphere, making it a light and healing daily work."
941,primary,en-US,齐木楠雄的灾难 第二季,"""The Disastrous Life of Saiki K."" Season 2 continues the first season; the daily life of psychic Kusuo Saiki continues. This work Saiki still longs for a peaceful life but is troubled by constant disturbances; the work features comedy, snark, and psychic powers. The contrast between Saiki's inner monologue and the absurd behavior of those around him creates dense jokes, making it a classic comedy anime."
942,primary,en-US,爱吃拉面的小泉同学,"""Ms. Koizumi Loves Ramen Noodles"" adapts the same-name manga. Transfer student Oosawa Yuu is interested in classmate Koizumi's ramen journey. The work features food, daily life, and healing; the anime depicts the charm of various ramen deliciously, and Koizumi's focus while eating ramen is charming, making it a healing food work."
943,primary,en-US,紫罗兰永恒花园,"""Violet Evergarden"" adapts the same-name novel. After the war ends, auto memory doll Violet works to understand love. The work features healing, growth, and humanity; the visuals are exquisitely beautiful to the extreme, and Violet's journey is moving, making it one of Kyoto Animation's representative works."
944,primary,en-US,小木乃伊到我家,"""How to Keep a Mummy"" adapts the same-name manga. High school student Sora Kashiwagi receives a mysterious mummy from his father. The work features cute creatures, daily life, and healing; the cute behavior of the mummies is full of healing, with soft cute art and a light atmosphere, making it a healing work that brightens the mood."
945,primary,en-US,擅长捉弄的高木同学,"""Teasing Master Takagi-san"" adapts the same-name manga. Deskmate Takagi always teases shy Nishikata. The work features romance, daily life, and comedy; Takagi's teasing and Nishikata's reactions are full of comedy, with a light and sweet atmosphere, making it a heart-pounding school romance work."
946,primary,en-US,妖精森林的小不点,"""Hakumei and Mikochi"" adapts the same-name manga. The daily life of miniature people Hakumei and Mikochi in the forest. The work features daily life, healing, and fantasy; the lives of the tiny people are full of warmth and fun, with exquisite visuals and a tranquil atmosphere, making it a healing fantasy daily work."
947,primary,en-US,摇曳露营△,"""Laid-Back Camp"" adapts the same-name manga. The camping daily life of girls Rin Shima and Nadeshiko Kagamihara. The work features camping, daily life, and healing; the depiction of camping is detailed, and the girls' outdoor life is warm, with fresh art and a tranquil atmosphere, making it a healing masterpiece of recent years."
948,primary,en-US,皇帝圣印战记,"""Record of Grancrest War"" adapts the same-name light novel. The adventure of magician Siluca and young lord Theo. The two fight for unification on a war-torn continent; the work features fantasy, war, and ensemble, with grand war scenes. The choices of the characters are full of tension, making it a hardcore fantasy work."
949,primary,en-US,pop子和pipi美的日常,"""Pop Team Epic"" is a comedy anime telling the absurd daily life of two girls. The work features parody, snark, and wild imagination, with bold and wild performances. The satire of the industry and pop culture is full of comedy, making it a phenomenal comedy anime."
950,primary,en-US,比宇宙更远的地方,"""A Place Further than the Universe"" is an original anime telling the journey of the girls to Antarctica. Four girls embark on a journey to Antarctica for their own dreams; the work features adventure, youth, and growth, with a warm atmosphere. The bonds and growth of the girls are moving, making it a critically acclaimed work of recent years."
951,primary,en-US,DARLING in the FRANXX,"""DARLING in the FRANXX"" is an original anime telling the battles of boys and girls piloting FRANXX. The boys and girls pilot the units in a mechanical city and fight the Klaxosaurs; the bond between Hiro and Zero Two runs throughout. The work features mecha battles, youth, and ensemble, with high-quality production, making it a highly anticipated work."
952,primary,en-US,飙速宅男 GLORY LINE,"""Yowamushi Pedal GLORY LINE"" is a series anime of Yowamushi Pedal; Sakamichi Onoda's bicycle races continue. This season new rivals and the national tournament appear; the work features bicycles, passion, and competition, with passionate race scenes. The growth and bonds of the characters are moving, making it an excellent sports anime."
953,primary,en-US,魔卡少女樱 透明牌篇,"""Cardcaptor Sakura: Clear Card-hen"" continues the classic; Sakura embarks on a new magic adventure in the Clear Card arc. This work Sakura's cards undergo a change, with new transparent cards and the Dream Staff appearing; the work features magic, daily life, and healing, with refined art and a warm atmosphere. Sakura's growth and magic are moving, making it the return of a classic."
954,primary,en-US,三丽鸥男子,"This adapts the same-name project. The daily life of male high school students who love Sanrio characters. The work features daily life, healing, and ensemble; the boys' love for Sanrio is full of moe, with cute art and a light atmosphere, making it a healing daily work."
955,primary,en-US,樱花忍法帖,"""Basilisk: The Ouka Ninja Scrolls"" is a sequel of BASILISK; the battles of the ninjas continue. This work revolves around the grudges of the Kouga and Iga; the work features ninjas, battle, and tragedy, with a heavy atmosphere. The fates of the ninjas are impactful, making it a tragic ninja work."
956,primary,en-US,学园奶爸,"""School Babysitters"" adapts the same-name manga. High school student Ryuuichi, who lost his parents, takes care of children in the nursery room of the academy. The work features daily life, healing, and cute children; the interactions between Ryuuichi and the children are warm, with cute art and a warm atmosphere, making it a healing work."
957,primary,en-US,霸穹 封神演义,"""Hoshin Engi"" adapts the same-name manga. Taikoubou embarks on the adventure of the Hoshin Project to seal Dakki. The work features Chinese mythology, passion, and ensemble, with gorgeous battle scenes. Taikoubou's schemes and the bonds with his partners run throughout, making it a classic animation of Investiture of the Gods."
958,primary,en-US,牙斗,"This adapts the same-name manga. In a legal underground fighting arena, the beastmen fight. The battles between girl Hino and the beastmen are full of passion; the work features battle, beast-man transformation, and darkness, with gorgeous battle scenes. The fates of the characters are full of tension, making it a hardcore work."
959,primary,en-US,OVERLORD 第二季,"""OVERLORD"" Season 2 continues the first season; the expansion of Ainz Ooal Gown's influence in another world continues. This work revolves around the rule of Nazarick and a new chapter; the work features isekai, dark fantasy, and ensemble. Ainz's power and caution are charming in contrast, with a vast worldview, making it a classic of the isekai genre."
960,primary,en-US,伊藤润二惊选集,"""Junji Ito Collection"" adapts Junji Ito's horror manga, animating classic horror stories. The work features horror, grotesque, and suspense; the anime presents Ito's unique horror aesthetics, with distorted visuals and thought-provokingly frightening plots sending chills down viewers' spines, making it a must-see for horror anime fans."
961,primary,en-US,七美德,"""The Seven Heavenly Virtues"" is a short anime telling the story of the angels of the seven virtues. The angels aim to save humanity from corruption; the work features magical girls, fan-service, and comedy, with refined art and short episodes, showcasing the interactions of the angels in light daily life, making it a stress-relieving short anime."
962,primary,en-US,恋如雨止,"""After the Rain"" adapts the same-name manga. 17-year-old girl Akira Tachibana falls in love with 45-year-old store manager Masami Kondo. The work features romance, daily life, and youth; the age-gap love of the two is full of delicate emotions, with exquisite visuals and a tranquil atmosphere, making it a romance work full of literary atmosphere."
963,primary,en-US,七大罪 戒律的复活,"""The Seven Deadly Sins: Revival of the Commandments"" is the second season of The Seven Deadly Sins; the adventure of Meliodas and the sins continues. This work revolves around the threat of the Ten Commandments and Meliodas's past; the work features fantasy adventure, passionate battles, and partner bonds, with gorgeous battle scenes. The bonds between the characters run throughout, making it an important chapter of the series."
964,primary,en-US,排球少年 观念之战,"""Haikyu!! To the Top"" is the fourth season of Haikyu!!; the duels between Karasuno High and strong schools continue. This work the fierce competition of the national tournament unfolds; the work features volleyball, passion, and team growth, with suffocating match scenes. The all-out effort of Karasuno is moving, making it a peak sports anime."
965,primary,en-US,剧场版 魔法科高校的劣等生 呼唤星辰的少女,"""The Irregular at Magic High School Movie: The Girl Who Calls the Stars"" is a movie of The Irregular at Magic High School; the battles of Tatsuya and Miyuki. This work revolves around the girl who calls the stars and a new crisis; the work features magic, battle, and siblings, with gorgeous battle scenes. Tatsuya's power is stunning, making it a movie of the Mahouka series."
966,primary,en-US,绫镜少男 KING OF PRISM PRIDE the HERO,"""KING OF PRISM PRIDE the HERO"" is a movie of the Prism series; the Prism performances of the boys. This work revolves around the dreams and duels of Prism; the work features music, competition, and ensemble, with gorgeous performance scenes. The dreams and bonds of the boys are moving, making it a movie of the Prism series."
967,primary,en-US,游戏人生 零,"""No Game No Life: Zero"" is a movie of No Game No Life, telling the story of humans and the Ex-Machina six thousand years ago. This work revolves around the encounter between Riku and Schwi; the work features fantasy, battle, and pathos, with gorgeous visuals. The bond between the two and the hope of humanity are moving, making it a movie of the No Game No Life series."
968,primary,en-US,剧场版 吹响吧！上低音号～想要传达的旋律～,"""Sound! Euphonium: The Movie - May the Melody Reach You"" is a movie of Sound! Euphonium; the ensemble competition of the Kitauji High School brass band club. This work revolves around the growth of Kumiko and the club members; the work features music, youth, and ensemble, with infectious performance scenes, making it a classic work of Kyoto Animation."
969,primary,en-US,玛丽与魔女之花,"""Mary and the Witch's Flower"" is a movie anime by Hiromasa Yonebayashi, telling the adventure of girl Mary and the witch's flower. Mary gains the power of a witch by chance and embarks on a fantastic magic journey; the work features magic, adventure, and growth, with exquisite visuals. Mary's adventure is imaginative, making it a work full of fairy-tale atmosphere."
970,primary,en-US,恶魔人 crybaby,"""Devilman Crybaby"" adapts Go Nagai's manga, telling the battles of Devilman Akira Fudo. Akira gradually loses his humanity while fighting demons; the work is known for its dark, violent battles and profound themes, with impactful visuals. The tragedy of Akira and Ryo Asuka is stunning, making it a popular Netflix work."
971,primary,en-US,Fate/Grand Order -MOONLIGHT/LOSTROOM-,"""Fate/Grand Order -MOONLIGHT/LOSTROOM-"" is a special anime of the FGO series; the story of Chaldea. This work revolves around a mysterious room and the story of the Servants; the work features the Fate worldview, battle, and ensemble, with gorgeous battle scenes, making it a spin-off of the FGO series."
972,primary,en-US,卫宫家今天的饭,"""Today's Menu for the Emiya Family"" adapts the same-name manga, telling the cooking daily life of Shirou Emiya and his companions. The work features food, daily life, and healing; the anime integrates the Fate characters into a warm cooking daily life, with warm art and a tranquil atmosphere, making it a healing work that brightens the mood."
973,primary,en-US,侦探歌剧 少女福尔摩斯 亚森 华丽的欲望,"""Detective Opera: Milky Holmes"" (Arsene, Gorgeous Desire) is a series anime of Detective Opera; the adventure of the girl detectives continues. This work revolves around the duel between Arsene and the girl detectives; the work features detectives, comedy, and daily life, with a light atmosphere. The interactions between the characters are full of comedy, making it an enjoyable work."
974,primary,en-US,拥抱！光之美少女,"""Hugtto! Pretty Cure"" is a Pretty Cure series anime; the girls fight with the power of hugs. This work the girls grow while protecting children in battle; the work features magical girls, battle, and daily life, with gorgeous transformation and battle scenes. The bonds between the characters are warm and moving, making it a girls' magical girl anime."
975,primary,en-US,Fate/EXTRA Last Encore,"""Fate/EXTRA Last Encore"" adapts the same-name game, telling the Holy Grail War of the Moon Cell. Boy Hakuno Kishinami fights in the Moon Holy Grail War; the work features the Fate worldview, battle, and suspense, with a cold atmosphere. Hakuno's growth and battles are full of tension, making it a spin-off of the Fate series."
976,primary,en-US,刻刻,"""Kokkoku"" adapts the same-name manga. In a world where time stops, the boy and girl of the Yuuka family embark on an adventure. The work features sci-fi, suspense, and action, with a tense atmosphere. The setting of stopped time is imaginative, and the choices of the characters are full of tension, making it a uniquely styled work."
977,primary,en-US,25岁的女高中生,"This is a short adult-oriented anime telling the story of a 25-year-old woman attending school disguised as a high school student. The work features romance, adult themes, and daily life, with an ambiguous atmosphere and tense interactions, making it an adult-oriented romance work."
978,primary,en-US,IDOLiSH7-偶像星愿-,"""IDOLiSH7"" adapts the same-name game, telling the story of idol group IDOLiSH7. The boys chase dreams on the idol stage; the work features music, idols, and ensemble, with gorgeous songs and stage performances. Each character has its own charm, and the atmosphere is inspirational and warm, making it an excellent idol anime."
979,primary,en-US,怪兽娘～奥特怪兽拟人化计划～ 第二季,"""Kaiju Girls"" Season 2 continues the first season; the daily life of the monster girls continues. This work the lives of the monster girls at the academy become richer; the work features monster anthropomorphization, daily life, and comedy, with cute art and a light atmosphere, making it a spin-off of the Ultraman series."
980,primary,en-US,银之守墓人 第二季,"""Silver Guardian"" Season 2 continues the first season; the adventure of grave keeper boy Lu Shuiyin continues. This work Shuiyin's battles in the game world become more intense; the work features games, battle, and passion, with gorgeous battle scenes. Shuiyin's growth and bonds run throughout, making it a co-production work."
981,primary,en-US,豆猫,"This is a short anime telling the daily life of bean-sized cats. The work features cute pets, daily life, and healing, with soft cute art and a light atmosphere, showcasing the cuteness of the cats in very short episodes, making it a healing short anime that brightens the mood."
982,primary,en-US,银魂. 银之魂篇,"""Gintama.: Silver Soul Arc"" is a series anime of Gintama; the battles of the Yorozuya enter a new chapter. This work Gintoki and his party face enemies in the final battle; the work features comedy, snark, and passion. Gintoki's sharp tongue and the bonds with his partners are moving, making it a continuation of the Gintama series."
983,primary,en-US,第一次的Gal OAD,"""Hajimete no Gal OAD"" is an OVA of Hajimete no Gal; a romance side story of Junichi and the gals. This work focuses on light daily life; the work features romance, comedy, and fan-service, with a light atmosphere. The interactions between Junichi and the gals are full of comedy, making it a light side story."
984,primary,en-US,新妹魔王的契约者 DEPARTURES,"""The Testament of Sister New Devil DEPARTURES"" is an OVA of The Testament of Sister New Devil; a battle side story of Basara and the demon girls. This work focuses on light daily life and hot spring fan-service; the work combines fan-service, passionate battles, and harem elements, with gorgeous battle scenes, making it a side story of a light novel battle harem anime."
985,primary,en-US,B：起点,"""B: The Beginning"" is a Netflix original anime telling the battles between a genius investigator and assassin Koku. This work revolves around the revenge and conspiracy of Koku and the Regia; the work features sci-fi, suspense, and action, with gorgeous battle scenes. The fates of the characters are interwoven, making it a cold-styled work."
986,primary,en-US,A.I.C.O.：化身,"""A.I.C.O. Incarnation"" is a Netflix original anime telling the adventure of girl Aiko in the near future. Aiko travels to find her own body; the work features sci-fi, battle, and suspense, with high-quality production. Aiko's growth and the truth unfold layer by layer, making it a hardcore sci-fi work."
987,primary,en-US,ReLIFE 完结篇,"""ReLIFE: Final Arc"" is the concluding anime of ReLIFE; the youth restart of Arata Kaizaki reaches its end. This work revolves around the emotional development of Arata and Hishiro Chizuru; the work features youth, growth, and healing, with a warm atmosphere. The ending is moving, making it the conclusion of the ReLIFE series."
988,primary,en-US,魔法少女俺,"""Magical Girl Ore"" adapts the same-name manga. When girl Saki Uno becomes a magical girl, she transforms into a muscular man. The work features magical girls, comedy, and parody; the transformation contrast of Saki is full of comedy, with exaggerated performances and brisk pacing, making it a hilarious comedy work."
989,primary,en-US,蓝海少女 第二季,"""Amanchu!"" Season 2 continues the first season; the diving daily life of the girls continues. This work Futaba and Hikari meet new challenges in diving; the work features diving, daily life, and healing, with a fresh and beautiful art style. The undersea world and the youth of the girls shine together, making it a work full of healing atmosphere."
990,primary,en-US,Code Geass 反叛的鲁路修 I 兴道,"""Code Geass Lelouch of the Rebellion I: Initiation"" is a compilation movie of Code Geass; the story of Lelouch is rearranged. This work reviews the plot of Lelouch gaining Geass and rebelling; the work features strategy, mecha battles, and ensemble, with gorgeous battle scenes. Lelouch's schemes are stunning, making it a movie of the Lelouch series."
991,primary,en-US,灵能百分百 REIGEN ～不为人知的奇迹的灵能力者～,"""Mob Psycho 100 REIGEN"" is an OVA of Mob Psycho 100, revolving around master Reigen Arataka. This work depicts Reigen's funny daily life solving supernatural incidents; the work features psychic powers, comedy, and growth, with gorgeous battle scenes. Reigen's charm is moving, making it a side story of the Mob Psycho 100 series."
992,primary,en-US,魔法少女奈叶 Reflection,"""Magical Girl Lyrical Nanoha Reflection"" is a movie of Magical Girl Lyrical Nanoha; the battles of Nanoha and her partners. This work revolves around a new enemy and calamity; the work features magical girls, battle, and bonds, with gorgeous battle scenes. Nanoha's growth is moving, making it a movie of the Nanoha series."
993,primary,en-US,烟花,"""Fireworks, Should We See It from the Side or the Bottom?"" is a movie of Iwai Shunji's same-name TV drama, telling the summer story of boy Norimichi and girl Nazuna. Norimichi embarks on a fantasy journey on the night of the fireworks festival; the work features romance, youth, and fantasy, with beautiful visuals. The shy emotions of Norimichi and Nazuna are moving, making it a work full of summer atmosphere."
994,primary,en-US,特別版 Free!-Take Your Marks-,"""Free! -Take Your Marks-"" is a movie of Free!; the graduation story of the swimming boys. This work revolves around the final days of high school for Haruka and the others; the work features swimming, youth, and emotion, with beautiful in-water animation. The friendship and dreams of the boys are moving, making it a movie of the Free! series."
995,primary,en-US,剧场版 窈窕淑女 前篇 ～红绪、花样的17岁～,"""Haikara-san: Here Comes Miss Modern"" (Part 1) is a movie of the classic shoujo manga; the story of girl Benio in the Taisho era. Benio pursues freedom and love in a new era; the work features romance, history, and ensemble, with a retro and refined art style. Benio's growth is moving, making it a work full of period atmosphere."
996,primary,en-US,剧场版 Fate/stay night [Heaven's Feel] I.presage flower,"""Fate/stay night [Heaven's Feel] I. presage flower"" is a movie of the Fate series; the story of Sakura Matou. This work revolves around the encounter between Sakura and Shirou Emiya; the work features the Fate worldview, battle, and darkness, with gorgeous battle scenes. Sakura's tragic fate is full of tension, making it the opening of the Heaven's Feel route."
997,primary,en-US,哥斯拉 怪兽行星,"""Godzilla: Planet of the Monsters"" is a Godzilla series movie; the survival of humanity on a planet ruled by Godzilla. This work humanity fights to reclaim the Earth; the work features sci-fi, battle, and ensemble, with gorgeous 3DCG visuals. The struggle of humanity and the threat of Godzilla are full of tension, making it a movie of the Godzilla series."
998,primary,en-US,想要传达你的声音,"This is a movie anime telling the story of the girls conveying their hearts through broadcasting. The activities of the girls at the radio station are full of youth; the work features youth, healing, and ensemble, with a warm atmosphere. The heartfelt words of the girls are moving, making it a healing work."
999,primary,en-US,与魔共舞-Fortuna-,"""Dance with Devils: Fortuna"" is a movie of Dance with Devils; the story of Ritsuka and the demons continues. This work revolves around the fate of Ritsuka and the entanglement with the demons; the work features romance, fantasy, and music, with a strong Gothic atmosphere, making it a charming otome movie."
1000,primary,en-US,请问您今天要来点兔子吗？？～Dear My Sister～,"""Is the Order a Rabbit?? Dear My Sister"" is a movie of Is the Order a Rabbit?; the daily life of the girls at Rabbit House continues. This work Cocoa returns to the town and reunites with Chino and the others; the work features cute characters, warm daily life, and desserts, with bright healing visuals, making it a healing movie that brightens the mood."
1001,primary,en-US,Code Geass 反叛的鲁路修 II 叛道,"""Code Geass Lelouch of the Rebellion II: Transgression"" is a compilation movie of Code Geass; the story of Lelouch continues. This work reviews the story of Lelouch during the Black Knights period; the work features strategy, mecha battles, and ensemble, with gorgeous battle scenes. Lelouch's schemes and choices are stunning, making it a movie of the Lelouch series."
1002,primary,en-US,鬼灯的冷彻 第二季 其之二,"""Hozuki no Reitetsu"" Season 2 (Part 2) continues the series; the daily life of hell continues. This work Hozuki handles various affairs in hell, and his interactions with King Enma and the jailers are full of comedy; the work features comedy, daily life, and black humor, with creative depictions of hell, making it a unique comedy work."
1003,primary,en-US,多田君不恋爱,"""Tada Never Falls in Love"" is an original anime telling the romance of photography boy Mitsuyoshi Tada and girl Teresa. Tada unfolds a youth story after meeting a foreign girl; the work features romance, daily life, and youth, with a warm atmosphere. The emotional development of Tada and Teresa is delicate and moving, making it a sunny romance work."
1004,primary,en-US,偶像活动Friends,"""Aikatsu Friends!"" is an anime of the Aikatsu series; the idol life of the girls continues. This work new protagonists and stages appear, with the girls chasing dreams on the path of idols; the work features gorgeous stage performances, cute characters, and music, with infectious song and dance scenes, making it a classic girls' idol anime series."
1005,primary,en-US,全金属狂潮 Invisible Victory,"""Full Metal Panic! Invisible Victory"" continues the series; the story of Sousuke Sagara and Kaname Chidori continues. This work Sousuke becomes involved in new battles to protect Chidori; the work features mecha battles, battle, and passion, with gorgeous battle scenes. The bond between Sousuke and Chidori runs throughout, making it a sequel of the Full Metal Panic series."
1006,primary,en-US,食戟之灵 餐之皿 远月列车篇,"""Food Wars! The Third Plate: Totsuki Train Arc"" is the second half of the third season of Food Wars; Soma Yukihira's cooking battles continue. This work depicts Soma's food wars on the Totsuki train; the work features food, passion, and competition, with mouth-watering depictions of cooking and tense match scenes, making it a classic food anime."
1007,primary,en-US,失忆融合WIXOSS,"""Lostorage Conflated WIXOSS"" is a WIXOSS series anime; the story of card battles continues. This work revolves around new rules and the fates of the girls; the work features cards, suspense, and psychological games, continuing the series' dark atmosphere. The fates and wishes of the girls are interwoven, making it a uniquely styled work."
1008,primary,en-US,漫画女孩,"""Comic Girls"" adapts the same-name manga. Girl Kaos Kobayashi, who aims to become a manga artist, spends daily life in a dormitory with her partners. The work features manga artists, daily life, and healing; the interactions between Kaos and her partners are warm, with cute art and a light atmosphere, making it a healing daily work."
1009,primary,en-US,黑社会的超能力女儿,"""Hinamatsuri"" adapts the same-name manga. Psychic girl Hina is taken in by yakuza executive Nitta and starts cohabitation. The work features comedy, daily life, and psychic powers; the contrast between Hina's self-centeredness and Nitta's helplessness is funny, with a light atmosphere, making it a hilarious comedy work."
1010,primary,en-US,魔法少女网站,"""Magical Girl Site"" adapts the same-name manga. Bullied girl Aya Asagiri gains magical girl power by chance. The work features magical girls, darkness, and revenge, with a stifling atmosphere. The tragic fates of the magical girls are impactful, making it an anti-trope magical girl work."
1011,primary,en-US,魔性之线DEVIL'S LINE,"""Devils' Line"" adapts the same-name manga. In the coexistence of vampires and humans, police officer Anzai and a girl begin to cooperate. The work features vampires, suspense, and action, with a cold atmosphere. Anzai's inner struggle and the unfolding of the case are full of tension, making it a dark work."
1012,primary,en-US,卡利古拉,"""The Caligula Effect"" adapts the same-name game. In the virtual world Mobius, the boys discover the truth of the world. The work features sci-fi, psychology, and ensemble, with a stifling atmosphere. The awakening and resistance of the protagonists are full of intellectual debate, making it a uniquely styled work."
1013,primary,en-US,恶魔高校 D×D HERO,"""High School DxD Hero"" continues the series; Issei Hyoudou's demon battles continue. This work Issei's battles and harem life at the demon high school become more intense; the work features battle, harem, and fan-service, with gorgeous battle scenes. Fan-service and passion coexist, making it a standard light novel battle harem anime."
1014,primary,en-US,最终休止符～无止境的螺旋物语～,"""Last Period: The Journey to the End of Despair"" adapts the same-name game. Boy Haru and his partners adventure in another world. The work features fantasy, adventure, and passion, with a light atmosphere. The interactions between Haru and his partners are fun, making it a standard adventure work."
1015,primary,en-US,高达创形者,"""Gundam Build Divers"" is a Gundam series anime telling the story of Gunpla battles. Boy Riku Mikami grows in the Gunpla battle world; the work features Gunpla, battle, and passion, with gorgeous battle scenes. Riku's growth and the bonds with his partners run throughout, making it a new chapter of the Gundam series."
1016,primary,en-US,信长的忍者 姊川·石山篇,"""Nobunaga no Shinobi: Anegawa Ishiyama-hen"" continues the series; the story of ninja Chidori and Oda Nobunaga continues. This work revolves around the battles of Anegawa and Ishiyama; the work features the Warring States, comedy, and daily life, with short episodes and brisk pacing, making it a stress-relieving short anime."
1017,primary,en-US,宇宙战舰提拉米斯,"""Space Battleship Tiramisu"" is a short comedy anime telling the daily life of ace pilot Subaru Ichinose on a space battleship. The contrast between Subaru's battles and daily life is full of comedy; the work features sci-fi, comedy, and snark, with wild imagination and dense jokes, making it a unique comedy work."
1018,primary,en-US,东京喰种:re,"""Tokyo Ghoul:re"" continues the series; the battles between ghouls and investigators continue. This work a new chapter of Sasaki Haise and the CCG unfolds; the work features ghouls, battle, and darkness, with a heavy atmosphere. The past and choices of Kaneki Ken are full of tension, making it a sequel of the Tokyo Ghoul series."
1019,primary,en-US,ALICE or ALICE,"""ALICE or ALICE"" is a short anime telling the daily life of Alice and her little sisters. The work features moe, daily life, and comedy, with cute art and short episodes, showcasing the interactions of the girls in light daily life, making it a stress-relieving short anime."
1020,primary,en-US,失落的歌谣,"This is a short anime telling the story of the girls and their songs. The work features music, daily life, and healing, with refined art and a tranquil atmosphere, showcasing the girls' emotions through song, making it a short yet warm work."
1021,primary,en-US,冷然之天秤,"""Nil Admirari no Tenbin"" adapts the same-name game. Girl Tsugumi Kuze of the Taisho era meets men with abilities. The work features romance, the Taisho era, and suspense; Tsugumi's interactions with the men while investigating cases are charming, with an elegant atmosphere, making it an otome anime."
1022,primary,en-US,命运石之门 0,"""Steins;Gate 0"" is a sequel of Steins;Gate, telling the story of Rintarou Okabe in a failed future. This work after Okabe gives up on saving, a new world line unfolds; the work features sci-fi, time travel, and suspense, with a stifling atmosphere. The plot twists are stunning, making it a sequel of the Steins;Gate series."
1023,primary,en-US,宅男腐女恋爱真难,"""Wotakoi: Love is Hard for Otaku"" adapts the same-name manga. The love story of otaku girl Narumi and otaku boy Hirotaka. The two develop a romance through their shared hobbies of games and anime; the work features romance, daily life, and comedy, with a light atmosphere. The portrayal of otaku culture is realistic and fun, making it a work that brings knowing smiles."
1024,primary,en-US,重神机潘多拉,"""Last Hope"" is an original anime telling the battles of the boys piloting machines in a transformed near future. The work features mecha battles, sci-fi, and ensemble, with gorgeous battle scenes. The growth and bonds of the characters run throughout, making it a standard mecha work."
1025,primary,en-US,3D彼女,"""3D Kanojo: Real Girl"" adapts the same-name manga. The romance between otaku high school student Hikari Tsutsui and gal Iroha Igarashi. The work features romance, youth, and daily life; the personality contrast between Hikari and Iroha is a highlight, with a warm atmosphere. The love development of the two is delicate and moving, making it a romance work full of realism."
1026,primary,en-US,刀剑神域外传 Gun Gale Online,"""Sword Art Online Alternative: Gun Gale Online"" is a spin-off of Sword Art Online, telling the battles of girl Llenn in GGO. Llenn searches for herself in the gun battle game; the work features sci-fi, gun battles, and growth, with gorgeous battle scenes. Llenn's growth and the game world settings are charming, making it a spin-off of the SAO series."
1027,primary,en-US,女神异闻录5,"""Persona 5 the Animation"" adapts the same-name game, telling the activities of the Phantom Thieves. The boys infiltrate the world of hearts with the power of Persona; the work features Persona battles, youth, and ensemble, with a unique style. The adventures of the Phantom Thieves are charming, making it an animation of the P5 series."
1028,primary,en-US,棒球大联盟2nd,"""Major 2nd"" is a sequel of Major, telling the baseball story of Goro's son Daigo. Daigo struggles between his father's expectations and his own talent; the work features baseball, passion, and youth, with passionate match scenes. Daigo's growth is moving, making it a sequel of the Major series."
1029,primary,en-US,你还是不懂群马,"""You Don't Know Gunma Yet"" adapts the same-name manga. Transfer student Shibukawa experiences the shock of local culture at a high school in Gunma Prefecture. The work features comedy, daily life, and regional culture, exaggerating Gunma's unique culture humorously, making it a hilarious comedy work."
1030,primary,en-US,鬼太郎 第六季,"""GeGeGe no Kitaro"" Season 6 is a classic youkai anime; the battles between Kitaro and the youkai continue. This work Kitaro fights the youkai in modern society; the work features youkai, battle, and episodic stories, combining traditional youkai with the modern era. The episodic stories are fun, making it a continuation of the Kitaro series."
1031,primary,en-US,银河英雄传说 Die Neue These 邂逅,"""Legend of the Galactic Heroes: Die Neue These - Encounter"" is a remake of Legend of the Galactic Heroes; the duel between Reinhard and Yang Wen-li. This work revolves around the wars of the Galactic Empire; the work features space opera, strategy, and ensemble, with high-quality production. The duels of the heroes are powerful, making it a modern interpretation of Legend of the Galactic Heroes."
1032,primary,en-US,黄金神威,"""Golden Kamuy"" adapts the same-name manga. Russo-Japanese War veteran Sugimoto Saichi searches for gold in Hokkaido. The work features adventure, food, and ensemble, depicting Hokkaido's nature and Ainu culture in detail. Sugimoto's adventure is fun, making it a work combining passion and humor."
1033,primary,en-US,Butlers～千年百年物语～,"""Butlers: Chitose Momotose Monogatari"" is an original anime telling the story of a young butler and his young master. This work unfolds a cross-time ensemble story set in a cafe; the work features daily life, fantasy, and ensemble, with refined art. The interactions between the characters are charming, making it a uniquely styled work."
1034,primary,en-US,钢琴之森,"""Piano no Mori"" adapts the same-name manga. The story of genius boy Kai Ichinose and the piano. Kai discovers a piano in an abandoned forest and gradually shows musical talent; the work features music, youth, and growth, with beautiful piano performance scenes. Kai's growth is moving, making it a work full of artistic atmosphere."
1035,primary,en-US,桧曾根与间租谭,"This is a short anime telling the daily life of the girls. The work features daily life, healing, and comedy, with cute art and short episodes, showcasing the interactions of the girls in light daily life, making it a stress-relieving short anime."
1036,primary,en-US,雷顿 神秘侦探社～卡托莉的解谜档案～,"""Layton Mystery Tanteisha: Katri no Nazotoki File"" adapts the same-name game, telling the puzzle-solving story of Professor Layton's daughter Katri. Katri solves various puzzles in London; the work features puzzle-solving, suspense, and daily life, with an elegant atmosphere. Katri's deduction is charming, making it an animation of the Layton series."
1037,primary,en-US,闪亮美妙☆频道,"""Kiratto Pri Chan"" is a series anime of PriPara; the idol activities of the girls continue. This work new protagonists and stages appear, with the girls chasing dreams on the channel; the work features gorgeous stage performances, cute characters, and music, with infectious song and dance scenes, making it a classic girls' idol anime series."
1038,primary,en-US,美男高校地球防卫部 HAPPY KISS！,"""Cute High Earth Defense Club HAPPY KISS!"" is a new work of the series; the Earth Defense Club of the beautiful boys high school continues to fight. This work new members and enemies appear, with the boys' transformation battles remaining full of parody; the work features beautiful boys, transformation, comedy, and parody, with exaggerated performances and dense jokes, making it a highly creative comedy work."
1039,primary,en-US,罪人与龙共舞,"This adapts the same-name light novel. In a world of curse magic and dragons, curse users Gai and Gigina embark on adventures. The work features fantasy, battle, and ensemble, with complex settings. The battles of Gai and Gigina are full of tension, making it a hardcore fantasy work."
1040,primary,en-US,妖怪旅馆营业中,"""Kakuriyo no Yadomeshi"" adapts the same-name novel. Girl Aoi Tsubaki inherits the youkai inn Tenjin-ya. The work features youkai, food, and healing; Aoi's management of the inn and her interactions with the youkai are warm, with a warm atmosphere, making it a healing youkai work."
1041,primary,en-US,立花馆恋爱三角铃,"""Tachibanakan To Lie Angle"" adapts the same-name manga. Girl Ayane Sonogi, who returns to her hometown, spends yuri daily life at the academy with her friends. The work features yuri, romance, and daily life, with cute art and a light atmosphere. The interactions between Ayane and her friends are full of moe, making it a light healing work."
1042,primary,en-US,甜蜜惩罚 我是看守专用宠物,"This is a short adult-oriented anime telling the romance between a jailer and a girl. The work features romance, adult themes, and daily life, with an ambiguous atmosphere and tense interactions, making it an adult-oriented romance work."
1043,primary,en-US,赛马娘 Pretty Derby,"""Uma Musume Pretty Derby"" adapts the same-name project. The horse girls run on the racetrack for their dreams. Special Week and her partners' growth at the horse racing school is full of passion; the work features competition, ensemble, and inspiration, with passionate race scenes. The dreams and bonds of the horse girls are moving, making it a highly acclaimed work."
1044,primary,en-US,足球小将,"""Captain Tsubasa"" is a classic soccer anime telling the soccer career of genius boy Tsubasa Ozora. This work reinterprets Tsubasa's growth and soccer dream; the work features soccer, passion, and youth, with passionate match scenes. Tsubasa's skills are stunning, making it a classic of the soccer anime genre."
1045,primary,en-US,苍天之拳 REGENESIS,"""Fist of the Blue Sky: Regenesis"" is a prequel of Fist of the North Star, telling the previous life of the Hokuto Shinken. This work revolves around Kenshiro's battles in the Republic of China era; the work features martial arts, passion, and history, with gorgeous battle scenes. Kenshiro's fist techniques are powerful, making it a prequel of the Hokuto no Ken series."
1046,primary,en-US,鲁邦三世 PART5,"""Lupin III: Part 5"" is a Lupin series anime; the adventure of phantom thief Lupin continues. This work Lupin carries out new heists in modern society; the work features phantom thieves, adventure, and comedy, with an art style full of period flavor. Lupin's wit and charm are captivating, making it a new chapter of the Lupin series."
1047,primary,en-US,MEGALO BOX,"""MEGALO BOX"" is an original anime telling the battles of boxer JNK DOG in the near future. The protagonist challenges his limits in the MEGALO BOX arena; the work features boxing, passion, and style, with a retro visual atmosphere. The protagonist's boxing path is full of tension, making it a uniquely styled work."
1048,primary,en-US,钱进球场,"""Gurazeni"" adapts the same-name manga. Down-and-out pitcher Natsunosuke Bonda measures everything on the baseball field with money. The work features baseball, workplace, and snark, depicting the realistic baseball world from the perspective of a pro player. Bonda's realism is a highlight, making it a unique baseball work."
1049,primary,en-US,敦君与女朋友,"This is a short anime telling the romantic daily life of tsundere boyfriend Atsushi and his girlfriend. The work features romance, daily life, and comedy; Atsushi's tsundere attitude and the girlfriend's interactions are full of comedy, with short episodes and brisk pacing, making it a stress-relieving short anime."
1050,primary,en-US,剧场版 魔神Z / INFINITY,"""Mazinger Z: Infinity"" is a movie of Mazinger Z; the final battle of Kouji Kabuto and Mazinger Z. This work revolves around the Infinity robot and the crisis of the Earth; the work features mecha battles, passion, and nostalgia, with gorgeous and stunning battle scenes. The classic setting of Mazinger Z is exciting, making it a movie of the Mazinger Z series."
1051,primary,en-US,我的英雄学院 第三季,"""My Hero Academia"" Season 3 continues the series; Izuku Midoriya's hero path continues. This work revolves around the battle of Kamino and the duel with All Might; Deku's growth reaches a turning point. The work features heroes, passion, and growth, with gorgeous battle scenes. Deku's conviction is moving, making it a highly popular work of recent years."
1052,primary,en-US,年轻老板娘是小学生！,"""Okko's Inn"" adapts the same-name novel. Elementary school girl Oriko loses her parents in an accident and becomes the young manager of an inn. The work features daily life, healing, and growth; Oriko's life at the inn is warm, with a warm atmosphere. Oriko's resilience is moving, making it a healing work."
1053,primary,en-US,甜心战士Universe,"""Cutie Honey Universe"" is a new anime of Cutie Honey; the battles of justice warrior Cutie Honey. This work the battles between Cutie Honey and a criminal organization continue; the work features battle, magical girls, and fan-service, with gorgeous art. Cutie Honey's transformation is charming, making it a modern interpretation of a classic."
1054,primary,en-US,道口时间,"This is a short anime telling the amusing stories while waiting at a railroad crossing. The work features daily life, comedy, and warmth, with short episodes, showcasing various small stories during the wait at the crossing, making it a short anime full of everyday atmosphere."
1055,primary,en-US,奴隶区 我与23人的奴隶,"""Dorei-ku: The Animation"" adapts the same-name novel. With a device that makes others slaves, 24 people engage in a death match. The work features suspense, survival, and darkness, with a heavy atmosphere. The fates of the characters are impactful, making it a survival horror work that sends chills down viewers' spines."
1056,primary,en-US,异世界居酒屋～古都阿伊特力亚的居酒屋「阿信」,"""Isekai Izakaya: Japanese Food From Another World"" adapts the same-name novel. The izakaya Nobu connects the real world and another world. The work features food, isekai, and healing; the anime combines Japanese cuisine with the stories of otherworldly residents, with a warm atmosphere, making it a healing food work."
1057,primary,en-US,实验品家庭,"This adapts the same-name manga. Siblings with psychic powers live under the care of a scientist. The work features daily life, family, and sci-fi; the growth and interactions of the boys and girls are warm, with a light atmosphere, making it a unique family work."
1058,primary,en-US,鹿枫堂,"This adapts the same-name manga. The daily life of four young men at the Japanese-style cafe Rokuhoudou and their guests. The work features food, daily life, and healing, with a warm atmosphere. The interactions between the staff and the guests' stories are warm, making it a healing work."
1059,primary,en-US,鬼灯的冷彻 OAD,"""Hozuki no Reitetsu"" OAD is an OVA of Hozuki no Reitetsu; a side story of the daily life of hell. This work focuses on light daily life; the work features comedy, daily life, and black humor, with a joyful atmosphere. The interactions between Hozuki and the hell characters are full of comedy, making it a side story of the Hozuki series."
1060,primary,en-US,梵蒂冈奇迹调查官 OAD,"""Vatican Miracle Examiner"" OAD is an OVA of Vatican Miracle Examiner; a side story of the priests' investigations. This work focuses on light daily life; the work features religion, suspense, and deduction, with a mysterious atmosphere, making it a side story of the Vatican series."
1061,primary,en-US,牵牛花与加濑同学。,"""Kase-san and Morning Glories"" adapts the same-name manga. The love story of shy girl Yamada and Kase-san. The work features yuri, romance, and youth; the emotional development of Yamada and Kase is delicate and moving, with a fresh art style, making it a work full of girlish hearts."
1062,primary,en-US,忍者蝙蝠侠,"""Batman Ninja"" is a movie anime; Batman travels through time to the Warring States period. This work the duels between Batman and the Warring States warlords unfold; the work features superheroes, action, and parody, with gorgeous battle scenes. Batman's ninja transformation is creative, making it a uniquely styled work."
1063,primary,en-US,闪电十一人 阿瑞斯的天平,"""Inazuma Eleven: Ares no Tenbin"" continues the series; the soccer battles of the boys continue. This work revolves around the soccer path of a new protagonist; the work features soccer, passion, and psychic powers, with gorgeous match scenes. The characters' special moves are powerful, making it a new chapter of the Inazuma Eleven series."
1064,primary,en-US,剧场版 进击的巨人 Season2～觉醒的咆哮～,"""Attack on Titan Season 2 Movie: Roar of Awakening"" is a compilation movie of the second season of Attack on Titan. This work reviews the plot of the second season; the work features battle, suspense, and despair, with high-quality production. The threat of the Titans and humanity's struggle are full of tension, making it a movie of the Attack on Titan series."
1065,primary,en-US,电影 光之美少女 Super Stars！,"""Eiga Pretty Cure Super Stars!"" is a movie of the Pretty Cure series, with all the girls of the series gathering. This work the girls cooperate across works; the work features magical girls, battle, and ensemble, with gorgeous transformation and battle scenes. The bonds between the characters are warm and moving, making it a movie of the girls' magical girl anime."
1066,primary,en-US,电影 中二病也要谈恋爱！ -Take On Me-,"""Love, Chunibyo & Other Delusions! Take On Me"" is a movie of Love, Chunibyo & Other Delusions; the romance of Rikka Takanashi and Yuta Togashi. This work revolves around Rikka's graduation from chuunibyou; the work features romance, daily life, and comedy, with a light atmosphere. The interactions between Rikka and Yuta are full of sweetness, making it a movie of the Chunibyo series."
1067,primary,en-US,哆啦A梦：大雄的金银岛,"""Doraemon the Movie: Nobita's Treasure Island"" is a movie of Doraemon; the adventure of Nobita and his party on Treasure Island. This work revolves around treasure and new partners; Nobita and Doraemon embark on a great adventure at sea. The work features adventure, sci-fi, and friendship, with a joyful atmosphere and a moving ending, making it a movie of the Doraemon series."
1068,primary,en-US,剧场版 超时空要塞Δ 激情的Walküre,"""Macross Delta Movie: Passionate Walkure"" is a movie of Macross Delta; the battles of the singers and the machines. This work revolves around the songs of Walkure and new battles; the work features mecha battles, music, and love, with moving songs and gorgeous battle scenes, making it a movie of the Macross series."
1069,primary,en-US,肆式青春,"This is a China-Japan co-production movie anime telling the youth stories of three cities. This work unfolds with three independent youth stories; the work features youth, daily life, and healing, with exquisite visuals. The three stories depict the youth of Beijing, Guangzhou, and Shanghai respectively, making it a warm work."
1070,primary,en-US,智龙迷城,"""Puzzle & Dragons"" adapts the same-name game, telling the adventure of a boy and his dragon partners. This work features orb-matching battles; the boys adventure in the world of Puzzle & Dragons. The work features adventure, battle, and passion, with gorgeous battle scenes. The growth and bonds of the characters run throughout, making it suitable for young viewers."
1071,primary,en-US,ISLAND,"""ISLAND"" adapts the same-name game. An amnesiac boy meets girls on a solitary island. The work features suspense, romance, and sci-fi, with a mysterious atmosphere. The boy's memories and the truth of the island unfold layer by layer, making it a work full of mysteries."
1072,primary,en-US,轻羽飞扬,"""Hanebado!"" adapts the same-name manga. The genius and inner demon of badminton girl Ayano Hanesaki. Ayano shows overwhelming talent on the badminton court; the work features badminton, passion, and psychology, with tense match scenes. Ayano's growth and inner struggle are moving, making it an excellent sports work of recent years."
1073,primary,en-US,千铳士,"This adapts the same-name game. The boys, who are anthropomorphized antique guns, fight. The work features anthropomorphization, battle, and ensemble, with refined art. The battles of the boys are charming, making it a game adaptation."
1074,primary,en-US,后街女孩,"""Back Street Girls"" adapts the same-name manga. Three yakuza boys are forced by their boss to become idols. The work features comedy, idols, and contrast; the contrast between yakuza and idols is full of comedy, with a light atmosphere, making it a hilarious comedy work."
1075,primary,en-US,异世界魔王与召唤少女的奴隶魔术,"""How NOT to Summon a Demon Lord"" adapts the same-name light novel. Game player Takuma Sakamoto is summoned to another world as the Demon Lord. The work features isekai, harem, and light adventure; Takuma's power and the interactions with the slave girls are highlights, with a light atmosphere, making it a standard isekai work."
1076,primary,en-US,千绪的通学路,"""Chio-chan no Tsuugakuro"" adapts the same-name manga. The fantasy-filled daily life of high school girl Chio Miyamo on her way to school. The work features comedy, daily life, and snark; Chio's various fantasies on the way to school are full of comedy, with brisk pacing, making it a hilarious daily comedy."
1077,primary,en-US,工作细胞,"""Cells at Work!"" adapts the same-name manga. An educational anime anthropomorphizing the cells of the human body. Red blood cells, white blood cells, and other cells work hard in the body; the work features education, battle, and daily life, integrating body knowledge into fun stories, with cute art and a light atmosphere, making it an excellent work that combines education and entertainment."
1078,primary,en-US,来玩游戏吧,"""Asobi Asobase"" adapts the same-name manga. The daily life of the girls in the game club is full of comedy. The work features games, daily life, and comedy; the game interactions of the girls are full of comedy, with exaggerated performances and brisk pacing, making it a hilarious daily comedy."
1079,primary,en-US,偶像大师 灰姑娘女孩剧场 第三季,"""The IDOLM@STER Cinderella Girls Theater"" Season 3 continues the series; the Q-version daily life of the Cinderella Girls idols continues. The work features idols, comedy, and daily life, with cute art and short episodes, showcasing the idols' interactions in light daily life, making it a side story of the Cinderella Girls series."
1080,primary,en-US,向山进发 第三季,"""Encouragement of Climb"" Season 3 continues the series; the mountain climbing daily life of the girls continues. This work Aoi and her partners meet new challenges in climbing; the work features mountain climbing, daily life, and healing, with a fresh art style and warm atmosphere. The growth and friendship of the girls are moving, making it a healing work."
1081,primary,en-US,行星与共,"""Planet With"" is an original anime telling the battles between a boy and a girl from space. The work features mecha battles, fantasy, and ensemble, with gorgeous battle scenes. The boy's growth and the bond with the girl run throughout, making it a solid mecha work."
1082,primary,en-US,Happy Sugar Life,"""Happy Sugar Life"" adapts the same-name manga. The obsessive love of girl Satou Matsuzaka and a girl. Satou does anything to protect the girl; the work features romance, suspense, and darkness, with a stifling atmosphere. Satou's madness is stunning, making it a thought-provokingly frightening work."
1083,primary,en-US,碧蓝之海,"""Grand Blue"" adapts the same-name manga. The funny daily life of college student Iori Kitahara in the diving club. The work features diving, comedy, and daily life; the interactions between Iori and the club members are full of comedy, with exaggerated performances and brisk pacing, making it a hilarious comedy."
1084,primary,en-US,高分少女,"""Hi Score Girl"" adapts the same-name manga. In an era when fighting games flourish, the story of boy Haruo and girl Ono. The bond and youth of the two at the arcade unfold; the work features fighting games, romance, and nostalgia, combining the charm of game culture with youth, making it a work full of sentiment."
1085,primary,en-US,少女☆歌剧 Revue Starlight,"""Revue Starlight"" is an original anime telling the story of stage girls competing in opera. Aijou Karen and her partners fight in the Revue for the stage; the work features music, stage, and ensemble, with gorgeous performances and moving songs. The dreams and competition of the girls are moving, making it a uniquely styled work."
1086,primary,en-US,京都寺町三条商店街的福尔摩斯,"""Kyoto Teramachi Sanjou no Holmes"" adapts the same-name novel. The puzzle-solving story of antique shop heir and girl Aoi. The two solve various cases on the Teramachi shopping street in Kyoto; the work features deduction, daily life, and healing, with an elegant atmosphere. The charm of Kyoto and the puzzles is captivating, making it a uniquely styled work."
1087,primary,en-US,刃牙,"""Baki"" adapts the same-name manga. The ultimate duels of fighter Baki Hanma. Baki challenges the strongest father in the fighting arena; the work features martial arts, passion, and ensemble, with powerful battle scenes. Baki's growth is exciting, making it a classic of the martial arts genre."
1088,primary,en-US,LORD of VERMILION 红莲之王,"""LORD of VERMILION: The Crimson Lord"" adapts the same-name game, telling the battles of boys and girls. This work revolves around the power of the Crimson Lord; the work features fantasy, battle, and ensemble, with gorgeous battle scenes. The fates of the characters are interwoven, making it a standard fantasy battle work."
1089,primary,en-US,邪神与厨二病少女,"""Dropkick on My Devil!"" adapts the same-name manga. The cohabitation daily life of Jashin-chan in the human world and girl Yurine Hanazono. The work features comedy, daily life, and the demon world; the contrast between Jashin-chan's mischief and Yurine's violence is funny, with a light atmosphere, making it a hilarious daily comedy."
1090,primary,en-US,Angolmois 元寇合战记,"""Angolmois: Genkou Kassenki"" adapts the same-name manga. When the Mongols invade, exiled prisoners defend Tsushima Island. The work features history, war, and ensemble, with brutal war scenes. The battles of the exiled prisoners are powerful, making it a hardcore historical war work."
1091,primary,en-US,梦王国与沉睡的100名王子,"""Yume Oukoku to Nemureru 100-nin no Ouji-sama"" adapts the same-name game. A girl meets princes in the dream kingdom. The work features romance, fairy tales, and ensemble, with gorgeous art. The interactions between the girl and the princes are romantic, making it an otome anime."
1092,primary,en-US,杀戮天使,"""Angels of Death"" adapts the same-name game. The adventure of girl Rachel and killer Zack. The two support each other in an abandoned building; the work features horror, suspense, and bonds, with a stifling atmosphere. The relationship between Rachel and Zack is full of tension, making it a uniquely styled work."
1093,primary,en-US,摇曳庄的幽奈小姐,"""Yuragi-sou no Yuuna-san"" adapts the same-name manga. The cohabitation daily life of psychic Kogarashi Fuyuzora and the ground-bound spirit Yuuna. The work features daily life, comedy, and fan-service; the interactions between Kogarashi, Yuuna, and the girls are full of comedy, with a light atmosphere, making it a hilarious daily comedy."
1094,primary,en-US,春原庄的管理人,"""Sunohara-sou no Kanrinin-san"" adapts the same-name manga. The daily life of gentle manager Ayaka Sunohara and a boy. The work features daily life, romance, and fan-service; Ayaka's gentleness and the boy's heart-pounding are highlights, with a light atmosphere, making it a light healing romance daily work."
1095,primary,en-US,音乐少女,"This is a short anime telling the daily life of idol group Ongaku Shoujo. The interactions of the girls in their idol activities are warm; the work features idols, music, and daily life, with cute art and short episodes, showcasing the girls' dreams in light daily life, making it a stress-relieving short anime."
1096,primary,en-US,遥的接球,"""Harukana Receive"" adapts the same-name manga. The growth of girls Haruka and Kanata in beach volleyball. The two keep growing on the beach volleyball court; the work features volleyball, passion, and youth, with tense match scenes. Haruka's growth and bonds are moving, making it a solid sports work."
1097,primary,en-US,Free!-Dive to the Future-,"""Free! -Dive to the Future-"" continues the series; the story of the swimming boys continues. This work the story of Haruka and the others after graduation, with new characters appearing; the work features swimming, youth, and emotion, with beautiful in-water animation. The friendship and dreams of the boys are moving, making it a sequel of the Free! series."
1098,primary,en-US,进击的巨人 第三季,"""Attack on Titan"" Season 3 continues the series; the battles of Eren and the Survey Corps continue. This work revolves around the Royal Government arc and the truth of the Titans; the work features battle, suspense, and despair, with high-quality production. The threat of the Titans and humanity's struggle are full of tension, making it an important chapter of the Attack on Titan series."
1099,primary,en-US,中间管理录利根川,"""Mr. Tonegawa: Middle Management Blues"" is a spin-off anime of Kaiji, telling the workplace of Tonegawa, the manager of a gambling house. The work features workplace, comedy, and snark; the anime combines the worldview of Kaiji with workplace comedy, with Tonegawa's inner monologue full of comedy, making it a unique work."
1100,primary,en-US,昴宿七星,"""Seven Senses of the Re'Union"" adapts the same-name light novel. In the interweaving of online games and reality, the adventure of boys and girls. The work features games, adventure, and ensemble, with an atmosphere between reality and games. The bonds between the characters run throughout, making it a standard new-generation light novel adaptation."
1101,primary,en-US,百炼霸王与圣约女武神,"""Hyakuren no Haou to Seiyaku no Valkyria"" adapts the same-name light novel. Boy Yuu becomes king in another world and leads the Valkyries in battle. The work features isekai, harem, and passion; Yuu's growth and the bonds with the Valkyries are highlights, with a light atmosphere, making it a standard light novel adaptation."
1102,primary,en-US,暮光幻影,"This is an original anime telling the story of psychic users at a cafe in London. This work revolves around the members with mysterious powers; the work features fantasy, urban, and ensemble, with refined art. The interactions between the characters are charming, making it a uniquely styled work."
1103,primary,en-US,付丧神出租中,"""Tsukumogami Kashimasu"" adapts the same-name novel. At an antique shop in Edo, the stories of the tsukumogami. The work features youkai, healing, and daily life, with a warm atmosphere. The stories of the tsukumogami and the guests are full of human warmth, making it a healing work full of period atmosphere."
1104,primary,en-US,打工小哥！之2！,"""Hataraku Onii-san! No.2!"" continues the series; the funny daily life of the boys working part-time. The work features workplace, comedy, and daily life, with short episodes and brisk pacing, showcasing the amusing events of part-time work in light daily life, making it a stress-relieving short anime."
1105,primary,en-US,战栗杀机,"""Banana Fish"" adapts the same-name manga. In the dark side of New York, the encounter between boy Ash and Japanese student Eiji Okumura. The work features crime, suspense, and bonds, with a heavy atmosphere. Ash's fate and the relationship of the two are full of tension, making it a cold-styled work."
1106,primary,en-US,One Room 第二季,"""One Room"" Season 2 continues the series, telling the daily life of the girls from a first-person perspective. Viewers interact with the girls from the protagonist's point of view; the work features daily life, romance, and healing, with refined art and a warm atmosphere, showcasing the girls' lives in short episodes, making it an immersive work."
1107,primary,en-US,OVERLORD 第三季,"""OVERLORD"" Season 3 continues the series; the expansion of Ainz Ooal Gown's influence continues. This work revolves around the conquest of Nazarick and the world; the work features isekai, dark fantasy, and ensemble. Ainz's power and caution are charming in contrast, with a vast worldview, making it a classic of the isekai genre."
1108,primary,en-US,天降少女！～从2层落下了少女！？～,"This is a short anime telling the daily life of a girl who falls from the sky. The work features daily life, romance, and comedy, with short episodes and brisk pacing, showcasing the interactions of the girl in light daily life, making it a stress-relieving short anime."
1109,primary,en-US,某僵尸少女的灾难,"This adapts the same-name manga. The funny daily life of an ojou-sama zombie at school. The work features zombies, comedy, and daily life; the interactions between the zombie girl and her classmates are full of comedy, with short episodes and brisk pacing, making it a stress-relieving short anime."
1110,primary,en-US,BanG Dream! 少女乐团派对！☆PICO,"""BanG Dream! Girls Band Party! Pico"" is a short anime of the BanG Dream project; the Q-version daily life of the band girls. The work features music, comedy, and daily life, with cute art and short episodes, showcasing the interactions of the band members in light daily life, making it a side story of the BanG Dream series."
1111,primary,en-US,暗芝居 第六季,"""Yami Shibai"" Season 6 is a horror short anime series, continuing to tell various ghost stories in paper theater format. The work is known for its nostalgic art style, grotesque plots, and thought-provokingly frightening atmosphere; each episode creates a strong sense of horror in just a few minutes, and the distorted urban legends send chills down viewers' spines, making it a must-see for horror anime fans."
1112,primary,en-US,相约七月祭,"This is a short anime telling the encounter of a boy and a girl at a festival. The work features romance, summer, and healing, with a fresh art style and a warm atmosphere, showcasing shy emotions against the backdrop of a festival, making it a short yet beautiful work."
1113,primary,en-US,银魂. 银之魂篇 第二季,"""Gintama.: Silver Soul Arc"" Season 2 continues the series; the final battle of the Yorozuya continues. This work Gintoki and his party face the true enemy in the decisive battle; the work features comedy, snark, and passion. Gintoki's sharp tongue and the bonds with his partners are moving, making it a continuation of the Gintama series."
1114,primary,en-US,天狼 Sirius the Jaeger,"""Sirius the Jaeger"" is an original anime telling the battles of the vampire hunters. Boy Yuuryuu struggles between the mission of Sirius and his identity as a human; the work features vampires, battle, and passion, with gorgeous battle scenes. Yuuryuu's growth and bonds run throughout, making it a solid work."
1115,primary,en-US,魔法律事务所,"""Muhyo & Roji's Bureau of Supernatural Investigation"" adapts the same-name manga. Magic law writer Muhyo and his assistant solve supernatural incidents. The work features the supernatural, battle, and daily life; Muhyo's magic law and episodic cases are fun, with a light atmosphere, making it a supernatural work."
1116,primary,en-US,索斯机械兽WILD,"""Zoids Wild"" adapts the same-name toy series. The boys pilot wild machines and fight in the wilderness. The work features machines, adventure, and passion, with gorgeous battle scenes. The growth and bonds of the boys run throughout, making it suitable for young viewers."
1117,primary,en-US,天才玩偶,"This is a China-Japan co-production anime telling the story of a boy and a doll. The boy embarks on adventures with the help of the doll; the work features fantasy, battle, and passion, with gorgeous battle scenes. The bond between the boy and the doll runs throughout, making it a co-production work."
1118,primary,en-US,深夜！天才傻鹏,"This is a modern version of a classic comedy anime; the funny daily life of the Bakabon family. The work features comedy, parody, and snark, with bold and wild performances. The absurd behavior of the Bakabon family is hilarious, making it a joyful comedy."
1119,primary,en-US,摇曳庄的幽奈小姐 OAD,"""Yuragi-sou no Yuuna-san OAD"" is an OVA of Yuragi-sou no Yuuna-san; a hot spring fan-service side story. This work focuses on light daily life and the hot spring; the work features daily life, comedy, and fan-service, with a light atmosphere. The interactions between Kogarashi, Yuuna, and the girls are full of comedy, making it a side story of the Yuragi-sou series."
1120,primary,en-US,告诉我魔法之摆～莉露莉露妖精莉露～,"This is an anime of the Fairy Rilu series; the adventure of the fairy girls continues. This work the fairies unfold new activities through the magic pendulum; the work features magic, daily life, and healing, with cute art and a warm atmosphere, making it a magic daily anime suitable for girl viewers."
1121,primary,en-US,血界战线 & BEYOND OAD,"""Blood Blockade Battlefront & Beyond OAD"" is an OVA of Blood Blockade Battlefront; a side story of Leonardo in Hellsalem's Lot. This work focuses on light daily life; the work features fantasy, battle, and ensemble, with a joyful atmosphere. The interactions between the characters are charming, making it a side story of the Blood Blockade series."
1122,primary,en-US,路西法 反叛的堕天使,"This is a short anime telling the story of the fallen angel Lucifer. The work features fantasy, daily life, and healing, with refined art and a tranquil atmosphere, showcasing the life of the fallen angel in light daily life, making it a novel-styled short anime."
1123,primary,en-US,FLCL Progressive,"""FLCL Progressive"" is a new anime of FLCL, telling the strange adventure of the girls. This work revolves around new characters and robots; the work features absurdity, action, and youth, with bold performances and wild imagination, making it a sequel of the FLCL series."
1124,primary,en-US,一脸嫌弃表情的妹子给你看胖次,"This is a short fan-service anime telling scenes of girls showing their underwear with a disgusted expression. The work features fan-service, daily life, and comedy, with short episodes, making it a short anime mainly for visual service."
1125,primary,en-US,超级龙珠英雄,"""Super Dragon Ball Heroes"" is a short anime telling the battles of the Dragon Ball heroes. This work revolves around the worldview of the Dragon Ball Heroes game; the work features martial arts, passion, and ensemble, with gorgeous battle scenes. The duels of the characters are powerful, making it a spin-off of the Dragon Ball series."
1126,primary,en-US,班会传说,"This is a short anime telling the funny daily life of class meetings. The work features school, comedy, and snark, with short episodes and brisk pacing, showcasing the interactions of the students in light daily life, making it a stress-relieving short anime."
1127,primary,en-US,甜甜私房猫 吃饱啦大旅行,"""Chi's Sweet Home"" continues the series; the adventure of kitten Chi continues. This work the trip of Chi and her owner's family is warm; the work features cute pets, daily life, and healing, with soft cute art. Chi's cute behavior brings knowing smiles, making it a healing pet anime."
1128,primary,en-US,擅长捉弄的高木同学 OVA,"""Teasing Master Takagi-san OVA"" is an OVA of Teasing Master Takagi-san; a daily side story of Takagi and Nishikata. This work focuses on light daily life; the work features romance, daily life, and comedy. Takagi's teasing and Nishikata's reactions are full of comedy, with a light and sweet atmosphere, making it a side story of the Takagi-san series."
1129,primary,en-US,哥斯拉 决战之都,"""Godzilla: City on the Edge of Battle"" is a Godzilla series movie; the survival of humanity on a planet ruled by Godzilla. This work humanity fights Godzilla using Mechagodzilla; the work features sci-fi, battle, and ensemble, with gorgeous 3DCG visuals. The struggle of humanity and the threat of Godzilla are full of tension, making it a movie of the Godzilla series."
1130,primary,en-US,政宗君的复仇 OAD,"""Masamune-kun's Revenge OAD"" is an OVA of Masamune-kun's Revenge; a romance side story of Masamune and Aki. This work focuses on light daily life; the work features romance, comedy, and daily life, with a light atmosphere. Masamune's revenge plan and the interactions with Aki are full of comedy, making it a side story of the Masamune-kun series."
1131,primary,en-US,欢迎来到加帕里公园,"""Welcome to Japari Park"" is a short anime telling the daily life of the animal girls in Japari Park. The work features moe, daily life, and healing, with cute art and short episodes, showcasing the interactions of the animal girls in light daily life, making it a side story of the Kemono Friends series."
1132,primary,en-US,岸边露伴一动不动 六壁坂,"""Thus Spoke Kishibe Rohan: Mutukabe-zaka"" is a side-story anime of JoJo's Bizarre Adventure; the strange experience of manga artist Rohan Kishibe. This work Rohan encounters eerie incidents during his material collection; the work features suspense, grotesque, and the JoJo worldview, with an eerie atmosphere. Rohan's adventure is full of tension, making it a side story of the JoJo series."
1133,primary,en-US,DOUBLE DECKER! 道格&基里尔,"""DOUBLE DECKER! Doug & Kirill"" is an original anime telling the investigation of a police duo in the city. The partnership daily life of Doug and Kirill in drug cases; the work features police, action, and comedy, with a light atmosphere. The interactions between the two are charming, making it a uniquely styled work."
1134,primary,en-US,女皇之刃 UNLIMITED,"""Queen's Blade Unlimited"" is a Queen's Blade series anime; the great battles of the female warriors. This work revolves around new female warriors and battles; the work features battle, fan-service, and ensemble, with gorgeous art. The duels of the female warriors are powerful, making it a sequel of the Queen's Blade series."
1135,primary,en-US,FLCL Alternative,"""FLCL Alternative"" is a new anime of FLCL, telling the strange adventure of the girls. This work revolves around new characters and robots; the work features absurdity, action, and youth, with bold performances and wild imagination, making it a sequel of the FLCL series."
1136,primary,en-US,NEKOPARA OVA Extra 小猫之日的约定,"""NEKOPARA OVA Extra: Kitten's Day Promise"" is an OVA of NEKOPARA; a daily side story of the catgirls. This work focuses on light daily life; the work features cute pets, daily life, and healing, with refined art and a light atmosphere. The cuteness of the catgirls is heartwarming, making it a side story of the NEKOPARA series."
1137,primary,en-US,RErideD-穿越时空的德里达-,"""RErideD: Tokigoe no Derrida"" is an original anime telling the story of boy Derrida traveling through time. Derrida shuttles between the past and the future; the work features sci-fi, time travel, and suspense, with a cold atmosphere. Derrida's adventure and the truth unfold layer by layer, making it a uniquely styled work."
1138,primary,en-US,朝花夕誓——于离别之朝束起约定之花,"""Maquia: When the Promised Flower Blooms"" is a movie by Mari Okada, telling the story of immortal Maquia and a boy. Maquia raises boy Ariel over the long years; the work features fantasy, family love, and pathos, with exquisite visuals. Maquia's maternal love is moving, making it a deeply touching work."
1139,primary,en-US,蜡笔小新：功夫小子～拉面大乱斗～,"""Crayon Shin-chan: Kung Fu Boys - Ramen Rampage"" is a movie of Crayon Shin-chan; Shin-chan's adventure in the ramen world. This work revolves around the secret ramen technique and kung fu; Shin-chan and his partners fight in the ramen world. The work features comedy, adventure, and family, with a joyful atmosphere and a warm ending, making it a movie of the Crayon Shin-chan series."
1140,primary,en-US,文豪野犬 DEAD APPLE,"""Bungou Stray Dogs: Dead Apple"" is a movie of Bungou Stray Dogs; the battles of the Armed Detective Agency and the Port Mafia. This work revolves around a mist incident and new enemies; the work features ability battles, literary figure anthropomorphization, and ensemble, with gorgeous battle scenes and well-rounded characters, making it a movie of the Bungou Stray Dogs series."
1141,primary,en-US,新撰组异闻录 铁 ～想道～,"This adapts the same-name manga, telling the story of the boys of the Shinsengumi. This work revolves around the daily life and battles of the Shinsengumi; the work features history, battle, and ensemble, with a heavy atmosphere. The fates of the characters are full of tension, making it a work full of period atmosphere."
1142,primary,en-US,美妙天堂&闪亮 美妙☆频道 闪亮纪念演出,"""PriPara & Kiratto Pri Chan Movie: Kirakira Memorial Live"" is a movie of the PriPara series; the idol performances of the girls. This work the idols of the two works gather and perform; the work features gorgeous stage performances, cute characters, and music, with infectious song and dance scenes, making it a movie of the girls' idol anime."
1143,primary,en-US,莉兹与青鸟,"""Liz and the Blue Bird"" is a movie of Sound! Euphonium, telling the story of oboe girl Nozomi Kasaki and Mizore Yoroizuka. This work revolves around the relationship and music of the two; the work features music, youth, and emotion, with exquisite visuals. The emotions of Nozomi and Mizore are delicate and moving, making it a work full of literary atmosphere."
1144,primary,en-US,JOJO的奇妙冒险 黄金之风,"""JoJo's Bizarre Adventure: Golden Wind"" is a JoJo series anime, telling the story of Giorno in Italy. Giorno joins the mafia to become a gang star; the work features battle, passion, and Stands, with gorgeous battle scenes. The Stand battles of Golden Wind are powerful, making it an important chapter of the JoJo series."
1145,primary,en-US,月影特工,"""Release the Spyce"" is an original anime telling the battles of the girl spies. The girls carry out missions in the Getsumen organization; the work features spies, action, and ensemble, with gorgeous battle scenes. The growth and bonds of the girls run throughout, making it a solid work."
1146,primary,en-US,茜色少女,"""Akanesasu Shoujo"" is an original anime telling the adventure of the girls in another world. The girls embark on a strange journey in an alizarin-colored world; the work features fantasy, adventure, and ensemble, with a light atmosphere. The interactions between the girls are charming, making it a uniquely styled work."
1147,primary,en-US,偶像大师 SideM 事出有因Mini!,"""THE IDOLM@STER SideM: Mini!"" is a short anime of THE IDOLM@STER SideM; the Q-version daily life of the male idols. The work features idols, comedy, and daily life, with cute art and short episodes, showcasing the interactions of the idols in light daily life, making it a side story of the SideM series."
1148,primary,en-US,SSSS.古立特,"""SSSS.GRIDMAN"" adapts the same-name tokusatsu. Boy Yuta Hibiki fights together with Gridman in the computer world. The work features tokusatsu, mecha battles, and youth, with gorgeous battle scenes. Yuta's growth and bonds run throughout, making it an excellent tokusatsu adaptation."
1149,primary,en-US,宇宙战舰提拉米斯 2,"""Space Battleship Tiramisu"" 2 continues the first season; the funny daily life of ace pilot Subaru Ichinose continues. This work Subaru's imagination and battles on the space battleship remain full of comedy; the work features sci-fi, comedy, and snark, with wild imagination and dense jokes, making it a unique comedy work."
1150,primary,en-US,关于我转生变成史莱姆这档事,"""That Time I Got Reincarnated as a Slime"" adapts the same-name light novel. Office worker Satoru Mikami is reincarnated as slime Rimuru after death. Rimuru builds his own country in another world; the work features isekai, light adventure, and ensemble, with Rimuru's power and gentleness charming, making it a representative work of the isekai genre."
1151,primary,en-US,刀剑神域 爱丽丝篇,"""Sword Art Online: Alicization"" is a new chapter of Sword Art Online; Kirito's adventure in Underworld. This work Kirito falls into an artificial world, and his encounter with Alice unfolds a new story; the work features sci-fi, battle, and bonds, with high-quality production. Kirito's battles and the bond with Alice are full of tension, making it an important chapter of the SAO series."
1152,primary,en-US,魔法禁书目录 第三季,"""A Certain Magical Index III"" continues the series; the story of Touma Kamijou and Mikoto Misaka continues. This work revolves around the dark side of Academy City and the truth of the world; the work features psychic powers, battle, and ensemble, with a vast worldview. Touma's right hand and Misaka's electricity are powerful, making it a sequel of the Index series."
1153,primary,en-US,寄宿学校的朱丽叶,"""Boarding School Juliet"" adapts the same-name manga. The romance between the leader of the hostile academy, Romio Inuzuka, and girl Persia. The work features romance, school, and comedy; Romio's secret love is full of comedy, with a light atmosphere. The interactions between the two are full of sweetness, making it a joyful romantic comedy."
1154,primary,en-US,哥布林杀手,"""Goblin Slayer"" adapts the same-name light novel. The battles of adventurer Goblin Slayer, who only hunts goblins. The work features dark fantasy, battle, and ensemble, with a heavy atmosphere. Goblin Slayer's conviction and battles are stunning, making it a hardcore fantasy work."
1155,primary,en-US,青春猪头少年不会梦到兔女郎学姐,"""Rascal Does Not Dream of Bunny Girl Senpai"" adapts the same-name light novel. Boy Sakuta Azusagawa meets bunny girl senpai Mai Sakurajima at school. The work features romance, daily life, and fantasy; Sakuta helps the girls solve adolescence syndrome, with a light atmosphere. The interactions between Sakuta and Mai are full of sweetness, making it a highly acclaimed romance work."
1156,primary,en-US,我家的女仆太烦人了！,"""Uchi no Maid ga Uzasugiru!"" adapts the same-name manga. Former fighter pilot Tsubame Kamoi becomes the maid of elementary school student Misha. The work features daily life, comedy, and yuri; Tsubame's creepy behavior and Misha's rejection are full of comedy, with a light atmosphere, making it a hilarious daily comedy."
1157,primary,en-US,黄金神威 第二季,"""Golden Kamuy"" Season 2 continues the first season; the adventure of Sugimoto Saichi in Hokkaido continues. This work revolves around the competition for gold and new characters; the work features adventure, food, and ensemble, depicting Hokkaido's nature and Ainu culture in detail. Sugimoto's adventure is fun, making it a work combining passion and humor."
1158,primary,en-US,天空与海洋之间,"""Sora to Umi no Aida"" adapts the same-name game. The story of the girls at the space fishery. The girls work hard to protect the space fishery; the work features sci-fi, daily life, and ensemble, with a light atmosphere. The growth and bonds of the girls run throughout, making it a unique work."
1159,primary,en-US,佐贺偶像是传奇,"""Zombie Land Saga"" is an original anime telling the idol story of the zombie girls. The revived girls become idols to revitalize Saga; the work features idols, comedy, and contrast, with bold performances and dense jokes. The songs and growth of the girls are moving, making it a dark horse work of recent years."
1160,primary,en-US,火之丸相扑,"""Hinomaru Sumo"" adapts the same-name manga. Small boy Hinomaru Ushio works hard to dominate sumo wrestling. The work features sumo, passion, and youth, with powerful match scenes. Hinomaru's indomitable spirit and growth are moving, making it a solid sports work."
1161,primary,en-US,终将成为你,"""Bloom Into You"" adapts the same-name manga. The love story of girl Yuu Koito and senior Touko Nanami. Yuu gradually understands love through Touko's confession; the work features yuri, romance, and youth, with a delicate atmosphere. The emotional development of the two is moving, making it an excellent yuri anime."
1162,primary,en-US,来自多彩世界的明天,"""IRODUKU: The World in Colors"" is an original anime telling the story of girl Hitomi Tsukishiro, who loses her color vision. Hitomi studies magic in the past world; the work features fantasy, romance, and youth, with exquisite visuals and a dreamlike atmosphere. Hitomi's growth and bonds are moving, making it a poetic work."
1163,primary,en-US,邻家的吸血鬼小妹,"""Ms. Vampire who lives in my neighborhood"" adapts the same-name manga. The daily life of high school student Amano and vampire girl Sophie. The work features daily life, yuri, and healing; the interactions between Sophie and Amano are full of moe, with cute art and a light atmosphere, making it a light healing work."
1164,primary,en-US,Anima Yell!,"""Anima Yell!"" adapts the same-name manga. The youth story of the girls in the cheerleading squad. The work features sports, youth, and ensemble; the training and growth of the girls are full of vitality, with cute art and a light atmosphere, making it a sunny sports work."
1165,primary,en-US,我喜欢的是妹妹但不是妹妹,"""My Sister, My Writer"" adapts the same-name light novel. The story of a light novel writer brother and a genius sister. The work features romance, the light novel industry, and snark; the interactions between the brother and sister are full of comedy, with a light atmosphere, making it a joyful daily comedy."
1166,primary,en-US,只要贝尔哲布布大小姐喜欢就好。,"""As Miss Beelzebub Likes."" adapts the same-name manga. The daily life of Beelzebub, the ojou-sama of the demon world. The work features healing, daily life, and moe; the ojou-sama's laziness and cuteness are charming, with refined art and a warm atmosphere, making it a light healing work."
1167,primary,en-US,我让最想被拥抱的男人给威胁了。,"""Dakaichi: My Number 1"" adapts the same-name manga. The story of actor Takato Saijou and Momose. The romance of the two in the entertainment world is full of ups and downs; the work features BL romance, the entertainment world, and daily life, with a gorgeous atmosphere. The emotional development of Takato and Momose is delicate and moving, making it an excellent BL anime."
1168,primary,en-US,尤利西斯 贞德与炼金骑士,"""Ulysses: Jeanne d'Arc to Renkin no Kishi"" adapts the same-name light novel. In the Hundred Years' War, the story of girl Jeanne d'Arc and the alchemy knight. The work features history, war, and fantasy, with a heavy atmosphere. The fate of Jeanne and the setting of alchemy are full of tension, making it a hardcore historical fantasy work."
1169,primary,en-US,为我而生,"This adapts the same-name game. The boys fight in another world; the work features battle, fantasy, and passion, with gorgeous battle scenes. The growth and bonds of the characters run throughout, making it a game adaptation."
1170,primary,en-US,骸骨书店员本田君,"""Skeleton Bookstore Employee Honda-san"" is a short anime telling the workplace daily life of skeleton bookstore employee Honda. The work features bookstores, workplace, and comedy; the interactions between Honda and customers and colleagues are full of comedy, with short episodes and brisk pacing, making it a stress-relieving short anime."
1171,primary,en-US,东京喰种:re 第二季,"""Tokyo Ghoul:re"" Season 2 continues the series; the war between ghouls and investigators continues. This work the truth of Sasaki Haise and the return of Kaneki Ken unfold; the work features ghouls, battle, and darkness, with a heavy atmosphere. The fates of the characters are full of tension, making it the conclusion of the Tokyo Ghoul series."
1172,primary,en-US,学园BASARA,"""Gakuen Basara"" is a comedy anime of the BASARA series; the daily life of the Warring States warlords at a modern academy. The work features parody, comedy, and daily life; the student life of the warlords is full of comedy, with exaggerated performances, making it a hilarious parody work."
1173,primary,en-US,不受欢迎之家,"This is a short anime telling the daily life of otaku girls. The work features daily life, otaku culture, and comedy, with simple art and short episodes, showcasing the lives of the otaku girls in light daily life, making it a stress-relieving short anime."
1174,primary,en-US,闪乱神乐 SHINOVI MASTER -东京妖魔篇-,"""Senran Kagura Shinovi Master"" is a Senran Kagura series anime; the battles of the ninja girls. This work revolves around the Tokyo Demon Chapter; the girls' battles at the ninja school are full of passion. The work features ninjas, battle, and fan-service, with gorgeous battle scenes, making it a sequel of the Senran Kagura series."
1175,primary,en-US,梅露可物语 -无精打采的少年与瓶中少女-,"""Merc Storia: Mukiryoku no Shounen to Bin no Naka no Shoujo"" adapts the same-name game. The adventure of boy Yuu and girl Merc in a bottle. The work features fantasy, adventure, and healing; the interactions between Yuu and Merc are warm, with cute art and a light atmosphere, making it a healing adventure work."
1176,primary,en-US,叛逆性百万亚瑟王,"""Hangyaku no Million Arthur"" adapts the same-name game. The story of six Arthurs. This work revolves around the rebellious Arthurs; the work features battle, fantasy, and ensemble, with gorgeous battle scenes. The growth and bonds of the Arthurs run throughout, making it an animation of the Million Arthur series."
1177,primary,en-US,虚空魔境,"""Radiant"" adapts the same-name manga. The adventure of boy Seth in the world of magic. The work features fantasy, adventure, and passion, with gorgeous battle scenes. Seth's growth and the bonds with his partners run throughout, making it a standard adventure work."
1178,primary,en-US,弦音 -风舞高中弓道部-,"""Tsurune: Kazemai Koukou Kyuudoubu"" adapts the same-name novel. The youth story of the boys in the archery club. The work features archery, youth, and ensemble, with a tranquil atmosphere. The training and bonds of the archery club are beautiful, making it a work of Kyoto Animation."
1179,primary,en-US,嫁给非人类,"This is a short anime telling the story of a girl marrying a non-human. The work features romance, comedy, and daily life, with short episodes and brisk pacing, showcasing the interactions with a non-human husband in light daily life, making it a stress-relieving short anime."
1180,primary,en-US,强风吹拂,"""Run with the Wind"" adapts Miura Shion's same-name novel. The members of the Kansei University dormitory challenge the Hakone Ekiden. The work features running, youth, and ensemble, with a passionate atmosphere. The running journey of the boys is moving, making it a solid sports work."
1181,primary,en-US,Thunderbolt Fantasy 东离剑游纪 2,"""Thunderbolt Fantasy: Seishi Kenbunki 2"" continues the series; the martial arts adventure of the swordsmen continues. This work revolves around a new conspiracy and a magic sword; the work features martial arts, puppet theater, and passion, with powerful puppet performances and a dramatic plot, making it a sequel of the Thunderbolt Fantasy series."
1182,primary,en-US,轩辕剑·苍之曜,"""Xuan-Yuan Sword: Luminary"" is a China-Japan co-production anime telling the battles in the world of the Xuan-Yuan Sword. This work revolves around the power of the Luminary; the work features xianxia, battle, and passion, with gorgeous battle scenes. The growth and bonds of the characters run throughout, making it an animation of the Xuan-Yuan Sword series."
1183,primary,en-US,喂，看见耳朵啦,"This is a short anime telling the daily life of a cat-eared boy and a human. The work features moe, daily life, and healing, with cute art and short episodes, showcasing the interactions of the cat-eared boy in light daily life, making it a stress-relieving short anime."
1184,primary,en-US,恋爱幕末男友外传～在时空的彼方盛开之恋～,"This adapts the same-name game. The romance between a girl who travels through time and the patriots of the end of the Edo period. The work features romance, time travel, and ensemble, with a gorgeous atmosphere. The interactions between the girl and the patriots are romantic, making it an otome anime."
1185,primary,en-US,狐狸之声,"This is a China-Japan co-production anime telling the story of the boys in music. This work revolves around music and dreams; the work features music, youth, and ensemble, with a youthful atmosphere. The songs and growth of the characters are moving, making it a co-production work."
1186,primary,en-US,钱进球场 第二季,"""Gurazeni"" Season 2 continues the first season; the baseball workplace of Natsunosuke Bonda continues. This work Bonda's realism on the baseball field remains a highlight; the work features baseball, workplace, and snark, depicting the realistic baseball world from the perspective of a pro player, making it a unique baseball work."
1187,primary,en-US,宇宙战舰大和号2202 爱的战士们,"""Space Battleship Yamato 2202: Warriors of Love"" is a remake sequel of Space Battleship Yamato; the battles of the Yamato continue. This work revolves around the warriors of love and a new threat; the work features mecha battles, war, and ensemble, with gorgeous battle scenes. The adventure of the Yamato is powerful, making it a sequel of the Space Battleship Yamato series."
1188,primary,en-US,逆转裁判 第二季,"""Ace Attorney"" Season 2 continues the series; the courtroom battles of lawyer Ryuichi Naruhodo continue. This work Naruhodo reveals the truth in court and duels with prosecutors; the work features court, deduction, and passion, with a plot full of twists. Naruhodo's debates are exciting, making it an animation of the Ace Attorney series."
1189,primary,en-US,彼时彼女,"This is a short anime telling the daily life of the girls. The work features daily life, healing, and ensemble, with refined art and a tranquil atmosphere, showcasing the emotions of the girls in light daily life, making it a short yet warm work."
1190,primary,en-US,妖精的尾巴 最终季,"""Fairy Tail: Final Series"" is the concluding arc of Fairy Tail; the adventure of Natsu and his partners reaches its finale. This work revolves around the final battle and the history of the guild; the work features passionate battles, partner bonds, and the magic world, with gorgeous battle scenes. The farewell of Natsu and his partners is moving, making it a satisfying conclusion of the Fairy Tail series."
1191,primary,en-US,末班车后、在胶囊旅馆里、向上司传递微热的夜晚,"This is a short adult-oriented anime telling the romance between an OL and her boss after the last train. The work features romance, adult themes, and daily life, with an ambiguous atmosphere and tense interactions, making it an adult-oriented romance work."
1192,primary,en-US,苍天之拳 REGENESIS 第二季,"""Fist of the Blue Sky: Regenesis"" Season 2 continues the first season; Kenshiro's Hokuto Shinken battles continue. This work Kenshiro grows through duels with powerful enemies; the work features martial arts, passion, and history, with gorgeous battle scenes. Kenshiro's fist techniques are powerful, making it a prequel of the Hokuto no Ken series."
1193,primary,en-US,能继续奔跑下去真是太好了。,"This is a short anime telling the story of a girl running. The work features sports, youth, and healing, with a fresh art style and a warm atmosphere, showcasing the girl's growth through running, making it a short yet inspirational work."
1194,primary,en-US,Ingress,"""Ingress"" adapts the same-name game, telling the adventure of a boy in the real and virtual worlds. This work revolves around the mystery of Ingress; the work features sci-fi, suspense, and ensemble, with a tense atmosphere. The adventure of the boys and the truth of the world unfold layer by layer, making it a uniquely styled work."
1195,primary,en-US,大人的防具店,"""Otona no Bouguya-san"" is a short anime telling the funny daily life of an armor shop. The work features comedy, parody, and daily life, with short episodes and dense jokes, showcasing various absurd stories in the armor shop setting, making it a stress-relieving short anime."
1196,primary,en-US,欢迎光临千岁酱,"This is a short anime telling the daily life of otter Chitose-chan at a hot spring inn. The work features cute pets, daily life, and healing, with soft cute art and a light atmosphere. Chitose-chan's cute behavior brings knowing smiles, making it a healing short anime."
1197,primary,en-US,爆钓王,"This adapts the same-name game, telling the exciting fishing adventure of the boys. The protagonists embark on adventures through fishing; the work features fishing, adventure, and passion, with a light atmosphere. The fishing duels are fun, making it suitable for young viewers."
1198,primary,en-US,魔偶马戏团,"""Karakuri Circus"" adapts Kazuhiro Fujita's same-name manga. The battles of boy Masaru Saiga and the puppet masters. The work features passion, battle, and ensemble, with a heavy atmosphere. Masaru's growth and the truth of the puppets unfold layer by layer, making it a hardcore fantasy work."
1199,primary,en-US,名侦探柯南 零的执行人,"""Detective Conan: Zero the Enforcer"" is a movie of Detective Conan; the actions of Conan and Amuro. This work revolves around an explosion incident and Zero the Enforcer; the work features deduction, action, and suspense, with a tense atmosphere. The duels between Conan and Amuro are highlights, making it a highly popular movie of the Conan series."
1200,primary,en-US,我想吃掉你的胰脏,"""I Want to Eat Your Pancreas"" is a movie anime telling the story of a boy and a girl. Self-destructive boy meets girl Sakura with a pancreatic disease; the work features romance, youth, and tears, with exquisite visuals. The bond between the two is moving, making it a deeply touching work."
1201,primary,en-US,圣斗士星矢 圣斗少女翔,"""Saint Seiya: Saintia Sho"" is an anime of the Saint Seiya series, telling the battles of the Saintia girls. This work revolves around the story of Saintia Sho and the Gold Saints; the work features Saint Seiya, battle, and ensemble, with gorgeous battle scenes. Sho's growth is moving, making it a spin-off of the Saint Seiya series."
1202,primary,en-US,K SEVEN STORIES Episode 1「R:b ～BLAZE～」,"""K SEVEN STORIES Episode 1: R:b - BLAZE -"" is a movie of the K series, telling the story of the Red King. This work revolves around the past of Tatara Totsuka and Mikoto Suoh; the work features psychic battle, ensemble, and pathos, with gorgeous visuals. The fate of the King is full of tension, making it a movie of the K series."
1203,primary,en-US,K SEVEN STORIES Episode 2「SIDE:BLUE ～犹如天狼～」,"""K SEVEN STORIES Episode 2: SIDE:BLUE - Like Sirius -"" is a movie of the K series, telling the story of the Blue King. This work revolves around the past of Reisi Munakata; the work features psychic battle, ensemble, and pathos, with gorgeous visuals. The conviction of the King is full of tension, making it a movie of the K series."
1204,primary,en-US,K SEVEN STORIES Episode 3「SIDE:GREEN ～覆写世界～」,"""K SEVEN STORIES Episode 3: SIDE:GREEN - Overwriting World -"" is a movie of the K series, telling the story of the Green King. This work revolves around the actions of the Green Clan; the work features psychic battle, ensemble, and pathos, with gorgeous visuals. The will of the King is full of tension, making it a movie of the K series."
1205,primary,en-US,K SEVEN STORIES Episode4「Lost Small World ∼牢笼的彼端∼」,"""K SEVEN STORIES Episode 4: Lost Small World - The Other Side of the Cage -"" is a movie of the K series, telling the story of the boys. This work revolves around the past of Saruhiko Fushimi and Misaki Yata; the work features psychic battle, ensemble, and pathos, with gorgeous visuals. The bonds of the boys are full of tension, making it a movie of the K series."
1206,primary,en-US,剧场版 精灵宝可梦 大家的故事,"""Pokemon the Movie: The Power of Us"" is a Pokemon animation movie; the adventure of Satoshi and Pikachu in Fura City. This work revolves around the bonds between Pokemon and humans; the work features adventure, battle, and bonds, with gorgeous battle scenes. The deep feelings between Pokemon are moving, making it a movie of the Pokemon series."
1207,primary,en-US,闪电十一人 俄里翁的刻印,"""Inazuma Eleven: Orion no Kokuin"" continues the series; the soccer battles of the boys continue. This work revolves around the mark of Orion; the work features soccer, passion, and psychic powers, with gorgeous match scenes. The characters' special moves are powerful, making it a sequel of the Inazuma Eleven series."
1208,primary,en-US,家有女友,"""Domestic Girlfriend"" adapts the same-name manga. The love story of boy Natsuo Fujii and the two sisters. The complex relationship of Natsuo and the sisters unfolds after his heartbreak; the work features romance, daily life, and emotional entanglement, with an ambiguous atmosphere. Natsuo's love lines are full of tension, making it an adult-oriented romance work."
1209,primary,en-US,魔法少女特殊战明日香,"""Magical Girl Spec-Ops Asuka"" adapts the same-name manga. The magical girls fight in a special operations unit after their battles against Disbeas. The work features magical girls, battle, and darkness, with a heavy atmosphere. Asuka's psychological trauma and battles are full of tension, making it a hardcore work."
1210,primary,en-US,辉夜大小姐想让我告白～天才们的恋爱头脑战～,"""Kaguya-sama: Love is War"" adapts the same-name manga. The love brain battle between genius student council president Miyuki Shirogane and vice president Kaguya Shinomiya. Both want the other to confess first and engage in various psychological games; the work features romance, comedy, and brain battles, with exaggerated performances and dense jokes, making it a highly acclaimed romantic comedy of recent years."
1211,primary,en-US,Endro~！,"""Endro~!"" is an original anime telling the adventure of the heroine girls. In a world after the Demon King was defeated, the daily life of the heroines at school; the work features fantasy, daily life, and comedy, with cute art and a light atmosphere. The interactions between the girls are full of moe, making it a light healing work."
1212,primary,en-US,粉彩回忆,"""Pastel Memories"" adapts the same-name game. The story of the girls in Akihabara. The work features daily life, healing, and ensemble, with cute art and a light atmosphere, showcasing the interactions of the girls in light daily life, making it a stress-relieving work."
1213,primary,en-US,W'Z,"""W'z"" is a short anime telling the story of boys and girls in the city. The work features daily life, youth, and ensemble, with a tranquil atmosphere. The emotions of the characters are delicate, making it a uniquely styled work."
1214,primary,en-US,忧郁的物怪庵 续,"""The Morose Mononokean"" (Sequel) continues the first season; the youkai story of Hanashiro and Abeno continues. This work new youkai and incidents appear; the work features youkai, daily life, and healing. The partnership interactions between Hanashiro and Abeno are fun, with a warm atmosphere, making it a healing youkai story."
1215,primary,en-US,天使降临到了我身边！,"""Wataten!: An Angel Flew Down to Me"" adapts the same-name manga. The encounter between shy college student Hinata and elementary school student Hinata Hoshino. The work features daily life, healing, and yuri; Hinata's obsession with Hinata is full of moe, with cute art and a warm atmosphere, making it a light healing daily work."
1216,primary,en-US,五等分的新娘,"""The Quintessential Quintuplets"" adapts the same-name manga. The romance between tutor Fuutarou Uesugi and the quintuplet sisters. The work features romance, school, and comedy; the interactions between Fuutarou and the quintuplets are full of comedy, with a light atmosphere, making it a joyful romantic comedy."
1217,primary,en-US,格林笔记,"""Grimms Notes the Animation"" adapts the same-name game. In the world of fairy tale books, the boys adventure in the stories of the books. The work features fairy tales, adventure, and ensemble, with a light atmosphere. The adventures of the characters are fun, making it a standard new-generation light novel adaptation."
1218,primary,en-US,笑容的代价,"""The Price of Smiles"" is an original anime telling the battles of a princess and a girl. The growth of Princess Yuki and soldier Stella in war; the work features war, mecha battles, and ensemble, with a heavy atmosphere. The fates of the characters are full of tension, making it a hardcore work."
1219,primary,en-US,迷你刀使,"""Mini Toji"" is a short anime of Katana Maidens; the Q-version daily life of the shrine maidens. The work features battle, comedy, and daily life, with cute art and short episodes, showcasing the interactions of the shrine maidens in light daily life, making it a side story of the Katana Maidens series."
1220,primary,en-US,盾之勇者成名录,"""The Rising of the Shield Hero"" adapts the same-name light novel. Naofumi Iwatani, summoned to another world, becomes the Shield Hero. The work features isekai, darkness, and growth; Naofumi's growth from betrayal to rebirth is a highlight, with gorgeous battle scenes. Naofumi's persistence is moving, making it a representative work of the isekai genre."
1221,primary,en-US,飞翔吧！战机少女,"""Girly Air Force"" adapts the same-name manga. The girls and the anthropomorphized fighters such as F-15 fight. The work features sci-fi, battle, and ensemble, with gorgeous battle scenes. The interactions between the characters are fun, making it a uniquely styled work."
1222,primary,en-US,狂赌之渊××,"""Kakegurui XX"" continues the first season; Yumeko Jabami's gambling continues. This work Yumeko engages in psychological battles in new gambles; the work features gambling, psychological games, and madness, with Yumeko's gambling style stunning. The exaggerated art and eerie atmosphere continue, making it a uniquely styled work."
1223,primary,en-US,烟草,"""Kemurikusa"" is an original anime telling the battles of the girls in the world of tobacco plants. The adventure of Wakaba and the girls in the mist; the work features sci-fi, battle, and suspense, with a unique atmosphere. The truth of the girls unfolds layer by layer, making it a cold-styled work."
1224,primary,en-US,同居人时而在腿上、时而跑到脑袋上,"""My Roommate is a Cat"" adapts the same-name manga. The daily life of novelist Subaru Mikazuki and cat Haru. The work features cute pets, daily life, and healing; the interactions between Subaru and the cat are warm, with soft cute art and a warm atmosphere, making it a healing daily work."
1225,primary,en-US,灵能百分百 第二季,"""Mob Psycho 100 II"" continues the first season; the growth of Shigeo Kageyama continues. This work Mob faces new supernatural incidents and inner struggles; the work features psychic powers, battle, and growth, with gorgeous battle scenes. Mob's growth is moving, making it a passionate work with depth."
1226,primary,en-US,荒野的寿飞行队,"""The Magnificent Kotobuki"" is an original anime telling the battles of the girls piloting fighter planes. The work features aerial battles, passion, and ensemble, with gorgeous 3DCG aerial scenes. The battles and bonds of the girls run throughout, making it a powerful work."
1227,primary,en-US,玛纳利亚的密友,"""Mysteria Friends"" is a spin-off anime of Rage of Bahamut, telling the daily life of the girls at Mysteria Academy. The work features fantasy, daily life, and yuri, with refined art and a light atmosphere. The interactions between the girls are full of moe, making it a side story of the Bahamut series."
1228,primary,en-US,笨拙之极的上野,"""Ueno-san wa Bukiyou"" adapts the same-name manga. Science club president Ueno uses inventions to confess to the vice president. The work features comedy, daily life, and romance; Ueno's clumsy confessions are full of comedy, with a light atmosphere, making it a hilarious daily comedy."
1229,primary,en-US,BanG Dream! 第二季,"""BanG Dream!"" Season 2 continues the first season; the story of the girl bands continues. This work new bands and stages appear, with the girls continuing to grow through music; the work features music, youth, and ensemble, with moving songs and infectious performance scenes, making it a sequel of the BanG Dream project."
1230,primary,en-US,约定的梦幻岛,"""The Promised Neverland"" adapts the same-name manga. At an orphanage, the children discover they are feed for demons. The work features suspense, survival, and passion; the children embark on a thrilling adventure in the process of escaping. The atmosphere is tense, and the intelligence and courage of the characters are highlights, making it a critically acclaimed work of recent years."
1231,primary,en-US,雨色可可 side G,"""Rainy Cocoa side G"" is an anime of the Rainy Cocoa series; the daily life of the cafe continues. This work revolves around new characters; the work features healing, daily life, and coffee, with a fresh art style and tranquil atmosphere, making it a healing work suitable for relaxed viewing."
1232,primary,en-US,约会大作战 第三季,"""Date A Live III"" continues the series; the dates of Shidou Itsuka and the spirits continue. This work new spirits and crises appear, with Shidou sealing the power of the spirits through dates; the work features romance, battle, and harem, with gorgeous battle scenes. The interactions between Shidou and the spirits are full of sweetness, making it a sequel of the Date A Live series."
1233,primary,en-US,明治东京恋伽,"""Meiji Tokyo Renka"" adapts the same-name game. A girl travels through time to Meiji-era Tokyo. The work features romance, time travel, and history, with an elegant atmosphere. The romantic interactions between the girl and the great men of the Meiji era, making it an otome anime."
1234,primary,en-US,B-PROJECT～绝顶＊Emotion～,"""B-PROJECT: Zecchou*Emotion"" continues the series; the story of idol group B-PROJECT continues. This work the boys meet new challenges on the idol stage; the work features music, idols, and ensemble, with gorgeous songs and stage performances. Each character has its own charm, making it a female-oriented idol anime."
1235,primary,en-US,兽娘动物园2,"""Kemono Friends 2"" continues the first season; the adventure of the animal girls continues. This work new animal girls and stages appear; the work features moe, adventure, and healing, with a unique art style and warm atmosphere. The bonds between the animal girls are moving, making it a sequel of the Kemono Friends series."
1236,primary,en-US,环战公主 CIRCLET PRINCESS,"""Circlet Princess"" adapts the same-name game. The battles of the girls in the VR competition Circlet Bout. The work features competition, school, and ensemble, with gorgeous battle scenes. The growth and bonds of the girls run throughout, making it a game adaptation."
1237,primary,en-US,不吉波普不笑,"""Boogiepop and Others"" adapts the same-name light novel. In the darkness of the city, the existence of mysterious girl Boogiepop. The work features suspense, sci-fi, and ensemble, with a multi-line narrative that is charming. The story of Boogiepop unfolds layer by layer, making it a uniquely styled work."
1238,primary,en-US,噬血狂袭 III,"""Strike the Blood III"" continues the series; the vampire battles of Kojou Akatsuki continue. This work the bond between Kojou and Yukina Himeragi deepens further; the work features vampires, battle, and harem, with gorgeous battle scenes. Fan-service and passion coexist, making it a spin-off of the Strike the Blood series."
1239,primary,en-US,多罗罗,"""Dororo"" adapts Osamu Tezuka's manga. Boy Hyakkimaru, whose body organs were taken by demons, fights to reclaim his body. The work features period drama, battle, and darkness, with a heavy atmosphere. The bond between Hyakkimaru and Dororo runs throughout, making it a modern interpretation of Tezuka's masterpiece."
1240,primary,en-US,侦探歌剧 少女福尔摩斯 心灵的问候,"""Detective Opera: Milky Holmes"" (Kokoro no Kokuhaku) is an OVA of the Detective Opera series; a daily side story of the girl detectives. This work focuses on light daily life; the work features detectives, comedy, and daily life, with a light atmosphere. The interactions between the girls are full of comedy, making it a side story of the Milky Holmes series."
1241,primary,en-US,临死！！江古田,"""Rinshi!! Ekoda-chan"" adapts the same-name manga. The strange daily life of heroine Ekoda-chan. The work features comedy, daily life, and wild imagination, with diverse episodic stories. Ekoda-chan's daily life is full of absurdity, making it a uniquely styled work."
1242,primary,en-US,3D彼女 第二季,"""3D Kanojo: Real Girl"" Season 2 continues the first season; the romance of Hikari Tsutsui and Iroha Igarashi continues. This work the love of the two develops further; the work features romance, youth, and daily life, with a warm atmosphere. The interactions between Hikari and Iroha are delicate and moving, making it a sequel of the 3D Kanojo series."
1243,primary,en-US,虚拟小姐在看着你,"This is a short anime telling the daily life of virtual YouTubers. The work features virtual idols, comedy, and daily life, with cute art and short episodes, showcasing the lives of the virtual streamers in light daily life, making it a stress-relieving short anime."
1244,primary,en-US,涩谷保卫战,"This adapts the same-name game, telling the battles of the boys in Shibuya. This work revolves around the crisis of Shibuya; the work features battle, passion, and ensemble, with gorgeous battle scenes. The growth and bonds of the boys run throughout, making it a game adaptation."
1245,primary,en-US,君主·埃尔梅罗二世事件簿 魔眼收集列车 Grace note,"""Lord El-Melloi II's Case Files: Rail Zeppelin Grace Note"" is an anime of the Fate series, telling the deductions of Lord El-Melloi II. This work El-Melloi II solves cases on the magic eye collecting train; the work features the Fate worldview, deduction, and ensemble, with an elegant atmosphere. El-Melloi II's deductions are charming, making it a spin-off of the Fate series."
1246,primary,en-US,剧场版 七大罪 天空的囚人,"""The Seven Deadly Sins Movie: Prisoners of the Sky"" is a movie of The Seven Deadly Sins; the adventure of Meliodas and his partners. This work revolves around the prisoners of the sky; the work features fantasy adventure, passionate battles, and partner bonds, with gorgeous battle scenes. The bonds between the characters run throughout, making it a movie of the Seven Deadly Sins series."
1247,primary,en-US,一骑当千 Western Wolves,"""Ikki Tousen: Western Wolves"" continues the series; the battles of the fighter girls continue. This work revolves around new battles; the work features battle, fan-service, and ensemble, with gorgeous battle scenes. The duels of the girls are powerful, making it a sequel of the Ikki Tousen series."
1248,primary,en-US,就算是爸爸、也想做,"This is a short adult-oriented anime telling the taboo romance between a father and daughter. The work features romance, adult themes, and daily life, with an ambiguous atmosphere and tense interactions, making it an adult-oriented romance work."
1249,primary,en-US,剧场版Infini-T Force 飞鹰侠 再见了朋友,"""Infini-T Force Movie: Gatchaman - Farewell, Friend"" is a movie of Infini-T Force; the final battle of the heroes. This work revolves around the farewell between Gatchaman and his partners; the work features heroes, battle, and ensemble, with gorgeous battle scenes. The bonds of the heroes are moving, making it a movie of the Infini-T Force series."
1250,primary,en-US,哥斯拉 噬星者,"""Godzilla: The Planet Eater"" is a Godzilla series movie; the final battle between humanity and Godzilla. This work humanity carries out the final battle before the fate of the planet; the work features sci-fi, battle, and ensemble, with gorgeous 3DCG visuals. The struggle of humanity and the threat of Godzilla are full of tension, making it a movie of the Godzilla series."
1251,primary,en-US,红白黑黄 第六季,"""RWBY"" Volume 6 is the sixth season of the RWBY series; the battles of the girls against the Grimm continue. This work revolves around the fall chapter and a new crisis; the work features battle, ensemble, and fantasy, with gorgeous action scenes. The growth and bonds of the characters run throughout, making it a sequel of the RWBY series."
1252,primary,en-US,齐木楠雄的灾难 完结篇,"""The Disastrous Life of Saiki K.: Final Arc"" continues the series; the daily life of psychic Kusuo Saiki reaches its conclusion. This work Saiki still longs for a peaceful life but is troubled by constant disturbances; the work features comedy, snark, and psychic powers. The contrast between Saiki's inner monologue and the absurd behavior of those around him creates dense jokes, making it the conclusion of the Saiki K. series."
1253,primary,en-US,K SEVEN STORIES Episode 5「红之记忆 ～BURN～」,"""K SEVEN STORIES Episode 5: Memory of Red - BURN -"" is a movie of the K series, telling the memories of the Red King. This work revolves around the story of Mikoto Suoh and the Red Clan; the work features psychic battle, ensemble, and pathos, with gorgeous visuals. The fate of the King is full of tension, making it a movie of the K series."
1254,primary,en-US,草裙舞女孩,"This is a short anime telling the daily life of the hula dancing girls. The work features dance, daily life, and healing, with refined art and a warm atmosphere, showcasing the charm of hula dancing in light daily life, making it a light healing short anime."
1255,primary,en-US,百慕大三角～Colorful Pastrale～,"This adapts the same-name project, telling the story of the mermaid girls. The work features daily life, healing, and music, with refined art and a tranquil atmosphere, showcasing the interactions of the mermaid girls in light daily life, making it a light healing work."
1256,primary,en-US,埃罗芒阿老师 OVA,"""Eromanga Sensei OVA"" is an OVA of Eromanga Sensei; a daily side story of Masamune Izumi and Sagiri. This work focuses on light daily life; the work features the light novel industry, comedy, and sibling love, with a light atmosphere. The interactions between the siblings are full of moe, making it a side story of the Eromanga Sensei series."
1257,primary,en-US,未来的未来,"""Mirai"" is Mamoru Hosoda's movie anime, telling the story of boy Kun and his little sister Mirai. Kun experiences the troubles of growing up after his sister is born and gradually grows through a strange time journey; the work features family, growth, and fantasy, with exquisite visuals. Kun's growth is moving, making it a warm work."
1258,primary,en-US,恋爱禁止的世界 OAD,"""Love and Lies OAD"" is an OVA of Love and Lies; a romance side story of Yukari Nejima. This work focuses on light daily life; the work features romance, sci-fi, and youth, with a light atmosphere. Nejima's love lines are highlights, making it a side story of the Love and Lies series."
1259,primary,en-US,企鹅公路,"""Penguin Highway"" adapts the same-name novel, telling the adventure of a boy and mysterious penguins. Boy Aoyama, while researching the mystery of the penguins' appearance, meets a mysterious older sister; the work features fantasy, adventure, and growth, with exquisite visuals. Aoyama's exploration and the mysteries of the world are imaginative, making it a work full of childlike fun."
1260,primary,en-US,钢琴之森 第二季,"""Piano no Mori"" Season 2 continues the first season; the piano story of Kai Ichinose continues. This work Kai meets new challenges on the path of music; the work features music, youth, and growth, with beautiful piano performance scenes. Kai's growth is moving, making it a work full of artistic atmosphere."
1261,primary,en-US,Star☆Twinkle 光之美少女,"""Star Twinkle PreCure"" is a Pretty Cure series anime; the girls fight with the power of stars. This work the girls grow while fighting cosmic enemies; the work features magical girls, battle, and daily life, with gorgeous transformation and battle scenes. The bonds between the characters are warm and moving, making it a girls' magical girl anime."
1262,primary,en-US,我的英雄学院 两位英雄,"""My Hero Academia: Two Heroes"" is a movie of My Hero Academia; the battles of Izuku Midoriya and All Might. This work revolves around the encounter of the two heroes; the work features heroes, passion, and growth, with gorgeous battle scenes. The bond between Deku and All Might is moving, making it a movie of the My Hero Academia series."
1263,primary,en-US,阿拉涅的虫笼,"This is an original anime telling the battles of a girl and mysterious creatures. The work features sci-fi, suspense, and ensemble, with an eerie atmosphere. The truth of the girl unfolds layer by layer, making it a uniquely styled work."
1264,primary,en-US,龙珠超 布罗利,"""Dragon Ball Super: Broly"" is a movie of Dragon Ball Super; the duel between Goku and the legendary Saiyan Broly. This work revolves around Broly's past and the fierce battle; the work features martial arts, passion, and ensemble, with gorgeous and stunning battle scenes. Goku's growth is exciting, making it a movie of the Dragon Ball series."
1265,primary,en-US,鲁邦三世 再见搭档,"""Lupin III: Goodbye Partner"" is a movie of Lupin III; the adventure of phantom thief Lupin. This work the actions of Lupin and his partners unfold; the work features phantom thieves, adventure, and comedy, with an art style full of period flavor. Lupin's wit and charm are captivating, making it a movie of the Lupin series."
1266,primary,en-US,续·终物语,"""Zoku Owarimonogatari"" is a Monogatari series anime; the story of Araragi Koyomi continues. This work revolves around the story after Araragi's graduation; the work is known for its unique dialogue style, extreme visual expression, and profound themes, with Araragi's choices full of depth, making it an important chapter of the Monogatari series."
1267,primary,en-US,剧场版 悠哉日常大王 Vacation,"""Non Non Biyori Vacation"" is a movie of Non Non Biyori; the summer vacation of the countryside girls. This work the girls' trip to Okinawa is warm; the work features healing, daily life, and countryside scenery, with a fresh art style and warm atmosphere, making it a representative work of healing daily anime."
1268,primary,en-US,新撰组异闻录 铁 ～友命～,"This continues the series; the story of the boys of the Shinsengumi continues. This work revolves around the battles of Tetsu and his partners; the work features history, battle, and ensemble, with a heavy atmosphere. The fates of the characters are full of tension, making it a work full of period atmosphere."
1269,primary,en-US,爱、死亡 & 机器人,"""Love, Death & Robots"" is an anthology anime on Netflix, telling various sci-fi and horror stories in episodic format. The work features imagination, horror, and philosophy; each episode has a different art style and subject matter, making it a diverse adult animation."
1270,primary,en-US,剧场版 窈窕淑女 后篇 ～花之东京大浪漫～,"""Haikara-san: Here Comes Miss Modern"" (Part 2) continues the previous part; the story of girl Benio continues. This work Benio's life and love in Tokyo reach a climax; the work features romance, history, and ensemble, with a retro and refined art style. Benio's growth is moving, making it a work full of period atmosphere."
1271,primary,en-US,剧场版 温泉屋的小老板娘,"""Okko's Inn"" adapts the same-name novel, telling the story of elementary school student Oriko becoming the young manager of a hot spring inn. Oriko's growth and adventures at the inn are warm; the work features daily life, healing, and growth, with a warm atmosphere. Oriko's resilience is moving, making it a healing work."
1272,primary,en-US,机动战士高达NT,"""Mobile Suit Gundam Narrative"" is a movie of the Gundam series, telling the story after Unicorn Gundam. This work revolves around the fate of the NT and the Unicorn; the work features mecha battles, passion, and ensemble, with gorgeous battle scenes. The fate of the NT boy is full of tension, making it a movie of the Gundam series."
1273,primary,en-US,剧场版 夏目友人帐 ～缘结空蝉～,"""Natsume's Book of Friends Movie: Utsusemi ni Musubu"" is a movie of Natsume's Book of Friends; the story of Natsume Takashi and the youkai. This work Natsume unfolds new encounters while returning the names of the youkai; the work features youkai, healing, and daily life, with a gentle atmosphere. The episodic stories warm the heart, making it a movie of the Natsume series."
1274,primary,en-US,偶像活动Friends ～闪耀的宝石～,"""Aikatsu Friends! Kagayaki no Jewel"" is an anime of the Aikatsu series; the idol life of the girls continues. This work the girls carry out activities on a new stage; the work features gorgeous stage performances, fashion coordination, and girls chasing dreams, with infectious song and dance scenes, making it a classic girls' idol anime series."
1275,primary,en-US,贤者之孙,"""Wise Man's Grandchild"" adapts the same-name light novel. Reincarnated boy Shin grows under the guidance of his sage grandfather and enters a magic academy. The work features isekai, light adventure, and harem, with Shin's power and gentleness charming, making it a standard isekai work."
1276,primary,en-US,我们真的学不来,"""We Never Learn"" adapts the same-name manga. Poor high school student Nariyuki Yuiga serves as the tutor of genius girls. The work features romance, school, and comedy; the interactions between Nariyuki and the genius girls are full of comedy, with a light atmosphere, making it a joyful romantic comedy."
1277,primary,en-US,绫镜少男 KING OF PRISM -Shiny Seven Stars,"""KING OF PRISM -Shiny Seven Stars-"" is a movie of the Prism series; the Prism performances of the boys. This work revolves around the dreams and duels of Prism; the work features music, competition, and ensemble, with gorgeous performance scenes. The dreams and bonds of the boys are moving, making it a movie of the Prism series."
1278,primary,en-US,为什么老师会在这里！？,"""Why the Hell are You Here, Teacher!?"" adapts the same-name manga. The unexpected romance between a high school boy and a female teacher. The work features romance, comedy, and fan-service; the interactions between the teacher and the student are full of comedy, with a light and ambiguous atmosphere, making it a hilarious romantic comedy."
1279,primary,en-US,异世界四重奏,"""Isekai Quartet"" is a crossover comedy anime gathering characters from multiple isekai works. The work features parody, snark, and ensemble; the anime creates comedy from the collision of the settings of various works, making it a hilarious comedy work."
1280,primary,en-US,一个人的○○小日子,"""Hitoribocchi no Marumaru Seikatsu"" adapts the same-name manga. Extremely shy girl Bocchi Hitori challenges making friends in middle school. The work features daily life, healing, and youth; Bocchi's efforts to make friends are full of moe, with cute art and a light atmosphere, making it a healing work."
1281,primary,en-US,川柳少女,"""Senryu Girl"" adapts the same-name manga. Girl Nanako Yukishiro expresses her feelings through senryu. The work features romance, daily life, and senryu; Nanako's senryu and the interactions with the male lead are fun, with a fresh art style and short episodes, making it a light healing work."
1282,primary,en-US,淫乱的青酱不能学习,"""Midara na Ao-chan wa Benkyou ga Dekinai"" adapts the same-name manga. Serious girl Ao fantasizes about boys. The work features romance, comedy, and daily life; Ao's fantasies and shyness are full of comedy, with a light atmosphere, making it a hilarious romantic comedy."
1283,primary,en-US,水果篮子 第一季,"""Fruits Basket"" (Season 1) adapts the same-name manga. The daily life of girl Tohru Honda at the Sohma family. The work features healing, ensemble, and fantasy; the anime depicts the curse of the zodiac and the girl's gentleness in detail. Tohru's kindness is moving, making it a re-animation of a classic."
1284,primary,en-US,贤惠幼妻仙狐小姐,"""The Helpful Fox Senko-san"" adapts the same-name manga. The daily life of corporate slave Nakano and fox girl Senko. The work features daily life, healing, and moe; Senko's gentleness and Nakano's fatigue create healing, with refined art and a warm atmosphere, making it a light healing work."
1285,primary,en-US,在世界尽头咏唱恋曲的少女YU-NO,"""YU-NO: A Girl Who Chants Love at the Bound of this World"" adapts the same-name game. Boy Takuya Arima's adventure in another world. This work Takuya pursues the truth in a world of time and space; the work features sci-fi, adventure, and suspense, with a unique atmosphere. Takuya's journey is full of mysteries, making it a classic remake."
1286,primary,en-US,消灭都市,"""Shoumetsu Toshi"" adapts the same-name game. A boy and a girl adventure in a vanished city. The work features sci-fi, adventure, and passion, with a unique atmosphere. The journey of the two and the truth unfold layer by layer, making it a game adaptation."
1287,primary,en-US,鬼灭之刃,"""Demon Slayer: Kimetsu no Yaiba"" adapts the same-name manga. After his family is killed, boy Tanjiro Kamado sets out on a journey with his sister Nezuko, who has become a demon. The work features passion, battle, and bonds; Tanjiro's determination for his sister is moving, with refined animation and gorgeous battle scenes, making it a phenomenal work of recent years."
1288,primary,en-US,超可动女孩1/6,"""Chou Kadou Girl 1/6"" adapts the same-name manga. The story of otaku Haruto Bouida and a beautiful doll girl. The work features romance, daily life, and comedy; the interactions between the doll girl and Haruto are full of comedy, with a light atmosphere, making it a unique otaku romance work."
1289,primary,en-US,女子高中生,"This adapts the same-name manga. The daily life of ordinary high school girls. The work features daily life, comedy, and snark; the campus life of the girls is full of comedy, with a light atmosphere, making it a daily work that brings knowing smiles."
1290,primary,en-US,信长老师的年幼妻子,"""Nobunaga-sensei no Osanazuma"" adapts the same-name manga. Middle school teacher Nobunaga and a young girl who claims to be Nobunaga. The work features daily life, comedy, and romance; the time-travel setting of the young wife is full of comedy, with a light atmosphere, making it a hilarious daily comedy."
1291,primary,en-US,Fairy gone,"""Fairy gone"" is an original anime telling the battles of a special agency that uses the power of fairies. Girl Mariya acts in the world after the Fairy War; the work features battle, ensemble, and fantasy, with gorgeous battle scenes. Mariya's growth and the truth of the world unfold layer by layer, making it a hardcore work."
1292,primary,en-US,RobiHachi,"""RobiHachi"" is an original anime telling the adventure of the boys in the galaxy. The journey of Robi and Hachi in space is fun; the work features sci-fi, adventure, and comedy, with a light atmosphere. The adventures of the two are full of comedy, making it a light and enjoyable work."
1293,primary,en-US,八十龟酱观察日记,"""Yatogame-chan Kansatsu Nikki"" adapts the same-name manga, telling the daily life of a boy and a Nagoya girl. The work features daily life and regional culture; the anime depicts Nagoya's culture humorously, and Yatogame-chan's dialect is charming, making it a stress-relieving short anime."
1294,primary,en-US,文豪野犬 第三季,"""Bungou Stray Dogs"" Season 3 continues the series; the ability battles of the Armed Detective Agency continue. This work revolves around Dazai's past and the conflict with the Port Mafia, with Nakajima Atsushi's growth deepening; the work features ability battles, literary figure anthropomorphization, and ensemble, with gorgeous battle scenes and well-rounded characters, making it a sequel of the Bungou Stray Dogs series."
1295,primary,en-US,一拳超人 第二季,"""One Punch Man"" Season 2 continues the first season; the battles of hero Saitama continue. This work revolves around new heroes and monsters; the work features passionate battles, comedy, and heroes. The thrill of Saitama solving enemies in one punch and the ensemble of various heroes complement each other, with gorgeous battle scenes, making it a highly influential work of recent years."
1296,primary,en-US,钻石王牌 act2,"""Ace of Diamond act II"" continues the series; the road of the baseball boys to Koshien continues. This work the battles of Eijun Sawamura and Seidou High unfold; the work features baseball, passion, and youth, with passionate match scenes. Sawamura's growth is moving, making it a classic of the baseball anime genre."
1297,primary,en-US,拾又之国,"This adapts the same-name manga. In a dangerous world of structures, boy Shiyuu embarks on adventures. The work features adventure, battle, and passion, with gorgeous battle scenes. Shiyuu's growth and bonds run throughout, making it a Chinese manga adaptation."
1298,primary,en-US,八月的灰姑娘棒球队,"""Cinderella Nine"" adapts the same-name game. The story of the girls in the high school baseball club. The work features baseball, youth, and ensemble, with a light atmosphere. The training and growth of the girls are full of vitality, making it a game adaptation."
1299,primary,en-US,强袭魔女 501部队起飞！,"""Strike Witches: 501st Joint Fighter Wing Take Off!"" is a Q-version anime of the Strike Witches series; the daily life of Unit 501. The work features battle, daily life, and comedy, with cute art and short episodes, showcasing the interactions of the witches in light daily life, making it a side story of the Strike Witches series."
1300,primary,en-US,皿三昧,"""Sarazanmai"" is an original anime telling the story of the boys unfolding through connections. The boys embark on an adventure guided by a mysterious existence; the work features fantasy, youth, and comedy, with a unique atmosphere. The bonds of the boys are full of tension, making it a uniquely styled work."
1301,primary,en-US,洗浴服务！～我和那家伙在女浴池！？～,"This is a short anime telling the encounter of a boy in the women's bath. The work features daily life, comedy, and fan-service, with short episodes and brisk pacing, making it a fan-service-centered short anime."
1302,primary,en-US,MIX：明青故事,"""MIX: Meisei Story"" adapts Mitsuru Adachi's same-name manga. The youth story of the baseball boys of Meisei Academy. The work features baseball, youth, and romance, with a warm atmosphere. The baseball and romance of the boys are charming, making it an animation of Adachi's work."
1303,primary,en-US,剧场版 七人魔法使 天空图书馆与真红的魔王,"""Trinity Seven Movie: The Sky Library and the Crimson Lord"" is a movie of Trinity Seven; the battles of Arata and the magic users. This work revolves around the Sky Library and the Crimson Lord; the work features magic, battle, and harem, with gorgeous battle scenes. The interactions between the characters are charming, making it a movie of the Trinity Seven series."
1304,primary,en-US,机动奥特曼,"""ULTRAMAN"" adapts the same-name manga. The battles of college student Shinjiro Hayata, who inherits the power of Ultraman. The work features tokusatsu, battle, and passion, with gorgeous 3DCG battle scenes. Shinjiro's growth is moving, making it a spin-off of the Ultraman series."
1305,primary,en-US,叛逆性百万亚瑟王 第二季,"""The Million Arthur"" Season 2 continues the first season; the battles of the six Arthurs continue. This work the adventure of the Arthurs and the truth of the world unfold further; the work features battle, fantasy, and ensemble, with gorgeous battle scenes, making it an animation of the Million Arthur series."
1306,primary,en-US,恋爱幕末男友外传～在时空的彼方盛开之恋～CRISIS,"""Renai Bakumatsu Kareshi: CRISIS"" continues the series; the romance between the girl and the patriots of the end of the Edo period continues. This work the fates of the girl and the patriots face crisis; the work features romance, time travel, and ensemble, with a gorgeous atmosphere, making it an otome anime."
1307,primary,en-US,一弦定音！,"""Kono Oto Tomare!"" adapts the same-name manga. The growth of delinquent Takezo Kurata in the koto club. The work features koto music, youth, and ensemble, with beautiful koto performance scenes. Takezo's growth in the koto club is moving, making it a work full of artistic atmosphere."
1308,primary,en-US,深夜的超自然公务员,"""Midnight Occult Civil Servants"" adapts the same-name manga. At the city hall at midnight, civil servant Arata Miyako handles supernatural incidents. The work features the supernatural, workplace, and daily life; Arata's night shift life is fun, with a unique atmosphere, making it a novel-styled work."
1309,primary,en-US,妖怪手表！,"""Yo-kai Watch!"" is a Yo-kai Watch series anime; boy Keita Amano's yo-kai adventure. This work the daily life and battles of Keita and his yo-kai partners continue; the work features yo-kai, adventure, and comedy, with a joyful atmosphere, making it a work of the Yo-kai Watch series."
1310,primary,en-US,CAROLE & TUESDAY,"""CAROLE & TUESDAY"" is an original anime telling the songs of two girls on Mars. The encounter and growth of Carole and Tuesday on the path of music; the work features music, youth, and ensemble, with moving songs. The dreams of the girls are moving, making it a work full of musical charm."
1311,primary,en-US,南无阿弥陀佛！-莲台 UTENA-,"""Namu Amida Butsu! Rendai UTENA"" adapts the same-name game. The Buddhas protect humanity while fighting the incarnations of troubles. The work features Buddhist anthropomorphization, battle, and ensemble, with refined art. The battles of the Buddhas are charming, making it a game adaptation."
1312,primary,en-US,小英雄-蟹和蛋和透明人-,"This is a short anime telling the stories of three small tales. The work features fantasy, healing, and episodic stories, with unique art and a tranquil atmosphere, showcasing warmth in short stories, making it a uniquely styled work."
1313,primary,en-US,进击的巨人 第三季 Part.2,"""Attack on Titan"" Season 3 Part 2 continues the series; the battles of Eren and the Survey Corps reach a climax. This work revolves around the recapture of Wall Maria and the truth of the Titans; the work features battle, suspense, and despair, with high-quality production. The threat of the Titans and humanity's struggle are full of tension, making it an important chapter of the Attack on Titan series."
1314,primary,en-US,灰色：幻影扳机 THE ANIMATION,"""Grisaia: Phantom Trigger THE ANIMATION"" is an anime of the Grisaia series; the battles of the special agent girls. The growth and missions of the girls at the training school; the work features battle, school, and ensemble, with gorgeous battle scenes. The bonds of the girls run throughout, making it a spin-off of the Grisaia series."
1315,primary,en-US,甲铁城的卡巴内利～海门决战～,"""Kabaneri of the Iron Fortress: The Battle of Unato"" is a movie of Kabaneri of the Iron Fortress; the new battles of Ikoma and Mumei. This work revolves around the Battle of Unato; the work features steampunk, zombies, and passion, with gorgeous battle scenes. The bond between Ikoma and Mumei runs throughout, making it a movie of Kabaneri."
1316,primary,en-US,裤袜视界,"""Miru Tights"" is a short anime telling the story of the girls and tights. The work features fan-service, daily life, and literary atmosphere, with refined art and a unique atmosphere, showcasing the girls' lives from the perspective of tights, making it a uniquely styled short anime."
1317,primary,en-US,怪兽娘（黑）～奥特怪兽拟人化计划～,"""Kaiju Girls (Black)"" is an anime of the Kaiju Girls series; the daily life of the monster girls. The work features monster anthropomorphization, daily life, and comedy, with cute art and short episodes, showcasing the interactions of the monster girls in light daily life, making it a spin-off of the Ultraman series."
1318,primary,en-US,Re：从零开始的异世界生活 雪之回忆,"""Re:Zero kara Hajimeru Isekai Seikatsu: Memory Snow"" is an OVA of Re:Zero; the snow memory of Subaru Natsuki and Emilia. This work focuses on warm daily life; the work features isekai, suspense, and healing, with a warm atmosphere. The interactions between Subaru and Emilia are moving, making it a side story of the Re:Zero series."
1319,primary,en-US,关于我女友是个一本正经的碧池这件事 OAD,"This is an OAD of the series; a romance side story of a high school student and his girlfriend. This work focuses on light daily life; the work features romance, adult themes, and comedy, with a light and ambiguous atmosphere, making it an adult-oriented romance work."
1320,primary,en-US,魔法少女奈叶 Detonation,"""Magical Girl Lyrical Nanoha Detonation"" is a movie of Magical Girl Lyrical Nanoha; the battles of Nanoha and her partners reach a climax. This work revolves around a new enemy and calamity; the work features magical girls, battle, and bonds, with gorgeous battle scenes. Nanoha's growth is moving, making it a movie of the Nanoha series."
1321,primary,en-US,剧场版 王室教师海涅,"""The Royal Tutor Movie"" is a movie of The Royal Tutor; the daily life of Heine and the princes. This work focuses on light daily life; the work features education, comedy, and daily life. Heine's wisdom and the princes' growth are highlights, with a light and warm atmosphere, making it a movie of The Royal Tutor series."
1322,primary,en-US,即使明天世界终结,"This is a movie anime telling the story of a boy and a girl from another world. Boy Shin meets a girl from another world and embarks on an adventure about two worlds; the work features romance, sci-fi, and pathos, with a heavy atmosphere. The bond of the two is moving, making it an impactful work."
1323,primary,en-US,LoveLive! Sunshine!! 学园偶像 电影 彩虹彼端,"""Love Live! Sunshine!! The School Idol Movie: Over the Rainbow"" is a movie of Love Live! Sunshine!!; the idols of Uranohoshi Girls' High School. This work the girls welcome a new chapter on the path of idols; the work features music, chasing dreams, and ensemble, with moving songs and gorgeous stage performances. The friendship and dreams of the girls are moving, making it a movie of the Love Live series."
1324,primary,en-US,剧场版 在地下城寻求邂逅是否搞错了什么 -俄里翁之矢-,"""Is It Wrong to Try to Pick Up Girls in a Dungeon?: Arrow of the Orion"" is a movie of DanMachi; the story of Bell and Ais. This work revolves around the Arrow of the Orion; the work features fantasy, adventure, and battle, with gorgeous battle scenes. Bell's growth is moving, making it a movie of the DanMachi series."
1325,primary,en-US,LAIDBACKERS,"""LAIDBACKERS"" is a movie anime telling the story of the heroes in modern Japan. The heroes who crossed over from another world live in the modern city; the work features fantasy, comedy, and ensemble, with a light atmosphere. The contrast between the heroes and modern society is full of comedy, making it a joyful work."
1326,primary,en-US,哆啦A梦：大雄的月球探险记,"""Doraemon the Movie: Nobita's Chronicle of the Moon Exploration"" is a movie of Doraemon; the adventure of Nobita and his party on the moon. This work revolves around the secret of the far side of the moon; Nobita and Doraemon embark on a great adventure on the moon. The work features adventure, sci-fi, and friendship, with a joyful atmosphere and a moving ending, making it a movie of the Doraemon series."
1327,primary,en-US,剧场版 Fate/stay night [Heaven's Feel] II.lost butterfly,"""Fate/stay night [Heaven's Feel] II. lost butterfly"" is a movie of the Fate series; the story of Sakura Matou continues. This work the relationship between Sakura and Shirou Emiya unfolds further; the work features the Fate worldview, battle, and darkness, with gorgeous battle scenes. Sakura's tragic fate is full of tension, making it the second part of the Heaven's Feel route."
1328,primary,en-US,剧场版 幼女战记,"""Saga of Tanya the Evil: The Movie"" is a movie of Saga of Tanya the Evil; Tanya's battles in war. This work revolves around a new battle situation; the work features war, reincarnation, and black humor, with gorgeous war scenes. Tanya's calm and mad fighting style is charming, making it a movie of the Saga of Tanya the Evil series."
1329,primary,en-US,心理测量者 Sinners of the System Case.1 罪与罚,"""Psycho-Pass: Sinners of the System Case.1 - Crime and Punishment"" is a movie of Psycho-Pass; the story of an Enforcer. This work revolves around the punishment of crime and the truth of the Sibyl System; the work features sci-fi, suspense, and ensemble, with a heavy atmosphere, making it a hardcore sci-fi work."
1330,primary,en-US,心理测量者 Sinners of the System Case.2 First Guardian,"""Psycho-Pass: Sinners of the System Case.2 - First Guardian"" is a movie of Psycho-Pass, telling the story of Inspector Sugou. This work revolves around a new case; the work features sci-fi, suspense, and ensemble, with a heavy atmosphere, making it a hardcore sci-fi work."
1331,primary,en-US,心理测量者 Sinners of the System Case.3 在恩怨的彼方＿＿,"""Psycho-Pass: Sinners of the System Case.3 - On the Other Side of Love and Hate"" is a movie of Psycho-Pass, telling the story of the girls. This work revolves around grudges and redemption; the work features sci-fi, suspense, and ensemble, with a heavy atmosphere, making it a hardcore sci-fi work."
1332,primary,en-US,机动战士高达 THE ORIGIN 前夜 红色彗星,"""Mobile Suit Gundam: The Origin - Advent of the Red Comet"" is a sequel of Gundam THE ORIGIN; the story of Char continues. This work revolves around the birth of the Red Comet; the work features mecha battles, war, and epic, with high-quality production and refined animation. Char's growth and tragedy are moving, making it a classic prequel of the Gundam series."
1333,primary,en-US,为了女儿，我说不定连魔王都能干掉。,"""If It's for My Daughter, I'd Even Defeat a Demon Lord"" adapts the same-name light novel. Adventurer Latina raises the daughter of a Demon Lord after finding her. The work features daily life, healing, and family love; the father-daughter relationship between Latina and the girl is warm, with a warm atmosphere, making it a healing work."
1334,primary,en-US,在地下城寻求邂逅是否搞错了什么 第二季,"""Is It Wrong to Try to Pick Up Girls in a Dungeon?"" Season 2 continues the first season; Bell's adventure continues. This work Bell meets new challenges in the dungeon and conflicts within the Familia; the work features fantasy, adventure, and battle, with gorgeous battle scenes. Bell's growth is moving, making it a sequel of the DanMachi series."
1335,primary,en-US,战姬绝唱SYMPHOGEAR XV,"""Symphogear XV"" continues the series; the battles of the singers continue. This work Hibiki and her partners face new enemies and the truth; the work features music, battle, and passion, with infectious songs and gorgeous battle scenes, making it a sequel of the Symphogear series."
1336,primary,en-US,某科学的一方通行,"""A Certain Scientific Accelerator"" is a spin-off of the Index series, telling the story of Accelerator. This work Accelerator fights to protect a girl; the work features psychic powers, battle, and ensemble, with gorgeous battle scenes. Accelerator's power and inner world are highlights, making it a spin-off of the Index series."
1337,primary,en-US,普通攻击是全体攻击而且能二次攻击的妈妈你喜欢吗？,"""Do You Love Your Mom and Her Two-Hit Multi-Target Attacks?"" adapts the same-name light novel. Boy Masato Oosuki adventures with his mother in the game world. The work features isekai, comedy, and family; the mother's powerful combat ability is full of comedy, with a light atmosphere, making it a hilarious work."
1338,primary,en-US,擅长捉弄的高木同学 第二季,"""Teasing Master Takagi-san"" Season 2 continues the first season; the daily life of Takagi and Nishikata continues. This work Takagi's teasing and Nishikata's reactions remain full of comedy; the work features romance, daily life, and comedy, with a light and sweet atmosphere, making it a heart-pounding school romance work."
1339,primary,en-US,女高中生的无所事事,"""Wasteful Days of High School Girl"" adapts the same-name manga. The idle daily life of three high school girls. The work features comedy, daily life, and snark; the boring daily life of the girls is full of comedy, with exaggerated performances and brisk pacing, making it a hilarious daily comedy."
1340,primary,en-US,只要可爱即使是变态你也会喜欢我吧？,"""Kawaikereba Hentai demo Suki ni Natte Kuremasu ka?"" adapts the same-name light novel. Ordinary boy Keiki Kiryuu meets strange girls. The work features romance, comedy, and daily life; the interactions between Keiki and the perverted girls are full of comedy, with a light atmosphere, making it a joyful romantic comedy."
1341,primary,en-US,平凡职业造就世界最强,"""Arifureta: From Commonplace to World's Strongest"" adapts the same-name light novel. Betrayed boy Hajime Nagumo becomes stronger in the abyss. The work features isekai, passion, and harem; Hajime's growth and revenge are highlights, with gorgeous battle scenes, making it a standard isekai work."
1342,primary,en-US,异世界超能魔术师,"""Isekai Cheat Magician"" adapts the same-name light novel. A boy and a girl awaken magic talent in another world. The work features isekai, adventure, and passion; the power and adventure of the protagonists are highlights, with a light atmosphere, making it a standard isekai work."
1343,primary,en-US,重来吧、魔王大人！,"""Maou-sama, Retry!"" adapts the same-name light novel. A game administrator reincarnates as the Demon Lord. The work features isekai, light adventure, and harem; the daily life of the Demon Lord is full of comedy, with a light atmosphere, making it a light and enjoyable isekai work."
1344,primary,en-US,流汗吧！健身少女,"""How Heavy Are the Dumbbells You Lift?"" adapts the same-name manga. The funny daily life of the girls at the gym. The work features fitness, comedy, and daily life; the fitness process of the girls is full of comedy, with a light atmosphere, making it a hilarious daily comedy."
1345,primary,en-US,中之人基因组【实况中】,"""Naka no Hito Genome [Jikkyouchuu]"" adapts the same-name manga. The boys and girls survive in game streaming. The work features games, suspense, and ensemble, with an atmosphere between games and survival. The challenges of the characters are highlights, making it a uniquely styled work."
1346,primary,en-US,魔术学姐,"""Magical Senpai"" adapts the same-name manga. The clumsy magic of the magic club senpai and the snark of the kouhai. The work features comedy, daily life, and romance; the senpai's failed magic tricks are full of comedy, with a light atmosphere, making it a hilarious daily comedy."
1347,primary,en-US,你遭难了吗？,"""Are You Lost?"" adapts the same-name manga. The survival of the girls on a deserted island. The work features survival, comedy, and daily life; the survival skills of the girls and their joyful daily life coexist, with a light atmosphere, making it a unique survival comedy."
1348,primary,en-US,满月之战,"""Granbelm"" is an original anime telling the battles of the magic user girls. The girls engage in magic duels in the Full Moon Battle; the work features battle, fantasy, and ensemble, with gorgeous battle scenes. The fates of the girls are full of tension, making it a hardcore work."
1349,primary,en-US,骚动时节的少女们啊,"""O Maidens in Your Savage Season"" adapts the same-name manga. The adolescent troubles of the girls in the literature club. The work features romance, youth, and ensemble; the girls' exploration and confusion about sexuality are highlights, with a delicate atmosphere, making it a work aimed at young adults."
1350,primary,en-US,炎炎消防队,"""Fire Force"" adapts the same-name manga. The fire force, which uses fire as its power, fights the Infernals. Boy Shinra Kusakabe grows in the special fire force; the work features passion, battle, and ensemble, with gorgeous battle scenes. Shinra's growth is moving, making it a phenomenal work."
1351,primary,en-US,致曾为神之众兽,"""To the Abandoned Sacred Beasts"" adapts the same-name manga. After the war of transformed soldiers, boy Hank pursues the raging beast soldiers. The work features war, fantasy, and pathos, with a heavy atmosphere. Hank's conviction and the fates of the beast soldiers are full of tension, making it a hardcore work."
1352,primary,en-US,石纪元,"""Dr. Stone"" adapts the same-name manga. In a world where all of humanity is petrified, boy Senku revives civilization with the power of science. The work features science, adventure, and passion; Senku's scientific knowledge and the adventures of his partners are charming, with a passionate atmosphere, making it a unique work."
1353,primary,en-US,Re:Stage！Dream Days♪,"""Re:Stage! Dream Days"" adapts the same-name project; the idol story of the girls. This work the girls chase dreams on the idol stage; the work features music, idols, and ensemble, with gorgeous songs and stage performances. The growth of the characters is moving, making it an idol anime."
1354,primary,en-US,偶像梦幻祭,"""Ensemble Stars!"" adapts the same-name game; the story of the boy idols. This work centers on the idols of Yumenosaki Academy; the work features music, idols, and ensemble, with gorgeous songs and stage performances. Each character has its own charm, making it a female-oriented idol anime."
1355,primary,en-US,街角魔族,"""The Demon Girl Next Door"" adapts the same-name manga. Demon girl Yuuko Yoshida spends daily life on the street corner. The work features daily life, magic, and comedy; the interactions between Yuuko and the magical girl are full of moe, with cute art and a light atmosphere, making it a healing work."
1356,primary,en-US,彼方的阿斯特拉,"""Astra Lost in Space"" adapts the same-name manga. The boys and girls drift in space and survive. The work features sci-fi, survival, and ensemble, with a tense atmosphere. The adventure of the boys and girls is full of suspense, making it a hardcore sci-fi work."
1357,primary,en-US,COP CRAFT,"""COP CRAFT"" adapts the same-name light novel. Detective Kei and otherworldly girl Tilarna work as partners. The work features sci-fi, police, and ensemble, with a light atmosphere. The partnership between Kei and Tilarna is full of comedy, making it a uniquely styled work."
1358,primary,en-US,指尖传出的真挚热情-青梅竹马是消防员-,"This is a short adult-oriented anime telling the romance between childhood friends. The work features romance, adult themes, and daily life, with an ambiguous atmosphere and tense interactions, making it an adult-oriented romance work."
1359,primary,en-US,高校星歌剧 第三季,"""Star-Myu: High School Star Musical"" Season 3 continues the series; the growth of the music course students of Ayanagi Academy continues. This season the boys meet new challenges on the path of music; the work features music, youth, and ensemble, with infectious song and dance scenes. The characters' efforts and bonds are moving, making it a positive music work."
1360,primary,en-US,GIVEN 被赠与的未来,"""GIVEN"" adapts the same-name manga. The story of guitarist Mafuyu Satou and the band members. The work features music, romance, and youth, with moving songs. Mafuyu's growth through music is moving, making it a work full of musical charm."
1361,primary,en-US,BEM,"""BEM"" is a remake of BEM, telling the story of the humanoid monsters. The work features youkai, battle, and ensemble, with a dark atmosphere. The loneliness and battles of the humanoid monsters are full of tension, making it a modern interpretation of a classic."
1362,primary,en-US,蝴蝶绮 ～少年信长～,"""Kochouki: Wakaki Nobunaga"" is an original anime telling the story of young Oda Nobunaga. This work depicts Nobunaga's growth in a turbulent world; the work features the Warring States, battle, and ensemble, with a heavy atmosphere. Nobunaga's fate is full of tension, making it a historical work."
1363,primary,en-US,暗芝居 第七季,"""Yami Shibai"" Season 7 is a horror short anime series, continuing to tell various ghost stories in paper theater format. The work is known for its nostalgic art style, grotesque plots, and thought-provokingly frightening atmosphere; each episode creates a strong sense of horror in just a few minutes, and the distorted urban legends send chills down viewers' spines, making it a must-see for horror anime fans."
1364,primary,en-US,噬血狂袭 女武神的王国篇,"""Strike the Blood: Valkyria no Oukoku-hen"" is an OVA of Strike the Blood; the battles of Kojou Akatsuki and Yukina Himeragi. This work revolves around the kingdom of Valkyria; the work features vampires, battle, and harem, with gorgeous battle scenes. Fan-service and passion coexist, making it a side story of the Strike the Blood series."
1365,primary,en-US,冰海战记,"""Vinland Saga"" adapts Makoto Yukimura's same-name manga. The growth of Viking warrior Thorfinn amid war. The work features history, war, and ensemble, with a heavy atmosphere. Thorfinn's revenge and redemption are full of tension, making it a hardcore historical masterpiece of recent years."
1366,primary,en-US,荒野的寿飞行队 外传 天空的春风飞行队,"""The Magnificent Kotobuki"" (Gaiden: Harukaze no Flight Team) is a spin-off of The Magnificent Kotobuki; the flying story of the girls. This work revolves around the growth of new characters; the work features aerial battles, passion, and ensemble, with gorgeous 3DCG aerial scenes, making it a spin-off of The Magnificent Kotobuki series."
1367,primary,en-US,夏生整备班长的战斗机讲座,"This is a side anime of The Magnificent Kotobuki; a lecture by maintenance chief Natsuo. This work explains fighter knowledge in a light way; the work features military, education, and comedy, with short episodes and a light atmosphere, making it an educational and entertaining short anime."
1368,primary,en-US,幻海奇情,"""7SEEDS"" adapts the same-name manga. In a suddenly destroyed Tokyo, the boys struggle to survive. The work features sci-fi, suspense, and survival, with a tense atmosphere. The adventure of the boys and the truth of the world unfold layer by layer, making it a hardcore work."
1369,primary,en-US,关于我转生变成史莱姆这档事 OAD,"""That Time I Got Reincarnated as a Slime OAD"" is an OVA of the series; a daily side story of Rimuru. This work focuses on light daily life; the work features isekai, light adventure, and ensemble, with a light atmosphere. The interactions between Rimuru and his partners are fun, making it a side story of the Slime series."
1370,primary,en-US,超次元游戏 海王星 ～涅普的暑假～,"""Hyperdimension Neptunia: Nep no Natsuyasumi"" is an OVA of Hyperdimension Neptunia; the summer vacation daily life of the goddesses. This work focuses on light daily life; the work features games, comedy, and daily life, with a light atmosphere. The interactions between the goddesses are full of moe, making it a side story of the Neptunia series."
1371,primary,en-US,SD高达世界 三国创杰传,"""SD Gundam World Sangoku Soketsuden"" is an anime of the SD Gundam series; the story of Gundam and the Three Kingdoms warlords. This work revolves around the setting of the Three Kingdoms; the work features Gundam models, battle, and passion, with gorgeous battle scenes, making it a spin-off of the SD Gundam series."
1372,primary,en-US,诺亚 方舟救世主,"This is an original anime telling the story of a boy and an ark. This work revolves around the themes of the ark and salvation; the work features sci-fi, battle, and ensemble, with gorgeous battle scenes. The growth and bonds of the characters run throughout, making it a uniquely styled work."
1373,primary,en-US,Fate/Grand Order -绝对魔兽战线巴比伦尼亚-,"""Fate/Grand Order: Absolute Demonic Front - Babylonia"" is an anime of the FGO series; the adventure of Ritsuka Fujimaru and Mash in Mesopotamia. This work revolves around the Absolute Demonic Front; the work features the Fate worldview, battle, and ensemble, with gorgeous battle scenes. Ritsuka's growth is moving, making it an important work of the FGO series."
1374,primary,en-US,TRY KNIGHTS,"""TRY KNIGHTS"" adapts the same-name manga. The story of the boys in the rugby club. The work features rugby, youth, and ensemble, with a youthful atmosphere. The training and growth of the boys are full of vitality, making it a solid sports work."
1375,primary,en-US,拳愿阿修罗,"""Kengan Ashura"" adapts the same-name manga. In the underground fighting arena, the battles of the fighters. The work features martial arts, passion, and ensemble, with gorgeous battle scenes. The duels of the fighters are powerful, making it a hardcore fighting work on Netflix."
1376,primary,en-US,请问您今天要来点兔子吗？？～Sing for You～,"""Is the Order a Rabbit?? Sing for You"" is an OVA of Is the Order a Rabbit?; the music story of the girls. This work focuses on light daily life and songs; the work features cute characters, warm daily life, and music, with bright healing visuals, making it a healing work that brightens the mood."
1377,primary,en-US,名侦探柯南 绀青之拳,"""Detective Conan: The Fist of Blue Sapphire"" is a movie of Detective Conan; Conan's adventure in the Lion City of Singapore. This work revolves around the Blue Sapphire jewel and incidents; the work features deduction, action, and suspense, with a tense atmosphere. The duels between Conan and Phantom Thief Kid are highlights, making it a highly popular movie of the Conan series."
1378,primary,en-US,CENCOROLL CONNECT,"""CENCOROLL CONNECT"" is a movie anime telling the battles of a boy and mysterious creatures. The work features sci-fi, battle, and ensemble, with gorgeous battle scenes. The boy's adventure and the truth of the world unfold layer by layer, making it a uniquely styled work."
1379,primary,en-US,潘多拉和小哈欠 前篇,"This is a movie anime telling the story of a girl and a mysterious creature. The work features fantasy, healing, and adventure, with refined art and a unique atmosphere. The interactions between the girl and the creature are warm, making it a novel-styled work."
1380,primary,en-US,剧场版 城市猎人 新宿私家侦探,"""City Hunter: Shinjuku Private Eyes"" is a movie of City Hunter; Ryo Saeba's adventure in Tokyo. This work revolves around a commissioned case in Shinjuku; the work features action, comedy, and romance, with a light atmosphere. Ryo's actions are powerful, making it a movie of the City Hunter series."
1381,primary,en-US,生日乐园,"""Birthday Wonderland"" is a movie anime telling the adventure of a girl in the Birthday Wonderland. The girl enters the Birthday Wonderland by chance and embarks on a fantasy journey; the work features fantasy, adventure, and healing, with exquisite visuals. The girl's adventure is imaginative, making it a warm work."
1382,primary,en-US,青春猪头少年不会梦到怀梦美少女,"""Rascal Does Not Dream of a Dreaming Girl"" is a movie of Rascal Does Not Dream of Bunny Girl Senpai; the story of Sakuta and Mai. This work revolves around Mai's dream and the troubles of youth; the work features romance, daily life, and fantasy, with a warm atmosphere. The bond between Sakuta and Mai is moving, making it a movie of the Bunny Girl Senpai series."
1383,primary,en-US,Code Geass 复活的鲁路修,"""Code Geass Lelouch of the Re;surrection"" is a movie of Code Geass; the story of Lelouch enters a new chapter. This work revolves around Lelouch's resurrection; the work features strategy, mecha battles, and ensemble, with gorgeous battle scenes. Lelouch's schemes are stunning, making it a movie of the Lelouch series."
1384,primary,en-US,机甲少女 FRAME ARMS GIRL～高高兴兴的幻境～,"""Frame Arms Girl OVA: Kyakkya Ufufu na Wonderland"" is an OVA of Frame Arms Girl; the daily life of the mecha girls. This work focuses on light daily life; the work features mecha, daily life, and comedy, with a light atmosphere. The interactions between the mecha girls are full of moe, making it a side story of the Frame Arms Girl series."
1385,primary,en-US,迷你百合,"This is a short anime telling the yuri daily life of the girls. The work features yuri, daily life, and healing, with cute art and short episodes, showcasing the interactions of the girls in light daily life, making it a stress-relieving short anime."
1386,primary,en-US,旗扬！兽道,"""Kemono Michi: Rise Up"" adapts the same-name manga. The strongest wrestler reincarnates in another world. The work features isekai, comedy, and passion; the protagonist's wrestling and adventures in another world are full of comedy, with a light atmosphere, making it a hilarious work."
1387,primary,en-US,高分少女 第二季,"""Hi Score Girl"" Season 2 continues the first season; the story of Haruo and Ono continues. This work the relationship of the two develops further; the work features fighting games, romance, and nostalgia, combining the charm of game culture with youth, making it a work full of sentiment."
1388,primary,en-US,刀剑神域 爱丽丝篇 异界战争,"""Sword Art Online: Alicization - War of Underworld"" continues the Alicization arc; Kirito's battles in Underworld continue. This work revolves around the war between the Human World and the Dark Territory; the work features sci-fi, battle, and bonds, with gorgeous battle scenes. The bond between Kirito and Alice is full of tension, making it an important chapter of the SAO series."
1389,primary,en-US,慎重勇者 ～这个勇者明明超强却过分慎重～,"""The Hero is Overpowered but Overly Cautious"" adapts the same-name light novel. Goddess Lista summons the overly cautious hero Seiya Ryuuguuin. The work features isekai, comedy, and passion; Seiya's caution and hilarious adventures are highlights, with a light atmosphere, making it a joyful work."
1390,primary,en-US,喜欢本大爷的竟然就你一个？,"""ORESUKI: Are you the only one who loves me?"" adapts the same-name light novel. The romantic comedy of ordinary boy Joro and the girls. The work features romance, comedy, and daily life; Joro's emotional entanglements are full of comedy, with a light atmosphere, making it a joyful romantic comedy."
1391,primary,en-US,我们真的学不来！,"""We Never Learn!"" continues the first season; the daily life of Nariyuki Yuiga and the genius girls continues. This work the interactions between Nariyuki and the girls develop further; the work features romance, school, and comedy, with a light atmosphere, making it a joyful romantic comedy."
1392,primary,en-US,我，不是说了能力要平均值么！,"""Didn't I Say to Make My Abilities Average in the Next Life?!"" adapts the same-name light novel. The adventure of a reincarnated girl in another world. The work features isekai, light adventure, and comedy; the girl's average ability setting is full of comedy, with a light atmosphere, making it a joyful work."
1393,primary,en-US,食戟之灵  神之皿,"""Food Wars! The Fourth Plate"" is the fourth season of Food Wars; Soma Yukihira's cooking battles continue. This work Soma faces new challenges in training and food wars; the work features food, passion, and competition, with mouth-watering depictions of cooking and tense match scenes, making it a classic food anime."
1394,primary,en-US,美妙射击部,"""Rifle Is Beautiful"" adapts the same-name manga. The story of the girls in the light beam gun competition club. The work features competition, daily life, and ensemble, with a light atmosphere. The training and growth of the girls are full of vitality, making it a unique competition work."
1395,primary,en-US,小书痴的下克上 〜为了成为图书管理员而不择手段〜,"""Ascendance of a Bookworm"" adapts the same-name novel. A book-loving girl reincarnates in a medieval world. The work features isekai, daily life, and growth; the girl's persistence to read is a highlight, with a warm atmosphere, making it a unique work."
1396,primary,en-US,放学后桌游俱乐部,"""After School Dice Club"" adapts the same-name manga. The daily life of the girls in the board game club. The work features daily life, healing, and ensemble, with a light atmosphere. The board game interactions of the girls are fun, making it a light healing work."
1397,primary,en-US,超人高校生在异世界也可以活的风生水起！,"""High School Prodigies Have It Easy Even In Another World"" adapts the same-name light novel. The adventure of psychic high school students in another world. The work features isekai, light adventure, and harem; the power of the boys is a highlight, with a light atmosphere, making it a standard isekai work."
1398,primary,en-US,战×恋,"""Val x Love"" adapts the same-name manga. The girls fight demons to save humanity. The work features romance, battle, and comedy; the battles and romances of the girls are full of comedy, with a light atmosphere, making it a joyful work."
1399,primary,en-US,刺客守则,"""Assassin's Pride"" adapts the same-name light novel. The mentor story of girl Merida and assassin Kufa. The work features fantasy, battle, and school, with gorgeous battle scenes. Kufa's protection and Merida's growth are charming, making it a light novel adaptation."
1400,primary,en-US,鸭子的天空,"""Ahiru no Sora"" adapts the same-name manga. The basketball story of short boy Sora Kurumatani. The work features basketball, passion, and youth, with passionate match scenes. Sora's basketball path is a highlight, making it a solid sports work."
1401,primary,en-US,碧蓝幻想 第二季,"""Granblue Fantasy"" Season 2 continues the first season; the adventure of Gran and Lyria continues. This work Gran meets new challenges in the sky world; the work features adventure, fantasy, and passion, with refined art. Gran's growth and the bonds with his partners run throughout, making it an excellent game adaptation."
1402,primary,en-US,警视厅 特务部 特殊凶恶犯对策室 第七课,"This is an original anime telling the battles of the special unit Seventh Division. This work revolves around countermeasures against heinous criminals; the work features police, battle, and ensemble, with a unique atmosphere. The actions of the members are full of tension, making it a novel-styled work."
1403,primary,en-US,巴比伦,"""Babylon"" adapts the same-name novel. In a legalized world, prosecutor Zen Seizaki pursues the truth. The work features suspense, politics, and philosophy, with a heavy atmosphere. Zen's pursuit and the truth of the world are impactful, making it a thought-provoking work."
1404,primary,en-US,Z/X Code reunion,"""Z/X Code reunion"" adapts the same-name game, telling the battles of the girls. The story of the girls and the Z/X unfolds; the work features cards, battle, and ensemble, with gorgeous battle scenes. The growth and bonds of the girls run throughout, making it a game adaptation."
1405,primary,en-US,非洲的动物上班族,"This is a short anime telling the workplace daily life of African animals. The work features animal anthropomorphization, comedy, and workplace, with short episodes and dense jokes, showcasing the amusing events of animal office workers in light daily life, making it a stress-relieving short anime."
1406,primary,en-US,厨病激发BOY,"""Chuubyou Gekihatsu Boy"" adapts the same-name manga. The chuunibyou daily life of a passionate boy. The work features comedy, daily life, and snark; the boy's chuunibyou behavior is full of comedy, with a light atmosphere, making it a hilarious daily comedy."
1407,primary,en-US,虚空魔境 第二季,"""Radiant"" Season 2 continues the first season; the adventure of boy Seth continues. This work Seth meets new challenges in the magic world; the work features fantasy, adventure, and passion, with gorgeous battle scenes. Seth's growth and the bonds with his partners run throughout, making it a standard adventure work."
1408,primary,en-US,入间同学入魔了,"""Welcome to Demon School! Iruma-kun"" adapts the same-name manga. The daily life of kind boy Iruma at the demon school. The work features comedy, daily life, and the demon world; the contrast between Iruma's kindness and the demon world is full of comedy, with a light atmosphere, making it a joyful work."
1409,primary,en-US,偶像活动 on Parade,"""Aikatsu on Parade!"" is an anime of the Aikatsu series; the idol life of the girls continues. This work the girls carry out activities on a new stage; the work features gorgeous stage performances, fashion coordination, and girls chasing dreams, with infectious song and dance scenes, making it a classic girls' idol anime series."
1410,primary,en-US,歌舞伎町夏洛克,"""Kabukichou Sherlock"" is an original anime telling the deductions of Sherlock in Kabukicho. This work is set in Shinjuku Kabukicho, where Sherlock and his partners solve various cases; the work features deduction, suspense, and ensemble, with a unique atmosphere, making it a novel-styled deduction work."
1411,primary,en-US,碧蓝航线 THE ANIMATION,"""Azur Lane: The Animation"" adapts the same-name game; the battles of the ship girls. This work revolves around the threat of the Sirens; the work features ship girls, battle, and ensemble, with gorgeous battle scenes. The bonds of the ship girls run throughout, making it a game adaptation."
1412,primary,en-US,梦幻之星 神谕篇,"""Phantasy Star Online 2: Episode Oracle"" is an anime of the Phantasy Star series; the story of the adventurers. This work revolves around the Oracle and the crisis of the world; the work features adventure, battle, and ensemble, with gorgeous battle scenes. The growth and bonds of the characters run throughout, making it an animation of the Phantasy Star series."
1413,primary,en-US,动物狂想曲,"""Beastars"" adapts the same-name manga. In a world where carnivores and herbivores coexist, the story of wolf Legoshi. The work features ensemble, youth, and depth, exploring the themes of desire and society. Legoshi's growth is full of tension, making it a uniquely styled work."
1414,primary,en-US,七大罪 诸神的逆鳞,"""The Seven Deadly Sins: Imperial Wrath of the Gods"" continues the series; the battles of Meliodas and the sins continue. This work revolves around the threat of the gods and Meliodas's past; the work features fantasy adventure, passionate battles, and partner bonds, with gorgeous battle scenes, making it a sequel of the Seven Deadly Sins series."
1415,primary,en-US,神田川JET GIRLS,"""Kandagawa Jet Girls"" adapts the same-name game. The girls' racing battles on the Kandagawa. The work features competition, daily life, and ensemble, with a light atmosphere. The races and daily life of the girls are full of vitality, making it a game adaptation."
1416,primary,en-US,厨神小当家,"""True Cooking Master Boy"" is a remake of Cooking Master Boy; the cooking journey of boy chef Liu Maoxing. This work reinterprets Maoxing's cooking duels; the work features food, passion, and competition, with mouth-watering depictions of cooking, making it a re-animation of a classic."
1417,primary,en-US,STAND MY HEROES PIECE OF TRUTH,"""STAND MY HEROES PIECE OF TRUTH"" adapts the same-name game. The story of the boys in the narcotics division. The work features police, daily life, and ensemble, with a unique atmosphere. The interactions between the boys are charming, making it a female-oriented anime."
1418,primary,en-US,歌牌情缘 第三季,"""Chihayafuru"" Season 3 continues the series; the karuta competition of Chihaya Ayase continues. This work Chihaya and the karuta club members meet new challenges in matches; the work features competition, youth, and passion, with tense karuta matches. Chihaya's growth is moving, making it a sequel of the Chihayafuru series."
1419,primary,en-US,天华百剑 ～欢迎来到铭治馆！～,"This is a short anime telling the daily life of the anthropomorphized sword girls. The work features anthropomorphization, daily life, and healing, with cute art and short episodes, showcasing the interactions of the girls in light daily life, making it a stress-relieving short anime."
1420,primary,en-US,NULL & PETA,"""NULL & PETA"" is a short anime telling the daily life of a girl and her robot sister. The work features daily life, healing, and comedy, with cute art and short episodes, showcasing the interactions of the sisters in light daily life, making it a light healing work."
1421,primary,en-US,非枪人生,"""No Guns Life"" adapts the same-name manga. The battles of man Juzo Inui, whose head is a gun, in the city. The work features sci-fi, battle, and ensemble, with a cold atmosphere. Juzo's power and the truth of the city unfold layer by layer, making it a hardcore work."
1422,primary,en-US,星合之空,"""Hoshiai no Sora"" is an original anime telling the story of the boys. Centered on the boys of the soft tennis club, a story about youth and family unfolds; the work features sports, youth, and ensemble, with a delicate atmosphere. The growth and bonds of the characters run throughout, making it a work with depth."
1423,primary,en-US,我的英雄学院 第四季,"""My Hero Academia"" Season 4 continues the series; Izuku Midoriya's hero path continues. This work revolves around the battles with the underworld and the Overhaul; Deku's growth faces new trials. The work features heroes, passion, and growth, with gorgeous battle scenes. Deku's conviction is moving, making it a highly popular work of recent years."
1424,primary,en-US,银河英雄传说 Die Neue These 星乱 第1章,"""Legend of the Galactic Heroes: Die Neue These Seiran"" (Chapter 1) is a movie of Legend of the Galactic Heroes; the duel between Reinhard and Yang Wen-li continues. This work revolves around the star chaos; the work features space opera, strategy, and ensemble, with high-quality production. The duels of the heroes are powerful, making it a modern interpretation of Legend of the Galactic Heroes."
1425,primary,en-US,香蕉喵 不可思议的伙伴们,"""Banananya"" is a short anime telling the daily life of cats hidden in banana peels. This work the banana cats meet new partners; the work features cute pets, daily life, and healing, with soft cute art and a light atmosphere, making it a healing short anime that brightens the mood."
1426,primary,en-US,路西法 结婚游戏,"This is a short anime telling the romance story of Lucifer. The work features fantasy, romance, and daily life, with refined art and a tranquil atmosphere, showcasing the romance of the fallen angel in light daily life, making it a novel-styled short anime."
1427,primary,en-US,黑狐,"""Black Fox"" is a movie anime telling the battles of a ninja girl. This work revolves around the inheritance of the Black Fox; the work features ninjas, battle, and passion, with gorgeous battle scenes. The girl's growth is moving, making it a solid action work."
1428,primary,en-US,Fairy gone 2,"""Fairy gone 2"" continues the first season; Mariya's battles continue. This work revolves around the aftermath of the Fairy War; the work features battle, ensemble, and fantasy, with gorgeous battle scenes. Mariya's growth and the truth of the world unfold layer by layer, making it a hardcore work."
1429,primary,en-US,心理测量者3,"""Psycho-Pass 3"" continues the series; the story of the Inspectors and Enforcers continues. This work new protagonists investigate cases in the Sibyl System; the work features sci-fi, suspense, and ensemble, with a heavy atmosphere, making it a hardcore sci-fi work."
1430,primary,en-US,XL上司。,"This is a short adult-oriented anime telling the romance between an OL and her boss. The work features romance, adult themes, and daily life, with an ambiguous atmosphere and tense interactions, making it an adult-oriented romance work."
1431,primary,en-US,一弦定音！第2部分,"""Kono Oto Tomare!"" Part 2 continues the first season; the koto story of Takezo Kurata continues. This work Takezo meets new challenges in the koto club; the work features koto music, youth, and ensemble, with beautiful koto performance scenes. Takezo's growth is moving, making it a work full of artistic atmosphere."
1432,primary,en-US,无限之住人-IMMORTAL-,"""Blade of the Immortal -IMMORTAL-"" adapts Hiroaki Samura's same-name manga. The revenge journey of immortal swordsman Manji and girl Rin. The work features period drama, battle, and darkness, with a heavy atmosphere. Manji's battles and Rin's revenge are full of tension, making it an animation of Samura's work."
1433,primary,en-US,超级小白,"""Super Shiro"" is a spin-off anime of Crayon Shin-chan; the superhero adventure of Shiro. This work Shiro protects Kasukabe as a superhero; the work features comedy, adventure, and pets, with a joyful atmosphere. Shiro's adventure is fun, making it a spin-off of the Crayon Shin-chan series."
1434,primary,en-US,少女☆寸剧 All Starlight,"""Shoujo Gekijou Revue Starlight All Starlight"" is a short anime of Revue Starlight; the Q-version daily life of the stage girls. The work features music, comedy, and daily life, with cute art and short episodes, showcasing the interactions of the stage girls in light daily life, making it a side story of the Revue Starlight series."
1435,primary,en-US,苍穹之法芙娜 THE BEYOND,"""Fafner THE BEYOND"" continues the series; the battles of Fafner continue. This work revolves around new enemies and the fates of the pilots; the work is known for mecha battles, tragic war, and profound explorations of life and death, with refined mecha scenes, making it a classic of hardcore sci-fi anime."
1436,primary,en-US,摇曳百合、,"""YuruYuri"" is an anime of the YuruYuri series; the daily life of the girls in the Nanamori Middle School Amusement Club. This work focuses on light daily life; the work features yuri, daily life, and comedy, with the interactions of the girls full of moe and comedy, making it a classic yuri daily anime series."
1437,primary,en-US,我们真的学不来 OVA,"""We Never Learn OVA"" is an OVA of We Never Learn; a romance side story of Nariyuki and the genius girls. This work focuses on light daily life; the work features romance, school, and comedy, with a light atmosphere, making it a side story of the We Never Learn series."
1438,primary,en-US,女神异闻录5 Stars and Ours,"""Persona 5 the Animation: Stars and Ours"" is a special anime of Persona 5; the story of the Phantom Thieves. This work revolves around the activities of the Phantom Thieves; the work features Persona battles, youth, and ensemble, with a unique style, making it a spin-off of the P5 series."
1439,primary,en-US,宝可梦 旅途,"""Pokemon Journeys"" is a Pokemon animation series; the new adventure of Satoshi and Pikachu. This work Satoshi travels in the Galar region and meets new partners; the work features adventure, battle, and bonds, with gorgeous battle scenes. The deep feelings between Pokemon are moving, making it a new chapter of the Pokemon animation."
1440,primary,en-US,一脸嫌弃表情的妹子给你看胖次2,"This continues the first season; scenes of girls showing their underwear with a disgusted expression. The work features fan-service, daily life, and comedy, with short episodes, making it a short anime mainly for visual service."
1441,primary,en-US,ANOTHER WORLD,"""ANOTHER WORLD"" is a spin-off anime of Hello World, telling the story of another world. This work revolves around a story of reversal; the work features sci-fi, romance, and ensemble, with a unique atmosphere, making it a novel-styled work."
1442,primary,en-US,普罗米亚 前日谭,"This is a prequel anime of Promare, telling the story of the fire fighting squad. This work revolves around the plot of the prequel; the work features mecha battles, passion, and ensemble, with unique art and gorgeous battle scenes, making it a spin-off of the Promare series."
1443,primary,en-US,无节操☆Bitch社,"This is a short anime telling the shameless daily life of high school boys. The work features BL, comedy, and daily life, with short episodes and a light atmosphere, showcasing the interactions of the characters in light daily life, making it a light female-oriented work."
1444,primary,en-US,高达创形者 再起,"""Gundam Build Divers Re:RISE"" continues the series; the story of Gunpla battles continues. This work new boys grow in the model battle world; the work features Gunpla, battle, and passion, with gorgeous battle scenes. The growth and bonds of the characters run throughout, making it a sequel of the Gundam Build Divers series."
1445,primary,en-US,红白黑黄 第七季,"""RWBY"" Volume 7 is the seventh season of the RWBY series; the battles of the girls continue. This work revolves around a new chapter; the work features battle, ensemble, and fantasy, with gorgeous action scenes. The growth and bonds of the characters run throughout, making it a sequel of the RWBY series."
1446,primary,en-US,红白黑黄 第四季,"""RWBY"" Volume 4 is the fourth season of the RWBY series; the battles of the girls continue. This work revolves around a new chapter; the work features battle, ensemble, and fantasy, with gorgeous action scenes. The growth and bonds of the characters run throughout, making it a sequel of the RWBY series."
1447,primary,en-US,RWBY Chibi,"""RWBY Chibi"" is a Q-version short anime of RWBY; the funny daily life of the characters. The work features comedy, daily life, and ensemble, with cute art and short episodes, showcasing the interactions of the RWBY characters in light daily life, making it a side story of the RWBY series."
1448,primary,en-US,房间露营△,"""Room Camp"" is a short anime of Laid-Back Camp; the indoor camping daily life of the girls. This work focuses on light daily life; the work features camping, daily life, and healing, with a fresh art style and warm atmosphere, making it a healing work."
1449,primary,en-US,若能与你共乘海浪之上,"""Ride Your Wave"" is Masaaki Yuasa's movie anime, telling the romance of boy Minato and girl Hinako. Hinako still spends time with Minato after his death; the work features romance, fantasy, and tears, with imaginative visuals. Hinako's emotions are moving, making it a deeply touching work."
1450,primary,en-US,宝可梦：超梦的逆袭 进化,"""Pokemon: Mewtwo Strikes Back Evolution"" is a remake movie of Mewtwo Strikes Back; the story of Mewtwo. This work revolves around the birth of Mewtwo and the conflict with humanity; the work features adventure, battle, and bonds, with gorgeous battle scenes. Mewtwo's loneliness and growth are moving, making it a movie of the Pokemon series."
1451,primary,en-US,剧场版 歌之王子殿下 真爱王国,"""Uta no Prince-sama Maji Love Kingdom"" is a movie of Uta no Prince-sama; the story of Haruka Nanami and the idols. This work Haruka and the six idols meet new challenges on the path of music; the work features music, romance, and idols, with gorgeous stage performances and moving songs throughout, making it a movie of the female-oriented idol anime."
1452,primary,en-US,强袭魔女 剧场版 501部队起飞！,"""Strike Witches: 501st Joint Fighter Wing Take Off!"" (Movie) is a movie of the Strike Witches series; the daily life of Unit 501. This work focuses on light daily life; the work features battle, daily life, and comedy, with cute art and a light atmosphere, making it a movie of the Strike Witches series."
1453,primary,en-US,海兽之子,"""Children of the Sea"" adapts Daisuke Igarashi's manga. The story of girl Ruka and the sea beast boys. The work features nature, fantasy, and philosophy, with visuals beautiful to the extreme. The adventure of Ruka and the sea beasts is imaginative, making it a poetic work."
1454,primary,en-US,普罗米亚,"""Promare"" is a movie anime telling the battles between the fire fighting squad and the Burnish. This work revolves around the duels between the Burnish and the fire squad; the work features mecha battles, passion, and ensemble, with unique art and gorgeous battle scenes, making it a representative work of Hiroyuki Imaishi."
1455,primary,en-US,剧场版 吹响吧！上低音号～誓言的终章～,"""Sound! Euphonium: Chikai no Finale"" is a movie of Sound! Euphonium; a new chapter of the Kitauji High School brass band club. This work Kumiko and the club members grow in a new ensemble competition; the work features music, youth, and ensemble, with infectious performance scenes, making it a classic work of Kyoto Animation."
1456,primary,en-US,少女与战车 最终章 第2话,"""Girls und Panzer das Finale"" Episode 2 continues the final chapter; the tank battles of the girls continue. This work Ooarai Girls Academy faces new opponents; the work features tanks, passion, and ensemble, with gorgeous and stunning battle scenes. The teamwork of the girls is charming, making it a classic of the tank genre."
1457,primary,en-US,航海王：狂热行动,"""One Piece Stampede"" is a movie of One Piece; the festival of Luffy and his crew and the all-stars. This work revolves around the big event of Stampede; the Straw Hat Pirates and many characters gather. The work features adventure, passion, and partner bonds, with gorgeous battle scenes, making it a highly popular movie of the One Piece series."
1458,primary,en-US,电影 为美好的世界献上祝福！红传说,"""KonoSuba: Legend of Crimson"" is a movie of KonoSuba; the adventure of Kazuma and his party. This work revolves around the Crimson Demon clan and Megumin's hometown; the work features isekai, comedy, and passion, with the bizarre combination of Kazuma and his party full of comedy, making it a classic movie of the isekai comedy."
1459,primary,en-US,这如果叫作爱情 感觉会很恶心,"""Koi to Yobu ni wa Kimochi Warui"" adapts the same-name manga. The relationship between OL Ichika Arima and high school student Ryou Amakusa. The work features romance, comedy, and daily life; Ryou's straightforward confession and Ichika's snark are full of comedy, with a light atmosphere, making it a joyful romantic comedy."
1460,primary,en-US,Overflow,"This is a short adult-oriented anime telling the romance between a college student and his childhood friend. The work features romance, adult themes, and daily life, with an ambiguous atmosphere and tense interactions, making it an adult-oriented romance work."
1461,primary,en-US,恋爱小行星,"""Asteroid in Love"" adapts the same-name manga. The story of the girls in the astronomy club and the geology club. The work features astronomy, daily life, and ensemble, with cute art and a light atmosphere. The dreams and bonds of the girls are warm, making it a healing work."
1462,primary,en-US,达尔文游戏,"""Darwin's Game"" adapts the same-name manga. Boy Kaname Sudou is drawn into the life-and-death battles of Darwin's Game. The work features survival, battle, and ensemble, with a tense atmosphere. Kaname's battles and the truth of the game unfold layer by layer, making it a hardcore work."
1463,primary,en-US,魔法纪录 魔法少女小圆外传,"""Magia Record: Puella Magi Madoka Magica Side Story"" is a spin-off of Puella Magi Madoka Magica, telling the story of the magical girls. This work revolves around the unfolding of Magia Record; the work features magical girls, darkness, and ensemble, with a heavy atmosphere. The fates of the magical girls are full of tension, making it a spin-off of the Madoka Magica series."
1464,primary,en-US,异度侵入,"""ID: INVADED"" is an original anime telling the story of solving cases by diving into the deep psychology of criminals. The deductions and pursuit of Inspector Akihito Narihisago in the well; the work features sci-fi, deduction, and psychology, with a tense atmosphere. Narihisago's deductions are full of wisdom, making it a highly acclaimed suspense work."
1465,primary,en-US,思维覆写,"""Pet"" is an original anime telling the battles of fantasy users who manipulate memories. The boys embark on adventures in the mind while pursuing; the work features sci-fi, suspense, and ensemble, with a unique atmosphere. The world of memories is imaginative, making it a novel-styled work."
1466,primary,en-US,魔术士奥芬的无赖之旅,"""Sorcerous Stabber Orphen"" adapts the same-name light novel. Sorcerer Orphen sets out on a journey to find his teacher. The work features fantasy, adventure, and passion; Orphen's power and roguishness are charming, with a light atmosphere, making it a classic fantasy work."
1467,primary,en-US,因为太怕痛就全点防御力了。,"""BOFURI: I Don't Want to Get Hurt, so I'll Max Out My Defense."" adapts the same-name light novel. Girl Maple puts all points into defense in a VRMMO. The work features games, light adventure, and comedy; Maple's absurd defense is full of comedy, with a light atmosphere, making it a joyful work."
1468,primary,en-US,NEKOPARA,"""NEKOPARA"" adapts the same-name game, telling the daily life of the catgirls of the Minaduki family. The life of the master at the cat cafe with the catgirls is full of warmth; the work features cute pets, daily life, and healing, with refined art and a light atmosphere. The cuteness of the catgirls is heartwarming, making it a healing work."
1469,primary,en-US,无限系统树,"""Infinite Dendrogram"" adapts the same-name light novel. Boy Rei embarks on an adventure in the VRMMO Infinite Dendrogram. The work features games, adventure, and ensemble, with gorgeous battle scenes. Rei's growth and bonds run throughout, making it a standard light novel adaptation."
1470,primary,en-US,宝石商人理查德的谜鉴定,"""The Case Files of Jeweler Richard"" adapts the same-name novel. The encounter between jeweler Richard and college student Seigi Nakata. The work features jewels, daily life, and deduction; Richard's appraisals and the stories of the guests are charming, with an elegant atmosphere, making it a uniquely styled work."
1471,primary,en-US,number24,"""number24"" adapts the same-name game. The story of the boys in the university rugby club. The work features rugby, youth, and ensemble, with a youthful atmosphere. The training and growth of the boys are full of vitality, making it a game adaptation."
1472,primary,en-US,SHOW BY ROCK!! Mashumairesh!!,"""SHOW BY ROCK!! Mashumairesh!!"" continues the series; the story of the band girls continues. This work a new band appears; the work features music, cute characters, and comedy, with infectious performance scenes, making it a light and enjoyable music anime."
1473,primary,en-US,某科学的超电磁炮T,"""A Certain Scientific Railgun T"" is a spin-off of the Index series; Mikoto Misaka's battles continue. This work Misaka meets new challenges in Academy City; the work features psychic powers, battle, and ensemble, with gorgeous battle scenes. Misaka's electricity is powerful, making it a spin-off of the Index series."
1474,primary,en-US,八十龟酱观察日记 第二册,"""Yatogame-chan Kansatsu Nikki"" (Second volume) continues the first season; the daily life of the boy and the Nagoya girl continues. This work Yatogame-chan's dialect and culture remain charming; the work features daily life and regional culture, with short episodes, making it a stress-relieving short anime."
1475,primary,en-US,星掠者,"""Plunderer"" adapts the same-name manga. In a world ruled by numbers, plunderer Rihito's adventure. The work features adventure, battle, and passion, with gorgeous battle scenes. Rihito's growth and bonds run throughout, making it a standard fantasy adventure work."
1476,primary,en-US,理科生坠入情网，故尝试证明。,"""Science Fell in Love, So I Tried to Prove It"" adapts the same-name manga. Science university students try to prove love with scientific methods. The work features romance, comedy, and science; the scientific love experiments of the protagonists are full of comedy, with a light atmosphere, making it a hilarious work."
1477,primary,en-US,暗黑破坏神在身边,"""A Destructive God Sits Next to Me"" adapts the same-name manga. The funny daily life of a chuunibyou boy. The work features comedy, daily life, and snark; the boy's chuunibyou behavior is full of comedy, with a light atmosphere, making it a hilarious daily comedy."
1478,primary,en-US,织田肉桂信长,"""Oda Cinnamon Nobunaga"" adapts the same-name manga. The daily life of Warring States warlords reincarnated as dogs. The work features comedy, daily life, and cute pets; the dog life of Nobunaga and the other warlords is full of comedy, with a light atmosphere, making it a hilarious work."
1479,primary,en-US,异种族风俗娘评鉴指南,"""Interspecies Reviewers"" adapts the same-name manga. The reviews of the adventurers at the interspecies brothels. The work features comedy, adventure, and adult themes, with a light atmosphere. The review adventures are full of comedy, making it an adult-oriented comedy work."
1480,primary,en-US,请在T台上微笑,"""Smile Down the Runway"" adapts the same-name manga. Small girl Chiyuki Fujito works hard to become a model. The work features fashion, youth, and inspiration; Chiyuki's growth and the dream of the runway are moving, with a warm atmosphere, making it an inspirational work."
1481,primary,en-US,虚构推理,"""In/Spectre"" adapts the same-name novel. Girl Kotoko Iwanaga, who has a strange constitution, solves ghost stories with deduction. The work features deduction, ghost stories, and ensemble; Kotoko's fictional deduction is charming, with a unique atmosphere, making it a novel-styled deduction work."
1482,primary,en-US,异世界四重奏 第二季,"""Isekai Quartet"" Season 2 continues the first season; the characters of multiple isekai works gather. This work the settings of various works continue to collide into comedy; the work features parody, snark, and ensemble, with a joyful atmosphere, making it a hilarious comedy work."
1483,primary,en-US,BanG Dream! 第三季,"""BanG Dream!"" Season 3 continues the series; the story of the girl bands continues. This work the girls meet new challenges and stages on the path of music; the work features music, youth, and ensemble, with moving songs and infectious performance scenes, making it a sequel of the BanG Dream project."
1484,primary,en-US,22/7,"""22/7"" is an anime of an idol project, telling the story of the girls on the idol stage. This work revolves around the growth of the 22/7 group; the work features music, idols, and ensemble, with gorgeous songs and stage performances. The growth of the girls is moving, making it an idol anime."
1485,primary,en-US,别对映像研出手！,"""Keep Your Hands Off Eizouken!"" adapts the same-name manga. The story of three girls making animation in the Eizouken. The work features creation, youth, and ensemble; the imagination and production process of the girls are charming, with a passionate atmosphere, making it a highly acclaimed creative work."
1486,primary,en-US,群聚一堂！西顿学园,"""Seton Academy: Join the Pack!"" adapts the same-name manga. In an academy where animals coexist, the story of a boy. The work features comedy, daily life, and animal anthropomorphization; the school life of the animals is full of comedy, with a light atmosphere, making it a hilarious work."
1487,primary,en-US,奇幻☆怪盗,"This adapts the same-name light novel. The story of magician boy Makoto. The work features fantasy, romance, and daily life; Makoto's magic and the interactions with the girls are charming, with a light atmosphere, making it a standard light novel adaptation."
1488,primary,en-US,地缚少年花子君,"""Toilet-Bound Hanako-kun"" adapts the same-name manga. The story of Hanako-kun, one of the Seven Wonders, and girl Nene. The work features the supernatural, romance, and comedy; the interactions between Hanako-kun and Nene are full of moe, with refined art and a unique atmosphere, making it a popular work."
1489,primary,en-US,A3！满开剧团 春&夏,"""A3! Season Spring & Summer"" adapts the same-name game. The story of the manager of a theater troupe and the boys. The work features stage, youth, and ensemble, with a warm atmosphere. The troupe activities of the boys are charming, making it a female-oriented anime."
1490,primary,en-US,异兽魔都,"""Dorohedoro"" adapts Q Hayashida's same-name manga. The battles between magicians and victims in the Hole and the magic world. The work features darkness, violence, and comedy, with impactful visuals. The battles and daily life of the characters are full of tension, making it a uniquely styled work."
1491,primary,en-US,索玛丽与森林之神,"""Somali and the Forest Spirit"" adapts the same-name manga. The journey of human girl Somali and forest spirit Golem. The work features fantasy, healing, and family love; the journey of Somali and Golem is warm, with exquisite visuals. The bond of the two is moving, making it a healing work."
1492,primary,en-US,神推偶像登上武道馆我就死而无憾,"""If My Favorite Pop Idol Made It to the Budokan, I Would Die"" adapts the same-name manga. The story of fanatic fan Eripiyo and idol Maina. The work features idols, yuri, and daily life; Eripiyo's fanatic support is full of comedy, with a light atmosphere, making it a joyful work."
1493,primary,en-US,猎龙飞船,"""Drifting Dragons"" adapts the same-name manga. The adventure of the girls piloting a ship to hunt dragons. The work features adventure, battle, and ensemble, with a unique atmosphere. The dragon hunting journey of the girls is full of tension, making it a novel-styled work."
1494,primary,en-US,排球少年 TO THE TOP,"""Haikyu!! To the Top"" continues the series; the volleyball battles of Karasuno High continue. This work the fierce competition of the national tournament unfolds; the work features volleyball, passion, and team growth, with suffocating match scenes. The all-out effort of Karasuno is moving, making it a peak sports anime."
1495,primary,en-US,Re：从零开始的异世界生活 新编集版,"""Re:Zero kara Hajimeru Isekai Seikatsu"" (New Edition) is a remake of Re:Zero; the story of Subaru Natsuki is rearranged. This work re-edits the plot of the first season; the work features isekai, suspense, and tears. Subaru's despair and persistence are moving, making it a representative work of the isekai genre."
1496,primary,en-US,齐木楠雄的灾难 再始动篇,"""The Disastrous Life of Saiki K.: Reawakened"" continues the series; the daily life of psychic Kusuo Saiki continues. This work Saiki still longs for a peaceful life but is troubled by constant disturbances; the work features comedy, snark, and psychic powers. The contrast between Saiki's inner monologue and the absurd behavior of those around him creates dense jokes, making it a work of the Saiki K. series."
1497,primary,en-US,Fate/kaleid liner 魔法少女☆伊莉雅 Prisma☆Phantasm,"""Fate/kaleid liner Prisma Illya: Prisma Phantasm"" is a comedy anime of the Fate series; the daily life of the magical girls. This work focuses on parody and joy; the work features magical girls, the Fate worldview, and comedy, with a light atmosphere, making it a uniquely styled work of the Fate series."
1498,primary,en-US,Rebirth,"This is a short anime telling the story of the boys and girls in the network world. The work features the internet, romance, and ensemble, with a unique atmosphere. The emotions of the characters are delicate, making it a novel-styled work."
1499,primary,en-US,Healin' Good ♥ 光之美少女,"""Healin' Good Pretty Cure"" is a Pretty Cure series anime; the girls fight with the power of healing. This work the girls grow while fighting enemies; the work features magical girls, battle, and daily life, with gorgeous transformation and battle scenes. The bonds between the characters are warm and moving, making it a girls' magical girl anime."
1500,primary,en-US,外星人狙击战,"This is a short anime telling the story of alien sniping. The work features sci-fi, action, and comedy, with short episodes and a unique atmosphere, showcasing the story of aliens in the sniping setting, making it a novel-styled short anime."
1501,primary,en-US,缘结熊本,"This is a short anime telling the story of girls in Kumamoto Prefecture. Set in Kumamoto, the encounter and bonds of the girls are full of warmth; the work features daily life, healing, and regional culture, with fresh art and a tranquil atmosphere, making it a light healing work."
1502,primary,en-US,破晓之翼,"""Pokemon: Twilight Wings"" is a short anime of Pokemon, telling the story of a boy in the Galar region. Centered on the dream of Pokemon battles, the boy's growth and the bonds with his partners unfold; the work features adventure, youth, and Pokemon, with refined art, making it a work full of dreams."
1503,primary,en-US,巨虫列岛,"""Kyochuu Rettou"" adapts the same-name manga. The survival of the girls on an island infested with giant insects. The work features survival, horror, and suspense as its themes; the animation has a tense atmosphere, and the girls' struggle under the threat of the giant insects is a highlight, making it a chilling survival horror work."
1504,primary,en-US,噬血狂袭 消失的圣枪篇,"""Strike the Blood: The Lost Saint Lance"" is an OVA of Strike the Blood; the battles of Kojou Akatsuki and Yukina Himeragi. This work revolves around the lost Saint Lance; the work features vampires, battle, and harem, with gorgeous battle scenes. Fan-service and passion coexist, making it a side story of the Strike the Blood series."
1505,primary,en-US,ACCA13区监察课 Regards,"""ACCA 13-Territory Inspection Department: Regards"" is an OVA of ACCA 13-Territory Inspection Department; the inspection story of Jean. This work focuses on light daily life; the work features politics, daily life, and gourmet food, with a calm and elegant atmosphere, making it a side story of the ACCA series."
1506,primary,en-US,薄暮,"""Hakubo"" is a movie anime telling the story of a boy and a girl in Fukushima. In Fukushima after the disaster, the encounter of the boy and the girl is full of warmth; the work features romance, healing, and daily life as themes, with exquisite visuals and delicate emotions, making it a warm work."
1507,primary,en-US,紫罗兰永恒花园 外传 - 永远与自动手记人偶 -,"""Violet Evergarden: Eternity and the Auto Memory Doll"" is a side-story movie of Violet Evergarden; the story of Violet. In this work, Violet accepts a new commission and conveys warmth through ghostwriting; the work features healing, growth, and humanity as themes, with visuals exquisite to the extreme, making it a deeply moving work."
1508,primary,en-US,天晴烂漫！,"""Appare-Ranman!"" is an original anime telling the story of the boys in car racing. Genius engineer Sorano and samurai Aonekoshiba embark on a journey in car races; the work features racing, passion, and ensemble, with a unique art style. The boys' adventure is full of vigor, making it a uniquely styled work."
1509,primary,en-US,动物新世代,"""BNA"" is TRIGGER's original anime telling the story of a girl and beasts. After becoming a beastman, the girl is drawn into the struggles of the beastmen; the work features battle, ensemble, and passion, with a vibrant art style. The girl's growth is moving, making it a TRIGGER work."
1510,primary,en-US,我们的七日战争,"""Seven Days War"" is a movie anime adapting Sohachi Kimura's same-name novel. The boys launch a seven-day war with an abandoned factory as their base; the work features youth, resistance, and adventure as themes, with a passionate atmosphere. The boys' struggle is full of youthful spirit, making it a dynamic work."
1511,primary,en-US,圣诞老人公司～圣诞节的秘密～,"""Santa Company"" is a movie anime telling the story of the Santa Claus company. The boy's adventure in the Santa Claus company; the work features fantasy, adventure, and healing as themes, with a warm art style. The secrets of Christmas are imaginative, making it a warm work."
1512,primary,en-US,心理测量者3 FIRST INSPECTOR,"""Psycho-Pass 3: First Inspector"" is a movie of Psycho-Pass; the story of the Inspectors and Enforcers. This work revolves around the truth of the First Inspector; the work features sci-fi, suspense, and ensemble, with a heavy atmosphere, making it a hardcore sci-fi work."
1513,primary,en-US,电影 角落小伙伴 魔法绘本里的新朋友,"""Sumikko Gurashi Movie: The Magic Picture Book and the New Friends"" is a movie of Sumikko Gurashi; the adventure of the corner creatures. This work revolves around the journey of the corner creatures in a magic picture book; the work features cute characters, healing, and adventure, with soft adorable art and a warm atmosphere, making it a healing work that brightens the mood."
1514,primary,en-US,昨日之歌,"""Sing ""Yesterday"" for Me"" adapts the same-name manga. The love story of young men and women living in the city. The work features romance, daily life, and ensemble; the animation has a calm atmosphere, and the emotions of the characters are delicate and real, making it a realistic youth romance work."
1515,primary,en-US,你好 世界,"""Hello World"" is a movie anime telling the adventure of a boy in a virtual world. Boy Naomi travels in the virtual world to save his future lover; the work features sci-fi, romance, and adventure as themes, with exquisite visuals. Naomi's journey is stunning, making it an imaginative work."
1516,primary,en-US,知晓天空之蓝的人啊,"""Her Blue Sky"" is a movie anime telling the story of a girl and a band. In a local city, the music and youth of the girl and the young men; the work features romance, music, and youth as themes, with exquisite visuals and delicate emotions, making it a warm work."
1517,primary,en-US,为谁而炼金,"""For Whom the Alchemist Exists"" adapts the same-name game, telling the adventure of the boys in the alchemy world. The work features fantasy, adventure, and passion; the animation has gorgeous battle scenes, and the boys' growth and bonds run throughout, making it a game adaptation."
1518,primary,en-US,天气之子,"""Weathering with You"" is Makoto Shinkai's movie anime, telling the story of a boy and a girl who has the power to change the weather. Hodaka meets Hina Amano in Tokyo; the work features romance, fantasy, and growth as themes, with visuals beautiful to the extreme. The bond of the two is moving, making it a phenomenal animated film."
1519,primary,en-US,鲁邦三世 THE FIRST,"""Lupin III: The First"" is a 3DCG movie of Lupin III; the adventure of phantom thief Lupin. In this work, Lupin duels over a mysterious treasure; the work features phantom thieves, adventure, and comedy, with gorgeous 3DCG visuals. Lupin's wit and charm are captivating, making it a movie of the Lupin series."
1520,primary,en-US,剧场版 新干线变形机器人 来自未来的神速ALFA-X,"""Shinkansen Henkei Robo Shinkalion: The Movie - The Fastest ALFA-X from the Future"" is a movie of the Shinkalion series; the battles of the boys. This work revolves around the ALFA-X from the future; the work features mecha battles, passion, and ensemble, with gorgeous battle scenes, making it a work suitable for young viewers."
1521,primary,en-US,八男？别闹了！,"""The 8th Son? Are You Kidding Me?"" adapts the same-name light novel. Reincarnated boy Ichinomiya grows in another world. The work features isekai, light adventure, and harem; Ichinomiya's power and adventure are highlights, with a light atmosphere, making it a standard isekai work."
1522,primary,en-US,我的青春恋爱物语果然有问题 完,"""My Teen Romantic Comedy SNAFU Climax"" is the finale of My Teen Romantic Comedy SNAFU; the youth story of Hachiman Hikigaya comes to an end. In this work, Hachiman's relationship with the girls in the Service Club reaches its final chapter; the work features school, romance, and snark. Hachiman's inner monologue remains sharp, making it the finale of the Oregairu series."
1523,primary,en-US,辉夜大小姐想让我告白?～天才们的恋爱头脑战～,"""Kaguya-sama: Love is War"" (Season 2) continues the first season; the love battle of wits between Shirogane and Kaguya continues. In this work, the love game of the two intensifies; the work features romance, comedy, and battle of wits, with exaggerated performances and dense jokes, making it a highly acclaimed romantic comedy of recent years."
1524,primary,en-US,隐瞒之事,"""Kakushigoto"" adapts Kōji Kumeta's same-name manga. Manga artist Goto Kakushi hides his work to raise his daughter. The work features daily life, family love, and comedy; Goto's secrecy is full of laughs and warmth, with a warm atmosphere, making it a healing work."
1525,primary,en-US,小书痴的下克上 〜为了成为图书管理员而不择手段〜 第二季,"""Ascendance of a Bookworm"" Season 2 continues the first season; the story of the book-loving girl continues. In this work, the girl continues to strive to become a librarian; the work features isekai, daily life, and growth as themes. The girl's persistence is a highlight, with a warm atmosphere, making it a unique work."
1526,primary,en-US,邪神与厨二病少女’,"""Jashin-chan Dropkick"" continues the series; the daily life of Jashin-chan and Yurine Hanazono continues. In this work, Jashin-chan's pranks and Yurine's violence remain full of laughs; the work features comedy, daily life, and the demon world, with a light atmosphere, making it a hilarious daily comedy."
1527,primary,en-US,公主连结 Re:Dive,"""Princess Connect! Re:Dive"" adapts the same-name game, telling the adventure of a boy in another world. The amnesiac boy and the princesses adventure in Landosol; the work features fantasy, light adventure, and ensemble, with a light atmosphere. The interactions of the characters are full of moe, making it a game adaptation."
1528,primary,en-US,刀剑神域 爱丽丝篇 异界战争 -终章-,"""Sword Art Online: Alicization - War of Underworld"" (Final Season) is the final chapter of the Alicization arc; Kirito's battles reach a climax. This work revolves around the decisive battle between the Human World and the Dark Territory; the work features sci-fi, battle, and bonds as themes, with gorgeous battle scenes. The bond between Kirito and Alice is full of tension, making it an important chapter of the SAO series."
1529,primary,en-US,IDOLiSH7-偶像星愿- Second BEAT!,"""IDOLiSH7: Second Beat!"" continues the series; the story of the idol group IDOLiSH7 continues. In this work, the boys meet new challenges on the idol stage; the work features music, idols, and ensemble, with gorgeous songs and stage performances, making it a fine idol anime."
1530,primary,en-US,食戟之灵 豪之皿,"""Food Wars! The Fifth Plate"" is the fifth season of Food Wars; Soma Yukihira's cooking battles continue. In this work, Soma takes on the challenge of cooking duels at BLUE; the work features gourmet food, passion, and competition, with mouth-watering depictions of cooking and tense match scenes, making it a classic of the food anime genre."
1531,primary,en-US,水果篮子 第二季,"""Fruits Basket"" (Season 2) continues the first season; Tohru's daily life at the Sohma family continues. In this work, the curse of the Sohma family and Tohru's bond develop further; the work features healing, ensemble, and fantasy, with a warm atmosphere, making it a re-animation of a classic."
1532,primary,en-US,游戏王 七星,"""Yu-Gi-Oh! Sevens"" is a Yu-Gi-Oh series anime, telling the battles of the duelists. This work revolves around a new chapter; the work features cards, passion, and duels, with gorgeous duel scenes, making it a spin-off of the Yu-Gi-Oh series."
1533,primary,en-US,甜梦猫,"""Mewkledreamy"" is a girls' anime telling the story of a kitten and a girl. The encounter between the girl and a mysterious kitten opens a warm daily life; the work features cute pets, magic, and healing, with adorable art and a warm atmosphere, making it a healing work suitable for young girls."
1534,primary,en-US,棒球大联盟2nd 第二季,"""Major 2nd"" (Season 2) continues the first season; the baseball story of Daigo continues. In this work, Daigo takes on new challenges on the baseball field; the work features baseball, passion, and youth, with passionate match scenes. Daigo's growth is moving, making it a sequel of the Major series."
1535,primary,en-US,文豪与炼金术师 ～审判的齿轮～,"""Bungo to Alchemist: Gears of Judgment"" adapts the same-name game. The literary masters protect literature while fighting the Erosion. The work features literary figure anthropomorphization, battle, and ensemble, with a gorgeous art style. The battles of the literary masters are charming, making it a game adaptation."
1536,primary,en-US,继 怪怪守护神,"""Tsugumomo"" continues the first season; the story of Kazuya Kagami and Kiriha continues. In this work, Kazuya's responsibility as a master develops further; the work features battle, fantasy, and harem, with gorgeous battle scenes and refined character designs, making it a work where light comedy and passion coexist."
1537,primary,en-US,社长，战斗时间到！,"""Shachou, Battle no Jikan Desu!"" adapts the same-name game. The boys fight monsters as company presidents. The work features comedy, battle, and daily life, with a light atmosphere. The battles of the presidents are fun, making it a game adaptation."
1538,primary,en-US,转生成为了只有乙女游戏破灭Flag的邪恶大小姐,"""My Next Life as a Villainess: All Routes Lead to Doom!"" adapts the same-name light novel. A girl reincarnates as the villainess of an otome game and acts to avoid ruin. The work features isekai, comedy, and romance; Catarina's contrast is full of moe, with a light atmosphere, making it a joyful work."
1539,primary,en-US,白猫计划 零之纪元,"""Shironeko Project: Zero Chronicle"" adapts the same-name game, telling the story of the kingdom. The adventure and battles of the girls in the kingdom; the work features adventure, battle, and ensemble, with gorgeous battle scenes. The growth and bonds of the characters run throughout, making it a game adaptation."
1540,primary,en-US,放学后海堤日记,"""Houkago Teibou Nisshi"" adapts the same-name manga. The fishing daily life of the girls in the breakwater club. The work features daily life, healing, and fishing, with fresh art and a light atmosphere. The girls' fishing activities are fun, making it a healing work."
1541,primary,en-US,聆听者,"""Listeners"" is an original anime telling the story of a boy in a world where sound has been taken away. Boy Echo and a mysterious girl adventure in the world of music; the work features music, sci-fi, and ensemble, with a unique atmosphere, making it a novel-styled work."
1542,primary,en-US,听着这电波,"""Wave, Listen to Me!"" adapts the same-name manga. The hilarious daily life of a female announcer on a late-night radio program. The work features comedy, workplace, and ensemble, with a light atmosphere. The radio life of the female announcer is full of laughs, making it a hilarious work."
1543,primary,en-US,阿尔蒂,"""Arte"" adapts the same-name manga. In an era when women could hardly become painters, girl Arte pursues her dream of painting. The work features art, inspiration, and ensemble as themes; Arte's persistence and growth are moving, with a warm atmosphere, making it an inspirational work."
1544,primary,en-US,影之诗,"""Shadowverse"" adapts the same-name game, telling the card battles of the boys. The protagonists grow through Shadowverse card battles; the work features cards, passion, and competition, with gorgeous battle scenes, making it a game adaptation."
1545,primary,en-US,数码宝贝大冒险：,"""Digimon Adventure:"" is a new work of the Digimon series; the adventure of the Chosen Children and the Digimon. This work reinterprets the classic story; the work features adventure, friendship, and growth as themes, with gorgeous battle scenes, making it a new chapter of the Digimon series."
1546,primary,en-US,新樱花大战 the Animation,"""Sakura Wars the Animation"" is a new animation of Sakura Wars; the battles of the Imperial Floral Assault Force. In this work, the battles and daily life of the girls in the imperial capital; the work features battle, ensemble, and steampunk, with a gorgeous atmosphere, making it a sequel of the Sakura Wars series."
1547,primary,en-US,辣妹与恐龙,"""Gal to Kyouryuu"" adapts the same-name manga. The cohabitation daily life of a gyaru and a dinosaur that crossed over to the present. The work features comedy, daily life, and cute pets; the interactions between the dinosaur and the gyaru are full of laughs, with a light atmosphere, making it a hilarious work."
1548,primary,en-US,神之塔,"""Tower of God"" adapts the same-name manga. Boy Bam challenges the Tower of God to find his friend. The work features adventure, battle, and ensemble, with a unique atmosphere. Bam's climb and the truth of the Tower unfold layer by layer, making it a novel-styled work."
1549,primary,en-US,格莱普尼尔,"""Gleipnir"" adapts the same-name manga. The battles of boy Shuichi Kagaya and girl Claire Aoki. The work features battle, suspense, and fantasy, with a tense atmosphere. Shuichi's transformation and the truth unfold layer by layer, making it a hardcore work."
1550,primary,en-US,ARGONAVIS from BanG Dream! ANIMATION,"""Argonavis from BanG Dream! ANIMATION"" is a male band anime of the BanG Dream project; the band story of the boys. In this work, the boys chase their dreams through music; the work features music, youth, and ensemble, with moving songs, making it a spin-off of the BanG Dream project."
1551,primary,en-US,被我的手指扰乱吧。~在闭店后二人独处的沙龙…~,"This is a short adult-oriented anime telling the romance between a hairstylist and a customer. The work features romance, adult themes, and daily life, with an ambiguous atmosphere and tense interactions, making it an adult-oriented romance work."
1552,primary,en-US,王者天下 第三季,"""Kingdom"" (Season 3) continues the series; the road of unification of Shin and Ying Zheng continues. This work revolves around the wars of the coalition; the work features history, war, and passion, with grand war scenes. Shin's growth is moving, making it a sequel of the Kingdom series."
1553,primary,en-US,球咏,"""Tamayomi"" adapts the same-name manga. The story of the girls in the high school baseball club. The work features baseball, youth, and ensemble, with a youthful atmosphere. The training and matches of the girls are full of vitality, making it a solid sports work."
1554,primary,en-US,非枪人生 第2部分,"""No Guns Life"" Part 2 continues the first season; the battles of Juzo Inui continue. In this work, Juzo's actions in the city develop further; the work features sci-fi, battle, and ensemble, with a cold atmosphere. Juzo's power and the truth of the city unfold layer by layer, making it a hardcore work."
1555,primary,en-US,GIRL学。～圣GIRLS²学园～,"This is a short idol anime telling the daily life of the girls at the idol academy. The work features idols, daily life, and ensemble, with cute art and short episodes, showcasing the interactions of the girls in light daily life, making it a stress-relieving short anime."
1556,primary,en-US,Re：从零开始的异世界生活 冰结之绊,"""Re:Zero kara Hajimeru Isekai Seikatsu: Frozen Bond"" is an OVA of Re:Zero; the story of Emilia. This work revolves around Emilia's past; the work features isekai, suspense, and healing, with a warm atmosphere, making it a side story of the Re:Zero series."
1557,primary,en-US,偶像大师 灰姑娘女孩剧场 Extra Stage,"""THE IDOLM@STER Cinderella Girls Theater: Extra Stage"" continues the series; the Q-version daily life of the Cinderella Girls idols continues. The work features idols, comedy, and daily life, with cute art and short episodes, showcasing the interactions of the idols in light daily life, making it a side story of the Cinderella Girls series."
1558,primary,en-US,旭日,"This is a short anime telling the daily life of the girls. The work features daily life, healing, and ensemble, with refined art and a tranquil atmosphere, showcasing the emotions of the girls in light daily life, making it a short but warm work."
1559,primary,en-US,富豪刑事 Balance:UNLIMITED,"""The Millionaire Detective - Balance: UNLIMITED"" adapts Tsunehiko Kamono's novel. The case-handling daily life of wealthy detective Daisuke Kambe and his partner Kato. The work features police, comedy, and ensemble; Daisuke's extravagance and Kato's snark are full of laughs, with a light atmosphere, making it a joyful work."
1560,primary,en-US,座敷童子榻榻米酱,"""Zashiki Warashi no Tatami-chan"" is a short anime telling the daily life of a zashiki warashi and a young man. The work features youkai, daily life, and healing, with cute art and a warm atmosphere, showcasing the interactions of the zashiki warashi in light daily life, making it a healing short anime."
1561,primary,en-US,魔神英雄传 七魂的龙神丸,"""Mashin Hero Wataru: The Seven Souls of Ryujinmaru"" continues the series; the adventure of Wataru Senju and Ryujinmaru continues. This work revolves around the Seven Souls of Ryujinmaru; the work features mecha battles, adventure, and passion, with gorgeous battle scenes, making it a sequel of the Mashin Hero Wataru series."
1562,primary,en-US,噬血狂袭 IV,"""Strike the Blood IV"" continues the series; the vampire battles of Kojou Akatsuki continue. In this work, the bond between Akatsuki and Yukina deepens further; the work features vampires, battle, and harem, with gorgeous battle scenes. Fan-service and passion coexist, making it a spin-off of the Strike the Blood series."
1563,primary,en-US,高达创形者 再起 2nd Season,"""Gundam Build Divers Re:RISE"" (2nd Season) continues the series; the story of Gunpla battles continues. In this work, the boys take on new challenges in the model battle world; the work features Gunpla, battle, and passion, with gorgeous battle scenes, making it a sequel of the Gundam Build Divers series."
1564,primary,en-US,岸边露伴一动不动 OVA,"""Thus Spoke Kishibe Rohan"" is a spin-off anime of JoJo's Bizarre Adventure; the strange experiences of manga artist Rohan Kishibe. In this work, Rohan encounters eerie incidents while gathering material; the work features suspense, grotesque, and the JoJo worldview, with an eerie atmosphere, making it a side story of the JoJo series."
1565,primary,en-US,普通攻击是全体攻击而且能二次攻击的妈妈你喜欢吗？ OVA,"""Do You Love Your Mom and Her Two-Hit Multi-Target Attacks? OVA"" is an OVA of the series; a side story of Masato and his mother. This work focuses on light daily life; the work features isekai, comedy, and family, with the mother's powerful combat ability full of laughs, making it a side story of the series."
1566,primary,en-US,啄木鸟侦探社,"""Woodpecker Detective's Office"" adapts the same-name novel. Poet Takuboku Ishikawa's deductions at a detective agency. The work features deduction, historical era, and ensemble, with an elegant atmosphere. Takuboku's deductions and poetic talent are charming, making it a uniquely styled work."
1567,primary,en-US,攻壳机动队 SAC_2045,"""Ghost in the Shell: SAC_2045"" is a new work of Ghost in the Shell; the story of Motoko Kusanagi and Section 9. This work revolves around the world of 2045; the work features sci-fi, suspense, and ensemble, with refined 3DCG visuals, making it a hardcore sci-fi work."
1568,primary,en-US,别册奥林匹克之环,"""Bessatsu Olympia Kyklos"" is a short anime telling the exchange between ancient and modern times. An Olympic-themed comedy story; the work features history, comedy, and daily life, with short episodes and dense jokes, making it a stress-relieving short anime."
1569,primary,en-US,来自深渊 深沉灵魂的黎明,"""Made in Abyss: Dawn of the Deep Soul"" is a movie of Made in Abyss; the adventure of Riko and Reg continues. This work revolves around the story of Bondrewd; the work features adventure, fantasy, and darkness as themes, with exquisite visuals. Riko's journey is stunning, making it a movie of the Made in Abyss series."
1570,primary,en-US,来自深渊 启程之拂晓,"""Made in Abyss: Journey's Dawn"" is a recap movie of Made in Abyss; the adventure of Riko and Reg is rearranged. This work reviews the first season's plot; the work features adventure, fantasy, and darkness as themes, with exquisite visuals, making it a movie of the Made in Abyss series."
1571,primary,en-US,时光碎片,"""Fragtime"" is a movie anime telling the story of the girls. Centered on the theme of time, the memories and emotions of the girls unfold; the work features romance, yuri, and youth, with a delicate atmosphere, making it a work full of literary atmosphere."
1572,primary,en-US,大欺诈师,"""GREAT PRETENDER"" is an original anime telling the cons of con man Laurent. With the world as the stage, the con men carry out various scams; the work features suspense, comedy, and ensemble, with vivid art and a plot full of twists, making it a uniquely styled work."
1573,primary,en-US,刃牙 大擂台赛篇,"""Baki: The Great Raitai Tournament"" is a sequel of Baki; the duels of the martial artists continue. This work revolves around the Great Raitai Tournament; the work features martial arts, passion, and ensemble, with battle scenes full of power. Baki's growth gets the blood pumping, making it a classic of the fighting anime genre."
1574,primary,en-US,想哭的我戴上了猫的面具,"""A Whisker Away"" is a movie anime telling the story of a girl and a cat. After putting on a cat mask, the girl turns into a cat and embarks on a strange journey; the work features romance, fantasy, and healing as themes, with exquisite visuals. The girl's growth is moving, making it a warm work."
1575,primary,en-US,没落要塞,"""DECA-DENCE"" is an original anime telling the story of the boys in a ruined world. The boys survive while fighting mysterious monsters; the work features sci-fi, suspense, and ensemble, with a unique atmosphere. The truth of the world unfolds layer by layer, making it a novel-styled work."
1576,primary,en-US,宝石幻想 光芒重现,"""Lapis Re:LiGHTs"" adapts the same-name project; the idol story of the girls. In this work, the girls chase their dreams in a world of magic; the work features music, idols, and ensemble, with gorgeous songs and stage performances, making it an idol anime."
1577,primary,en-US,宇崎学妹想要玩！,"""Uzaki-chan Wants to Hang Out!"" adapts the same-name manga. The daily life of college student Sakurai and his kouhai Uzaki. The work features romance, comedy, and daily life; Uzaki's pushiness and Sakurai's snark are full of laughs, with a light atmosphere, making it a joyful romantic comedy."
1578,primary,en-US,租借女友,"""Rent-A-Girlfriend"" adapts the same-name manga. The relationship between college student Kazuya Kinoshita and rental girlfriend Chizuru Mizuhara. The work features romance, comedy, and daily life; the complex relationship between Kazuya and Chizuru is a highlight, with a light atmosphere, making it a joyful romantic comedy."
1579,primary,en-US,魔王学院的不适任者～史上最强的魔王始祖，转生就读子孙们的学校～,"""The Misfit of Demon King Academy"" adapts the same-name light novel. Demon King progenitor Anos reincarnates into a demon school. The work features isekai, passion, and satisfaction; Anos's power is charming, with gorgeous battle scenes, making it a standard isekai work."
1580,primary,en-US,魔物娘的医生,"""Monster Girl Doctor"" adapts the same-name light novel. Doctor Glenn treats the monster girls. The work features medical treatment, fantasy, and daily life; Glenn's medical skills and the interactions with the monster girls are fun, with a light atmosphere, making it a unique medical work."
1581,primary,en-US,弩级战队HXEROS,"""Super HxEros"" adapts the same-name manga. The boys and girls fight enemies that devour the sense of shame. The work features battle, comedy, and fan-service; the battles of HxEros are full of laughs, with a light atmosphere, making it an adult-oriented comedy work."
1582,primary,en-US,恋与制作人,"""Mr Love: Queen's Choice"" adapts the same-name game. The story of a girl and the producers. The work features romance, urban life, and ensemble, with a gorgeous atmosphere. The interactions between the girl and the male characters are full of romance, making it an otome anime."
1583,primary,en-US,彼得·格里尔和贤者的时间,"""Peter Grill and the Philosopher's Time"" adapts the same-name manga. The funny daily life of the strongest warrior Peter in love. The work features romance, comedy, and fan-service; Peter's troubles and the pursuit of the women are full of laughs, with a light atmosphere, making it an adult-oriented comedy work."
1584,primary,en-US,路人女主的养成方法 Fine,"""Saekano the Movie: Finale"" is a movie of Saekano: How to Raise a Boring Girlfriend; the story of Tomoya and the girls comes to an end. This work revolves around the final chapter of galgame production and feelings; the work features romance, snark, and the industry, with delicate direction, making it a fine romantic comedy."
1585,primary,en-US,Re：从零开始的异世界生活 第二季,"""Re:Zero kara Hajimeru Isekai Seikatsu"" (Season 2) continues the first season; the story of Subaru Natsuki continues. This work revolves around the Sanctuary arc and a new crisis; Subaru struggles between despair and reincarnation; the work features isekai, suspense, and tears as themes. Subaru's persistence is moving, making it a representative work of the isekai genre."
1586,primary,en-US,鸣鸟不飞 The clouds gather,"""Twittering Birds Never Fly: The Clouds Gather"" is a BL anime movie, telling the story of gangster Yashiro and Doumeki. The work features BL romance, gangsters, and emotions as themes, with a heavy atmosphere. Yashiro's past and the relationship of the two are full of tension, making it a fine BL anime."
1587,primary,en-US,高校之神,"""The God of High School"" adapts the same-name manga. The boys battle in the God of High School tournament. The work features martial arts, passion, and ensemble, with gorgeous battle scenes. The duels of the boys are full of power, making it a uniquely styled fighting work."
1588,primary,en-US,哥布林杀手 哥布林的王冠,"""Goblin Slayer: Goblin's Crown"" is a movie of Goblin Slayer; the battles of Goblin Slayer. This work revolves around the Crown of the Goblin; the work features dark fantasy, battle, and ensemble, with a heavy atmosphere. Goblin Slayer's conviction is stunning, making it a movie of the Goblin Slayer series."
1589,primary,en-US,我的英雄学院 英雄:崛起,"""My Hero Academia: Heroes Rising"" is a movie of My Hero Academia; the story of Izuku Midoriya and Bakugo. This work revolves around the rise of heroes and a new crisis; the work features heroes, passion, and growth as themes, with gorgeous battle scenes. Deku's conviction is moving, making it a movie of the My Hero Academia series."
1590,primary,en-US,世界第一初恋～求婚篇～,"""Sekai-ichi Hatsukoi: Proposal-hen"" is a movie of Sekai-ichi Hatsukoi; the romance of the editors and the author. This work revolves around the proposal arc; the work features BL romance, the editing industry, and daily life, with a warm atmosphere, making it a classic BL anime series."
1591,primary,en-US,赛马娘四格,"This is a short anime of Uma Musume; the Q-version daily life of the horse girls. The work features competition, comedy, and daily life, with cute art and short episodes, showcasing the interactions of the horse girls in light daily life, making it a side story of the Uma Musume series."
1592,primary,en-US,炎炎消防队 二之章,"""Fire Force"" (Season 2) continues the first season; the battles of Shinra Kusakabe continue. This work revolves around a new chapter and the truth of the fire force; the work features passion, battle, and ensemble, with gorgeous battle scenes. Shinra's growth is moving, making it a sequel of the Fire Force series."
1593,primary,en-US,数码宝贝大冒险：最后的进化·羁绊,"""Digimon Adventure: Last Evolution Kizuna"" is a movie of the Digimon series; the growth of the Chosen Children. This work revolves around the farewell of growing up and bonds; the work features adventure, friendship, and growth as themes, with a moving atmosphere, making it a movie of the Digimon series."
1594,primary,en-US,猎魔武士,"This is a short anime telling the battles of samurai against monsters. The work features battle, historical era, and passion, with a unique art style. The battles of the samurai are full of power, making it a uniquely styled work."
1595,primary,en-US,巨人族的新娘,"""The Titan's Bride"" is a short anime telling the story of a boy and a titan youth. The work features romance, BL, and another world, with an ambiguous atmosphere. The interactions of the two are full of tension, making it an adult-oriented BL work."
1596,primary,en-US,妖怪图鉴,"This is a short anime telling the story of the youkai. The work features youkai, daily life, and healing, with refined art and a tranquil atmosphere, showcasing the interactions of the youkai in light daily life, making it a healing work."
1597,primary,en-US,魔法律事务所 第二季,"""Muhyo & Roji's Bureau of Supernatural Investigation"" (Season 2) continues the first season; the battles of the magic law executor Muhyo continue. In this work, Muhyo and his assistant solve more supernatural incidents; the work features the supernatural, battle, and daily life, with a light atmosphere, making it a supernatural work."
1598,primary,en-US,日本沉没2020,"""Japan Sinks: 2020"" is a movie anime telling the survival story when Japan sinks. A family struggles to survive in the disaster; the work features disaster, survival, and family as themes, with a heavy atmosphere. The fates of the characters are full of tension, making it a thought-provoking work."
1599,primary,en-US,在地下城寻求邂逅是否搞错了什么 第二季 OVA,"""Is It Wrong to Try to Pick Up Girls in a Dungeon?"" (Season 2 OVA) is an OVA of the second season; a daily side story of Bell. This work focuses on light daily life; the work features fantasy, adventure, and harem, with a joyful atmosphere, making it a side story of the DanMachi series."
1600,primary,en-US,忍者收藏,"""Ninja Collection"" is a short anime telling the daily life of the ninja. The work features ninja, comedy, and daily life, with short episodes and brisk pacing, showcasing the life of the ninja in light daily life, making it a stress-relieving short anime."
1601,primary,en-US,超普通都市柏传说R,"""Chou Futsuu Toshi Kashiwa Densetsu R"" is a short anime telling the comedic stories of the Kashiwa legends. The work features regional culture, comedy, and daily life, with short episodes and a light atmosphere, showcasing the legends of Kashiwa in light daily life, making it a stress-relieving short anime."
1602,primary,en-US,天地无用! 魉皇鬼 第5期,"""Tenchi Muyo! Ryo-Ohki"" (Season 5) continues the series; the story of Tenchi and the girls continues. This work revolves around a new adventure; the work features romance, sci-fi, and harem, with a light atmosphere, making it a sequel of the Tenchi Muyo series."
1603,primary,en-US,喜欢本大爷的竟然就你一个？～我们的比赛结束～,"""ORESUKI: Are you the only one who loves me? OVA"" is an OVA of ORESUKI; a romance side story of Joro. This work focuses on light daily life; the work features romance, comedy, and daily life, with a light atmosphere, making it a side story of the series."
1604,primary,en-US,大神小姐想被吃掉,"This is a short anime telling the romance between the Okami and a wolf. The work features romance, comedy, and daily life, with refined art and a light atmosphere, showcasing the interactions of the Okami and the wolf in light daily life, making it a stress-relieving short anime."
1605,primary,en-US,熊熊勇闯异世界,"""Kuma Kuma Kuma Bear"" adapts the same-name light novel. Girl Yuna adventures in another world wearing a bear suit. The work features isekai, light adventure, and moe; Yuna's bear suit and adventure are fun, with a light atmosphere, making it a joyful work."
1606,primary,en-US,樱花革命～花开时的少女们～,"""Sakura Kakumei"" adapts the same-name game, telling the battles of the girls. This work revolves around the Sakura revolution; the work features battle, ensemble, and passion, with gorgeous battle scenes, making it a game adaptation."
1607,primary,en-US,咒术回战,"""Jujutsu Kaisen"" adapts the same-name manga. Boy Yuji Itadori swallows a special-grade cursed object and becomes a jujutsu sorcerer. The work features battle, passion, and ensemble, with gorgeous battle scenes. Yuji's growth and the bonds with his partners run throughout, making it a phenomenal work of recent years."
1608,primary,en-US,铁路浪漫谭,"""Rail Romanesque"" adapts the same-name game. The daily life of the railroad anthropomorphized girls. The work features railroads, daily life, and healing, with cute art and a light atmosphere, showcasing the interactions of the railroad girls in light daily life, making it a game adaptation."
1609,primary,en-US,总之就是非常可爱,"""TONIKAWA: Over the Moon for You"" adapts the same-name manga. The marriage daily life of boy Nasa Yuzaki and his wife Tsukasa. The work features romance, daily life, and healing; the sweet life of Nasa and Tsukasa is full of warmth, with a light atmosphere, making it a heart-pounding romance work."
1610,primary,en-US,在魔王城说晚安,"""Sleepy Princess in the Demon King's Castle"" adapts the same-name manga. The daily life of the kidnapped princess Sya-ris in the demon king's castle. The work features comedy, daily life, and healing; the princess's self-indulgence is full of laughs, with a light atmosphere, making it a hilarious work."
1611,primary,en-US,全员恶玉,"""Akudama Drive"" is an original anime telling the battle royale of the villains. The gathered villains carry out mad actions; the work features suspense, action, and ensemble, with a tense atmosphere. The fates of the villains are impactful, making it a uniquely styled work."
1612,primary,en-US,你与我最后的战场，亦或是世界起始的圣战,"""Our Last Crusade or the Rise of a New World"" adapts the same-name light novel. The romance between the two from the hostile Empire and the Royal Court. The work features romance, battle, and fantasy; the positions and feelings of the two are full of tension, with a gorgeous atmosphere, making it a fantasy romance work."
1613,primary,en-US,池袋西口公园,"""Ikebukuro West Gate Park"" adapts the same-name novel. Boy Makoto Majima solves various incidents in Ikebukuro. The work features urban life, suspense, and ensemble, with a unique atmosphere. Makoto's adventures are full of tension, making it a novel-styled work."
1614,primary,en-US,前说！,"""Maesetsu!"" adapts the same-name manga. The story of the girls aiming to become manzai comedians. The work features comedy, youth, and ensemble; the manzai dreams of the girls are full of vitality, with a light atmosphere, making it a joyful work."
1615,primary,en-US,无能的奈奈,"""Talentless Nana"" adapts the same-name manga. The truth of girl Nana at the ability user school. The work features suspense, battle, and darkness as themes, with a heavy atmosphere. Nana's actions and the truth are full of twists, making it a work that gives one the creeps."
1616,primary,en-US,阿松 第三季,"""Mr. Osomatsu"" (Season 3) continues the series; the comedic daily life of the Matsuno sextuplets continues. In this work, the sextuplets keep causing all sorts of jokes in their worthless lives; the work features parody, snark, and social satire, with bold performances, making it a phenomenal comedy anime."
1617,primary,en-US,催眠麦克风,"""Hypnosis Mic: Division Rap Battle"" adapts the same-name project. In Shibuya, ruled by music, the battles of the Rap groups. The work features music, battle, and ensemble, with powerful rap and tense duels, making it a uniquely styled work."
1618,primary,en-US,魔女之旅,"""Wandering Witch: The Journey of Elaina"" adapts the same-name light novel. Witch Elaina's travels around the world. The work features travel, episodic stories, and healing; Elaina's experiences in each country are philosophical, with refined art, making it a poetic work."
1619,primary,en-US,突击莉莉 BOUQUET,"""Assault Lily Bouquet"" is a yuri battle anime, telling the battles of the girls at the Lily Academy. The work features battle, yuri, and ensemble, with gorgeous battle scenes. The bonds of the girls run throughout, making it a hardcore work."
1620,primary,en-US,攀岩！ -Sport Climbing Girls-,"""Iwa-Kakeru! -Sport Climbing Girls-"" adapts the same-name manga. The story of the girls in sport climbing competition. The work features sports, youth, and ensemble, with tense match scenes. The girls' growth is moving, making it a unique sports work."
1621,primary,en-US,战翼的希格德莉法,"""Warlords of Sigrdrifa"" is an original anime telling the battles of the Valkyries. The girls pilot machines to fight enemies from another world; the work features mecha battles, passion, and ensemble, with gorgeous battle scenes. The bonds of the girls run throughout, making it a solid work."
1622,primary,en-US,我立于百万生命之上,"""I'm Standing on a Million Lives"" adapts the same-name manga. The boys adventure in a game world. The work features adventure, survival, and ensemble, with a unique atmosphere. The challenges of the boys in the game are full of tension, making it a novel-styled work."
1623,primary,en-US,寒蝉鸣泣之时 业,"""Higurashi: When They Cry - Gou"" is a new work of Higurashi; the story of Hinamizawa Village. This work revolves around a new reincarnation; the work features suspense, horror, and ensemble, with a oppressive atmosphere. The fates of the girls are impactful, making it a sequel of the Higurashi series."
1624,primary,en-US,养猫养狗每天很开心,"""With a Dog AND a Cat, Every Day is Fun"" adapts the same-name manga, telling the life of a boy with a dog and a cat. The work features cute pets, daily life, and healing, with cute art and a light atmosphere, showcasing the cuteness of the pets in light daily life, making it a healing work."
1625,primary,en-US,忧国的莫里亚蒂,"""Moriarty the Patriot"" adapts the same-name manga. The duel between Moriarty and Holmes in London. The work features deduction, suspense, and ensemble, with an elegant atmosphere. Moriarty's schemes are charming, making it a uniquely styled work."
1626,primary,en-US,被神捡到的男人,"""By the Grace of the Gods"" adapts the same-name light novel. A middle-aged office worker reincarnates in another world. The work features isekai, light adventure, and healing; the protagonist's gentleness and life in another world are full of warmth, with a warm atmosphere, making it a healing work."
1627,primary,en-US,强袭魔女 通往柏林之路,"""Strike Witches: Road to Berlin"" continues the series; the battles of Unit 501 continue. In this work, the witches fight on the road to Berlin; the work features battle, yuri, and daily life, with gorgeous air combat scenes. The bonds of the girls run throughout, making it a sequel of the Strike Witches series."
1628,primary,en-US,A3！满开剧团 秋&冬,"""A3! Season Autumn & Winter"" continues the series; the story of the troupe manager and the boys continues. In this work, the stories of the Autumn and Winter troupes unfold; the work features stage, youth, and ensemble, with a warm atmosphere, making it a female-oriented anime."
1629,primary,en-US,One Room 第三季,"""One Room"" (Season 3) continues the series, telling the daily life of the girls from a first-person perspective. The viewer interacts with the girls from the protagonist's viewpoint; the work features daily life, romance, and healing, with refined art and a warm atmosphere, making it an immersive work."
1630,primary,en-US,体操武士,"""Taiso Samurai"" is an original anime telling the story of a gymnast. The life of retired gymnast Jotaro Aragaki and his daughter; the work features sports, family, and daily life, with a warm atmosphere. Jotaro's comeback is moving, making it a warm work."
1631,primary,en-US,王之逆袭：意志的继承者,"""King's Raid: Successors of the Will"" adapts the same-name game. The adventure and battles of the boys in the kingdom. The work features adventure, battle, and ensemble, with gorgeous battle scenes. The growth and bonds of the characters run throughout, making it a game adaptation."
1632,primary,en-US,试着用土下座来拜托她们吧,"This is a short anime telling the story of a boy begging the girls with dogeza. The work features comedy, daily life, and fan-service, with short episodes and brisk pacing, making it a stress-relieving short anime."
1633,primary,en-US,D4DJ First Mix,"""D4DJ First Mix"" is an anime of the D4DJ project; the story of the DJ girls. In this work, the girls grow on the path of DJ; the work features music, youth, and ensemble, with moving songs, making it an animation of the D4DJ project."
1634,primary,en-US,大贵族,"""The Noblesse"" adapts the same-name manga. The daily life of noble vampire Cadis in the modern era. The work features vampires, battle, and ensemble, with a gorgeous atmosphere. Cadis's power and daily life are charming, making it a uniquely styled work."
1635,primary,en-US,月歌2,"""Tsukipro The Animation 2"" continues the first season; the story of the idol groups Six Gravity and Procellarum continues. In this work, the boys take on new challenges on the idol stage; the work features music, idols, and ensemble, with gorgeous songs and stage performances, making it a female-oriented idol anime."
1636,primary,en-US,成年人不懂如何恋爱！,"This is a short anime telling the romance of adults. The work features romance, daily life, and comedy, with short episodes and a light atmosphere, showcasing the romance of adults in light daily life, making it a stress-relieving short anime."
1637,primary,en-US,灾祸的真理 -ZUERST-,"This adapts the same-name game. In a world where magic weapons are developed, the battles of the boys. The work features sci-fi, battle, and ensemble, with a heavy atmosphere. The fates of the boys are full of tension, making it a game adaptation."
1638,primary,en-US,半妖的夜叉姬,"""Yashahime: Princess Half-Demon"" is a sequel of Inuyasha, telling the adventure of the half-demon girls. This work revolves around the story of Towa, Setsuna, and Moroha; the work features adventure, battle, and passion, with a light atmosphere, making it a sequel of the Inuyasha series."
1639,primary,en-US,排球少年 TO THE TOP 第二期,"""Haikyu!! To the Top"" (Part 2) continues the series; the volleyball battles of Karasuno High continue. In this work, the fierce competition of the national tournament reaches its climax; the work features volleyball, passion, and team growth as themes, with suffocating match scenes. The all-out effort of Karasuno is moving, making it a peak sports anime."
1640,primary,en-US,Love Live! 虹咲学园校园偶像同好会,"""Love Live! Nijigasaki High School Idol Club"" is a Love Live series anime; the idols of Nijigasaki Academy. In this work, the girls chase their dreams in the school idol club; the work features music, chasing dreams, and ensemble, with moving songs and gorgeous stage performances, making it a sequel of the Love Live series."
1641,primary,en-US,勇者斗恶龙 达伊的大冒险,"""Dragon Quest: The Adventure of Dai"" adapts the same-name manga. Boy Dai's adventure aiming to become a hero. The work features adventure, passion, and ensemble; Dai's growth and the bonds with his partners run throughout, with gorgeous battle scenes, making it a re-animation of a classic."
1642,primary,en-US,成神之日,"""The Day I Became a God"" is Key's original anime, telling the story of a girl and a boy. The daily life of girl Hina, who has mysterious powers, and a boy; the work features daily life, suspense, and emotions as themes, with a unique atmosphere. The plot is impactful, making it a thought-provoking work."
1643,primary,en-US,魔法科高校的劣等生 来访者篇,"""The Irregular at Magic High School: Visitor Arc"" continues the series; the story of Tatsuya Shiba continues. This work revolves around the Visitor arc and new enemies; the work features magic, battle, and siblings, with gorgeous battle scenes. Tatsuya's power is stunning, making it a sequel of the Mahouka series."
1644,primary,en-US,黄金神威 第三季,"""Golden Kamuy"" (Season 3) continues the series; the adventure of Saichi Sugimoto in Hokkaido continues. This work revolves around the contest for the gold and new developments; the work features adventure, gourmet food, and ensemble, depicting Hokkaido's nature and Ainu culture in detail. Sugimoto's adventure is fun, making it a sequel of the Golden Kamuy series."
1645,primary,en-US,满溢的水果挞,"""Ochikobore Fruit Tart"" adapts the same-name manga. The story of the girls at an idol agency. The work features idols, daily life, and ensemble, with cute art and a light atmosphere. The interactions of the girls are full of moe, making it a light healing work."
1646,primary,en-US,在地下城寻求邂逅是否搞错了什么 第三季,"""Is It Wrong to Try to Pick Up Girls in a Dungeon?"" (Season 3) continues the series; Bell's adventure continues. In this work, Bell's encounter with the Xenos opens a new chapter; the work features fantasy, adventure, and battle, with gorgeous battle scenes. Bell's growth is moving, making it a sequel of the DanMachi series."
1647,primary,en-US,安达与岛村,"""Adachi and Shimamura"" adapts the same-name manga. The daily life of high school girls Adachi and Shimamura. The work features yuri, daily life, and healing; the interactions of Adachi and Shimamura are full of warmth, with a delicate atmosphere, making it a light healing work."
1648,primary,en-US,请问您今天要来点兔子吗？BLOOM,"""Is the Order a Rabbit? BLOOM"" is the third season of Is the Order a Rabbit?; the daily life of the girls at Rabbit House continues. In this work, the time of Cocoa, Chino, and the other girls becomes richer; the work features cute characters, warm daily life, and desserts as themes, with bright healing visuals, making it a representative work of moe daily anime."
1649,primary,en-US,龙与魔女,"""BURN THE WITCH"" is a movie anime telling the story of dragons and witches. This work revolves around the relationship between witches and dragons; the work features fantasy, battle, and ensemble, with refined visuals, making it a uniquely styled work."
1650,primary,en-US,剧场版 高校舰队,"""High School Fleet: The Movie"" is a movie of High School Fleet; the ship battles of the girls. This work revolves around a new crisis; the work features ships, academy, and ensemble, with gorgeous battle scenes. The growth and bonds of the girls are charming, making it a movie of the High School Fleet series."
1651,primary,en-US,音乐,"""ON-GAKU: Our Sound"" is a movie anime telling the story of the boys forming a band. The work features music, youth, and comedy, with a unique style. The band journey of the boys is full of laughs, making it a novel-styled work."
1652,primary,en-US,小碧蓝幻想！,"""Petit Granblue Fantasy"" is a short anime of Granblue Fantasy; the Q-version daily life of the characters. The work features adventure, comedy, and daily life, with cute art and short episodes, showcasing the interactions of the characters in light daily life, making it a side story of the Granblue Fantasy series."
1653,primary,en-US,面包超人,"""Anpanman"" is a classic long-running anime, telling the story of righteous Anpanman protecting the world. Anpanman and his partners fight Baikinman; the work features heroes, adventure, and education, with a warm atmosphere, making it a national-level children's anime in Japan."
1654,primary,en-US,剧场版 BEM ～BECOME HUMAN～,"""BEM: Become Human"" is a movie of BEM; the story of the humanoid monsters. This work revolves around the truth of BECOME HUMAN; the work features youkai, battle, and ensemble, with a dark atmosphere, making it a movie of the BEM series."
1655,primary,en-US,刀使巫女 刻印一闪的灯火 OVA,"""Katana Maidens OVA"" is an OVA of Katana Maidens; a battle side story of the miko girls. This work focuses on light daily life; the work features battle, academy, and ensemble, with a joyful atmosphere, making it a side story of the Katana Maidens series."
1656,primary,en-US,Eternity ～深夜的濡恋频道♡～,"This is a short adult-oriented anime telling the romance of a late-night channel. The work features romance, adult themes, and daily life, with an ambiguous atmosphere and tense interactions, making it an adult-oriented romance work."
1657,primary,en-US,泽塔奥特曼,"""Ultraman Z"" is a TV anime of the Ultraman series; the battles of Ultraman Z. This work revolves around the story of Z and the Earth Defense Force; the work features tokusatsu, battle, and passion, with gorgeous battle scenes, making it a sequel of the Ultraman series."
1658,primary,en-US,进击的巨人 最终季,"""Attack on Titan: The Final Season"" continues the series; the battles of Eren and the Survey Corps reach the final chapter. This work revolves around the Marley arc and the truth of the Titans; the work features battle, suspense, and despair as themes, with high-quality production. The threat of the Titans and humanity's struggle are full of tension, making it the finale of the Attack on Titan series."
1659,primary,en-US,剧场版 库特wafter,"""Kud Wafter"" is a movie of a Key work; the story of Kud. This work revolves around the daily life of Kud and Riki Naoe; the work features daily life, healing, and romance, with a warm atmosphere, making it a healing work."
1660,primary,en-US,埃及神明们的日常,"This is a short anime telling the daily life of the Egyptian gods. The work features mythology, comedy, and daily life, with refined art and short episodes, showcasing the interactions of the Egyptian gods in light daily life, making it a stress-relieving short anime."
1661,primary,en-US,剧场版 白箱,"""Shirobako: The Movie"" is a movie of Shirobako; the story of the animation producers. In this work, the daily life of Aoi Miyamori and her partners in the animation industry; the work features workplace, creation, and ensemble, with a warm atmosphere, making it a work full of human warmth."
1662,primary,en-US,灰色：幻影扳机 观星者,"""Grisaia: Phantom Trigger Stargazer"" is a movie of the Grisaia series; the battles of the special agent girls. This work revolves around Stargazer; the work features battle, academy, and ensemble, with gorgeous battle scenes, making it a movie of the Grisaia series."
1663,primary,en-US,吸血鬼之爱,"""Vampire in the Garden"" is a movie anime telling the story of a girl vampire and her friend. The work features vampires, romance, and healing, with refined art and a unique atmosphere. The daily life of the girl is warm, making it a novel-styled work."
1664,primary,en-US,花样滑冰stars,"""Skate Leading Stars"" is an original anime telling the story of the boys in figure skating. The boys chase their dreams in figure skating; the work features skating, youth, and ensemble, with beautiful skating scenes. The growth of the characters is moving, making it a sports work."
1665,primary,en-US,碧蓝航线：微速前行！,"""Azur Lane: Bisoku Zenshin!"" is a short anime of Azur Lane; the daily life of the ship girls. The work features ship girls, daily life, and healing, with cute art and short episodes, showcasing the interactions of the ship girls in light daily life, making it a side story of the Azur Lane series."
1666,primary,en-US,顺其自然的日子,"""Dounika Naru Hibi"" is a short anime telling the stories of several couples. The work features romance, ensemble, and daily life, with a delicate atmosphere. The stories of each couple are realistic, making it a uniquely styled work."
1667,primary,en-US,幼女社长,"""Youjo Shachou"" is a short anime telling the workplace story of a little girl president. The work features workplace, comedy, and daily life; the contrast of the little girl president is full of laughs, with short episodes and brisk pacing, making it a stress-relieving short anime."
1668,primary,en-US,摇曳露营△ 第二季,"""Laid-Back Camp"" (Season 2) continues the first season; the camping daily life of the girls continues. In this work, Nadeshiko and Rin welcome new seasons while camping; the work features camping, daily life, and healing, with fresh art and a tranquil atmosphere, making it a healing masterpiece of recent years."
1669,primary,en-US,七大罪 愤怒的审判,"""The Seven Deadly Sins: Dragon's Judgement"" continues the series; the battles of Meliodas and the sins reach a climax. This work revolves around the judgment of wrath and the final battle; the work features fantasy adventure, passionate battles, and partner bonds, with gorgeous battle scenes, making it a sequel of the Seven Deadly Sins series."
1670,primary,en-US,WIXOSS DIVA(A)LIVE,"""WIXOSS DIVA(A)LIVE"" is a WIXOSS series anime; the story of card battles continues. This work revolves around new rules and the fates of the girls; the work features cards, suspense, and psychological battles, continuing the series' dark atmosphere, making it a uniquely styled work."
1671,primary,en-US,Re：从零开始的异世界生活 第二季 后半部分,"""Re:Zero kara Hajimeru Isekai Seikatsu"" (Season 2, Part 2) continues the second season; the story of Subaru Natsuki continues. This work revolves around the climax of the Sanctuary arc; Subaru faces a turning point between despair and reincarnation; the work features isekai, suspense, and tears as themes. Subaru's persistence is moving, making it a representative work of the isekai genre."
1672,primary,en-US,五等分的新娘∬,"""The Quintessential Quintuplets"" continues the first season; the romance of Fuutarou Uesugi and the quintuplets continues. In this work, Fuutarou's relationship with the quintuplets develops further; the work features romance, school, and comedy, with a light atmosphere, making it a joyful romantic comedy."
1673,primary,en-US,文豪野犬 汪！,"""Bungou Stray Dogs Wan!"" is a short anime of Bungou Stray Dogs; the Q-version daily life of the characters. The work features supernatural powers, comedy, and daily life, with cute art and short episodes, showcasing the interactions of the characters in light daily life, making it a side story of the Bungou Stray Dogs series."
1674,primary,en-US,世界魔女 起飞！,"""World Witches Take Off!"" is a short anime of the Strike Witches series; the Q-version daily life of the witches. The work features battle, daily life, and comedy, with cute art and short episodes, showcasing the interactions of the witches in light daily life, making it a side story of the Strike Witches series."
1675,primary,en-US,堀与宫村,"""Horimiya"" adapts the same-name manga. The romance between honor student Kyoko Hori and gloomy boy Izumi Miyamura. The work features romance, daily life, and youth; the contrast and interactions of the two are full of warmth, with a warm atmosphere, making it a heart-pounding school romance work."
1676,primary,en-US,无职转生～到了异世界就拿出真本事～,"""Mushoku Tensei: Jobless Reincarnation"" adapts the same-name light novel. A shut-in youth reincarnates in another world and starts a new life. The work features isekai, growth, and ensemble as themes; Rudeus's new life is full of adventure and warmth, with high-quality production, making it a representative work of the isekai genre."
1677,primary,en-US,SHOW BY ROCK!! STARS!!,"""SHOW BY ROCK!! STARS!!"" continues the series; the story of the band girls continues. In this work, the girls take on new challenges in the music world; the work features music, cute characters, and comedy, with infectious performance scenes, making it a light and enjoyable music anime."
1678,primary,en-US,工作细胞BLACK,"""Cells at Work! Code Black"" is a spin-off of Cells at Work, telling the story of the cells in an unhealthy body. The work features science education, battle, and daily life, with a heavy atmosphere. The work of the cells in a harsh environment is full of tension, making it a unique educational work."
1679,primary,en-US,工作细胞！！,"""Cells at Work!"" continues the first season; the daily life of the cells in the body continues. In this work, the red blood cells, white blood cells, and other cells keep working hard; the work features science education, battle, and daily life, with cute art and a light atmosphere, making it a fine work that educates while entertaining."
1680,primary,en-US,天地创造设计部,"""Heaven's Design Team"" adapts the same-name manga. God commissions the design team when creating animals. The work features science education, comedy, and workplace; the animal designs of the design team are full of laughs, with a light atmosphere, making it an educational and entertaining work."
1681,primary,en-US,石纪元 石之战争,"""Dr. Stone: Stone Wars"" continues the first season; Senku's scientific revival continues. This work revolves around the Stone Wars; the work features science, adventure, and passion. Senku's scientific knowledge and the adventures of his partners are charming, making it a sequel of the Dr. Stone series."
1682,primary,en-US,关于我转生变成史莱姆这档事 第二季,"""That Time I Got Reincarnated as a Slime"" (Season 2) continues the first season; the story of Rimuru continues. In this work, Rimuru grows amid the construction and conflicts of the demon federation; the work features isekai, light adventure, and ensemble, with a light atmosphere, making it a representative work of the isekai genre."
1683,primary,en-US,只有我进入的隐藏地下城,"""The Hidden Dungeon Only I Can Enter"" adapts the same-name light novel. Boy Noir gains power in the hidden dungeon. The work features isekai, adventure, and harem; Noir's growth and adventure are highlights, with a light atmosphere, making it a standard light novel adaptation."
1684,primary,en-US,装甲娘战机,"""Soukou Musume Senki"" adapts the same-name project. The girls pilot armored girls to fight. The work features mecha, battle, and ensemble, with gorgeous battle scenes. The growth and bonds of the girls run throughout, making it an anime adaptation of the project."
1685,primary,en-US,里世界郊游,"""Otherside Picnic"" adapts the same-name manga. The girls explore the other side. The work features ghost stories, suspense, and ensemble, with an eerie atmosphere. The exploration of the two is full of tension, making it a novel-styled work."
1686,primary,en-US,2.43 清阴高校男子排球部,"""2.43: Seiin High School Boys Volleyball Team"" adapts the same-name novel. The story of the volleyball boys at Seiin High School. The work features volleyball, youth, and ensemble, with tense match scenes. The growth of the boys is moving, making it a solid sports work."
1687,primary,en-US,Praeter之伤,"""Scar on the Praeter"" is an original anime telling the battles of the boys in Tokyo. This work revolves around the guardians of Tokyo; the work features battle, ensemble, and passion, with gorgeous battle scenes. The bonds of the boys run throughout, making it a uniquely styled work."
1688,primary,en-US,无限滑板,"""SK8 the Infinity"" is an original anime telling the story of the boys in skateboarding competition. The work features skateboarding, passion, and youth, with skateboarding scenes full of power. The duels of the characters get the blood pumping, making it a uniquely styled work."
1689,primary,en-US,巴克·亚罗,"""Back Arrow"" is an original anime telling the battles of the boys in a ring-shaped world. This work revolves around the mysterious world and machine battles; the work features mecha battles, passion, and ensemble, with gorgeous battle scenes. The adventure of the boys is full of power, making it a solid work."
1690,primary,en-US,境界触发者 第二季,"""World Trigger"" (Season 2) continues the first season; the battles of Osamu Mikumo and his partners continue. This work revolves around a new chapter and the Neighbors; the work features battle, passion, and ensemble, with gorgeous battle scenes. Osamu's growth is moving, making it a sequel of the World Trigger series."
1691,primary,en-US,怪物事变,"""Kemono Jihen"" adapts the same-name manga. The story of boy Kabegami and the monsters. The work features youkai, suspense, and battle, with a unique atmosphere. Kabegami's background and the truth of the monsters unfold layer by layer, making it a novel-styled work."
1692,primary,en-US,EX-ARM,"""EX-ARM"" adapts the same-name manga. The battles of a boy in the world of EX-ARM. The work features sci-fi, battle, and ensemble, with gorgeous battle scenes. The growth and bonds of the boys run throughout, making it a manga adaptation."
1693,primary,en-US,苍之骑士团,"This adapts the same-name game. The battles and adventures of the knights in the kingdom. The work features adventure, battle, and ensemble, with gorgeous battle scenes. The growth and bonds of the characters run throughout, making it a game adaptation."
1694,primary,en-US,奇蛋物语,"""Wonder Egg Priority"" is an original anime telling the battles of the girls in another world. The adventure and growth of the girls in a mysterious world; the work features fantasy, suspense, and ensemble, with a unique atmosphere. The fates of the girls are full of tension, making it a novel-styled work."
1695,primary,en-US,偶像荣耀,"""IDOLY PRIDE"" adapts the same-name project; the idol story of the girls. In this work, the girls chase their dreams on the idol stage; the work features music, idols, and ensemble, with gorgeous songs and stage performances, making it an idol anime."
1696,primary,en-US,来冲浪吧！！美少年！！,"""Wave!! Surfing Yappe!!"" adapts the same-name manga. The story of the boys in the surfing club. The work features surfing, youth, and ensemble, with a youthful atmosphere. The surfing and training of the boys are full of vitality, making it a light sports work."
1697,primary,en-US,ICHU偶像进行曲,"""I★CHU"" adapts the same-name game; the story of the boy idols. This work centers on the boys of the idol academy; the work features music, idols, and ensemble, with gorgeous songs and stage performances, making it a female-oriented idol anime."
1698,primary,en-US,弱角友崎同学,"""Bottom-Tier Character Tomozaki"" adapts the same-name light novel. Gamer Fumiya Tomozaki's romance game in reality. The work features romance, school, and ensemble; Tomozaki's strategy and growth are highlights, with a light atmosphere, making it a joyful work."
1699,primary,en-US,赛马娘 Pretty Derby 第二季,"""Umamusume: Pretty Derby"" (Season 2) continues the first season; the story of the horse girls continues. In this work, the story of Tokai Teio and Mejiro McQueen unfolds; the work features competition, ensemble, and inspiration, with passionate match scenes. The dreams and bonds of the horse girls are moving, making it a highly acclaimed work."
1700,primary,en-US,地味变!!～改变土妹子的纯洁异性交往～,"This is a short adult-oriented anime telling the romance between a plain girl and a boy. The work features romance, adult themes, and daily life, with an ambiguous atmosphere and tense interactions, making it an adult-oriented romance work."
1701,primary,en-US,记录的地平线 圆桌崩坏,"""Log Horizon: Destruction of the Round Table"" continues the series; the story of Shiroe and the adventurers continues. This work revolves around the destruction of the round table and a new crisis; the work features games, adventure, and ensemble, with a unique atmosphere. Shiroe's schemes are charming, making it a sequel of the Log Horizon series."
1702,primary,en-US,魔术士奥芬的无赖之旅 基姆拉克篇,"""Sorcerous Stabber Orphen: Kimluck-hen"" continues the series; the journey of sorcerer Orphen continues. In this work, Orphen faces new challenges in the Kimluck arc; the work features fantasy, adventure, and passion. Orphen's power and roguishness are charming, making it a classic fantasy work."
1703,primary,en-US,大人的防具店 第二季,"""Armor Shop for Ladies & Gentlemen"" (Season 2) continues the first season; the comedic daily life of the armor shop continues. In this work, the interactions between the shop staff and customers remain full of laughs; the work features comedy, parody, and daily life, with short episodes and dense jokes, making it a stress-relieving short anime."
1704,primary,en-US,怪病医拉姆尼,"""Dr. Ramune -Mysterious Disease Specialist-"" adapts the same-name manga. Mysterious disease doctor Ramune treats strange illnesses. The work features medical treatment, ghost stories, and episodic stories; Ramune's medical skills and the stories of the patients are charming, with a unique atmosphere, making it a novel-styled work."
1705,primary,en-US,约定的梦幻岛 第二季,"""The Promised Neverland"" (Season 2) continues the first season; the escape of the children continues. In this work, the children's survival and battles in the world of demons; the work features suspense, survival, and passion as themes, with a tense atmosphere, making it a critically acclaimed work."
1706,primary,en-US,剧偶像,"""Gekidol"" is an original anime telling the story of the girls in theater. This work revolves around theater and the growth of the girls; the work features stage, suspense, and ensemble, with a unique atmosphere. The fates of the girls are full of tension, making it a novel-styled work."
1707,primary,en-US,回复术士的重来人生,"""Redo of Healer"" adapts the same-name light novel. The revenge of healer Keyarga after his redo. The work features isekai, revenge, and darkness as themes, with a heavy atmosphere. Keyarga's revenge is stunning, making it an adult-oriented work."
1708,primary,en-US,转生成蜘蛛又怎样！,"""So I'm a Spider, So What?"" adapts the same-name light novel. The survival of a girl reincarnated as a spider in a labyrinth. The work features isekai, survival, and growth as themes; the spider girl's struggle and evolution are highlights, with a unique atmosphere, making it a novel-styled work."
1709,primary,en-US,天空侵犯,"""High-Rise Invasion"" adapts the same-name manga. The survival game of the girls in the sky. The work features survival, horror, and suspense as themes, with a tense atmosphere. The girls' struggle is a highlight, making it a chilling survival horror work."
1710,primary,en-US,好比是最终迷宫前的少年到新手村生活一般的故事,"""Suppose a Kid from the Last Dungeon Boonies Moved to a Starter Town"" adapts the same-name light novel. The story of a boy living at the edge of the demon world and his partners. The work features isekai, light adventure, and comedy; the boy's power and daily life are full of laughs, with a light atmosphere, making it a joyful work."
1711,primary,en-US,BanG Dream! FILM LIVE,"""BanG Dream! FILM LIVE"" is a movie of BanG Dream; the live performances of the girls. This work centers on concert live; the work features music, youth, and ensemble, with gorgeous performance scenes, making it a movie of the BanG Dream project."
1712,primary,en-US,海边的异邦人,"""Stranger by the Shore"" is a BL anime movie, telling the story of a boy and a young man at the seaside. The work features BL romance, daily life, and healing, with refined art and a warm atmosphere. The emotional development of the two is delicate and moving, making it a fine BL anime."
1713,primary,en-US,约会大作战 赤黑新章：虚或实,"""Date A Bullet: Dead or Bullet"" is a movie of Date A Live; the story of Kurumi Tokisaki. This work revolves around Kurumi's past; the work features romance, battle, and harem, with gorgeous battle scenes. Kurumi's charm is captivating, making it a movie of the Date A Live series."
1714,primary,en-US,工作细胞：细胞大作战,"""Cells at Work! The Movie"" is a movie of Cells at Work; the battles of the cells. This work revolves around a new enemy and crisis; the work features science education, battle, and daily life, with cute art and a light atmosphere, making it a fine work that educates while entertaining."
1715,primary,en-US,约会大作战 赤黑新章：红或白,"""Date A Bullet: Red or White"" is a movie of Date A Live; the story of Kurumi Tokisaki. This work revolves around Kurumi's battles and the truth; the work features romance, battle, and harem, with gorgeous battle scenes, making it a movie of the Date A Live series."
1716,primary,en-US,剧场版 Fate/stay night [Heaven's Feel] III.spring song,"""Fate/stay night [Heaven's Feel] III. spring song"" is the final chapter movie of the Fate series; the story of Sakura Matou comes to an end. This work revolves around Sakura's redemption and the end of the Holy Grail War; the work features the Fate worldview, battle, and darkness, with gorgeous battle scenes, making it the final chapter of the Heaven's Feel route."
1717,primary,en-US,动物狂想曲 第二季,"""Beastars"" (Season 2) continues the first season; the story of wolf Legoshi continues. This work revolves around Legoshi's growth and a new crisis; the work features ensemble, youth, and depth, exploring the themes of desire and society, making it a uniquely styled work."
1718,primary,en-US,偶像活动Planet！,"""Aikatsu Planet!"" is an anime of the Aikatsu series; the idol life of the girls continues. In this work, new protagonists and stages appear, and the girls chase their dreams on the idol path; the work features gorgeous stage performances, fashion coordination, and girls chasing dreams, making it a classic series of girls' idol anime."
1719,primary,en-US,八十龟酱观察日记 第三册,"""Yatogame-chan Kansatsu Nikki"" (Third volume) continues the series; the daily life of the boy and the Nagoya girl continues. In this work, Yatogame-chan's dialect and culture remain charming; the work features daily life and regional culture, with short episodes, making it a stress-relieving short anime."
1720,primary,en-US,悠哉日常大王 Nonstop,"""Non Non Biyori Nonstop"" is the third season of Non Non Biyori; the leisurely daily life of the countryside elementary school girls continues. In this work, the time of Renge Miyauchi and her partners across the changing seasons becomes richer; the work features healing, daily life, and countryside scenery as themes, with a slow pace that brings a knowing smile, making it a representative work of healing daily anime."
1721,primary,en-US,哆啦A梦：大雄的新恐龙,"""Doraemon: Nobita's New Dinosaur"" is a movie of Doraemon; the story of Nobita and two dinosaurs. This work revolves around the bond with the new dinosaurs; Nobita and Doraemon embark on a great adventure in the Cretaceous; the work features adventure, sci-fi, and friendship as themes, with a joyful atmosphere and a moving ending, making it a movie of the Doraemon series."
1722,primary,en-US,Fate/Grand Carnival,"""Fate/Grand Carnival"" is a comedy anime of the FGO series; the carnival daily life of the Servants. The work features comedy, parody, and the Fate worldview, with a light atmosphere. The interactions of the Servants are full of laughs, making it a side story of the FGO series."
1723,primary,en-US,鬼灯的冷彻 第二季 OAD,"""Hoozuki no Reitetsu OAD"" is an OVA of Hoozuki no Reitetsu; a daily side story of the underworld. This work focuses on light daily life; the work features comedy, daily life, and black humor, with a joyful atmosphere. The interactions of Hoozuki are full of laughs, making it a side story of the Hoozuki series."
1724,primary,en-US,鬼灭之刃 柱合会议・蝶屋敷篇,"""Demon Slayer: Kimetsu no Yaiba - Hashira Meeting Arc"" is a special episode of Demon Slayer; the story of Tanjiro and the Hashira. This work revolves around the Hashira Meeting and the daily life of the Butterfly Mansion; the work features passion, battle, and bonds as themes, with high-quality production, making it a special episode of the Demon Slayer series."
1725,primary,en-US,厨神小当家 续篇,"""True Cooking Master Boy"" (Sequel) continues True Cooking Master Boy; the cooking journey of Liu Maoxing continues. In this work, the young chef faces new cooking duels; the work features gourmet food, passion, and competition, with mouth-watering depictions of cooking, making it a re-animation of a classic."
1726,primary,en-US,暗芝居 第八季,"""Yami Shibai"" Season 8 is a horror short anime series, continuing to tell various ghost stories in paper theater format. The work is known for its nostalgic art style, grotesque plots, and thought-provokingly frightening atmosphere; each episode creates a strong sense of horror in just a few minutes, and the distorted urban legends send chills down viewers' spines, making it a must-see for horror anime fans."
1727,primary,en-US,安雅与魔女,"""Earwig and the Witch"" is a Ghibli movie anime, telling the story of girl Earwig and the witch. Earwig begins a strange life after being adopted by a witch; the work features fantasy, adventure, and comedy as themes, with exquisite visuals. Earwig's adventure is full of vitality, making it a warm work."
1728,primary,en-US,PUI PUI 天竺鼠车车,"""PUI PUI Molcar"" is a stop-motion anime telling the daily life of guinea pigs that have turned into cars. The work features cute pets, comedy, and healing; the cuteness and adventure of the Molcars are fun, with short episodes and a light atmosphere, making it a phenomenal healing work."
1729,primary,en-US,ぷっちみく♪ D4DJ Petit Mix,"""D4DJ Petit Mix"" is a short anime of D4DJ; the Q-version daily life of the DJ girls. The work features music, comedy, and daily life, with cute art and short episodes, showcasing the interactions of the girls in light daily life, making it a side story of the D4DJ series."
1730,primary,en-US,变身成黑辣妹之后就和死党上床了。,"This is a short adult-oriented anime telling the romance between a transformed girl and her best friend. The work features romance, adult themes, and daily life, with an ambiguous atmosphere and tense interactions, making it an adult-oriented romance work."
1731,primary,en-US,鬼灭之刃 初高一体!!鬼灭学园物语,"""Demon Slayer: Kimetsu Gakuen"" is a special episode of Demon Slayer; the academy daily life of the characters. This work focuses on parody and daily life; the work features passion, comedy, and daily life, with a light atmosphere, making it a side story of the Demon Slayer series."
1732,primary,en-US,ABC修业日记,"This is a short anime telling the training story of the girls. The work features daily life, healing, and ensemble, with refined art and a tranquil atmosphere, showcasing the growth of the girls in light daily life, making it a short but warm work."
1733,primary,en-US,异能的艾希斯,"This adapts the same-name manga. The battles of girl Aisis, who has supernatural powers. The work features battle, fantasy, and ensemble, with gorgeous battle scenes. Aisis's growth and bonds run throughout, making it a manga adaptation."
1734,primary,en-US,星之梦～雪圏球～,"""planetarian: Snow Globe"" is an OVA of planetarian; the story of Yumemi Hoshino. This work revolves around the daily life of the snow globe; the work features sci-fi, tears, and warmth as themes. Yumemi's innocence and human brilliance are moving, making it a side story of the planetarian series."
1735,primary,en-US,舞伎家的料理人,"""Maiko-san Chi no Makanai-san"" adapts the same-name manga. The cooking daily life of girl Kiyo at a maiko house in Kyoto. The work features gourmet food, healing, and daily life; Kiyo's cooking and the life of the maiko are full of warmth, with refined art and a tranquil atmosphere, making it a healing work."
1736,primary,en-US,爱情可以分割吗？,"This is a BL anime telling the romance between a model and an office worker. The work features BL romance, the entertainment industry, and daily life, with an ambiguous atmosphere. The emotional development of the two is delicate and moving, making it a fine BL anime."
1737,primary,en-US,热情闪耀！光之美少女,"""Tropical-Rouge! Pretty Cure"" is a Pretty Cure series anime; the girls fight with the power of passion. In this work, the girls grow while fighting enemies; the work features magical girls, battle, and daily life, with gorgeous transformation and battle scenes. The bonds between the characters are warm and moving, making it a girls' magical girl anime."
1738,primary,en-US,环太平洋：黑色禁区,"""Pacific Rim: The Black"" is an animation of Pacific Rim, telling the survival of the boy and girl in a world overrun by Kaiju. In this work, the boy and girl pilot Jaegers to fight the Kaiju; the work features mecha battles, survival, and passion, with gorgeous battle scenes, making it an animation of the Pacific Rim series."
1739,primary,en-US,水果篮子 最终季,"""Fruits Basket: The Final Season"" continues the series; the story of Tohru Honda at the Sohma family comes to an end. In this work, the curse of the Sohma family and the bond with Tohru reach the final chapter; the work features healing, ensemble, and fantasy, with a warm atmosphere, making it a re-animation of a classic."
1740,primary,en-US,我的英雄学院 第五季,"""My Hero Academia"" (Season 5) continues the series; the hero path of Izuku Midoriya continues. This work revolves around the battles of the superhuman society; Deku and Class A face new trials in their growth. The work features heroes, passion, and growth as themes, with gorgeous battle scenes. Deku's conviction is moving, making it a highly popular work of recent years."
1741,primary,en-US,MARS RED,"""MARS RED"" adapts the same-name stage play. In the Meiji era where vampires are spreading, the battles of the boys. The work features vampires, historical era, and ensemble, with a gorgeous atmosphere. The fates of the boys are full of tension, making it a uniquely styled work."
1742,primary,en-US,忧国的莫里亚蒂 第二季,"""Moriarty the Patriot"" (Season 2) continues the first season; the duel between Moriarty and Holmes continues. In this work, Moriarty's plan develops further; the work features deduction, suspense, and ensemble, with an elegant atmosphere, making it a sequel of the Moriarty the Patriot series."
1743,primary,en-US,扰乱 THE PRINCESS OF SNOW AND BLOOD,"""The Princess of Snow and Blood"" is an original anime telling the battles of a girl in the Meiji era. The battles of girl Yuki and the country's conspiracy unfold; the work features action, historical era, and ensemble, with a heavy atmosphere, making it a uniquely styled work."
1744,primary,en-US,哥斯拉：奇点,"""Godzilla Singular Point"" is a movie anime telling the story of the boy and girl with Godzilla. This work revolves around the unfolding of the singularity and an unknown threat; the work features sci-fi, suspense, and ensemble, with a unique atmosphere, making it a hardcore sci-fi work."
1745,primary,en-US,东京复仇者,"""Tokyo Revengers"" adapts the same-name manga. Young man Takemichi Hanagaki travels back in time to save his lover. The work features time travel, passion, and ensemble; Takemichi's change and battles are highlights, with a passionate atmosphere, making it a popular work."
1746,primary,en-US,青梅竹马绝对不会输的恋爱喜剧,"""Osananajimi ga Zettai ni Makenai Love Comedy"" adapts the same-name light novel. The romantic comedy of a boy and his childhood friend. The work features romance, comedy, and daily life; the interactions between the protagonist and the girls are full of laughs, with a light atmosphere, making it a joyful romantic comedy."
1747,primary,en-US,SSSS.电光机王,"""SSSS.DYNAZENON"" is a sequel of the SSSS.Gridman series; the story of the boy and the girl. This work revolves around Dynazenon and a new crisis; the work features tokusatsu, mecha battles, and youth, with gorgeous battle scenes, making it a solid work."
1748,primary,en-US,通灵王,"""Shaman King"" adapts the same-name manga. The battles of shaman Yoh Asakura in the Shaman Fight. The work features the supernatural, passion, and ensemble; Yoh's growth and the bonds with his partners run throughout, with gorgeous battle scenes, making it a re-animation of a classic."
1749,primary,en-US,奇巧计程车,"""ODDTAXI"" is an original anime telling the daily life of taxi driver Odokawa. A suspense story unfolds around Odokawa's passengers; the work features suspense, urban life, and ensemble, with a unique atmosphere. The twists of the plot are charming, making it a critically acclaimed work of recent years."
1750,primary,en-US,灼热卡巴迪,"""Burning Kabaddi"" adapts the same-name manga. The story of the boys in kabaddi competition. The work features sports, passion, and ensemble, with tense match scenes. The growth of the boys is moving, making it a unique sports work."
1751,primary,en-US,派遣战斗员！,"""Combatants Will Be Dispatched!"" adapts the same-name light novel. Combatant No. 6 and robot Alice are dispatched to another world. The work features isekai, comedy, and battle; No. 6's nonsense and Alice's snark are full of laughs, with a light atmosphere, making it a joyful isekai comedy."
1752,primary,en-US,如果究极进化的完全沉浸RPG比现实更垃圾的话,"""Full Dive: This Ultimate Next-Gen Full Dive RPG Is Even Shittier than Real Life!"" adapts the same-name light novel. A boy adventures in a full-dive RPG; the work features games, comedy, and snark. The protagonist's troubles in the game are full of laughs, with a light atmosphere, making it a joyful work."
1753,primary,en-US,龙族买房,"""Dragon Goes House-Hunting"" adapts the same-name manga. The adventure of a timid dragon girl in house-hunting. The work features fantasy, comedy, and daily life; the interactions between the dragon girl and the real estate agent are full of laughs, with a light atmosphere, making it a hilarious work."
1754,primary,en-US,本田小狼与我,"""Super Cub"" adapts the same-name novel. The story of girl Koguma and a Honda Super Cub motorcycle. The work features daily life, healing, and motorcycles; Koguma's growth through riding is full of warmth, with a tranquil atmosphere, making it a healing work."
1755,primary,en-US,美少年侦探团,"""Pretty Boy Detective Club"" adapts Nisio Isin's novel. The boys form a Pretty Boy Detective Club to solve commissions. The work features deduction, ensemble, and gorgeousness, with a unique atmosphere. The deductions of the pretty boys are charming, making it a novel-styled work."
1756,primary,en-US,打了300年的史莱姆，不知不觉就练到了满级,"""I've Been Killing Slimes for 300 Years and Maxed Out My Level"" adapts the same-name light novel. Witch Azusa reincarnates and lives leisurely in another world. The work features isekai, light adventure, and comedy; Azusa's daily life and battles are fun, with a light atmosphere, making it a joyful work."
1757,primary,en-US,转生史莱姆日记,"""The Slime Diaries"" is a spin-off of That Time I Got Reincarnated as a Slime; the daily life of Rimuru. This work focuses on light daily life; the work features isekai, daily life, and healing. The interactions between Rimuru and his partners are full of warmth, making it a side story of the Slime series."
1758,primary,en-US,圣女的魔力是万能的,"""The Saint's Magic Power is Omnipotent"" adapts the same-name light novel. Reincarnated girl Sei exerts her healing power in another world. The work features isekai, daily life, and romance; Sei's saint life and the daily life of the court are full of warmth, with a warm atmosphere, making it a healing work."
1759,primary,en-US,纯白之音,"""Those Snow White Notes"" adapts the same-name manga. The music story of shamisen boy Setsu Sawamura. The work features music, youth, and growth as themes; Setsu's shamisen performance is infectious, with a unique atmosphere. Setsu's growth is moving, making it a work full of artistic atmosphere."
1760,primary,en-US,剃须。然后捡到女高中生。,"""Higehiro: After Being Rejected, I Shaved and Took in a High School Runaway"" adapts the same-name light novel. Office worker Yoshida picks up a runaway girl. The work features romance, daily life, and ensemble; the cohabitation of Yoshida and the girl is full of warmth, with a warm atmosphere, making it a work full of human warmth."
1761,primary,en-US,异世界魔王与召唤少女的奴隶魔术Ω,"""How Not to Summon a Demon Lord Ω"" continues the series; the adventure of Takuma and the slave girls continues. In this work, Takuma's battles and daily life in another world become richer; the work features isekai, harem, and light adventure, with a light atmosphere, making it a standard isekai work."
1762,primary,en-US,卡片战斗先导者overDress,"""Cardfight!! Vanguard overDress"" is a Cardfight!! Vanguard series anime; the card battles of the boys. This work revolves around a new chapter; the work features cards, passion, and competition, with gorgeous battle scenes, making it a new chapter of the Vanguard series."
1763,primary,en-US,佐贺偶像是传奇 复仇,"""Zombie Land Saga Revenge"" continues the first season; the idol story of the zombie girls continues. In this work, the girls take on new challenges in the revival of Saga; the work features idols, comedy, and contrast, with bold performances and dense laughs. The girls' growth is moving, making it a dark horse work of recent years."
1764,primary,en-US,致不灭的你,"""To Your Eternity"" adapts the same-name manga. The growth of an immortal boy on his journey. The work features fantasy, healing, and pathos as themes; the boy's journey and encounters are moving, with a heavy atmosphere, making it a thought-provoking work."
1765,primary,en-US,美妙世界,"""The World Ends with You"" adapts the same-name game. Boy Neku's survival game in Shibuya. The work features suspense, battle, and ensemble, with a unique atmosphere. Neku's adventure and the truth unfold layer by layer, making it a game adaptation."
1766,primary,en-US,后空翻!!,"""Backflip!!"" adapts the same-name manga. The story of the boys in men's rhythmic gymnastics. The work features sports, youth, and ensemble, with beautiful match scenes. The boys' growth is moving, making it a solid sports work."
1767,primary,en-US,NOMAD MEGALO BOX 2,"""NOMAD MEGALO BOX 2"" continues the series; the story of boxer Junk Dog continues. In this work, Joe's life after retirement and new battles; the work features boxing, passion, and style, with visuals full of retro flavor, making it a uniquely styled work."
1768,primary,en-US,伊甸星原,"""Edens Zero"" adapts Hiro Mashima's same-name manga. Boy Shiki's adventure in the universe. The work features adventure, passion, and ensemble, with gorgeous battle scenes. Shiki's growth and the bonds with his partners run throughout, making it a standard adventure work."
1769,primary,en-US,七骑士 革命 -英雄的继承者-,"""Seven Knights Revolution"" adapts the same-name game. The battles of the boys in the world of the Seven Knights. The work features adventure, battle, and ensemble, with gorgeous battle scenes. The growth and bonds of the characters run throughout, making it a game adaptation."
1770,primary,en-US,薇薇 -萤石眼之歌-,"""Vivy -Fluorite Eye's Song-"" is an original anime telling the story of AI singer Vivy. Vivy embarks on a journey to change humanity's future; the work features sci-fi, music, and pathos as themes, with a heavy atmosphere. Vivy's journey is moving, making it a highly acclaimed original work."
1771,primary,en-US,搏斗运动员们 大运动会 重启！,"""Battle Athletes Victory ReSTART!"" continues the series; the story of the battle athletes. This work revolves around the Universiade; the work features comedy, battle, and ensemble, with a light atmosphere, making it a reboot of the series."
1772,primary,en-US,86 -不存在的战区-,"""86 Eighty-Six"" adapts the same-name light novel. In the Republic, the Eighty-Six, treated as non-human, pilot machines to fight. The story of boy Shinei and girl Lena; the work features mecha battles, war, and pathos as themes, with a heavy atmosphere. The bond between Shinei and Lena is moving, making it a hardcore masterpiece of recent years."
1773,primary,en-US,影宅,"""The Shadows House"" adapts the same-name manga. In the Shadows House, the story of the Shadow family and living dolls. The daily life and truth of girl Kate and living doll Emilico; the work features suspense, ensemble, and darkness as themes, with a unique atmosphere, making it a novel-styled work."
1774,primary,en-US,Fairy兰丸～让我来帮助你的心～,"""Fairy Ranmaru"" adapts the same-name project. The story of the boys as helpers. The work features comedy, daily life, and ensemble, with a light atmosphere. The interactions of the boys are charming, making it an anime adaptation of the project."
1775,primary,en-US,蔚蓝反射 澪,"""Blue Reflection Ray"" adapts the same-name game. The battles of the girls in a mirror world. The work features battle, magical girls, and ensemble, with gorgeous battle scenes. The growth and bonds of the girls run throughout, making it a game adaptation."
1776,primary,en-US,再见了，我的克拉默,"""Farewell, My Dear Cramer"" adapts the same-name manga. The story of the women's soccer girls. The growth and dreams of the girls on the soccer field; the work features soccer, youth, and ensemble, with tense match scenes. The girls' growth is moving, making it a solid sports work."
1777,primary,en-US,不要欺负我，长瀞同学,"""Don't Toy with Me, Miss Nagatoro"" adapts the same-name manga. The daily life of an introverted boy and the sharp-tongued girl Nagatoro. The work features romance, comedy, and daily life; Nagatoro's teasing and the boy's reactions are full of laughs, with a light atmosphere, making it a joyful romantic comedy."
1778,primary,en-US,如果烧陶的话也做个马克杯吧,"""Let's Make a Mug Too"" adapts the same-name manga. The story of the girls in the pottery club. The work features pottery, daily life, and ensemble, with a warm atmosphere. The girls' pottery activities are fun, making it a healing work."
1779,primary,en-US,恐龙日和,"This is a short anime telling the daily life of dinosaurs. The work features cute pets, comedy, and healing, with cute art and short episodes, showcasing the interactions of the dinosaurs in light daily life, making it a stress-relieving short anime."
1780,primary,en-US,结城友奈是勇者 啾噜！,"""Yuki Yuna is a Hero: Churutto!"" is a short anime of Yuki Yuna is a Hero; the Q-version daily life of the heroes. The work features battle, comedy, and daily life, with cute art and short episodes, showcasing the interactions of the heroes in light daily life, making it a side story of the Yuki Yuna series."
1781,primary,en-US,剧场版 Fate/Grand Order 神圣圆桌领域卡美洛 前篇 漂泊的银之臂,"""Fate/Grand Order: Shinsei Entaku Ryouiki Camelot 1 - Wandering; Agateram"" is a movie of the FGO series; the adventure of Ritsuka Fujimaru. This work revolves around the Camelot arc; the work features the Fate worldview, battle, and ensemble, with gorgeous battle scenes, making it an important work of the FGO series."
1782,primary,en-US,剧场版 鬼灭之刃 无限列车篇,"""Demon Slayer: Kimetsu no Yaiba the Movie: Mugen Train"" is a movie of Demon Slayer; the battles of Tanjiro and the Flame Hashira Kyojuro Rengoku. This work revolves around the incident on the Mugen Train; the work features passion, battle, and bonds as themes, with high-quality production. Rengoku's conviction is moving, making it a phenomenal movie."
1783,primary,en-US,东京七姐妹 我们化作青空,"""Tokyo 7th Sisters: We Are Blue Sky"" is a movie of an idol theme; the idol story of the girls. This work revolves around the growth of the seven sisters; the work features music, idols, and ensemble, with gorgeous songs and stage performances, making it a movie of the idol anime."
1784,primary,en-US,恋途未卜,"""Love Me, Love Me Not"" is a movie anime telling the youth story of two couples. This work revolves around the romance and growth of the girls; the work features romance, youth, and ensemble, with exquisite visuals. The emotions of the characters are delicate and moving, making it a warm work."
1785,primary,en-US,哆啦A梦：伴我同行2,"""Stand by Me Doraemon 2"" is a 3DCG movie of Doraemon; the wedding of Nobita and Shizuka. This work revolves around Nobita's growth and memories; the work features adventure, sci-fi, and friendship as themes, with exquisite visuals. Nobita's growth is moving, making it a movie of the Doraemon series."
1786,primary,en-US,夏目友人帐 唤石者与怪异的访客,"""Natsume's Book of Friends: The Waking Rock and the Strange Visitor"" is a movie of Natsume's Book of Friends; the story of Natsume Takashi and the youkai. In this work, Natsume encounters new things while returning the names of the youkai; the work features youkai, healing, and daily life, with a gentle atmosphere, making it a movie of the Natsume series."
1787,primary,en-US,黑塔利亚 World★Stars,"""Hetalia World Stars"" continues the series; the comedic daily life of the country anthropomorphized characters. In this work, the interactions of the country characters remain full of laughs; the work features history, comedy, and ensemble, with short episodes and a light atmosphere, making it a sequel of the Hetalia series."
1788,primary,en-US,寿司大相扑,"""Sushi Sumo"" is a short anime telling the story of sushi and sumo. The work features comedy, daily life, and gourmet food, with cute art and short episodes, showcasing the fun of sushi and sumo in light daily life, making it a stress-relieving short anime."
1789,primary,en-US,冰冰冰淇淋君,"This is a short anime telling the daily life of the ice cream characters. The work features cute characters, comedy, and healing, with cute art and short episodes, showcasing the interactions of the ice creams in light daily life, making it a stress-relieving short anime."
1790,primary,en-US,极主夫道,"""The Way of the Househusband"" adapts the same-name manga. The story of former yakuza boss Tatsu in the family. The work features comedy, daily life, and contrast; Tatsu's yakuza style and househusband life are full of laughs, with a light atmosphere, making it a hilarious work."
1791,primary,en-US,甜梦猫 MIX!,"""Mewkledreamy Mix!"" continues the series; the story of the kitten and the girl continues. In this work, the adventure of the Mewkledreamys and the girls becomes richer; the work features cute pets, magic, and healing, with adorable art and a warm atmosphere, making it a healing work suitable for young girls."
1792,primary,en-US,入间同学入魔了 第二季,"""Welcome to Demon School! Iruma-kun"" (Season 2) continues the first season; the daily life of kind boy Iruma at the demon school continues. In this work, Iruma's growth and new challenges in the demon world unfold; the work features comedy, daily life, and the demon world, with a light atmosphere, making it a joyful work."
1793,primary,en-US,迷你龙小剧场,"""Mini Dragon"" is a short anime of Miss Kobayashi's Dragon Maid; the Q-version daily life of the dragons. The work features daily life, healing, and comedy, with cute art and short episodes, showcasing the interactions of the dragons in light daily life, making it a side story of the Dragon Maid series."
1794,primary,en-US,Thunderbolt Fantasy 东离剑游纪 3,"""Thunderbolt Fantasy: Sword Seekers 3"" continues the series; the wuxia adventure of the swordsmen continues. This work revolves around a new conspiracy and the demon sword; the work features wuxia, puppet theater, and passion, with powerful puppet performances and a dramatic plot, making it a sequel of the Thunderbolt Fantasy series."
1795,primary,en-US,在地下城寻求邂逅是否搞错了什么 第三季 OVA,"""Is It Wrong to Try to Pick Up Girls in a Dungeon?"" (Season 3 OVA) is an OVA of the third season; a daily side story of Bell. This work focuses on light daily life; the work features fantasy, adventure, and harem, with a joyful atmosphere, making it a side story of the DanMachi series."
1796,primary,en-US,电影 GIVEN,"""GIVEN the Movie"" is a movie of GIVEN; the music story of the boys. This work revolves around the story of Mafuyu and the band members; the work features music, romance, and youth, with moving songs, making it a work full of musical charm."
1797,primary,en-US,辉夜大小姐想让我告白？～天才们的恋爱头脑战～ OVA,"""Kaguya-sama: Love is War? OVA"" is an OVA of Kaguya-sama; a romance side story of Shirogane and Kaguya. This work focuses on light daily life; the work features romance, comedy, and battle of wits, with a light atmosphere, making it a side story of the Kaguya-sama series."
1798,primary,en-US,伊甸,"""Eden"" is a movie anime telling the story of a robot and a girl. In a future world, a robot takes care of a girl; the work features sci-fi, healing, and family love as themes, with exquisite visuals. The girl's growth and the bond with the robot are moving, making it a warm work."
1799,primary,en-US,指尖传出的真挚热情2-恋人是消防员-,"This continues the series; the romance between childhood friends continues. In this work, the feelings of the two develop further; the work features romance, adult themes, and daily life, with an ambiguous atmosphere, making it an adult-oriented romance work."
1800,primary,en-US,机动战士高达 闪光的哈萨维,"""Mobile Suit Gundam Hathaway"" is a movie of the Gundam series; the battles of Hathaway. This work revolves around the story of Hathaway and the anti-Earth Federation movement; the work features mecha battles, war, and pathos, with high-quality production. Hathaway's conviction is full of tension, making it a movie of the Gundam series."
1801,primary,en-US,漂流少年,"""Sonny Boy"" is an original anime telling the story of the boys in a drifting world. In a world where abilities are lost, the adventure and growth of the boys; the work features fantasy, suspense, and ensemble, with a unique atmosphere, making it a novel-styled work."
1802,primary,en-US,绯红结系,"""Scarlet Nexus"" adapts the same-name game, telling the story of the psychics fighting the Others. This work revolves around the world of Scarlet Nexus; the work features battle, sci-fi, and ensemble, with gorgeous battle scenes, making it a game adaptation."
1803,primary,en-US,桃子男孩渡海而来,"""Peach Boy Riverside"" adapts the same-name manga. The adventure of the Peach Boy girl and her partners. The work features fantasy, battle, and passion, with gorgeous battle scenes. The girl's growth and bonds run throughout, making it a uniquely styled work."
1804,primary,en-US,暗夜第六感 2041,"""NIGHT HEAD 2041"" adapts the same-name work. The battles of the boys with supernatural powers in 2041. The work features sci-fi, battle, and ensemble, with a heavy atmosphere. The fates of the boys are full of tension, making it a modern interpretation of the work."
1805,primary,en-US,异世界迷宫黑心企业,"""The Dungeon of Black Company"" adapts the same-name manga. An office worker boy reincarnates in another world. The work features isekai, comedy, and workplace; the protagonist's struggle in the black company of another world is full of laughs, with a light atmosphere, making it a joyful work."
1806,primary,en-US,开挂药师的异世界悠闲生活～在异世界开药店吧～,"""Drugstore in Another World"" adapts the same-name light novel. An apothecary boy opens a drugstore in another world. The work features isekai, light adventure, and healing; the boy's medicine-making ability and leisurely life are fun, with a light atmosphere, making it a joyful work."
1807,primary,en-US,瓦尼塔斯的手记,"""The Case Study of Vanitas"" adapts the same-name manga. The story of a vampire and boy Vanitas. The work features fantasy, suspense, and battle, with a gorgeous atmosphere. The Book of Vanitas is charming, making it a uniquely styled work."
1808,primary,en-US,RE-MAIN：少年与水球,"""RE-MAIN: Water Polo Boys"" is an original anime telling the story of the boys in the water polo club. The boys grow in water polo as they start over; the work features sports, youth, and ensemble, with tense match scenes. The boys' growth is moving, making it a solid sports work."
1809,primary,en-US,我，小怼,"""Ore, Tsushima"" is a short anime telling the daily life of elementary schooler Tsushima. The work features daily life, comedy, and healing, with cute art and short episodes, showcasing Tsushima's school life in light daily life, making it a stress-relieving short anime."
1810,primary,en-US,阴晴不定大哥哥,"""Life Lessons with Uramichi Oniisan"" adapts the same-name manga. The tired daily life of big brother Uramichi, host of a children's program. The work features comedy, workplace, and daily life; the contrast between Uramichi's exhaustion and his surface cheerfulness is a highlight, with a light atmosphere, making it a work that brings a knowing smile."
1811,primary,en-US,小林家的龙女仆S,"""Miss Kobayashi's Dragon Maid S"" continues the first season; the daily life of Kobayashi and Tohru continues. In this work, new dragons and characters appear; the work features daily life, healing, and comedy, with the interactions between dragons and humans full of laughs, with a warm atmosphere, making it a phenomenal healing work."
1812,primary,en-US,迦希女王不会放弃,"""The Great Jahy Will Not Be Defeated!"" adapts the same-name manga. The life of the demon world queen Jahy in the human world. The work features comedy, daily life, and moe; Jahy's poverty and efforts are full of laughs, with a light atmosphere, making it a hilarious work."
1813,primary,en-US,寒蝉鸣泣之时 卒,"""Higurashi: When They Cry - Sotsu"" continues Gou; the story of Hinamizawa Village continues. This work revolves around a new reincarnation and the truth; the work features suspense, horror, and ensemble, with an oppressive atmosphere. The fates of the girls are impactful, making it a sequel of the Higurashi series."
1814,primary,en-US,转生成为了只有乙女游戏破灭Flag的邪恶大小姐X,"""My Next Life as a Villainess: All Routes Lead to Doom! X"" continues the first season; the story of Catarina continues. In this work, Catarina continues to act to avoid ruin; the work features isekai, comedy, and romance, with a light atmosphere, making it a joyful work."
1815,primary,en-US,月光下的异世界之旅,"""Tsukimichi -Moonlit Fantasy-"" adapts the same-name light novel. The adventure of a boy banished by the gods in another world. The work features isekai, adventure, and ensemble, with a unique atmosphere. The boy's journey and encounters are highlights, making it a standard isekai work."
1816,primary,en-US,死神少爷与黑女仆,"""The Duke of Death and His Maid"" adapts the same-name manga. The romance between a cursed duke and his maid. The work features romance, comedy, and fantasy; the duke's curse and the interactions with the maid are full of laughs, with a warm atmosphere, making it a heart-pounding romance work."
1817,primary,en-US,天官赐福,"""Heaven Official's Blessing"" adapts Mo Xiang Tong Xiu's same-name novel. The story of the crown prince of Xianle, Xie Lian, and Hua Cheng. The work features fantasy, romance, and ensemble, with refined art. The bond between Xie Lian and Hua Cheng is moving, making it a representative work of Chinese animation."
1818,primary,en-US,侦探已经死了。,"""The Detective Is Already Dead"" adapts the same-name light novel. The story of assistant boy Kimihiko and great detective Siesta. The work features suspense, battle, and ensemble, with a unique atmosphere. The detective's past and mysteries unfold layer by layer, making it a novel-styled work."
1819,primary,en-US,我们的重制人生,"""Remake Our Life!"" adapts the same-name light novel. A producer travels back in time to start his life over. The work features creation, youth, and ensemble; the protagonist's growth in the production industry is a highlight, with a warm atmosphere, making it a work about dreams."
1820,primary,en-US,盖塔机器人ARC,"""Getter Robo Arc"" is an anime of the Getter series; the battles of the robots. This work revolves around the story of Getter Robo Arc; the work features mecha battles, passion, and ensemble, with gorgeous battle scenes, making it a sequel of the Getter Robo series."
1821,primary,en-US,魔法科高校的优等生,"""The Honor Student at Magic High School"" is a spin-off of The Irregular at Magic High School, telling the story from Miyuki's perspective. In this work, the daily life of the magic high school unfolds from Miyuki's viewpoint; the work features magic, academy, and ensemble, with refined art, making it a spin-off of the Mahouka series."
1822,primary,en-US,白沙的水族馆,"""The Aquatope on White Sand"" is P.A. Works' original anime telling the story of the girls at the aquarium. The daily life and growth of the girls at a closing aquarium; the work features workplace, healing, and ensemble, with beautiful visuals. The girls' dreams are moving, making it a warm work."
1823,primary,en-US,Love Live! Superstar!!,"""Love Live! Superstar!!"" is a Love Live series anime; the idols of Yuigaoka Girls' High School. In this work, five girls become idols to protect their school; the work features music, chasing dreams, and ensemble, with moving songs and gorgeous stage performances, making it a sequel of the Love Live series."
1824,primary,en-US,现实主义勇者的王国再建记,"""How a Realist Hero Rebuilt the Kingdom"" adapts the same-name light novel. A young man summoned as a hero rebuilds the kingdom with realistic politics. The work features isekai, politics, and ensemble; the hero's schemes and the kingdom's reconstruction are highlights, with a unique atmosphere, making it a novel-styled work."
1825,primary,en-US,魔法纪录 魔法少女小圆外传 2nd SEASON -觉醒前夜-,"""Magia Record: Puella Magi Madoka Magica Side Story"" (2nd SEASON -The Eve of Awakening-) continues the series; the story of the magical girls continues. This work revolves around the eve of awakening; the work features magical girls, darkness, and ensemble, with a heavy atmosphere, making it a side story of the Madoka Magica series."
1826,primary,en-US,剧场版 宝可梦 可可,"""Pokemon the Movie: Secrets of the Jungle"" is a Pokemon anime movie; the encounter of Satoshi and the mythical Pokemon Koko. This work revolves around Koko's growth and the bond with the forest; the work features adventure, battle, and bonds, with gorgeous battle scenes. The deep feelings between Pokemon are moving, making it a movie of the Pokemon series."
1827,primary,en-US,银魂 THE FINAL,"""Gintama THE FINAL"" is a movie of Gintama; the story of the Yorozuya comes to an end. In this work, Gintoki and his partners face off against the final enemy; the work features comedy, snark, and passion. Gintoki's sharp tongue and the bonds with his partners are moving, making it the finale of the Gintama series."
1828,primary,en-US,剧场版 妄想学生会2,"""Seitokai Yakuindomo: The Movie 2"" is a movie of Seitokai Yakuindomo; the comedic daily life of the student council of Osai Academy. This work focuses on light comedy; the work features comedy, snark, and dirty jokes, with exaggerated performances and dense laughs, making it a movie of the student council series."
1829,primary,en-US,水星领航员 The CREPUSCOLO,"""Aria the CREPUSCOLO"" is a movie of Aria; the gondoliers of the water planet. This work revolves around the daily life and succession of the gondoliers; the work features healing, daily life, and ensemble, with a tranquil and elegant atmosphere, making it a movie of the Aria series."
1830,primary,en-US,乔西的虎与鱼,"""Josee, the Tiger and the Fish"" is a movie anime telling the story of a young man and a girl. The encounter of wheelchair girl Josee and college student Tsuneo; the work features romance, healing, and growth as themes, with exquisite visuals. The bond of the two is moving, making it a deeply touching work."
1831,primary,en-US,精灵幻想记,"""Seirei Gensouki: Spirit Chronicles"" adapts the same-name light novel. The growth of reincarnated boy Rio in another world. The work features isekai, battle, and harem; Rio's growth and adventure are highlights, with gorgeous battle scenes, making it a standard isekai work."
1832,primary,en-US,Princess Principal Crown Handler 第1章,"""Princess Principal: Crown Handler"" (Chapter 1) continues the series; the story of the spy girls in London. This work revolves around the Crown Handler arc; the work features spies, ensemble, and steampunk, with a cool and elegant atmosphere, making it a movie of the Princess Principal series."
1833,primary,en-US,幻变梦境,"This is an original anime telling the adventure of a boy in a dream world. The work features fantasy, suspense, and ensemble, with a unique atmosphere. The setting of the dream world is imaginative, making it a novel-styled work."
1834,primary,en-US,歌剧少女!!,"""Kageki Shojo!!"" adapts the same-name manga. The story of the girls at the opera school. The work features opera, youth, and ensemble, with a gorgeous atmosphere. The girls' growth in opera is moving, making it a work full of artistic atmosphere."
1835,primary,en-US,IDOLiSH7-偶像星愿- Third BEAT!,"""IDOLiSH7: Third Beat!"" continues the series; the story of the idol group IDOLiSH7 continues. In this work, the boys take on new challenges on the idol stage; the work features music, idols, and ensemble, with gorgeous songs and stage performances, making it a fine idol anime."
1836,primary,en-US,女神宿舍的宿管君。,"""Mother of the Goddess' Dormitory"" adapts the same-name manga. Boy Koshi Namito becomes the dorm manager of a girls' dormitory. The work features daily life, comedy, and fan-service; the interactions between Koshi and the female college students are full of laughs, with a light atmosphere, making it a joyful work."
1837,primary,en-US,见面之后5秒开始战斗,"""The Battle After 5 Seconds"" adapts the same-name manga. The boys gain abilities in a game. The work features battle, survival, and ensemble, with a tense atmosphere. The protagonist's schemes and battles are highlights, making it a novel-styled work."
1838,primary,en-US,女友成堆,"""Girlfriend, Girlfriend"" adapts the same-name manga. The romance between boy Naoya and his two girlfriends. The work features romance, comedy, and daily life; Naoya's love relationship is full of laughs, with a light atmosphere, making it a joyful romantic comedy."
1839,primary,en-US,幼女战记 沙漠意面大作战,"""Saga of Tanya the Evil OVA"" is an OVA of Saga of Tanya the Evil; a battle side story of Tanya. This work focuses on light daily life; the work features war, reincarnation, and black humor, with a light atmosphere, making it a side story of the Tanya series."
1840,primary,en-US,奇蛋物语 特别篇,"""Wonder Egg Priority Special"" is a special of Wonder Egg Priority; the story of the girls continues. This work revolves around the adventure and truth of the girls; the work features fantasy, suspense, and ensemble, with a unique atmosphere, making it a special of the Wonder Egg Priority series."
1841,primary,en-US,我立于百万生命之上 第二季,"""I'm Standing on a Million Lives"" (Season 2) continues the first season; the adventure of the boys in the game world continues. In this work, the challenges and truth of the boys develop further; the work features adventure, survival, and ensemble, with a unique atmosphere, making it a sequel of the series."
1842,primary,en-US,平稳世代的韦驮天们,"""The Idaten Deities Know Only Peace"" adapts the same-name manga. The battles of the Idaten against the demons. The work features battle, passion, and ensemble, with a unique atmosphere. The battles of the Idaten are full of power, making it a novel-styled work."
1843,primary,en-US,你是彼方,"""Kimi wa Kanata"" is a movie anime telling the adventure of a girl in another world. The girl's growth on her journey across worlds; the work features fantasy, romance, and adventure as themes, with exquisite visuals. The girl's journey is imaginative, making it a warm work."
1844,primary,en-US,暗芝居 第九季,"""Yami Shibai"" Season 9 is a horror short anime series, continuing to tell various ghost stories in paper theater format. The work is known for its nostalgic art style, grotesque plots, and thought-provokingly frightening atmosphere; each episode creates a strong sense of horror in just a few minutes, and the distorted urban legends send chills down viewers' spines, making it a must-see for horror anime fans."
1845,primary,en-US,言语如苏打般涌现,"""Words Bubble Up Like Soda Pop"" is a movie anime telling the summer story of a boy and a girl. The encounter between a boy poor at words and a girl wearing braces; the work features romance, youth, and music as themes, with exquisite visuals. The emotions of the two are delicate and moving, making it a work full of summer atmosphere."
1846,primary,en-US,突击莉莉Fruits,"""Assault Lily Fruits"" is a short anime of Assault Lily; the Q-version daily life of the Lilies. The work features battle, yuri, and daily life, with cute art and short episodes, showcasing the interactions of the Lilies in light daily life, making it a side story of the Assault Lily series."
1847,primary,en-US,鬼灭之刃 兄妹的羁绊,"""Demon Slayer: Kimetsu no Yaiba - Sibling's Bond"" is a special of Demon Slayer; the story of Tanjiro and Nezuko. This work revolves around the bond of the siblings; the work features passion, battle, and bonds as themes, with high-quality production, making it a special of the Demon Slayer series."
1848,primary,en-US,鬼灭之刃 那田蜘蛛山篇,"""Demon Slayer: Kimetsu no Yaiba - The Natagumo Mountain Arc"" is a special of Demon Slayer; Tanjiro's battles on Natagumo Mountain. This work revolves around the incident on Natagumo Mountain; the work features passion, battle, and bonds as themes, with high-quality production, making it a special of the Demon Slayer series."
1849,primary,en-US,剧场编集版 隐瞒之事 -秘密是什么-,"""Kakushigoto: The Movie"" is a movie of Kakushigoto; the story of Goto and his daughter. This work focuses on light daily life; the work features daily life, family love, and comedy, with a warm atmosphere, making it a movie of the Kakushigoto series."
1850,primary,en-US,特利迦奥特曼 新世代迪迦,"""Ultraman Trigger"" is a TV anime of the Ultraman series; the battles of Trigger. This work revolves around the story of Trigger and the Earth; the work features tokusatsu, battle, and passion, with gorgeous battle scenes, making it a sequel of the Ultraman series."
1851,primary,en-US,新・福音战士剧场版：终,"""Evangelion: 3.0+1.0 Thrice Upon a Time"" is the final movie of the Evangelion series; the story of Shinji comes to an end. This work revolves around the Human Instrumentality Project and Shinji's growth; the work features mecha battles, philosophy, and emotions as themes, with high-quality production, making it the finale of the EVA series."
1852,primary,en-US,总之就是非常可爱 ～SNS～,"""TONIKAWA: Over the Moon for You - SNS"" continues the series; the marriage daily life of Nasa and Tsukasa continues. This work revolves around the daily life of SNS; the work features romance, daily life, and healing, with a light atmosphere, making it a heart-pounding romance work."
1853,primary,en-US,电影 再见了，我的克拉默 First Touch,"""Farewell, My Dear Cramer: First Touch"" is a movie of Farewell, My Dear Cramer; the story of the women's soccer girls. This work revolves around the first encounter of the girls; the work features soccer, youth, and ensemble, with tense match scenes, making it a movie of the series."
1854,primary,en-US,平家物语,"""The Heike Story"" adapts the same-name classical literature. Girl Biwa witnesses the rise and fall of the Heike clan. The work features history, war, and ensemble as themes, with refined art and a heavy atmosphere. The fate of the Heike clan is tragic, making it a poetic historical work."
1855,primary,en-US,海贼王女,"""Fena: Pirate Princess"" is an original anime telling the adventure of a girl in sailing. The growth and adventure of girl Fena in sailing; the work features adventure, battle, and ensemble, with a unique atmosphere. Fena's journey is imaginative, making it a novel-styled work."
1856,primary,en-US,星期一的丰满 第二季,"""Tawawa on Monday"" (Season 2) continues the first season; the interactions between the Monday office worker and the voluptuous girls continue. The work features fan-service, daily life, and comedy, with refined art and short episodes, making it a short anime mainly for visual service."
1857,primary,en-US,加油！同期酱,"""Ganbare Douki-chan"" is a short anime telling the romance daily life of the same-year OL. The work features romance, workplace, and comedy; Douki-chan's crush and daily life are full of moe, with cute art and short episodes, making it a stress-relieving short anime."
1858,primary,en-US,星球大战：幻境,"""Star Wars: Visions"" is an animated anthology of Star Wars, telling Star Wars stories in episodic format. The work features sci-fi, action, and ensemble, with each episode in a different style, making it a spin-off animation of the Star Wars series."
1859,primary,en-US,蓝色时期,"""Blue Period"" adapts the same-name manga. The growth of boy Yatora Yaguchi in art. The work features art, youth, and ensemble as themes; Yatora's struggle and growth on the art path are moving, with a warm atmosphere, making it a work full of artistic atmosphere."
1860,primary,en-US,无职转生～到了异世界就拿出真本事～ 第2部分,"""Mushoku Tensei: Jobless Reincarnation"" (Part 2) continues the first season; Rudeus's new life continues. In this work, Rudeus's adventure and growth in another world develop further; the work features isekai, growth, and ensemble as themes, with high-quality production, making it a representative work of the isekai genre."
1861,primary,en-US,宿命回响：命运节拍,"""Takt Op. Destiny"" is an original anime telling the story of music and battle. A boy and a Diva fight with the power of music; the work features music, battle, and ensemble, with gorgeous battle scenes, making it a novel-styled work."
1862,primary,en-US,当雏菊邂逅少女,"This is a short anime telling the romance story of the girls. The work features romance, daily life, and healing, with refined art and a tranquil atmosphere, showcasing the emotions of the girls in light daily life, making it a short but warm work."
1863,primary,en-US,视觉监狱,"""Visual Prison"" adapts the same-name project. The story of the boys in a visual kei band. The work features music, idols, and ensemble, with a gorgeous art style. The band journey of the boys is charming, making it an anime adaptation of the project."
1864,primary,en-US,境界战机,"""Kyoukai Senki"" is an original anime telling the battles of the boys in an occupied land. The boys pilot machines to fight for freedom; the work features mecha battles, passion, and ensemble, with gorgeous battle scenes. The conviction of the boys is full of tension, making it a hardcore work."
1865,primary,en-US,无敌侠：舞动的英雄,"This is an original anime telling the story of the dancing heroes. The work features battle, comedy, and ensemble, with a light atmosphere. The daily life of the heroes is fun, making it a novel-styled work."
1866,primary,en-US,因为不是命中注定的同伴而被赶出了勇者的队伍、从此以后过上了悠闲的隐居生活,"""Banished from the Hero's Party, I Decided to Live a Quiet Life in the Countryside"" adapts the same-name light novel. A boy banished from the hero's party starts a leisurely life. The work features isekai, daily life, and romance; the boy's leisurely life and interactions with his partner are full of warmth, with a warm atmosphere, making it a healing work."
1867,primary,en-US,橘色荣耀,"""PuraOre! Pride of Orange"" is an original anime telling the story of the girls' ice hockey. The growth and bonds of the girls on the ice rink; the work features sports, youth, and ensemble, with tense match scenes. The girls' growth is moving, making it a solid sports work."
1868,primary,en-US,白金终局,"""Platinum End"" adapts the same-name manga. Boy Mirai Kakehashi gains the power of God. The work features survival, battle, and philosophy as themes, with a heavy atmosphere. Mirai's choices are full of tension, making it a thought-provoking work."
1869,primary,en-US,世界尽头的圣骑士,"""The Faraway Paladin"" adapts the same-name light novel. The story of boy Will, raised under the protection of the undead. The work features fantasy, growth, and ensemble as themes; Will's growth and the bond with the undead are full of warmth, with a warm atmosphere, making it a work full of courage."
1870,primary,en-US,终末的后宫,"""World's End Harem"" adapts the same-name manga. In a world where men have died out, the story of the boys. The work features sci-fi, harem, and suspense, with a unique atmosphere. The fates of the boys are highlights, making it an adult-oriented work."
1871,primary,en-US,结城友奈是勇者 -大满开之章-,"""Yuki Yuna is a Hero: The Great Mankai Chapter"" continues the series; the story of the heroes continues. This work revolves around the Great Mankai Chapter; the work features battle, tragedy, and healing, with a heavy atmosphere. The fates of the girls are moving, making it a sequel of the Yuki Yuna series."
1872,primary,en-US,吸血鬼马上死,"""The Vampire Dies in No Time"" adapts the same-name manga. Vampire hunter Ronaldo and a weak vampire. The work features comedy, daily life, and fantasy; the vampire's weakness and comedy are full of laughs, with a light atmosphere, making it a hilarious work."
1873,primary,en-US,月与莱卡与吸血公主,"""Irina: The Vampire Cosmonaut"" adapts the same-name light novel. The space story of an astronaut and a vampire princess. The work features sci-fi, daily life, and romance; the common goal and bond of the two are full of warmth, with a warm atmosphere, making it a unique work."
1874,primary,en-US,看得见的女孩,"""Mieruko-chan"" adapts the same-name manga. The daily life of girl Miko Yotsuya, who can see spirits. The work features comedy, horror, and daily life; Miko's reactions to seeing spirits are full of laughs, with an atmosphere where light comedy and horror coexist, making it a unique work."
1875,primary,en-US,古见同学有交流障碍症,"""Komi Can't Communicate"" adapts the same-name manga. The daily life of the beautiful girl Komi, who has a communication disorder, and her classmates. The work features daily life, healing, and comedy; Komi's communication disorder and cute efforts are full of moe, with a warm atmosphere, making it a healing work."
1876,primary,en-US,偶像选拔,"""Selection Project"" is an idol anime telling the story of the girls in idol selection. The work features music, idols, and ensemble; the growth and stage performances of the girls are charming, making it an idol anime."
1877,primary,en-US,迷宫标记者,"This adapts the same-name light novel. The adventure and battles of the boys in a labyrinth. The work features adventure, battle, and ensemble, with a heavy atmosphere. The challenges of the boys are full of tension, making it a uniquely styled work."
1878,primary,en-US,四季樱,"""Shikizakura"" is an original anime telling the battles of a world where humans and demons coexist. High schooler Sho Mifune wears a powered suit to fight demons and protect the shrine maiden Ouka Myoujin; the work features battle, passion, and ensemble, with gorgeous battle scenes, making it a uniquely styled work."
1879,primary,en-US,世界顶尖的暗杀者转生为异世界贵族,"""The World's Finest Assassin Gets Reincarnated in Another World as an Aristocrat"" adapts the same-name light novel. An assassin reincarnates as an aristocrat in another world. The work features isekai, battle, and ensemble; the assassin's power and missions are highlights, with gorgeous battle scenes, making it a standard isekai work."
1880,primary,en-US,创之界限 -#000000-,"""Build Divide -#000000-"" adapts the same-name game, telling the battles of the boys in the Boundary. The work features cards, battle, and ensemble, with gorgeous battle scenes. The growth and bonds of the characters run throughout, making it a game adaptation."
1881,primary,en-US,数码宝贝幽灵游戏,"""Digimon Ghost Game"" is a Digimon series anime; the adventure of a boy and a Digimon. This work revolves around the Ghost Game; the work features adventure, battle, and the worldview of Digimon, with a unique atmosphere, making it a new work of the Digimon series."
1882,primary,en-US,Muv-Luv Alternative,"""Muv-Luv Alternative"" adapts the same-name game. The battles of the boys in the war between humanity and the BETA. The work features mecha battles, war, and pathos as themes, with a heavy atmosphere. The sacrifices and conviction of the boys are full of tension, making it a hardcore sci-fi work."
1883,primary,en-US,半妖的夜叉姬 第二季,"""Yashahime: Princess Half-Demon"" (Season 2) continues the first season; the adventure of the half-demon girls continues. In this work, the story of Towa, Setsuna, and Moroha develops further; the work features adventure, battle, and passion, with a light atmosphere, making it a sequel of the Inuyasha series."
1884,primary,en-US,哇恰美妙魔法！,"""Waccha PriMagi!"" is an anime of the PriMagi series; the idol activities of the girls continue. In this work, new protagonists and stages appear, and the girls chase their dreams on the idol path; the work features gorgeous stage performances, cute characters, and music, making it a classic series of girls' idol anime."
1885,primary,en-US,境界触发者 第三季,"""World Trigger"" (Season 3) continues the series; the battles of Osamu Mikumo and his partners continue. This work revolves around a new chapter and the Neighbors; the work features battle, passion, and ensemble, with gorgeous battle scenes. Osamu's growth is moving, making it a sequel of the World Trigger series."
1886,primary,en-US,异世界食堂 第二季,"""Restaurant to Another World"" (Season 2) continues the first season; the daily life of the otherworld restaurant Nekoya continues. In this work, Nekoya continues to open to the otherworld guests every Saturday; the work features gourmet food, another world, and episodic stories, with a warm atmosphere, making it a healing gourmet work."
1887,primary,en-US,狂热深渊-迷失的孩子,"""Deep Insanity: The Lost Child"" is an original anime telling the adventure of the boys in the lost place. The work features adventure, fantasy, and ensemble, with a unique atmosphere. The journey of the boys is imaginative, making it a novel-styled work."
1888,primary,en-US,国王排名,"""Ranking of Kings"" adapts the same-name manga. The story of Bojji, a weak prince who is deaf and mute. The work features fairy tale, passion, and healing as themes; Bojji's growth and kindness are moving, with a warm art style, making it a phenomenal work."
1889,primary,en-US,进化果实～不知不觉踏上胜利的人生～,"""The Fruit of Evolution: Before I Knew It, My Life Had It Made"" adapts the same-name light novel. A boy mocked by his classmates obtains the fruit of evolution. The work features isekai, light adventure, and harem; the protagonist's evolution and victories are highlights, with a light atmosphere, making it a joyful work."
1890,primary,en-US,180秒能让你的耳朵幸福吗？,"This is a short anime telling the story of ASMR. The work features ASMR, daily life, and healing, with short episodes and a tranquil atmosphere, showcasing the interactions of the girls in gentle sounds, making it a unique short anime."
1891,primary,en-US,百万吨级武藏,"""Megaton Musashi"" adapts the same-name game. The boys pilot the Musashi machines to fight. The work features mecha battles, passion, and ensemble, with gorgeous battle scenes. The growth and bonds of the boys run throughout, making it a game adaptation."
1892,primary,en-US,将身体献给魔王伊布罗贾,"This is a short anime telling the story of the demon king and a boy. The work features fantasy, romance, and comedy, with a light atmosphere. The interactions between the demon king and the boy are full of moe, making it a stress-relieving short anime."
1893,primary,en-US,Show Time！唱歌的大姐姐也想做,"This is a short adult-oriented anime telling the romance of a singing big sister. The work features romance, adult themes, and daily life, with an ambiguous atmosphere and tense interactions, making it an adult-oriented romance work."
1894,primary,en-US,逆转世界的电池少女,"This is an original anime telling the battles of the boys in a reversed world. The work features mecha battles, passion, and comedy, with a unique atmosphere. The battles of the boys are full of power, making it a novel-styled work."
1895,primary,en-US,86 -不存在的战区- 第2部分,"""86 Eighty-Six"" (Part 2) continues the first season; the story of Shinei and Lena continues. In this work, the battles and bonds of the Eighty-Six develop further; the work features mecha battles, war, and pathos as themes, with a heavy atmosphere. The bond between Shinei and Lena is moving, making it a sequel of the 86 series."
1896,primary,en-US,键等,"""Kaginado"" is a crossover anime of Key works, gathering the characters of each work. The work features comedy, daily life, and ensemble, with a light atmosphere. The interactions of the characters are full of laughs, making it a fan-oriented work of Key."
1897,primary,en-US,关于前辈很烦人的事,"""My Senpai is Annoying"" adapts the same-name manga. The romance daily life of OL Igarashi and her senpai. The work features romance, workplace, and daily life; the senpai's care and Igarashi's tsundere are full of moe, with a warm atmosphere, making it a healing work."
1898,primary,en-US,剧场版 Fate/Grand Order 神圣圆桌领域卡美洛 后篇 圣骑士银之臂,"""Fate/Grand Order: Shinsei Entaku Ryouiki Camelot 2 - Paladin; Agateram"" is a movie of the FGO series; the adventure of Ritsuka Fujimaru. This work revolves around the climax of the Camelot arc; the work features the Fate worldview, battle, and ensemble, with gorgeous battle scenes, making it an important work of the FGO series."
1899,primary,en-US,BanG Dream! Episode of Roselia Ⅰ : 约定,"""BanG Dream! Episode of Roselia I: Yakusoku"" is a movie of BanG Dream; the story of the Roselia band. This work revolves around the promise of the band members; the work features music, youth, and ensemble, with moving songs, making it a movie of the BanG Dream project."
1900,primary,en-US,酷爱电影的庞波小姐,"""Pompo: The Cinéphile"" is a movie anime telling the story of filmmaking. The creation of film fanatic Pompo and a new director; the work features creation, passion, and ensemble as themes, with a warm atmosphere. The film dreams of the characters are moving, making it a work about dreams."
1901,primary,en-US,烟囱小镇的普佩尔,"""Poupelle of Chimney Town"" is a movie anime telling the adventure of a boy and his partner in Chimney Town. The adventure of Poupelle and boy Lubicchi in Chimney Town; the work features fantasy, adventure, and friendship as themes, with exquisite visuals. The boy's growth is moving, making it a warm work."
1902,primary,en-US,BanG Dream! Episode of Roselia Ⅱ : Song I am.,"""BanG Dream! Episode of Roselia II: Song I am."" is a movie of BanG Dream; the story of the Roselia band. This work revolves around the music and growth of the band members; the work features music, youth, and ensemble, with moving songs, making it a movie of the BanG Dream project."
1903,primary,en-US,剧场版 紫罗兰永恒花园,"""Violet Evergarden: The Movie"" is a movie of Violet Evergarden; the story of Violet. In this work, Violet searches for the true meaning of love through ghostwriting; the work features healing, growth, and humanity as themes, with visuals exquisite to the extreme, making it a deeply moving work."
1904,primary,en-US,如果烧陶的话也做个马克杯吧 二番窑,"""Let's Make a Mug Too"" (Second Kiln) continues the first season; the pottery daily life of the girls continues. In this work, the interactions of the girls in the pottery club develop further; the work features pottery, daily life, and ensemble, with a warm atmosphere, making it a healing work."
1905,primary,en-US,三角窗外是黑夜,"""The Night Beyond the Tricornered Window"" adapts the same-name manga. The combination of an exorcist and a detective. The work features the supernatural, suspense, and ensemble, with a unique atmosphere. The combination of exorcism and deduction is charming, making it a novel-styled work."
1906,primary,en-US,大正处女御伽话,"""Taisho Otome Fairy Tale"" adapts the same-name manga. The story of a wealthy son of the Taisho era and his fiancée. The work features romance, daily life, and healing, with a warm atmosphere. The emotional development of the two is delicate and moving, making it a work full of period atmosphere."
1907,primary,en-US,名侦探柯南 绯色的子弹,"""Detective Conan: The Scarlet Bullet"" is a movie of Detective Conan; the actions of Conan and Shuichi Akai. This work revolves around the kidnapping incident at the world conference; the work features deduction, action, and suspense, with a tense atmosphere. The duels between Conan and Akai are highlights, making it a highly popular movie of the Conan series."
1908,primary,en-US,卡片战斗先导者overDress 第二季,"""Cardfight!! Vanguard overDress"" (Season 2) continues the first season; the card battles of the boys continue. In this work, a new chapter and opponents appear; the work features cards, passion, and competition, with gorgeous battle scenes, making it a sequel of the Vanguard series."
1909,primary,en-US,鲁邦三世 PART6,"""Lupin the Third Part 6"" is a Lupin series anime; the adventure of phantom thief Lupin continues. In this work, Lupin carries out new thefts in London; the work features phantom thieves, adventure, and comedy, with an art style full of period flavor. Lupin's wit and charm are captivating, making it a new chapter of the Lupin series."
1910,primary,en-US,BanG Dream! 少女乐团派对！☆PICO FEVER！,"""BanG Dream! Girls Band Party! PICO Fever!"" is a short anime of the BanG Dream project; the Q-version daily life of the band girls. The work features music, comedy, and daily life, with cute art and short episodes, making it a side story of the BanG Dream series."
1911,primary,en-US,斗神姬,"This is an original anime telling the battles of the girls. The girls pilot machines to fight mysterious enemies; the work features mecha battles, passion, and ensemble, with gorgeous battle scenes. The growth and bonds of the girls run throughout, making it a solid work."
1912,primary,en-US,鬼灭之刃 游郭篇,"""Demon Slayer: Kimetsu no Yaiba - Entertainment District Arc"" continues the series; the story of Tanjiro and the Sound Hashira. In this work, Tanjiro's battles in the entertainment district unfold; the work features passion, battle, and bonds as themes, with high-quality production. The duel with Upper Rank Six is stunning, making it an important chapter of the Demon Slayer series."
1913,primary,en-US,范马刃牙,"""Baki Hanma"" is a sequel of Baki; the duels of the martial artists continue. In this work, Baki Hanma's battle against the strongest opponent unfolds; the work features martial arts, passion, and ensemble, with battle scenes full of power, making it a classic of the fighting anime genre."
1914,primary,en-US,龙与雀斑公主,"""Belle"" is Mamoru Hosoda's movie anime, telling the story of a girl in a virtual world. The adventure and growth of girl Suzu in the U world; the work features fantasy, music, and youth as themes, with exquisite visuals. Suzu's growth is moving, making it an imaginative work."
1915,primary,en-US,魔法使的新娘 西之少年与青岚的骑士,"""The Ancient Magus' Bride: The Boy from the West and the Knight of the Blue Storm"" is a movie of The Ancient Magus' Bride; the story of Chise. This work revolves around the boy from the West and the Knight of the Blue Storm; the work features fantasy, healing, and magic, with exquisite visuals and a dreamlike atmosphere, making it a movie of the Ancient Magus' Bride series."
1916,primary,en-US,剧场版 七大罪 被光诅咒的众人,"""The Seven Deadly Sins: Cursed by Light"" is a movie of The Seven Deadly Sins; the adventure of Meliodas and his partners. This work revolves around those cursed by light; the work features fantasy adventure, passionate battles, and partner bonds, with gorgeous battle scenes, making it a movie of the Seven Deadly Sins series."
1917,primary,en-US,英雄联盟：双城之战,"""Arcane"" is an animation of League of Legends, telling the story of Piltover and Zaun. Centered on the sisterhood of Jinx and Vi; the work features fantasy, battle, and ensemble as themes, with high-quality production. The fates of the characters are full of tension, making it a phenomenal game adaptation."
1918,primary,en-US,凡人修仙传 年番,"""A Record of a Mortal's Journey to Immortality"" (Year-round) adapts the same-name novel, telling the path of immortal cultivation of ordinary man Han Li. Han Li's struggle and growth in the immortal cultivation world; the work features cultivation, passion, and ensemble, with high-quality production, making it a representative work of Chinese animation."
1919,primary,en-US,JOJO的奇妙冒险 石之海,"""JoJo's Bizarre Adventure: Stone Ocean"" is a JoJo series anime; the story of Jolyne Cujoh. Jolyne's battles in prison and Stand duels; the work features battle, passion, and Stands, with gorgeous battle scenes. The Stand battles of Stone Ocean are full of power, making it an important chapter of the JoJo series."
1920,primary,en-US,剧场版 少女☆歌剧 Revue Starlight,"""Revue Starlight: The Movie"" is a movie of Revue Starlight; the story of the stage girls. This work revolves around a new Revue; the work features music, stage, and ensemble, with gorgeous performances and moving songs, making it a movie of the Revue Starlight series."
1921,primary,en-US,Princess Principal Crown Handler 第2章,"""Princess Principal: Crown Handler"" (Chapter 2) continues the series; the story of the spy girls in London. This work revolves around the continuation of the Crown Handler arc; the work features spies, ensemble, and steampunk, with a cool and elegant atmosphere, making it a movie of the Princess Principal series."
1922,primary,en-US,明日同学的水手服,"""Akebi's Sailor Uniform"" adapts the same-name manga. The youth story of girl Komichi Akebi in her sailor uniform. The work features daily life, youth, and healing; Akebi's sailor uniform life is full of warmth, with refined art and a warm atmosphere, making it a healing work."
1923,primary,en-US,怪人开发部的黑井津,"""Miss Kuroitsu from the Monster Development Department"" adapts the same-name manga. The work daily life of staff member Kuroitsu at the monster development department. The work features comedy, workplace, and tokusatsu; Kuroitsu's daily life in monster development is full of laughs, with a light atmosphere, making it a hilarious work."
1924,primary,en-US,失格纹的最强贤者,"""The Strongest Sage with the Weakest Crest"" adapts the same-name light novel. The battles of a reincarnated sage in another world. The work features isekai, battle, and passion; the sage's power and adventure are highlights, with gorgeous battle scenes, making it a standard isekai work."
1925,primary,en-US,东京24区,"""Tokyo 24th Ward"" is an original anime telling the battles of the boys in Tokyo 24th Ward. The boys act on suspense incidents in the special ward; the work features suspense, battle, and ensemble, with a unique atmosphere. The fates of the boys are full of tension, making it a novel-styled work."
1926,primary,en-US,里亚德录大地,"""In the Land of Leadale"" adapts the same-name light novel. A girl adventures in a VRMMO. The work features games, another world, and light adventure; the protagonist's leisurely life is fun, with a light atmosphere, making it a joyful work."
1927,primary,en-US,王子的本命是反派大小姐,"This adapts the same-name light novel. The romance of a girl reincarnated as a villainess. The work features isekai, romance, and comedy; the daily life of the villainess is full of laughs, with a light atmosphere, making it a joyful work."
1928,primary,en-US,更衣人偶坠入爱河,"""My Dress-Up Darling"" adapts the same-name manga. The story of a high schooler who loves making dolls and a girl who loves cosplay. The work features romance, daily life, and creation; the interactions of the two are full of warmth, with a warm atmosphere, making it a heart-pounding romance work."
1929,primary,en-US,擅长捉弄的高木同学 第三季,"""Teasing Master Takagi-san"" (Season 3) continues the series; the daily life of Takagi and Nishikata continues. In this work, Takagi's teasing and Nishikata's reactions remain full of laughs; the work features romance, daily life, and comedy, with a light and sweet atmosphere, making it a heart-pounding school romance work."
1930,primary,en-US,指名！,"""CUE!"" is an original anime telling the story of the voice actress girls. The hard work and growth of the girls in the voice acting industry; the work features voice acting, the industry, and daily life, with a warm atmosphere. The dreams of the girls are moving, making it a work about dreams."
1931,primary,en-US,平凡职业造就世界最强 第二季,"""Arifureta: From Commonplace to World's Strongest"" (Season 2) continues the first season; the battles of Hajime Nagumo continue. In this work, Hajime's adventure after growing stronger in the abyss unfolds; the work features isekai, passion, and harem, with gorgeous battle scenes, making it a sequel of the Arifureta series."
1932,primary,en-US,天才王子的赤字国家振兴术,"""The Genius Prince's Guide to Raising a Nation Out of Debt"" adapts the same-name light novel. The story of genius prince Wein rebuilding the deficit nation. The work features politics, schemes, and ensemble; Wein's schemes and the nation's revival are highlights, with a light atmosphere, making it a novel-styled work."
1933,primary,en-US,秘密内幕～女子警察的逆袭～,"""Police in a Pod"" adapts the same-name manga. The workplace daily life of the female police officers. The work features workplace, comedy, and ensemble; the daily life of the police is full of laughs, with a light atmosphere, making it a work that brings a knowing smile."
1934,primary,en-US,室内足球少年!!!!!,"""Futsal Boys!!!!!"" is a short anime telling the soccer story of the boys. The work features soccer, youth, and ensemble, with a youthful atmosphere. The training and matches of the boys are full of vitality, making it a light sports work."
1935,primary,en-US,女孩的钓鱼慢活,"""Slow Loop"" adapts the same-name manga. The fishing daily life of the girls. The work features fishing, daily life, and healing, with fresh art and a tranquil atmosphere. The girls' fishing activities are full of warmth, making it a healing work."
1936,primary,en-US,公主连结 Re:Dive 第二季,"""Princess Connect! Re:Dive"" (Season 2) continues the first season; the adventure of the boy continues. In this work, the adventure of the boy and the princesses in Landosol develops further; the work features fantasy, light adventure, and ensemble, with a light atmosphere, making it a game adaptation."
1937,primary,en-US,最游记 RELOAD -ZEROIN-,"""Saiyuki RELOAD -ZEROIN-"" continues the series; the journey to the west of Genjo Sanzo and his partners continues. In this work, the party faces new enemies on the journey; the work features fantasy, passion, and ensemble, with a gorgeous art style, making it a sequel of the Saiyuki series."
1938,primary,en-US,泡泡糖忍战,"""Ninjala"" adapts the same-name game. The battles of the ninja boys. The work features ninja, battle, and passion, with gorgeous battle scenes. The growth and bonds of the boys run throughout, making it a game adaptation."
1939,primary,en-US,蔷薇王的葬列,"""Requiem of the Rose King"" adapts the same-name manga. The tragic story of Richard. The work features history, battle, and pathos as themes; Richard's fate is tragic, with a heavy atmosphere, making it a poetic work."
1940,primary,en-US,第九部落,"""Tribe Nine"" is a short anime telling the battles of the boys. The work features battle, passion, and ensemble, with a unique atmosphere. The adventure of the boys is full of tension, making it a novel-styled work."
1941,primary,en-US,少女前线,"""Girls' Frontline"" adapts the same-name game. The battles of the Tactical Doll girls. The work features sci-fi, battle, and ensemble, with gorgeous battle scenes. The growth and bonds of the girls run throughout, making it a game adaptation."
1942,primary,en-US,自称贤者弟子的贤者,"""She Professed Herself Pupil of the Wise Man"" adapts the same-name light novel. The adventure of a reincarnated girl in another world. The work features isekai, light adventure, and comedy; the protagonist's contrast is full of laughs, with a light atmosphere, making it a joyful work."
1943,primary,en-US,杀爱,"""Love of Kill"" adapts the same-name manga. The story of a killer boy and a girl. The work features romance, battle, and suspense; the entanglement between the killers is full of tension, with a unique atmosphere, making it a novel-styled work."
1944,primary,en-US,活了100天的鳄鱼,"""100-Ten no Wani"" adapts the same-name manga. The 100-day daily life of a crocodile. The work features daily life, healing, and warmth, with a warm art style and a warm atmosphere. The crocodile's daily life is moving, making it a healing work."
1945,primary,en-US,海岬的迷途之家,"""The House of the Lost on the Cape"" is a movie anime telling the story of the girls at the cape. The work features fantasy, healing, and adventure as themes, with exquisite visuals. The journey of the girls is full of warmth, making it a warm work."
1946,primary,en-US,我的英雄学院 World Heros' Mission,"""My Hero Academia: World Heroes' Mission"" is a movie of My Hero Academia; the story of Deku and Class A. This work revolves around a worldwide crisis; the work features heroes, passion, and growth as themes, with gorgeous battle scenes. Deku's conviction is moving, making it a movie of the My Hero Academia series."
1947,primary,en-US,幻想三国志 -天元灵心记-,"""Fantasia Sango"" adapts the same-name game, telling a fantasy story of the Three Kingdoms era. The work features the Three Kingdoms, fantasy, and battle, with gorgeous battle scenes. The fates of the characters are intertwined, making it a game adaptation."
1948,primary,en-US,与成为异世界美少女的大叔一起,"""Life with an Ordinary Guy who Reincarnated into a Total Fantasy Knockout"" adapts the same-name light novel. The adventure of an uncle who became a beautiful girl and his partner. The work features isekai, comedy, and daily life; the uncle's gender reversal is full of laughs, with a light atmosphere, making it a joyful work."
1949,primary,en-US,剧场版 Fate/kaleid liner 魔法少女☆伊莉雅 Licht 无名的少女,"""Fate/kaleid liner Prisma Illya: Licht - The Nameless Girl"" is a movie of the Fate series; the magical girl battles of Illya. This work revolves around the bond between Illya and Miyu; the work features magical girl transformation, the Fate worldview, and battle, with gorgeous battle scenes, making it a uniquely styled movie of the Fate series."
1950,primary,en-US,食锈末世录,"""Rust-Eater Bisco"" adapts the same-name light novel. The adventure of the boys in a world where the rust-eating disease spreads. The work features adventure, battle, and ensemble, with a unique atmosphere. The journey of the boys is full of tension, making it a novel-styled work."
1951,primary,en-US,佐佐木与宫野,"""Sasaki and Miyano"" adapts the same-name manga. The romance between senpai Sasaki and kouhai Miyano. The work features BL romance, daily life, and healing; the interactions of the two are delicate and moving, with a warm atmosphere, making it a fine BL anime."
1952,primary,en-US,锈色铠甲-黎明-,"This is a short anime telling the story of an armored samurai. The work features battle, historical era, and passion, with a unique art style. The battles of the samurai are full of power, making it a novel-styled work."
1953,primary,en-US,彩绿,"This is an anime of Sega's rhythm game project; the story of the girl band Colorful Palette. The girls work hard to form a band; the work features music, youth, and ensemble, with a warm atmosphere. The growth of the characters is moving, making it an anime adaptation of the project."
1954,primary,en-US,东方少年,"""Orient"" adapts the same-name manga. In a world dominated by demons, the battles of the boys. The work features battle, passion, and ensemble, with gorgeous battle scenes. The growth and bonds of the boys run throughout, making it a standard passionate work."
1955,primary,en-US,一杆青空,"This is a short anime telling the golf story of the girls. The work features golf, daily life, and healing, with fresh art and a tranquil atmosphere. The swings of the girls are full of vitality, making it a light healing work."
1956,primary,en-US,魔法科高校的劣等生 追忆篇,"""The Irregular at Magic High School: Reminiscence Arc"" is a special of The Irregular at Magic High School; the past of Tatsuya and Miyuki. This work revolves around the memories of the two; the work features magic, academy, and siblings, with a warm atmosphere, making it a special of the Mahouka series."
1957,primary,en-US,现实主义勇者的王国再建记 第二部,"""How a Realist Hero Rebuilt the Kingdom"" (Part 2) continues the first season; the kingdom rebuilding of the hero continues. In this work, the hero's political reforms and new challenges unfold; the work features isekai, politics, and ensemble, with a unique atmosphere, making it a sequel of the Realist Hero series."
1958,primary,en-US,瓦尼塔斯的手记 第2部分,"""The Case Study of Vanitas"" (Part 2) continues the first season; the story of Vanitas continues. In this work, the entanglement between Vanitas and the vampires develops further; the work features fantasy, suspense, and battle, with a gorgeous atmosphere, making it a sequel of the Vanitas series."
1959,primary,en-US,君主·埃尔梅罗二世事件簿 魔眼收集列车 特别篇,"""Lord El-Melloi II's Case Files: Rail Zeppelin Grace note"" (Special) is a special of the Fate series; the deductions of Waver. This work revolves around the Rail Zeppelin arc; the work features the Fate worldview, deduction, and ensemble, with an elegant atmosphere, making it a spin-off of the Fate series."
1960,primary,en-US,希德尼娅的骑士：织爱之星,"""Knights of Sidonia: Love Woven in the Stars"" is a movie of Knights of Sidonia; the battles of Nagate Tanikaze. This work revolves around the arc of the woven love; the work features mecha battles, sci-fi, and passion, with gorgeous battle scenes, making it a movie of the Knights of Sidonia series."
1961,primary,en-US,暗芝居 第十季,"""Yami Shibai"" Season 10 is a horror short anime series, continuing to tell various ghost stories in paper theater format. The work is known for its nostalgic art style, grotesque plots, and thought-provokingly frightening atmosphere; each episode creates a strong sense of horror in just a few minutes, and the distorted urban legends send chills down viewers' spines, making it a must-see for horror anime fans."
1962,primary,en-US,地球外少年少女 前篇,"""The Orbital Children"" (Part 1) is a movie anime telling the story of the boys and girls in space. In the future space, the survival and adventure of the boys and girls; the work features sci-fi, adventure, and ensemble as themes, with a unique atmosphere, making it the first part of the Orbital Children series."
1963,primary,en-US,永远的831,"""Eien no 831"" is a movie anime telling the story of a boy and a girl. Centered on the power to stop time; the work features sci-fi, romance, and pathos as themes, with a heavy atmosphere. The fates of the two are full of tension, making it a thought-provoking work."
1964,primary,en-US,小小世界,"This is a short anime telling the story of a tiny world. The work features daily life, healing, and fantasy, with refined art and a tranquil atmosphere, showcasing warmth in a small world, making it a short but warm work."
1965,primary,en-US,我是川尻小玉～生活黑客的糜烂生活～,"This is a short anime telling the debauched life of Komaru. The work features comedy, daily life, and snark; Komaru's life-hacking daily life is full of laughs, with short episodes, making it a stress-relieving short anime."
1966,primary,en-US,白领羽球部,"""Salaryman's Club"" adapts the same-name manga. The story of the office workers in the badminton club. The work features badminton, workplace, and passion, with tense match scenes. The growth of the office workers is moving, making it a unique sports work."
1967,primary,en-US,美味派对♡光之美少女,"""Delicious Party PreCure"" is a Pretty Cure series anime; the girls fight with the power of cooking. In this work, the girls grow while fighting enemies; the work features magical girls, gourmet food, and daily life, with gorgeous transformation and battle scenes. The bonds between the characters are warm and moving, making it a girls' magical girl anime."
1968,primary,en-US,莎木,"""Shenmue"" adapts the same-name game, telling the revenge journey of boy Ryo Hazuki. The work features action, wuxia, and ensemble, with a heavy atmosphere. Ryo's journey is full of tension, making it a game adaptation."
1969,primary,en-US,电影Tropical-Rouge！光之美少女 雪之公主与奇迹的戒指！,"""Tropical-Rouge! Pretty Cure: The Movie - The Snow Princess and the Miracle Ring!"" is a movie of the Pretty Cure series; the battles of the girls. This work revolves around the Snow Princess and the Miracle Ring; the work features magical girls, battle, and daily life, with gorgeous transformation and battle scenes, making it a movie of the girls' magical girl anime."
1970,primary,en-US,让我听见爱的歌声,"""Sing a Bit of Harmony"" is a movie anime telling the story of an AI girl. The songs of an AI girl with emotions; the work features music, romance, and sci-fi as themes, with exquisite visuals. The girl's songs are moving, making it a warm work."
1971,primary,en-US,银河英雄传说 Die Neue These 激突 第1章,"""Legend of the Galactic Heroes: Die Neue These Gekitotsu"" (Chapter 1) is a movie of Legend of the Galactic Heroes; the duel between Reinhard and Yang Wen-li continues. This work revolves around the clash; the work features space opera, strategy, and ensemble, with high-quality production. The duels of the heroes are full of power, making it a modern interpretation of Legend of the Galactic Heroes."
1972,primary,en-US,夏日幽灵,"""Summer Ghost"" is a movie anime telling the story of the boys and girls. Three boys summon a ghost through fireworks; the work features youth, healing, and life and death as themes, with exquisite visuals. The growth of the boys is moving, making it a warm work."
1973,primary,en-US,小书痴的下克上 〜为了成为图书管理员而不择手段〜 第三季,"""Ascendance of a Bookworm"" (Season 3) continues the series; the story of the book-loving girl continues. In this work, the girl's efforts to become a librarian develop further; the work features isekai, daily life, and growth as themes, with a warm atmosphere, making it a unique work."
1974,primary,en-US,真·一骑当千,"""Shin Ikki Tousen"" continues the series; the battles of the fighter girls continue. This work revolves around a new battle; the work features battle, fan-service, and ensemble, with gorgeous battle scenes, making it a sequel of the Ikki Tousen series."
1975,primary,en-US,新罗马浴场,"""Thermae Romae Novae"" adapts the same-name manga. The time travel of an ancient Roman architect in the bathhouse. The work features comedy, history, and daily life; the time travel setting is full of laughs, with a light atmosphere, making it a hilarious work."
1976,primary,en-US,羽球青春,"""Love All Play"" adapts the same-name manga. The story of a boy in the badminton club. The work features badminton, youth, and ensemble, with tense match scenes. The growth of the boys is moving, making it a solid sports work."
1977,primary,en-US,恋爱要在世界征服后,"""Love After World Domination"" adapts the same-name manga. The romance between an executive of a hostile organization and a ranger member. The work features romance, comedy, and tokusatsu; the opposition and romance of the two are full of laughs, with a light atmosphere, making it a joyful work."
1978,primary,en-US,身为女主角 讨厌的女主角与秘密的工作,"This is a movie anime telling the story of a girl and an idol. The feelings of a girl between a band and an idol; the work features romance, music, and youth as themes, with a warm atmosphere, making it a warm work."
1979,primary,en-US,黑岩射手：黎明降临,"""Black Rock Shooter: Dawn Fall"" is a new anime of Black Rock Shooter; the battles of the girls. This work revolves around the story of Dawn Fall; the work features battle, ensemble, and darkness, with a heavy atmosphere. The fates of the girls are full of tension, making it a sequel of the Black Rock Shooter series."
1980,primary,en-US,影之诗F,"""Shadowverse Flame"" continues the series; the card battles of the boys continue. In this work, new protagonists and chapters appear; the work features cards, passion, and competition, with gorgeous battle scenes, making it a game adaptation."
1981,primary,en-US,社畜小姐想被幽灵幼女治愈。,"This is a short anime telling the daily life of an office worker and a ghost girl. The work features daily life, healing, and comedy; the daily life of the office worker being healed by the ghost girl is full of warmth, with short episodes, making it a stress-relieving short anime."
1982,primary,en-US,古见同学有交流障碍症 第二季,"""Komi Can't Communicate"" (Season 2) continues the first season; the daily life of Komi continues. In this work, Komi's communication disorder and efforts develop further; the work features daily life, healing, and comedy, with a warm atmosphere, making it a sequel of the Komi series."
1983,primary,en-US,骸骨骑士大人异世界冒险中,"""Skeleton Knight in Another World"" adapts the same-name light novel. A young man reincarnated as a skeleton knight adventures in another world. The work features isekai, light adventure, and passion; the skeleton knight's power and justice are highlights, with a light atmosphere, making it a joyful work."
1984,primary,en-US,相合之物,"""Deaimon"" adapts the same-name manga. The story of a boy who returned to his hometown's wagashi shop and a girl. The work features gourmet food, daily life, and healing; the warm daily life of the wagashi shop is full of human warmth, with a warm atmosphere, making it a healing work."
1985,primary,en-US,恋爱游戏世界对路人角色很不友好,"""Trapped in a Dating Sim: The World of Otome Games is Tough for Mobs"" adapts the same-name light novel. A boy reincarnated in the world of an otome game. The work features isekai, romance, and comedy; the mob's counterattack is full of laughs, with a light atmosphere, making it a joyful work."
1986,primary,en-US,这个医师超麻烦,"This adapts the same-name light novel. The adventure of a sharp-tongued doctor and a knight girl. The work features fantasy, comedy, and daily life; the doctor's sharp tongue and adventure are full of laughs, with a light atmosphere, making it a joyful work."
1987,primary,en-US,勇者，辞职不干了,"""I'm Quitting Heroing"" adapts the same-name light novel. A dismissed hero joins the demon army. The work features isekai, comedy, and daily life; the hero's workplace and the interactions with the demon army are full of laughs, with a light atmosphere, making it a joyful work."
1988,primary,en-US,处刑少女的生存之道,"""The Executioner and Her Way of Life"" adapts the same-name light novel. The story of an executioner girl and a reincarnator. The work features fantasy, battle, and ensemble, with a heavy atmosphere. The fates of the girls are full of tension, making it a novel-styled work."
1989,primary,en-US,八十龟酱观察日记 第四册,"""Yatogame-chan Kansatsu Nikki"" (Fourth volume) continues the series; the daily life of the boy and the Nagoya girl continues. In this work, Yatogame-chan's dialect and culture remain charming; the work features daily life and regional culture, with short episodes, making it a stress-relieving short anime."
1990,primary,en-US,群青的号角,"""Fanfare of Adolescence"" is an original anime telling the story of the boys at a horse racing school. The growth and competition of the boys at the horse racing training school; the work features competition, youth, and ensemble, with a passionate atmosphere. The dreams of the boys are moving, making it a unique work."
1991,primary,en-US,RPG不动产,"""RPG Real Estate"" adapts the same-name manga. The daily life of the girls at a real estate company. The work features daily life, healing, and fantasy; the interactions of the girls in their real estate work are full of warmth, with cute art and a light atmosphere, making it a healing work."
1992,primary,en-US,史上最强的大魔王转生为村民A,"""The Greatest Demon Lord Is Reborn as a Typical Nobody"" adapts the same-name light novel. A boy reincarnated from the great demon lord as a villager. The work features isekai, battle, and comedy; the contrast between the demon lord and the villager is full of laughs, with a light atmosphere, making it a joyful work."
1993,primary,en-US,创之界限 -#FFFFFF-,"""Build Divide -#FFFFFF-"" continues the series; the battles of the boys in the Boundary continue. This work revolves around a new chapter; the work features cards, battle, and ensemble, with gorgeous battle scenes, making it a game adaptation."
1994,primary,en-US,舞动不止,"""Dance Dance Danseur"" adapts the same-name manga. The story of a boy in ballet. The work features ballet, youth, and ensemble, with beautiful dance scenes. The boy's growth is moving, making it a work full of artistic atmosphere."
1995,primary,en-US,盾之勇者成名录 第二季,"""The Rising of the Shield Hero"" (Season 2) continues the first season; the battles of Naofumi Iwatani continue. In this work, Naofumi's adventure and new threats in another world unfold; the work features isekai, darkness, and growth as themes, with gorgeous battle scenes, making it a sequel of the Shield Hero series."
1996,primary,en-US,辉夜大小姐想让我告白-超级浪漫-,"""Kaguya-sama: Love is War -Ultra Romantic-"" is the third season of Kaguya-sama; the love battle of wits between Shirogane and Kaguya continues. In this work, the love game of the two reaches a climax; the work features romance, comedy, and battle of wits, with exaggerated performances and dense laughs, making it a highly acclaimed romantic comedy of recent years."
1997,primary,en-US,王者天下 第四季,"""Kingdom"" (Season 4) continues the series; the road of unification of Shin and Ying Zheng continues. This work revolves around new wars and internal affairs; the work features history, war, and passion, with grand war scenes. Shin's growth is moving, making it a sequel of the Kingdom series."
1998,primary,en-US,女忍者椿的心事,"""In the Heart of Kunoichi Tsubaki"" adapts the same-name manga. The story of kunoichi Tsubaki and boys. The work features ninja, romance, and comedy; Tsubaki's worries and the daily life of the ninja are full of laughs, with a light atmosphere, making it a joyful work."
1999,primary,en-US,测不准的阿波连同学,"""Aharen-san wa Hakarenai"" adapts the same-name manga. The daily life of Aharen-san's sense of distance and a boy. The work features romance, comedy, and daily life; Aharen's unpredictability and the boy's reactions are full of moe, with a light atmosphere, making it a joyful work."
2000,primary,en-US,小鸟之翼 高尔夫少女,"""Birdie Wing: Golf Girls' Story"" is an original anime telling the story of the girls in golf. The encounter and competition of the genius golf girls; the work features competition, passion, and ensemble, with tense match scenes. The growth of the girls is moving, making it a unique sports work."
2001,primary,en-US,歌愈少女,"""Healer Girl"" is an original anime telling the story of the girls who heal with songs. The girls heal the wounded with their singing; the work features music, healing, and ensemble, with a warm atmosphere. The girls' songs are moving, making it a work full of musical charm."
2002,primary,en-US,朋友游戏,"""Tomodachi Game"" adapts the same-name manga. The boys and girls are drawn into the psychological battles of the friend game. The work features suspense, psychological battles, and ensemble, with a tense atmosphere. The truth and betrayals of the game are impactful, making it a gripping work."
2003,primary,en-US,青之芦苇,"""Ao Ashi"" adapts the same-name manga. The growth of boy Ashito Aoi in soccer. The work features soccer, passion, and youth, with tense match scenes. Ashito's growth is moving, making it a solid sports work."
2004,primary,en-US,理科生坠入情网故尝试证明[r=1-sinθ]♡,"""Science Fell in Love, So I Tried to Prove It [r=1-sinθ]"" continues the series; the scientific proof of love by science university students continues. In this work, the love experiments of the protagonists develop further; the work features romance, comedy, and science education, with a light atmosphere, making it a hilarious work."
2005,primary,en-US,游戏王 Go Rush！！,"""Yu-Gi-Oh! Go Rush!!"" is a Yu-Gi-Oh series anime; the battles of the duelists. This work revolves around a new chapter; the work features cards, passion, and duels, with gorgeous duel scenes, making it a new chapter of the Yu-Gi-Oh series."
2006,primary,en-US,间谍过家家,"""SPY×FAMILY"" adapts the same-name manga. Spy Twilight forms a temporary family for a mission. This work revolves around the daily life of Twilight, Yor, and Anya; the work features comedy, family, and spies, with Anya's psychic power and family warmth full of moe, with a light atmosphere, making it a phenomenal work."
2007,primary,en-US,约会大作战 第四季,"""Date A Live IV"" continues the series; the dates of Shido Itsuka and the spirits continue. In this work, new spirits and crises appear, and Shido seals the spirits' powers through dates; the work features romance, battle, and harem, with gorgeous battle scenes, making it a sequel of the Date A Live series."
2008,primary,en-US,夏日重现,"""Summer Time Rendering"" adapts the same-name manga. Boy Shinpei's summer time loop in his hometown. The work features suspense, time loop, and battle as themes, with a tense atmosphere. Shinpei's challenges and the truth unfold layer by layer, making it a highly acclaimed suspense work."
2009,primary,en-US,雀魂 PONG☆,"""Mahjong Soul Pong"" adapts the same-name game, telling the daily life of the mahjong girls. The work features mahjong, daily life, and comedy, with cute art and short episodes, showcasing the fun of mahjong in light daily life, making it a stress-relieving short anime."
2010,primary,en-US,街角魔族 2丁目,"""The Demon Girl Next Door"" (2-chome) continues the first season; the daily life of demon girl Yuuko Yoshida continues. In this work, the interactions between Yuuko and the magical girl develop further; the work features daily life, magic, and comedy, with cute art and a light atmosphere, making it a healing work."
2011,primary,en-US,剧场版 Free!-the Final Stroke- 前篇,"""Free! -the Final Stroke- (Part 1)"" is a movie of Free!; the swimming story of Haruka reaches the final chapter. This work revolves around the final challenge of Haruka and his partners; the work features swimming, youth, and emotions as themes, with beautiful water animation, making it a movie of the Free! series."
2012,primary,en-US,渔港的肉子酱,"""Fortune Favors Lady Nikuko"" is a movie anime telling the life of a mother and daughter at a fishing port. The warm daily life of the girl and her mother; the work features daily life, healing, and family love as themes, with a warm atmosphere. The bond of the mother and daughter is moving, making it a warm work."
2013,primary,en-US,剧场版 黄金拼图 谢谢你!!,"""Kiniro Mosaic: Thank You!!"" is a movie of Kiniro Mosaic; the daily life of the girls. This work revolves around the graduation and friendship of the girls; the work features daily life, healing, and ensemble, with cute art and a warm atmosphere, making it a movie of the Kiniro Mosaic series."
2014,primary,en-US,我让最想被拥抱的男人给威胁了。～西班牙篇～,"""Dakaichi: My Number 1"" (Spain Arc) continues the series; the romance between Saijo and Chihiro continues. In this work, the story of the two unfolds in Spain; the work features BL romance, the entertainment industry, and daily life, with a gorgeous atmosphere, making it a fine BL anime."
2015,primary,en-US,魔法使黎明期,"""The Dawn of the Witch"" adapts the same-name light novel. The story of the students of the magic academy. The boys adventure in the dawn of the witch; the work features fantasy, adventure, and ensemble, with a unique atmosphere, making it a witch-themed work."
2016,primary,en-US,杜鹃的婚约,"""A Couple of Cuckoos"" adapts the same-name manga. The story of switched babies and an engagement. The daily life of the boy and girl in the engagement and family; the work features romance, daily life, and comedy, with a light atmosphere, making it a joyful romance work."
2017,primary,en-US,Love Live! 虹咲学园校园偶像同好会 第二季,"""Love Live! Nijigasaki High School Idol Club"" (Season 2) continues the first season; the idols of Nijigasaki Academy continue. In this work, the girls take on new challenges on the idol path; the work features music, chasing dreams, and ensemble, with moving songs and gorgeous stage performances, making it a sequel of the Love Live series."
2018,primary,en-US,Estab-Life Great Escape,"""Estab-Life: Great Escape"" is an original anime telling the story of escaping from the city. The girls carry out escapes in diverse cities; the work features sci-fi, ensemble, and adventure, with a unique atmosphere. The escapes of the girls are imaginative, making it a novel-styled work."
2019,primary,en-US,派对浪客诸葛孔明,"""Ya Boy Kongming!"" adapts the same-name manga. Zhuge Kongming reincarnates in modern Shibuya. Kongming helps singer Eiko as a strategist; the work features music, schemes, and comedy. The combination of Kongming's strategies and the modern stage is charming, with a passionate atmosphere, making it a uniquely styled work."
2020,primary,en-US,进击的巨人 最终季 Part.2,"""Attack on Titan: The Final Season Part 2"" continues the final season; the battles of Eren and the Survey Corps continue. This work revolves around the climax of the Marley arc and the truth of the Titans; the work features battle, suspense, and despair as themes, with high-quality production, making it the finale of the Attack on Titan series."
2021,primary,en-US,魔法纪录 魔法少女小圆外传 Final SEASON -浅梦的黎明-,"""Magia Record: Puella Magi Madoka Magica Side Story"" (Final SEASON -Dawn of a Shallow Dream-) continues the series; the story of the magical girls comes to an end. This work revolves around the dawn of a shallow dream; the work features magical girls, darkness, and ensemble, with a heavy atmosphere, making it a side story of the Madoka Magica series."
2022,primary,en-US,噬血狂袭 最终季,"""Strike the Blood Final"" continues the series; the vampire battles of Kojou Akatsuki come to an end. In this work, the story of Akatsuki and Yukina reaches the final chapter; the work features vampires, battle, and harem, with gorgeous battle scenes, making it the finale of the Strike the Blood series."
2023,primary,en-US,鬼裤衩,"""Onipan!"" is WIT STUDIO's original anime telling the story of the three demon girls. The demon girls come to the human world to change the image of evil demons; the work features comedy, daily life, and fantasy, with a light atmosphere, making it a joyful work."
2024,primary,en-US,境界战机 第二部,"""Kyoukai Senki"" (Part 2) continues the first season; the battles of the boys continue. In this work, the battles of the boys in the occupied land develop further; the work features mecha battles, passion, and ensemble, with gorgeous battle scenes, making it a sequel of the Kyoukai Senki series."
2025,primary,en-US,键等 第二季,"""Kaginado"" (Season 2) continues the first season; the crossover of Key works continues. In this work, the characters of each work continue to gather; the work features comedy, daily life, and ensemble, with a light atmosphere, making it a fan-oriented work of Key."
2026,primary,en-US,3秒后，野兽。～坐在联谊会角落的他是个肉食系,"This is a short adult-oriented anime telling the romance at a mixer. The work features romance, adult themes, and daily life, with an ambiguous atmosphere and tense interactions, making it an adult-oriented romance work."
2027,primary,en-US,泡泡,"""Bubble"" is a movie anime telling the story of a boy and a girl in bubbles. The girl meets a boy amid the bubbles of Tokyo; the work features fantasy, romance, and action as themes, with exquisite visuals. The bond of the two is moving, making it an imaginative work."
2028,primary,en-US,爱、死亡 & 机器人 第三季,"""Love, Death & Robots"" (Season 3) continues the series; an anthology of sci-fi and horror anime. The work features imagination, horror, and philosophy; each episode has a different art style and subject matter, making it a diverse adult animation."
2029,primary,en-US,机动战士高达 库库鲁斯·杜安之岛,"""Mobile Suit Gundam: Cucuruz Doan's Island"" is a movie of the Gundam series, revolving around the story of Cucuruz Doan's Island. In this work, the encounter between Amuro and Cucuruz unfolds; the work features mecha battles, war, and ensemble, with high-quality production, making it a movie of the Gundam series."
2030,primary,en-US,联盟空军航空魔法音乐队 光辉魔女,"""Luminous Witches"" is a spin-off anime of the Strike Witches series; the girls of the music team. In this work, the girls support the battles with music; the work features music, daily life, and ensemble, with a warm atmosphere, making it a spin-off of the Strike Witches series."
2031,primary,en-US,异世界舅舅,"""Uncle from Another World"" adapts the same-name manga. An uncle who returned from another world lives with his nephew. The work features isekai, comedy, and daily life; the uncle's otherworld experiences and snark are full of laughs, with a light atmosphere, making it a hilarious work."
2032,primary,en-US,红白黑黄 冰雪帝国,"""RWBY: Ice Queendom"" is an anime of the RWBY series; the battles of the girls. This work revolves around the arc of the Ice Queendom; the work features battle, ensemble, and fantasy, with gorgeous action scenes, making it a sequel of the RWBY series."
2033,primary,en-US,即使如此依旧步步进逼,"""When Will Ayumu Make His Move?"" adapts the same-name manga. The romance between a boy in the shogi club and a girl. The work features romance, daily life, and comedy; the boy's straightforward confession and the girl's shyness are full of moe, with a light atmosphere, making it a joyful romance work."
2034,primary,en-US,东京猫猫 NEW～♡,"""Tokyo Mew Mew New"" is a remake of Tokyo Mew Mew; the girls transform into cats to protect the Earth. This work reinterprets the classic story; the work features magical girls, battle, and daily life, with a cute atmosphere, making it a re-animation of a classic."
2035,primary,en-US,天籁人偶,"""Prima Doll"" is an original anime telling the story of the automaton girls. In the world after the war, the daily life of the automaton girls at a café; the work features healing, daily life, and ensemble, with a warm atmosphere. The bonds of the girls are moving, making it a healing work."
2036,primary,en-US,来自深渊 烈日的黄金乡,"""Made in Abyss: The Golden City of the Scorching Sun"" continues the series; the adventure of Riko and Reg continues. This work revolves around the Golden City of the Scorching Sun; the work features adventure, fantasy, and darkness as themes, with exquisite visuals, making it a sequel of the Made in Abyss series."
2037,primary,en-US,影宅 第二季,"""The Shadows House"" (Season 2) continues the first season; the story of Kate and Emilico continues. In this work, the truth of the Shadows House and the adventure of the girls develop further; the work features suspense, ensemble, and darkness as themes, with a unique atmosphere, making it a sequel of the Shadows House series."
2038,primary,en-US,异世界药局,"""Parallel World Pharmacy"" adapts the same-name light novel. An apothecary reincarnates in another world and opens a pharmacy. The work features isekai, daily life, and healing; the apothecary's medicine-making and the daily life of another world are full of warmth, with a warm atmosphere, making it a healing work."
2039,primary,en-US,契约之吻,"""Engage Kiss"" is an original anime telling the story of a boy and a demon contract. The contract battles of boy Shu and the demon girl; the work features battle, romance, and ensemble, with a unique atmosphere. The truth of the contract unfolds layer by layer, making it a novel-styled work."
2040,primary,en-US,彻夜之歌,"""Call of the Night"" adapts the same-name manga. The story of a boy and a vampire girl. The work features romance, vampires, and the night, with a unique atmosphere. The encounter between the boy and the vampire is charming, making it a novel-styled work."
2041,primary,en-US,幽零幻镜,"""You0 Decive"" is an original anime telling the adventure of a boy in a virtual city. In a data-driven city, the story of the boy and his partners; the work features sci-fi, suspense, and ensemble, with a unique atmosphere, making it a novel-styled work."
2042,primary,en-US,传颂之物 二人的白皇,"""Utawarerumono: Mask of Truth"" is a sequel of Utawarerumono; the story of Haku continues. This work revolves around the arc of the two masks; the work features fantasy, politics, and ensemble, with a grand worldview, making it a sequel of the Utawarerumono series."
2043,primary,en-US,打工吧！！魔王大人,"""The Devil is a Part-Timer!"" continues the series; the daily life of the demon king working at a convenience store continues. In this work, the modern life of the demon king and the hero develops further; the work features comedy, daily life, and fantasy, with a light atmosphere, making it a joyful work."
2044,primary,en-US,足球风云 通往未来的一球,"""Aoki Densetsu Shoot!"" adapts the same-name manga. The story of the boys in soccer. The work features soccer, youth, and ensemble, with tense match scenes. The growth of the boys is moving, making it a solid sports work."
2045,primary,en-US,新网球王子 U-17 世界杯,"""The Prince of Tennis II: U-17 World Cup"" continues the series; the battles of the tennis boys continue. This work revolves around the U-17 World Cup; the work features tennis, passion, and competition, with match scenes full of power, making it a sequel of the Prince of Tennis series."
2046,primary,en-US,莉可丽丝,"""Lycoris Recoil"" is an original anime telling the daily life of the girl agents. The girls carry out missions under the cover of a café; the work features action, daily life, and ensemble, with gorgeous battle scenes. The bonds of the girls run throughout, making it a phenomenal original work."
2047,primary,en-US,OVERLORD 第四季,"""OVERLORD"" (Season 4) continues the series; the expansion of Ainz Ooal Gown's power continues. This work revolves around the conquest of Nazarick and the world; the work features isekai, dark fantasy, and ensemble, with Ainz's power and caution creating a contrasting charm, making it a classic of the isekai genre."
2048,primary,en-US,异世界迷宫里的后宫生活,"""Harem in the Labyrinth of Another World"" adapts the same-name light novel. The adventure of a boy in the labyrinth of another world. The work features isekai, harem, and adventure; the boy's battles in the labyrinth and harem life are highlights, with a light atmosphere, making it a standard isekai work."
2049,primary,en-US,东方少年 第2部分,"""Orient"" (Part 2) continues the first season; the battles of the boys continue. In this work, the battles of the boys in a world dominated by demons develop further; the work features battle, passion, and ensemble, with gorgeous battle scenes, making it a sequel of the Orient series."
2050,primary,en-US,闪耀路标,"""Shine Post"" is an original anime telling the story of the idol group TiNgS. The girls grow under a manager who can see through lies; the work features idols, music, and ensemble, with a warm atmosphere. The growth of the girls is moving, making it an idol anime."
2051,primary,en-US,花火酱总是迟到,"""Hanabi-chan wa Okuregachi"" is a short anime telling the daily life of Hanabi, who is always late. The work features daily life, comedy, and healing, with cute art and short episodes, showcasing the interactions of Hanabi in light daily life, making it a stress-relieving short anime."
2052,primary,en-US,幕末替身传说,"This is an original anime telling the story of the substitute samurai. The boys act as substitutes in the end of the Edo period; the work features historical era, battle, and ensemble, with a unique atmosphere, making it a novel-styled work."
2053,primary,en-US,在地下城寻求邂逅是否搞错了什么 第四季 新章 迷宫篇,"""Is It Wrong to Try to Pick Up Girls in a Dungeon?"" (Season 4, New Chapter: Labyrinth Arc) continues the series; Bell's adventure continues. In this work, Bell's challenges in the labyrinth develop further; the work features fantasy, adventure, and battle, with gorgeous battle scenes. Bell's growth is moving, making it a sequel of the DanMachi series."
2054,primary,en-US,Love Live! Superstar!! 第二季,"""Love Live! Superstar!!"" (Season 2) continues the first season; the idols of Yuigaoka Girls' High School continue. In this work, the girls take on new challenges on the idol path; the work features music, chasing dreams, and ensemble, with moving songs and gorgeous stage performances, making it a sequel of the Love Live series."
2055,primary,en-US,顶点!!!!!!!!!!!!!!!,"This is an original short anime telling the comedic daily life of the girls. The work features comedy, daily life, and ensemble, with short episodes and brisk pacing, showcasing the interactions of the girls in light daily life, making it a stress-relieving short anime."
2056,primary,en-US,卡片战斗先导者 will+Dress,"""Cardfight!! Vanguard will+Dress"" is a Cardfight!! Vanguard series anime; the card battles of the boys continue. This work revolves around a new chapter; the work features cards, passion, and competition, with gorgeous battle scenes, making it a new chapter of the Vanguard series."
2057,primary,en-US,黑之召唤士,"""Black Summoner"" adapts the same-name light novel. The adventure of summoner boy Kelvin in another world. The work features isekai, battle, and passion; Kelvin's summoning ability and adventure are highlights, with gorgeous battle scenes, making it a standard isekai work."
2058,primary,en-US,武藏野！,"This is a short anime telling the daily life of Musashino. The work features regional culture, comedy, and daily life, with short episodes and a light atmosphere, showcasing the life of Musashino in light daily life, making it a stress-relieving short anime."
2059,primary,en-US,组长女儿与照料专员,"""The Yakuza's Guide to Babysitting"" adapts the same-name manga. The daughter of a yakuza boss and a caretaker. The work features comedy, daily life, and warmth; the interactions between the caretaker and the young lady are full of laughs, with a light atmosphere, making it a hilarious work."
2060,primary,en-US,神渣☆爱豆,"""Phantom of the Idol"" adapts the same-name manga. The story of a divine beautiful idol and a ghost. The work features idols, comedy, and daily life; the idol's contrast and the interactions with the ghost are full of laughs, with a light atmosphere, making it a joyful work."
2061,primary,en-US,绽放的阿尔斯诺特利亚,"""Ars notoria"" adapts the same-name game. The story of the girls at a magic academy. The work features fantasy, daily life, and ensemble, with a light atmosphere. The academy life of the girls is full of moe, making it a game adaptation."
2062,primary,en-US,新来的女佣有点怪,"""The Maid I Hired Recently Is Mysterious"" adapts the same-name manga. The daily life of a boy and a mysterious maid. The work features romance, daily life, and comedy; the maid's strangeness and the boy's reactions are full of moe, with a light atmosphere, making it a joyful work."
2063,primary,en-US,转生贤者的异世界生活～取得第二职业，成为世界最强～,"This adapts the same-name light novel. The adventure of a reincarnated sage in another world. The work features isekai, battle, and light adventure; the sage's power is a highlight, with a light atmosphere, making it a standard isekai work."
2064,primary,en-US,极限之心,"""Extreme Hearts"" is an original anime telling the story of extreme sports and AI. The growth of a boy and his AI partner in extreme sports; the work features competition, sci-fi, and ensemble, with a passionate atmosphere, making it a novel-styled work."
2065,primary,en-US,BanG Dream! Morfonication,"""BanG Dream! Morfonication"" is an anime of BanG Dream; the story of the band Morfonica. This work revolves around the bonds of the band members; the work features music, youth, and ensemble, with moving songs, making it a work of the BanG Dream project."
2066,primary,en-US,租借女友 第二季,"""Rent-A-Girlfriend"" (Season 2) continues the first season; the romance of Kazuya and Chizuru continues. In this work, the relationship of the two develops further; the work features romance, comedy, and daily life, with a light atmosphere, making it a sequel of the Rent-A-Girlfriend series."
2067,primary,en-US,欢迎来到实力至上主义的教室 第二季,"""Classroom of the Elite"" (Season 2) continues the first season; the psychological battles of Kiyotaka Ayanokoji continue. In this work, Ayanokoji's battles in the academy develop further; the work features academy, psychological battles, and ensemble, with a calm atmosphere, making it a sequel of the Classroom of the Elite series."
2068,primary,en-US,邪神与厨二病少女 X,"""Jashin-chan Dropkick X"" continues the series; the daily life of Jashin-chan and Yurine Hanazono continues. In this work, Jashin-chan's pranks and Yurine's violence remain full of laughs; the work features comedy, daily life, and the demon world, with a light atmosphere, making it a hilarious daily comedy."
2069,primary,en-US,继母的拖油瓶是我的前女友,"""My Stepmom's Daughter Is My Ex"" adapts the same-name light novel. The story of former lovers who became step-siblings. The work features romance, comedy, and daily life; the interactions of the former lovers are full of laughs, with a light atmosphere, making it a joyful romance work."
2070,primary,en-US,金装的维尔梅～濒临堕落的魔法师和最强的灾厄一起冲入魔法世界～,"""Vermeil in Gold"" adapts the same-name manga. The story of a magician boy and a grimoire. The work features fantasy, battle, and harem; the contract between the boy and the grimoire is a highlight, with a light atmosphere, making it a standard light novel adaptation."
2071,primary,en-US,剧场版 刀剑神域 进击篇 无星之夜的咏叹调,"""Sword Art Online Progressive: Aria of a Starless Night"" is a movie of Sword Art Online; the encounter of Kirito and Asuna. This work revolves around the Progressive arc; the work features sci-fi, battle, and bonds as themes, with gorgeous battle scenes, making it a movie of the SAO series."
2072,primary,en-US,BanG Dream! FILM LIVE 2nd Stage,"""BanG Dream! FILM LIVE 2nd Stage"" is a movie of BanG Dream; the live performances of the girls. This work centers on concert live; the work features music, youth, and ensemble, with gorgeous performance scenes, making it a movie of the BanG Dream project."
2073,primary,en-US,扶桑花之舞,"""Hula Fulla Dance"" is a movie anime telling the story of a girl in Hawaii. The dance and growth of the girl in Hawaii; the work features dance, youth, and healing as themes, with exquisite visuals. The girl's growth is moving, making it a warm work."
2074,primary,en-US,惑星公主蜥蜴骑士,"""Lucifer and the Biscuit Hammer"" adapts the same-name manga. The story of a boy and a lizard knight. The work features fantasy, battle, and ensemble, with a unique atmosphere. The boy's adventure is full of tension, making it a novel-styled work."
2075,primary,en-US,水星领航员 The BENEDIZIONE,"""Aria the BENEDIZIONE"" is a movie of Aria; the gondoliers of the water planet. This work revolves around the daily life and succession of the gondoliers; the work features healing, daily life, and ensemble, with a tranquil and elegant atmosphere, making it a movie of the Aria series."
2076,primary,en-US,冰冰冰淇淋君 第二季,"This is a short anime telling the daily life of the ice cream characters (Season 2). The work features cute characters, comedy, and healing, with cute art and short episodes, showcasing the interactions of the ice creams in light daily life, making it a stress-relieving short anime."
2077,primary,en-US,森林里的熊先生、冬眠中。,"This is a short anime telling the story of the bear and a boy. The work features romance, BL, and fantasy, with an ambiguous atmosphere. The interactions of the two are full of tension, making it an adult-oriented BL work."
2078,primary,en-US,风都侦探,"""Fuuto PI"" is an anime of Kamen Rider W; the investigations of the detectives in Fuuto. This work revolves around a mysterious incident in Fuuto; the work features detectives, action, and tokusatsu, with a unique atmosphere. The actions of the detectives are full of tension, making it a spin-off anime of the Kamen Rider series."
2079,primary,en-US,团团奇米莫,"""Chimimo"" is a short anime telling the daily life of the mysterious creature Chimimo. The work features cute characters, comedy, and healing, with cute art and short episodes, showcasing the interactions of Chimimo in light daily life, making it a stress-relieving short anime."
2080,primary,en-US,石纪元 龙水,"""Dr. Stone: Ryusui"" is an OVA of Dr. Stone; a side story of Senku's scientific revival. This work focuses on light daily life; the work features science, adventure, and passion, with a light atmosphere, making it a side story of the Dr. Stone series."
2081,primary,en-US,电影 奇巧计程车 扑朔谜林,"""ODDTAXI: In the Woods"" is a movie of ODDTAXI; the story of Odokawa. This work revolves around the arc of the mysterious forest; the work features suspense, urban life, and ensemble, with a unique atmosphere, making it a movie of the ODDTAXI series."
2082,primary,en-US,境界的彼方 -I'LL BE HERE- 未来篇,"""Beyond the Boundary: I'll Be Here - Future"" is a movie of Beyond the Boundary; the story of Mirai Kuriyama. This work revolves around the future arc; the work features fantasy, battle, and romance, with gorgeous battle scenes, making it a movie of the Beyond the Boundary series."
2083,primary,en-US,德凯奥特曼,"""Ultraman Decker"" is a TV anime of the Ultraman series; the battles of Ultraman Decker. This work revolves around the story of Decker and the Earth Defense Force; the work features tokusatsu, battle, and passion, with gorgeous battle scenes, making it a sequel of the Ultraman series."
2084,primary,en-US,境界的彼方 -I'LL BE HERE- 过去篇,"""Beyond the Boundary: I'll Be Here - Past"" is a movie of Beyond the Boundary; the story of the past. This work reviews the plot of the past; the work features fantasy, battle, and romance, with gorgeous battle scenes, making it a movie of the Beyond the Boundary series."
2085,primary,en-US,机动战士高达 水星的魔女,"""Mobile Suit Gundam: The Witch from Mercury"" is a Gundam series anime; the battles of girl Suletta. This work revolves around the Witch from Mercury and the conflicts of the academy; the work features mecha battles, passion, and ensemble, with gorgeous battle scenes, making it a new chapter of the Gundam series."
2086,primary,en-US,来自深渊 漂泊之黄昏,"""Made in Abyss: Wandering Twilight"" is a recap movie of Made in Abyss; the adventure of Riko and Reg is rearranged. This work reviews the second season's plot; the work features adventure, fantasy, and darkness as themes, with exquisite visuals, making it a movie of the Made in Abyss series."
2087,primary,en-US,佐佐木与宫野 OVA,"""Sasaki and Miyano OVA"" is an OVA of Sasaki and Miyano; a romance side story of the two. This work focuses on light daily life; the work features BL romance, daily life, and healing, with a warm atmosphere, making it a side story of the Sasaki and Miyano series."
2088,primary,en-US,关于养猫我一直是新手,"This adapts the same-name manga, telling the daily life of a beginner cat owner. The work features cute pets, daily life, and healing; the cuteness of the cat and the fun of keeping a cat are full of warmth, with soft adorable art and a warm atmosphere, making it a healing work."
2089,primary,en-US,狂赌之渊 双,"""Kakegurui Twin"" is a prequel of Kakegurui, telling the story before Yumeko. This work revolves around the past of Mary Saotome; the work features gambling, psychological battles, and madness, with an eerie atmosphere, making it a prequel of the Kakegurui series."
2090,primary,en-US,RE:cycle of the PENGUINDRUM [前篇] 你的列车是生存战略,"""RE:cycle of the PENGUINDRUM [Part 1] Your Train is a Survival Strategy"" is a movie of Penguindrum; the story of the boys. This work revolves around the arc of the survival strategy; the work features fantasy, suspense, and ensemble, with a unique atmosphere, making it a movie of the Penguindrum series."
2091,primary,en-US,世界末日柴犬为伴,"""Sekai no Owari ni Shiba Inu to"" is a short anime telling the daily life with a Shiba Inu after the end of the world. The work features healing, cute pets, and daily life, with soft adorable art and a tranquil atmosphere, showcasing warmth in a light story, making it a healing work."
2092,primary,en-US,BLUE THERMAL,"""Blue Thermal"" is a movie anime telling the story of a girl in flying. The growth of the girl in a flying club; the work features youth, healing, and ensemble as themes, with exquisite visuals. The girl's growth is moving, making it a warm work."
2093,primary,en-US,外之国的少女,"""The Girl from the Other Side"" is a movie anime telling the story of a girl and a teacher. In a world where the Other and the Outer coexist, the daily life of the girl and the teacher; the work features fantasy, healing, and darkness as themes, with exquisite visuals, making it a poetic work."
2094,primary,en-US,Fate/Grand Order -终局特异点 冠位时间神殿所罗门-,"""Fate/Grand Order -Final Singularity Grand Temple of Time: Solomon-"" is a movie of the FGO series; the final battle of Ritsuka Fujimaru. This work revolves around the Grand Temple of Time; the work features the Fate worldview, battle, and ensemble, with gorgeous battle scenes, making it an important work of the FGO series."
2095,primary,en-US,D4DJ Double Mix,"""D4DJ Double Mix"" is an anime of the D4DJ project; the story of the DJ girls. This work revolves around a new chapter; the work features music, youth, and ensemble, with moving songs, making it an animation of the D4DJ project."
2096,primary,en-US,赛博浪客,"""Cyberpunk: Edgerunners"" is an animation of Cyberpunk 2077, telling the story of a boy in Night City. The growth and fall of boy David in the cyberpunk world; the work features sci-fi, battle, and pathos as themes, with high-quality production. David's fate is moving, making it a phenomenal work."
2097,primary,en-US,四叠半时光机布鲁斯,"""The Tatami Time Machine Blues"" is a movie of The Tatami Galaxy; the story of time travel. This work revolves around the time machine arc; the work features youth, fantasy, and ensemble, with a unique atmosphere, making it a movie of the Yojouhan series."
2098,primary,en-US,剧场版 BanG Dream! Poppin'Dream！,"""BanG Dream! Poppin'Dream!"" is a movie of BanG Dream; the story of Poppin'Party. This work revolves around the dreams of the band members; the work features music, youth, and ensemble, with moving songs, making it a movie of the BanG Dream project."
2099,primary,en-US,剧场版 咒术回战 0,"""Jujutsu Kaisen 0: The Movie"" is a prequel movie of Jujutsu Kaisen; the story of Yuta Okkotsu. This work revolves around the story of Yuta and curses; the work features battle, passion, and ensemble as themes, with gorgeous battle scenes, making it an important work of the Jujutsu Kaisen series."
2100,primary,en-US,因为是反派大小姐所以养了魔王,"""I'm the Villainess, So I'm Taming the Final Boss"" adapts the same-name light novel. A girl reincarnated as a villainess adopts a demon king. The work features isekai, romance, and comedy; the interactions between the villainess and the demon king are full of moe, with a light atmosphere, making it a joyful work."
2101,primary,en-US,机动战士高达 水星的魔女 PROLOGUE,"""Mobile Suit Gundam: The Witch from Mercury PROLOGUE"" is a prequel of The Witch from Mercury; the story of a girl. This work revolves around the prologue of the Witch from Mercury; the work features mecha battles, passion, and ensemble, with gorgeous battle scenes, making it a movie of the Gundam series."
2102,primary,en-US,漂流家园,"""Drifting Home"" is a movie anime telling the story of the boys and girls in drifting. The adventure of the boys and girls in a drifting apartment; the work features adventure, youth, and ensemble as themes, with exquisite visuals. The growth of the boys and girls is moving, making it a warm work."
2103,primary,en-US,转生成为魔剑,"""Reincarnated as a Sword"" adapts the same-name light novel. The adventure of a protagonist reincarnated as a sword and a catgirl. The work features isekai, battle, and light adventure; the partnership of the sword and the catgirl is a highlight, with a light atmosphere, making it a joyful work."
2104,primary,en-US,后宫之乌,"""Raven of the Inner Palace"" adapts the same-name novel. The story of the lonely imperial consort U and the emperor. The work features fantasy, romance, and the court, with a gorgeous atmosphere. U's ability and the bond with the emperor are charming, making it a uniquely styled work."
2105,primary,en-US,鹿王 尤娜与约定之旅,"""The Deer King"" is a movie anime telling the story of girl Yuna. The promised journey of the girl and the Deer King; the work features fantasy, adventure, and healing as themes, with exquisite visuals. Yuna's journey is full of warmth, making it a warm work."
2106,primary,en-US,宇崎学妹想要玩！ω,"""Uzaki-chan Wants to Hang Out! Omega"" continues the series; the daily life of Sakurai and Uzaki continues. In this work, the interactions of the two develop further; the work features romance, comedy, and daily life, with a light atmosphere, making it a sequel of the Uzaki-chan series."
2107,primary,en-US,忍者一时,"""Shinobi no Ittoki"" is an original anime telling the story of a boy in the ninja world. The growth of boy Ittoki under his mission in the ninja family; the work features ninja, battle, and ensemble, with gorgeous battle scenes. Ittoki's growth is moving, making it a solid work."
2108,primary,en-US,书虫公主,"""Bibliophile Princess"" adapts the same-name light novel. The court story of a book-loving princess. The work features romance, the court, and daily life; the princess's wisdom and bookworm setting are charming, with a gorgeous atmosphere, making it a uniquely styled work."
2109,primary,en-US,恋爱FLOPS,"""Love Flops"" is an original anime telling the romance of a boy and the girls. A boy spends his daily life surrounded by mysterious girls; the work features romance, comedy, and fantasy, with a light atmosphere, making it a joyful romance work."
2110,primary,en-US,点满农民相关技能后，不知为何就变强了。,"""I've Somehow Gotten Stronger When I Improved My Farm-Related Skills"" adapts the same-name light novel. A boy who maxed out his farming skills becomes stronger in another world. The work features isekai, light adventure, and comedy; the protagonist's farming skills are full of laughs, with a light atmosphere, making it a joyful work."
2111,primary,en-US,4个人各自有着自己的秘密,"""4-nin wa Sorezore Uso wo Tsuku"" adapts the same-name manga. The daily life of four girls each keeping secrets. The work features comedy, daily life, and ensemble; the secrets and interactions of the girls are full of laughs, with a light atmosphere, making it a hilarious work."
2112,primary,en-US,少女手工,"""Do It Yourself!!"" adapts the same-name manga. The story of the girls in the DIY club. The work features daily life, healing, and ensemble, with cute art and a light atmosphere. The DIY activities of the girls are full of warmth, making it a healing work."
2113,primary,en-US,链锯人,"""Chainsaw Man"" adapts the same-name manga. The story of boy Denji and the Chainsaw Devil Pochita. The work features battle, passion, and darkness as themes; Denji's survival and growth are stunning, with high-quality production, making it a phenomenal work of recent years."
2114,primary,en-US,想要成为影之实力者！,"""The Eminence in Shadow"" adapts the same-name light novel. Boy Cid poses as a shadow ruler in another world. The work features isekai, battle, and comedy; Cid's self-satisfaction and misunderstandings are full of laughs, with a light atmosphere, making it a joyful work."
2115,primary,en-US,间谍过家家 第2部分,"""SPY×FAMILY"" (Part 2) continues the first season; the daily life of the Forger family continues. In this work, Anya's school life and new missions unfold; the work features comedy, family, and spies, with a light atmosphere, making it a phenomenal work."
2116,primary,en-US,JOJO的奇妙冒险 石之海 第2部分,"""JoJo's Bizarre Adventure: Stone Ocean"" (Part 2) continues Stone Ocean; the battles of Jolyne continue. In this work, Jolyne's Stand duels in prison develop further; the work features battle, passion, and Stands, with gorgeous battle scenes, making it an important chapter of the JoJo series."
2117,primary,en-US,秋叶原冥途战争,"""Akiba Maid War"" is an original anime telling the battles of the maids in Akihabara. The struggles of the maids in Akihabara are full of gangster flavor; the work features comedy, battle, and ensemble, with a unique atmosphere, making it a novel-styled work."
2118,primary,en-US,新人炼金术师的店铺经营,"""Management of a Novice Alchemist"" adapts the same-name light novel. A novice alchemist runs a shop in another world. The work features isekai, daily life, and healing; the alchemist's shop management is full of warmth, with a warm atmosphere, making it a healing work."
2119,primary,en-US,夫妇以上，恋人未满。,"""More Than a Married Couple, But Not Lovers"" adapts the same-name manga. The love story of a contract couple. The relationship of a boy and a girl in a married couple internship; the work features romance, daily life, and comedy, with the interactions of the two full of moe, with a light atmosphere, making it a joyful romance work."
2120,primary,en-US,被勇者队伍开除的驯兽师，邂逅最强种猫耳少女,"""Beast Tamer"" adapts the same-name light novel. The adventure of a dismissed beast tamer and the strongest cat-eared girl. The work features isekai, light adventure, and moe; the partnership of the beast tamer and the cat-eared girl is a highlight, with a light atmosphere, making it a joyful work."
2121,primary,en-US,灵能百分百 第三季,"""Mob Psycho 100"" (Season 3) continues the series; the growth of Shigeo Kageyama reaches the final chapter. In this work, Mob faces his final choice between psychic powers and himself; the work features supernatural powers, battle, and growth as themes, with gorgeous battle scenes. Mob's growth is moving, making it a deeply profound passionate work."
2122,primary,en-US,不道德公会,"""Immoral Guild"" adapts the same-name manga. The comedic daily life of a veteran hunter at the guild. The work features comedy, fan-service, and daily life; the veteran's troubles and the interactions with the girls are full of laughs, with a light atmosphere, making it an adult-oriented comedy work."
2123,primary,en-US,黄金神威 第四季,"""Golden Kamuy"" (Season 4) continues the series; the adventure of Saichi Sugimoto in Hokkaido continues. This work revolves around the contest for the gold and new developments; the work features adventure, gourmet food, and ensemble, depicting Hokkaido's nature and Ainu culture in detail, making it a sequel of the Golden Kamuy series."
2124,primary,en-US,呆萌酷男孩,"""Play It Cool, Guys"" adapts the same-name manga. The daily life of four cool boys. The work features daily life, comedy, and ensemble; the adorable contrast of the cool boys is full of moe, with a light atmosphere, making it a work that brings a knowing smile."
2125,primary,en-US,孤独摇滚！,"""Bocchi the Rock!"" adapts the same-name manga. The growth of introverted girl Hitori Gotoh in a band. The work features music, youth, and comedy; Hitori's social anxiety and the daily life of the band are full of laughs, with a warm atmosphere, making it a phenomenal music work."
2126,primary,en-US,明日方舟：黎明前奏,"""Arknights: Prelude to Dawn"" adapts the same-name game. The story of the Doctor in a world facing the infection crisis. The work features sci-fi, battle, and ensemble, with gorgeous battle scenes, making it a game adaptation."
2127,primary,en-US,彼得·格里尔的贤者时间 Super Extra,"""Peter Grill and the Philosopher's Time: Super Extra"" continues the series; the comedic daily life of the strongest warrior Peter in love continues. The work features romance, comedy, and fan-service; Peter's troubles are full of laughs, with a light atmosphere, making it an adult-oriented comedy work."
2128,primary,en-US,名侦探柯南：犯人犯泽先生,"""Detective Conan: The Culprit Hanzawa"" is a spin-off comedy anime of Detective Conan; the daily life of culprit Hanzawa. The work features comedy, parody, and daily life; Hanzawa's actions are full of laughs, with a light atmosphere, making it a spin-off of the Conan series."
2129,primary,en-US,Muv-Luv Alternative 第二季,"""Muv-Luv Alternative"" (Season 2) continues the first season; the battles of the boys continue. In this work, the war between humanity and the BETA develops further; the work features mecha battles, war, and pathos as themes, with a heavy atmosphere, making it a sequel of the Muv-Luv series."
2130,primary,en-US,入间同学入魔了 第三季,"""Welcome to Demon School! Iruma-kun"" (Season 3) continues the series; the daily life of kind boy Iruma at the demon school continues. In this work, Iruma's growth and new challenges in the demon world unfold; the work features comedy, daily life, and the demon world, with a light atmosphere, making it a joyful work."
2131,primary,en-US,剑风传奇 黄金时代篇 MEMORIAL EDITION,"""Berserk: The Golden Age Arc - Memorial Edition"" is a movie of Berserk; the story of Guts and Griffith. This work reviews the plot of the Golden Age Arc; the work is known for dark fantasy, brutal battles, and profound themes, making it an animation of a masterpiece in manga history."
2132,primary,en-US,死神 千年血战篇,"""Bleach: Thousand-Year Blood War"" is the final chapter of Bleach; the battles of Ichigo Kurosaki. This work revolves around the Thousand-Year Blood War and the threat of Yhwach; the work features battle, passion, and ensemble, with high-quality production, making it the finale of the Bleach series."
2133,primary,en-US,致不灭的你 第二季,"""To Your Eternity"" (Season 2) continues the first season; the story of the immortal boy continues. In this work, the boy's growth and encounters on his journey develop further; the work features fantasy, healing, and pathos as themes, with a heavy atmosphere, making it a sequel of the To Your Eternity series."
2134,primary,en-US,永久少年 Eternal Boys,"""Eternal Boys"" is an original anime telling the story of the middle-aged idols. Middle-aged men form an idol group; the work features idols, comedy, and ensemble, with the idol journey of the men full of laughs, with a warm atmosphere, making it a unique work."
2135,primary,en-US,福星小子,"""Urusei Yatsura"" is a remake of the classic comedy anime; the daily life of Lum and Ataru. This work reinterprets the classic story; the work features comedy, romance, and daily life, with a joyful atmosphere, making it a re-animation of a classic."
2136,primary,en-US,某天早上变成人头麦克风的我君的人生,"This is a short anime telling the story of a boy who turns into a human head microphone. The work features comedy, daily life, and nonsense, with short episodes and dense laughs, making it a stress-relieving short anime."
2137,primary,en-US,圣剑传说 玛娜传奇 -泪珠水晶-,"""Legend of Mana: The Teardrop Crystal"" adapts the same-name game. The adventure of the boys in the world of the Holy Sword. The work features fantasy, adventure, and battle, with gorgeous battle scenes. The growth and bonds of the characters run throughout, making it a game adaptation."
2138,primary,en-US,蓝色监狱,"""BLUE LOCK"" adapts the same-name manga. In the Blue Lock training camp, the forwards compete to be the strongest striker. The work features soccer, survival, and ensemble, with a tense atmosphere. The competition of the forwards is full of power, making it a phenomenal sports work."
2139,primary,en-US,月野艺能 华彩原石,"This adapts the same-name project; the idol story of the boys. The work features music, idols, and ensemble, with a gorgeous atmosphere. The stage performances of the boys are charming, making it a female-oriented idol anime."
2140,primary,en-US,我的英雄学院 第六季,"""My Hero Academia"" (Season 6) continues the series; the hero path of Izuku Midoriya continues. This work revolves around the war for the coexistence of the supernatural; Deku and Class A face a turning point in their battles. The work features heroes, passion, and growth as themes, with gorgeous battle scenes. Deku's conviction is moving, making it a sequel of the My Hero Academia series."
2141,primary,en-US,我家师傅没有尾巴,"""My Master Has No Tail"" adapts the same-name manga. The story of a rakugo girl and a fox spirit. The work features rakugo, daily life, and healing; the girl's growth in rakugo and the interactions with her master are full of warmth, with a warm atmosphere, making it a work full of artistic atmosphere."
2142,primary,en-US,IDOLiSH7-偶像星愿- Third BEAT! 第2部分,"""IDOLiSH7: Third Beat!"" (Part 2) continues the series; the story of the idol group IDOLiSH7 continues. In this work, the boys' challenges on the idol stage develop further; the work features music, idols, and ensemble, with gorgeous songs and stage performances, making it a fine idol anime."
2143,primary,en-US,向山进发 Next Summit,"""Encouragement of Climb: Next Summit"" continues the series; the mountain climbing daily life of the girls continues. In this work, Aoi and her partners take on new challenges while mountain climbing; the work features mountain climbing, daily life, and healing, with fresh art and a warm atmosphere, making it a healing work."
2144,primary,en-US,怪盗皇后喜欢马戏团,"""Kaitou Queen wa Circus ga Osuki"" is a short anime telling the daily life of Phantom Thief Queen. The work features comedy, phantom thieves, and daily life, with short episodes and brisk pacing, showcasing the interactions of Phantom Thief Queen in light daily life, making it a stress-relieving short anime."
2145,primary,en-US,电影 五等分的新娘,"""The Quintessential Quintuplets: The Movie"" is a movie of The Quintessential Quintuplets; the romance of Fuutarou Uesugi and the quintuplets. This work revolves around the climax of the relationship between Fuutarou and the quintuplets; the work features romance, school, and comedy, with a light atmosphere, making it a movie of the Quintessential Quintuplets series."
2146,primary,en-US,犬王,"""Inu-Oh"" is Masaaki Yuasa's movie anime, telling the story of a Noh musician and a biwa player. The encounter and music of Inu-Oh and Tomona; the work features music, history, and ensemble as themes, with imaginative visuals. Inu-Oh's songs are stunning, making it a uniquely styled work."
2147,primary,en-US,龙珠超 超级英雄,"""Dragon Ball Super: Super Hero"" is a movie of Dragon Ball Super; the battles of Goku and Vegeta. This work revolves around new enemies and the story of the Saiyans; the work features martial arts, passion, and ensemble, with gorgeous battle scenes, making it a movie of the Dragon Ball series."
2148,primary,en-US,pop子和pipi美的日常 第二季,"""Pop Team Epic"" (Season 2) continues the first season; the nonsensical daily life of the two girls continues. The work features parody, snark, and wild ideas, with bold performances, making it a phenomenal comedy anime."
2149,primary,en-US,剧场版 异世界四重奏 ～Another World～,"""Isekai Quartet: The Movie - Another World"" is a movie of Isekai Quartet; the characters of each work gather. In this work, the characters adventure in a new world; the work features parody, snark, and ensemble, with a joyful atmosphere, making it a hilarious comedy work."
2150,primary,en-US,哆啦A梦：大雄的宇宙小战争 2021,"""Doraemon: Nobita's Little Star Wars 2021"" is a movie of Doraemon; the space adventure of Nobita and his party. This work revolves around the Little Star Wars arc; Nobita and Doraemon adventure in space; the work features adventure, sci-fi, and friendship as themes, with a joyful atmosphere, making it a movie of the Doraemon series."
2151,primary,en-US,名侦探柯南 万圣节的新娘,"""Detective Conan: The Bride of Halloween"" is a movie of Detective Conan; the actions of Conan and Amuro. This work revolves around the explosion incident at Halloween; the work features deduction, action, and suspense, with a tense atmosphere. The duels between Conan and Amuro are highlights, making it a highly popular movie of the Conan series."
2152,primary,en-US,再见了，夏日冒险,"""Goodbye, Don Glees!"" is a movie anime telling the summer adventure of the boys. The adventure and growth of the boys in summer; the work features adventure, youth, and healing as themes, with exquisite visuals. The growth of the boys is moving, making it a warm work."
2153,primary,en-US,剧场版超时空要塞Δ 绝对LIVE!!!!!!,"""Macross Delta: Absolute Live!!!!!!"" is a movie of Macross Delta; the story of the singers. This work revolves around Absolute Live; the work features mecha battles, music, and romance, with moving songs and gorgeous battle scenes, making it a movie of the Macross series."
2154,primary,en-US,飙速宅男 突破极限,"""Yowamushi Pedal: Limit Break"" continues the series; the bicycle races of Onoda Sakamichi continue. In this work, Sakamichi's competition in the national tournament reaches a climax; the work features bicycles, passion, and competition, with passionate match scenes, making it a fine sports anime."
2155,primary,en-US,擅长捉弄的高木同学 剧场版,"""Teasing Master Takagi-san: The Movie"" is a movie of Teasing Master Takagi-san; the story of Takagi and Nishikata. This work revolves around a new chapter in the relationship of the two; the work features romance, daily life, and comedy, with a light and sweet atmosphere, making it a movie of the Takagi-san series."
2156,primary,en-US,银河英雄传说 Die Neue These 策谋 第1章,"""Legend of the Galactic Heroes: Die Neue These Sakubou"" (Chapter 1) is a movie of Legend of the Galactic Heroes; the duel between Reinhard and Yang Wen-li continues. This work revolves around the schemes; the work features space opera, strategy, and ensemble, with high-quality production. The duels of the heroes are full of power, making it a modern interpretation of Legend of the Galactic Heroes."
2157,primary,en-US,DEEMO 樱花之音 -你奏响的音乐，如今依旧回荡- I still hear the sound of your piano,"""DEEMO Memorial Keys"" is a movie of DEEMO; the story of a girl and DEEMO. This work revolves around the story of the piano; the work features music, healing, and fantasy as themes, with exquisite visuals. The girl's growth is moving, making it a warm work."
2158,primary,en-US,后宫露营！,"This is a short adult-oriented anime telling the romance during camping. The work features romance, adult themes, and daily life, with an ambiguous atmosphere and tense interactions, making it an adult-oriented romance work."
2159,primary,en-US,人类毛病大学 -不死学部不幸学科-,"This adapts the same-name manga. The comedic daily life of Human Bug University. The work features comedy, parody, and daily life, with short episodes and dense laughs, showcasing the comedic stories of the characters in a nonsensical setting, making it a stress-relieving short anime."
2160,primary,en-US,令和的Di Gi Charat,"""Di Gi Charat"" (Reiwa) is a new anime of Di Gi Charat; the daily life of the characters. This work focuses on light daily life; the work features cute characters, comedy, and daily life, with cute art and short episodes, making it a sequel of the Di Gi Charat series."
2161,primary,en-US,PUI PUI 天竺鼠车车 驾校篇,"""PUI PUI Molcar: Driving School"" continues the series; the story of the Molcars continues. In this work, the daily life of the Molcars at the driving school; the work features cute pets, comedy, and healing, with short episodes and a light atmosphere, making it a sequel of the PUI PUI series."
2162,primary,en-US,马娘摇曳,"This is a short anime of Uma Musume; the Q-version daily life of the horse girls. The work features competition, comedy, and daily life, with cute art and short episodes, showcasing the interactions of the horse girls in light daily life, making it a side story of the Uma Musume series."
2163,primary,en-US,舰队Collection 总有一天，在那片海,"""KanColle: Itsuka Ano Umi de"" is an anime of KanColle; the battles of the ship girls. This work revolves around a new chapter; the work features ship girls, battle, and ensemble, with cute art. The bonds of the ship girls run throughout, making it a new work of the KanColle series."
2164,primary,en-US,电影 摇曳露营△,"""Laid-Back Camp: The Movie"" is a movie of Laid-Back Camp; the camping daily life of the girls. In this work, Nadeshiko, Rin, and the others take on challenges in new camping; the work features camping, daily life, and healing, with fresh art and a warm atmosphere, making it a movie of the Laid-Back Camp series."
2165,primary,en-US,铃芽之旅,"""Suzume"" is Makoto Shinkai's movie anime; the story of girl Suzume on a journey. Suzume travels to close the doors of disaster; the work features adventure, healing, and growth as themes, with visuals beautiful to the extreme. Suzume's journey is moving, making it a phenomenal animated film."
2166,primary,en-US,总之就是非常可爱 ～制服～,"""TONIKAWA: Over the Moon for You - Uniform"" continues the series; the marriage daily life of Nasa and Tsukasa continues. This work revolves around the daily life of the uniform; the work features romance, daily life, and healing, with a light atmosphere, making it a heart-pounding romance work."
2167,primary,en-US,我与机器子,"""Me & Roboco"" adapts the same-name manga. The comedic daily life of a boy and a maid robot. The work features comedy, daily life, and sci-fi; Roboco's nonsense is full of laughs, with a light atmosphere, making it a hilarious work."
2168,primary,en-US,Show Time！唱歌的大姐姐也想做 第二季,"This continues the series; the romance of the singing big sister continues. The work features romance, adult themes, and daily life, with an ambiguous atmosphere, making it an adult-oriented romance work."
2169,primary,en-US,鲁邦 零,"""Lupin Zero"" is a prequel of Lupin III; the story of young Lupin. This work revolves around the encounter of the young Lupin; the work features phantom thieves, adventure, and comedy, with an art style full of period flavor, making it a spin-off of the Lupin series."
2170,primary,en-US,七大罪 怨嗟的爱丁堡 前篇,"""The Seven Deadly Sins: Grudge of Edinburgh"" (Part 1) is a movie of The Seven Deadly Sins; the adventure of Meliodas and his partners. This work revolves around the Grudge of Edinburgh; the work features fantasy adventure, passionate battles, and partner bonds, with gorgeous battle scenes, making it a movie of the Seven Deadly Sins series."
2171,primary,en-US,间谍教室,"""Spy Classroom"" adapts the same-name light novel. The story of the spy girls at a training school. The work features spies, schemes, and ensemble; the missions and training of the girls are full of tension, with a unique atmosphere, making it a novel-styled work."
2172,primary,en-US,别当欧尼酱了！,"""Onimai: I'm Now Your Sister!"" adapts the same-name manga. The daily life of a shut-in brother who turned into his little sister. The work features daily life, comedy, and moe; the brother's feminized daily life is full of laughs, with refined art and a light atmosphere, making it a joyful work."
2173,primary,en-US,不要欺负我，长瀞同学 二次攻击,"""Don't Toy with Me, Miss Nagatoro"" (Second Attack) continues the series; the daily life of Nagatoro and the boy continues. In this work, the interactions of the two develop further; the work features romance, comedy, and daily life, with a light atmosphere, making it a sequel of the Nagatoro series."
2174,primary,en-US,魔术士奥芬的无赖之旅 拉玛城篇,"""Sorcerous Stabber Orphen: Chaos in Urbanrama"" continues the series; the journey of sorcerer Orphen continues. In this work, Orphen faces new challenges in the Urbanrama arc; the work features fantasy, adventure, and passion. Orphen's power and roguishness are charming, making it a classic fantasy work."
2175,primary,en-US,冰属性男子与酷酷女同事,"""The Ice Guy and His Cool Female Colleague"" adapts the same-name manga. The romance between an ice-attribute man and his female colleague. The work features romance, workplace, and daily life; the ice man's innocence and the coolness of his female colleague are full of moe, with a warm atmosphere, making it a healing romance work."
2176,primary,en-US,无意间变成狗，被喜欢的女生捡回家。,"""A Girl & Her Guard Dog"" adapts the same-name manga. A boy who turned into a dog is picked up by the girl he likes. The work features romance, comedy, and daily life; the dog's perspective and the interactions with the girl are full of laughs, with a light atmosphere, making it a joyful work."
2177,primary,en-US,英雄王，为了穷尽武道而转生～而后，成为世界最强的见习骑士♀～,"""Reborn to Master the Blade: From Hero-King to Extraordinary Squire"" adapts the same-name light novel. A hero king reincarnates as a squire girl. The work features isekai, battle, and comedy; the hero king's reincarnation is a highlight, with a light atmosphere, making it a joyful work."
2178,primary,en-US,冰海战记 第二季,"""Vinland Saga"" (Season 2) continues the first season; the story of Thorfinn continues. In this work, Thorfinn's journey of atonement and growth unfolds; the work features history, war, and ensemble as themes, with a heavy atmosphere, making it a sequel of the Vinland Saga series."
2179,primary,en-US,阿鲁斯的巨兽,"""The Beast of Ars"" is an original anime telling the story of a boy and a giant beast. The adventure of the boys in a world of giant beasts; the work features fantasy, battle, and ensemble, with a unique atmosphere. The fates of the boys are full of tension, making it a novel-styled work."
2180,primary,en-US,至高之牌,"""HIGH CARD"" is an original anime telling the story of cards and battle. The battles of the boys in card competition; the work features cards, passion, and ensemble, with gorgeous battle scenes, making it a uniquely styled work."
2181,primary,en-US,弦音 -连结的一射-,"""Tsurune: The Linking Shot"" continues the series; the story of the boys in the archery club continues. In this work, the growth and bonds of the boys in archery develop further; the work features archery, youth, and ensemble, with a tranquil atmosphere, making it a work of Kyoto Animation."
2182,primary,en-US,银砂糖师与黑妖精,"""Sugar Apple Fairy Tale"" adapts the same-name manga. The story of a girl and a dark fairy in the world of sugar. The work features fantasy, romance, and healing; the girl's growth and the interactions with the dark fairy are full of warmth, with a gorgeous atmosphere, making it a uniquely styled work."
2183,primary,en-US,复仇者,"""Revenger"" adapts the same-name manga. The story of the avengers at a tavern. The work features fantasy, battle, and ensemble, with a unique atmosphere. The actions of the avengers are full of tension, making it a novel-styled work."
2184,primary,en-US,冰剑的魔术师将要统一世界,"""The Iceblade Sorcerer Shall Rule the World"" adapts the same-name light novel. The story of an iceblade sorcerer at an academy. The work features academy, battle, and passion; the iceblade sorcerer's power is a highlight, with gorgeous battle scenes, making it a standard light novel adaptation."
2185,primary,en-US,被解雇的暗黑士兵（30岁）慢生活的第二人生,"""Chillin' in My 30s After Getting Fired from the Demon King's Army"" adapts the same-name light novel. A dismissed dark soldier starts a slow life. The work features isekai, daily life, and healing; the dark soldier's leisurely life is full of warmth, with a warm atmosphere, making it a healing work."
2186,primary,en-US,为了养老金去异界存八万金,"""I Shall Survive Using Potions!"" adapts the same-name light novel. A girl goes to another world to earn money for her pension. The work features isekai, light adventure, and comedy; the girl's saving plan is full of laughs, with a light atmosphere, making it a joyful work."
2187,primary,en-US,智酱是女生！,"""Tomo-chan Is a Girl!"" adapts the same-name manga. The romance between tomboy Tomo and her childhood friend. The work features romance, comedy, and daily life; Tomo's tomboy contrast is full of moe, with a light atmosphere, making it a joyful romance work."
2188,primary,en-US,异世界悠闲农家,"""Farming Life in Another World"" adapts the same-name light novel. A reincarnated person runs a farm in another world. The work features isekai, daily life, and healing; the leisurely and warm farm life is a highlight, with a warm atmosphere, making it a healing work."
2189,primary,en-US,转生公主与天才千金的魔法革命,"""The Magical Revolution of the Reincarnated Princess and the Genius Young Lady"" adapts the same-name light novel. The story of a reincarnated princess and a genius young lady. The work features isekai, yuri, and magic; the encounter of the two and the magical revolution are highlights, with a gorgeous atmosphere, making it a popular work."
2190,primary,en-US,不相信人类的冒险者们好像要去拯救世界,"""Ningen Fushin: Adventurers Who Don't Believe in Humanity Will Save the World"" adapts the same-name light novel. Adventurers who don't believe in humanity form a party. The work features isekai, adventure, and ensemble; the unique personalities and adventures of the protagonists are highlights, with a light atmosphere, making it a joyful work."
2191,primary,en-US,虚构推理 第二季,"""In/Spectre"" (Season 2) continues the first season; the deductions of Kotoko Iwanaga continue. In this work, Kotoko solves new ghost stories and incidents; the work features deduction, ghost stories, and ensemble, with a unique atmosphere, making it a sequel of the In/Spectre series."
2192,primary,en-US,吸血鬼马上死 第二季,"""The Vampire Dies in No Time"" (Season 2) continues the first season; the daily life of vampire hunter Ronaldo continues. In this work, the comedic stories of the weak vampire and the hunter develop further; the work features comedy, daily life, and fantasy, with a light atmosphere, making it a sequel of The Vampire Dies in No Time series."
2193,primary,en-US,大雪海的卡纳,"""Kaina of the Great Snow Sea"" is an original anime telling the story of the boys in a great snow sea. The adventure of the boys in a tree world; the work features fantasy, adventure, and ensemble, with a unique atmosphere. The fates of the boys are full of tension, making it a novel-styled work."
2194,primary,en-US,东京复仇者 圣夜决战篇,"""Tokyo Revengers: Christmas Showdown"" continues the series; the time travel battles of Takemichi Hanagaki continue. This work revolves around the Christmas Showdown; the work features time travel, passion, and ensemble; Takemichi's change and battles are highlights, making it a sequel of the Tokyo Revengers series."
2195,primary,en-US,久保同学不放过我,"""Kubo Won't Let Me Be Invisible"" adapts the same-name manga. The daily life of an ignored boy and Kubo. The work features romance, daily life, and comedy; Kubo's teasing and the boy's reactions are full of moe, with a light atmosphere, making it a joyful romance work."
2196,primary,en-US,关于邻家的天使大人不知不觉把我惯成了废人这档子事,"""The Angel Next Door Spoils Me Rotten"" adapts the same-name light novel. The daily life of a boy and the angel girl next door. The work features romance, daily life, and healing; the angel's care and the boy's being spoiled are full of warmth, with a warm atmosphere, making it a healing romance work."
2197,primary,en-US,沦落者之夜,"This adapts the same-name manga. The story of a vampire girl and humans. The work features fantasy, healing, and ensemble; the girl's night life is full of warmth, with a unique atmosphere, making it a novel-styled work."
2198,primary,en-US,众星齐聚,"This is an original anime telling the story of the boys under the night sky. The daily life of the boys with star observation as the background; the work features daily life, healing, and ensemble, with a tranquil atmosphere, making it a warm work."
2199,primary,en-US,D4DJ All Mix,"""D4DJ All Mix"" continues the series; the story of the DJ girls continues. In this work, the girls take on new challenges on the path of DJ; the work features music, youth, and ensemble, with moving songs, making it an animation of the D4DJ project."
2200,primary,en-US,因为太怕痛就全点防御力了。2,"""BOFURI: I Don't Want to Get Hurt, so I'll Max Out My Defense."" (Season 2) continues the first season; Maple's game adventure continues. In this work, Maple's all-defense and new events unfold; the work features games, light adventure, and comedy, with a light atmosphere, making it a sequel of the BOFURI series."
2201,primary,en-US,被神捡到的男人 第二季,"""By the Grace of the Gods"" (Season 2) continues the first season; the otherworld life of the reincarnated boy continues. In this work, the boy's leisurely life and new adventures unfold; the work features isekai, light adventure, and healing, with a warm atmosphere, making it a sequel of By the Grace of the Gods series."
2202,primary,en-US,虹四动画,"""Nijiyon Animation"" is a short anime of Love Live! Nijigasaki; the Q-version daily life of the girls. The work features music, comedy, and daily life, with cute art and short episodes, showcasing the interactions of the girls in light daily life, making it a side story of the Nijigasaki series."
2203,primary,en-US,超技舞台,"This is an original anime telling the story of the boys in stage competition. The battles of the boys in the stage; the work features competition, passion, and ensemble, with a passionate atmosphere, making it a novel-styled work."
2204,primary,en-US,再得一胜！,"""Ippon Again!"" adapts the same-name manga. The story of the girls in judo. The work features judo, youth, and ensemble, with tense match scenes. The growth of the girls is moving, making it a solid sports work."
2205,primary,en-US,傲娇恶役大小姐莉泽洛特与实况转播远藤君和解说员小林,"""Endo and Kobayashi Live! The Latest on Tsundere Villainess Lieselotte"" adapts the same-name light novel. The romance of a villainess being live-commentated. The work features isekai, romance, and comedy; the live-commentary setting is full of laughs, with a light atmosphere, making it a joyful work."
2206,primary,en-US,枪神 斯坦比特,"""Trigun Stampede"" adapts the same-name manga. The adventure of gunslinger Vash in the wasteland. The work features gunfights, passion, and ensemble, with gorgeous battle scenes. Vash's adventure is full of tension, making it a re-animation of the Trigun series."
2207,primary,en-US,最强阴阳师的异世界转生记,"""The Reincarnation of the Strongest Exorcist in Another World"" adapts the same-name light novel. The strongest exorcist reincarnates in another world. The work features isekai, battle, and passion; the exorcist's power is a highlight, with gorgeous battle scenes, making it a standard isekai work."
2208,primary,en-US,杀手奶爸,"""Buddy Daddies"" adapts the same-name manga. The daily life of a cold killer and a child. The work features comedy, daily life, and family; the killer's contrast and the interactions with the child are full of moe, with a warm atmosphere, making it a work that brings a knowing smile."
2209,primary,en-US,万事屋斋藤、到异世界,"""Handyman Saitou in Another World"" adapts the same-name manga. The adventure of handyman Saitou in another world. The work features isekai, light adventure, and ensemble; Saitou's skills and adventure are highlights, with a light atmosphere, making it a joyful work."
2210,primary,en-US,英雄传说 闪之轨迹：北方战役,"""The Legend of Heroes: Trails of Cold Steel - Northern War"" adapts the same-name game. The story of a ranger in the northern war. The work features adventure, battle, and ensemble, with gorgeous battle scenes, making it an animation of the Legend of Heroes series."
2211,primary,en-US,真・进化果实～不知不觉踏上胜利的人生～,"""The Fruit of Evolution: Before I Knew It, My Life Had It Made"" continues the series; the adventure of the protagonist of the Fruit of Evolution continues. In this work, the protagonist's evolution and victories develop further; the work features isekai, light adventure, and harem, with a light atmosphere, making it a sequel of the Fruit of Evolution series."
2212,primary,en-US,拥有超常技能的异世界流浪美食家,"""Campfire Cooking in Another World with My Absurd Skill"" adapts the same-name light novel. A boy with supernatural skills wanders in another world. The work features isekai, gourmet food, and light adventure; the protagonist's gourmet journey is full of warmth, with a warm atmosphere, making it a healing work."
2213,primary,en-US,魔王学院的不适任者～史上最强的魔王始祖，转生就读子孙们的学校～ 第二季,"""The Misfit of Demon King Academy"" (Season 2) continues the first season; the story of Anos continues. In this work, Anos's battles at the academy develop further; the work features isekai, passion, and satisfaction, with gorgeous battle scenes, making it a sequel of the Demon King Academy series."
2214,primary,en-US,物之古物奇谭,"""Mononogatari"" adapts the same-name manga. The story of a boy and the tsukumogami. The work features youkai, battle, and healing; the bond between the boy and the tsukumogami is full of warmth, with a unique atmosphere, making it a novel-styled work."
2215,primary,en-US,在地下城寻求邂逅是否搞错了什么 第四季 深章 灾厄篇,"""Is It Wrong to Try to Pick Up Girls in a Dungeon?"" (Season 4, Deep Chapter: Calamity Arc) continues the series; Bell's adventure continues. In this work, Bell faces new challenges in the Calamity Arc of the labyrinth; the work features fantasy, adventure, and battle, with gorgeous battle scenes. Bell's growth is moving, making it a sequel of the DanMachi series."
2216,primary,en-US,尼尔：自动人形 Ver1.1a,"""Nier: Automata Ver1.1a"" adapts the same-name game. The battles of androids in a wasteland world. The work features sci-fi, battle, and philosophy as themes, with a heavy atmosphere. The fates of the androids are full of tension, making it a game adaptation."
2217,primary,en-US,妖幻三重奏,"""Ayakashi Triangle"" adapts the same-name manga. The story of a boy and a youkai girl. The work features romance, fantasy, and battle; the boy's transformation and the daily life of the youkai are full of moe, with a light atmosphere, making it a joyful work."
2218,primary,en-US,天使降临到了我身边！Precious Friends,"""Wataten!: An Angel Flew Down to Me - Precious Friends"" is a movie of Wataten!; the daily life of Miyako and the girls. This work revolves around the friendship of the girls; the work features daily life, healing, and yuri, with cute art and a warm atmosphere, making it a movie of the Wataten! series."
2219,primary,en-US,剧场版 弦音 -起始的一箭-,"""Tsurune: The First Shot"" is a movie of Tsurune; the story of the boys in the archery club. This work revolves around the archery path of the boys; the work features archery, youth, and ensemble, with a tranquil atmosphere, making it a movie of the Tsurune series."
2220,primary,en-US,电影 后空翻!!,"""Backflip!!: The Movie"" is a movie of Backflip!!; the story of the boys in rhythmic gymnastics. This work revolves around the competitions of the boys; the work features sports, youth, and ensemble, with beautiful match scenes, making it a movie of the Backflip!! series."
2221,primary,en-US,RE:cycle of the PENGUINDRUM [后篇] 我爱你,"""RE:cycle of the PENGUINDRUM [Part 2] I Love You"" is a movie of Penguindrum; the story of the boys. This work revolves around the climax of the survival strategy arc; the work features fantasy, suspense, and ensemble, with a unique atmosphere, making it a movie of the Penguindrum series."
2222,primary,en-US,最后的召唤师,"This is a short anime telling the story of a summoner. The work features fantasy, battle, and ensemble, with a unique atmosphere. The summoner's adventure is full of tension, making it a novel-styled work."
2223,primary,en-US,文豪野犬 第四季,"""Bungou Stray Dogs"" (Season 4) continues the series; the ability battles of the Armed Detective Agency continue. This work revolves around a new chapter and the conflict with the Port Mafia; the work features ability battles, literary figure anthropomorphization, and ensemble, with gorgeous battle scenes and well-rounded characters, making it a sequel of the Bungou Stray Dogs series."
2224,primary,en-US,食草老龙被冠以恶龙之名,"This adapts the same-name light novel. A herbivorous dragon is misunderstood as an evil dragon. The work features isekai, comedy, and daily life; the herbivorous dragon's contrast is full of laughs, with a light atmosphere, making it a joyful work."
2225,primary,en-US,埃及神明们的日常 第二季,"This continues the first season; the daily life of the Egyptian gods continues. The work features mythology, comedy, and daily life, with refined art and short episodes, showcasing the interactions of the Egyptian gods in light daily life, making it a stress-relieving short anime."
2226,primary,en-US,狩火之王,"""The Fire Hunter"" adapts the same-name novel. In a world of fire hunting, the battles of the boys. The work features fantasy, battle, and ensemble, with a unique atmosphere. The fates of the boys are full of tension, making it a novel-styled work."
2227,primary,en-US,开阔天空！光之美少女,"""Hirogaru Sky! Pretty Cure"" is a Pretty Cure series anime; the girls fight with the power of the sky. In this work, the girls grow while fighting enemies; the work features magical girls, battle, and daily life, with gorgeous transformation and battle scenes. The bonds between the characters are warm and moving, making it a girls' magical girl anime."
2228,primary,en-US,少女与战车 最终章 第3话,"""Girls und Panzer das Finale"" (Episode 3) continues the final chapter; the tank battles of the girls continue. In this work, Ooarai Girls Academy faces new opponents; the work features tanks, passion, and ensemble, with gorgeous and stunning battle scenes. The teamwork of the girls is charming, making it a classic of the tank genre."
2229,primary,en-US,电影 美味派对♡光之美少女 梦想的♡儿童套餐！,"""Delicious Party Pretty Cure: The Movie - The Dreaming Child's Lunch!"" is a movie of the Pretty Cure series; the battles of the girls. This work revolves around the dreaming child's lunch; the work features magical girls, gourmet food, and daily life, with gorgeous transformation and battle scenes, making it a movie of the girls' magical girl anime."
2230,primary,en-US,电影 角落小伙伴 蓝色月夜的魔法之子,"""Sumikko Gurashi: The Movie - The Magic Child of the Blue Moonlit Night"" is a movie of Sumikko Gurashi; the adventure of the corner creatures. In this work, the journey of the corner creatures on a blue moonlit night; the work features cute characters, healing, and adventure, with soft adorable art and a warm atmosphere, making it a healing work that brightens the mood."
2231,primary,en-US,进击的巨人 最终季 完结篇 前篇,"""Attack on Titan: The Final Season - The Final Chapters (Part 1)"" continues the final season; the story of Eren and the Survey Corps reaches the end. This work revolves around the final battle and the truth of the Titans; the work features battle, suspense, and despair as themes, with high-quality production, making it the finale of the Attack on Titan series."
2232,primary,en-US,航海王：红发歌姬,"""One Piece Film: Red"" is a movie of One Piece; the story of Luffy and the singer Uta. This work revolves around Uta's songs and the bond with Shanks; the work features adventure, music, and partner bonds as themes, with gorgeous battle scenes, making it a highly popular movie of the One Piece series."
2233,primary,en-US,剧场版 关于我转生变成史莱姆这档事 红莲之绊篇,"""That Time I Got Reincarnated as a Slime: The Movie - Scarlet Bond"" is a movie of That Time I Got Reincarnated as a Slime; the story of Rimuru. This work revolves around the Scarlet Bond; the work features isekai, light adventure, and ensemble, with gorgeous battle scenes, making it a movie of the Slime series."
2234,primary,en-US,致深爱你的那个我,"""To Every You I've Loved Before"" is a movie anime telling the love story of time travel. Centered on the romance of parallel worlds; the work features sci-fi, romance, and ensemble as themes, with a unique atmosphere, making it a novel-styled work."
2235,primary,en-US,致我深爱的每个你,"""To Me, the One Who Loved You"" is a movie anime telling the love story of time travel. Centered on the romance of parallel worlds; the work features sci-fi, romance, and ensemble as themes, with a unique atmosphere, making it a novel-styled work."
2236,primary,en-US,辉夜大小姐想让我告白-初吻不会结束- 电影,"""Kaguya-sama: Love is War - The First Kiss That Never Ends"" is a movie of Kaguya-sama; the romance of Shirogane and Kaguya. This work revolves around the arc of the first kiss; the work features romance, comedy, and battle of wits, with exaggerated performances and dense laughs, making it a movie of the Kaguya-sama series."
2237,primary,en-US,我心里危险的东西,"""The Dangers in My Heart"" adapts the same-name manga. The romance between a gloomy boy and a beautiful girl. The work features romance, daily life, and comedy; the boy's delusions and the interactions of the two are full of moe, with a warm atmosphere, making it a heart-pounding romance work."
2238,primary,en-US,绊之Allele,"""Kizuna no Allele"" is an original anime telling the story of virtual idols. The girls grow on the path of virtual idols; the work features music, idols, and ensemble, with a warm atmosphere. The dreams of the girls are moving, making it an idol anime."
2239,primary,en-US,江户前精灵,"""Edomae Elf"" adapts the same-name manga. The daily life of an Edo elf and a shrine maiden girl. The work features daily life, healing, and fantasy; the interactions between the elf and the girl are full of moe, with a warm atmosphere, making it a healing work."
2240,primary,en-US,和山田谈场Lv999的恋爱,"""My Love Story with Yamada-kun at Lv999"" adapts the same-name manga. The romance between a college student and a game expert. The work features romance, games, and daily life; the encounter and interactions of the two are full of warmth, with a warm atmosphere, making it a heart-pounding romance work."
2241,primary,en-US,女神咖啡厅,"""The Café Terrace and Its Goddesses"" adapts the same-name manga. The café daily life of a boy and five goddesses. The work features romance, comedy, and daily life; the interactions between the boy and the goddesses are full of laughs, with a light atmosphere, making it a joyful romance work."
2242,primary,en-US,为美好的世界献上爆焰！,"""KonoSuba: An Explosion on This Wonderful World!"" is a spin-off of KonoSuba; the story of Megumin. This work revolves around the daily life of Megumin and the Crimson Demon clan; the work features isekai, comedy, and passion, with Megumin's Explosion magic full of laughs, making it a spin-off of the isekai comedy."
2243,primary,en-US,跃动青春,"""Skip and Loafer"" adapts the same-name manga. The youth story of a countryside girl at a Tokyo high school. The work features youth, daily life, and ensemble; the girl's growth and friendship are full of warmth, with a sunny atmosphere, making it a healing work."
2244,primary,en-US,天国大魔境,"""Heavenly Delusion"" adapts the same-name manga. The story of the boys and girls in a demon realm. The work features sci-fi, suspense, and ensemble as themes, with a unique atmosphere. The adventure and truth of the boys unfold layer by layer, making it a novel-styled work."
2245,primary,en-US,放学后失眠的你,"""Insomniacs After School"" adapts the same-name manga. The story of an insomniac boy and girl in the astronomy club. The work features romance, daily life, and healing; the sleepless nights and starry nights of the two are full of warmth, with a warm atmosphere, making it a healing romance work."
2246,primary,en-US,鬼灭之刃 刀匠村篇,"""Demon Slayer: Kimetsu no Yaiba - Swordsmith Village Arc"" continues the series; Tanjiro's battles continue. In this work, Tanjiro's battles in the swordsmith village and the new Hashira unfold; the work features passion, battle, and bonds as themes, with high-quality production. The shock of the Upper Rank battles is moving, making it an important chapter of the Demon Slayer series."
2247,primary,en-US,带着智能手机闯荡异世界。 第二季,"""In Another World With My Smartphone"" (Season 2) continues the first season; the otherworld adventure of Touya Mochizuki continues. In this work, Touya's power and harem life develop further; the work features isekai, harem, and light adventure, with a light atmosphere, making it a standard isekai work."
2248,primary,en-US,演剧星世界,"This is an original anime telling the story of the boys in drama. The boys grow through competition in drama; the work features stage, youth, and ensemble, with a unique atmosphere, making it a novel-styled work."
2249,primary,en-US,东京猫猫 NEW～♡ 第二季,"""Tokyo Mew Mew New"" (Season 2) continues the first season; the battles of the catgirls continue. In this work, the battles of the girls transforming into cats to protect the Earth develop further; the work features magical girls, battle, and daily life, with a cute atmosphere, making it a sequel of the Tokyo Mew Mew series."
2250,primary,en-US,什么情况都不知道的转校生一个劲的凑过来。,"""My Clueless First Friend"" adapts the same-name manga. The daily life of a transfer student and a lonely girl. The work features romance, daily life, and comedy; the transfer student's straightforwardness and the girl's shyness are full of moe, with a light atmosphere, making it a joyful romance work."
2251,primary,en-US,伊甸星原 第二季,"""Edens Zero"" (Season 2) continues the first season; the space adventure of boy Shiki continues. In this work, the adventure of Shiki and his partners in the universe develops further; the work features adventure, passion, and ensemble, with gorgeous battle scenes, making it a sequel of the Edens Zero series."
2252,primary,en-US,色彩高校星,"This is an original anime telling the story of the boys at an art school. The growth of the boys in art and youth; the work features art, youth, and ensemble, with a unique atmosphere, making it a novel-styled work."
2253,primary,en-US,逃走中 GREAT MISSION,"""Run for Money: The Great Mission"" adapts the same-name variety project, telling the story of the run. The challenges and adventure of the boys in the run; the work features survival, competition, and ensemble, with a tense atmosphere, making it an anime adaptation of the project."
2254,primary,en-US,熊熊勇闯异世界 Punch!,"""Kuma Kuma Kuma Bear Punch!"" continues the first season; the bear suit adventure of girl Yuna continues. In this work, Yuna's adventure and daily life in another world develop further; the work features isekai, light adventure, and moe, with a light atmosphere, making it a sequel of the Kuma Kuma series."
2255,primary,en-US,MIX：明青故事 第二季 ～第二个夏天，迈向晴空～,"""MIX: Meisei Story"" (Season 2) continues the first season; the baseball story of Meisei Academy continues. In this work, the youth of the boys in baseball develops further; the work features baseball, youth, and romance, with a warm atmosphere, making it a sequel of the MIX series."
2256,primary,en-US,六道的恶女们,"""Rokudou no Onna-tachi"" adapts the same-name manga. The story of delinquent Rokudou and the wicked girls. The work features comedy, battle, and ensemble; the personalities and interactions of the wicked girls are full of laughs, with a light atmosphere, making it a hilarious work."
2257,primary,en-US,转生贵族的异世界冒险录 〜不知自重的诸神的使徒〜,"""The Reincarnated Aristocrat's Otherworldly Adventure"" adapts the same-name light novel. The adventure of a reincarnated aristocrat boy in another world. The work features isekai, light adventure, and harem; the boy's power and adventure are highlights, with a light atmosphere, making it a standard isekai work."
2258,primary,en-US,边缘服务,"""The Marginal Service"" is an original anime telling the story in a marginal world. The battles and daily life of the boys in the marginal world; the work features fantasy, suspense, and ensemble, with a unique atmosphere, making it a novel-styled work."
2259,primary,en-US,物理魔法使马修,"""Mashle: Magic and Muscles"" adapts the same-name manga. Boy Mash, who uses muscles instead of magic. The work features comedy, battle, and passion; the setting of Mash fighting magic with physical strength is full of laughs, with a light atmosphere, making it a joyful work."
2260,primary,en-US,国王排名 勇气的宝箱,"""Ranking of Kings: The Treasure Chest of Courage"" is a spin-off anime of Ranking of Kings; the story of Bojji. This work focuses on light daily life; the work features fairy tale, passion, and healing as themes, with a warm atmosphere, making it a side story of the Ranking of Kings series."
2261,primary,en-US,亡骸游戏,"""Dead Mount Death Play"" adapts the same-name manga. The story of an immortal magician in the modern city. The work features fantasy, suspense, and ensemble, with a unique atmosphere. The magician's modern life is full of tension, making it a novel-styled work."
2262,primary,en-US,机战少女 Alice Expansion,"""Alice Gear Aegis Expansion"" adapts the same-name game. The story of the girls piloting machines to fight. The work features mecha, battle, and ensemble, with gorgeous battle scenes. The growth and bonds of the girls run throughout, making it a game adaptation."
2263,primary,en-US,魔术士奥芬的无赖之旅 圣域篇,"""Sorcerous Stabber Orphen: Sanctuary-hen"" continues the series; the journey of sorcerer Orphen continues. In this work, Orphen faces new challenges in the Sanctuary arc; the work features fantasy, adventure, and passion. Orphen's power and roguishness are charming, making it a classic fantasy work."
2264,primary,en-US,向涟苍士献上纯洁,"This is a short adult-oriented anime telling the romance between a girl and a knight. The work features romance, adult themes, and daily life, with an ambiguous atmosphere and tense interactions, making it an adult-oriented romance work."
2265,primary,en-US,无神世界的神明活动,"""KamiKatsu: Working for God in a Godless World"" adapts the same-name manga. The story of a boy in a world without gods. The work features fantasy, comedy, and battle; the activities of the gods and the boy's adventure are full of laughs, with a light atmosphere, making it a joyful work."
2266,primary,en-US,异世界一击无双姐姐 ～姐同伴异世界生活开启～,"""Isekai One Turn Kill Nee-san"" adapts the same-name light novel. A brother and sister summoned to another world. The work features isekai, light adventure, and comedy; the sister's power and the brother's daily life are highlights, with a light atmosphere, making it a joyful work."
2267,primary,en-US,/ Oshi no Ko,"""Oshi no Ko"" adapts the same-name manga. The story of an idol's children in the entertainment industry. The work features the entertainment industry, suspense, and ensemble as themes, with high-quality production. The fates of the characters are full of tension, making it a phenomenal work."
2268,primary,en-US,地狱乐,"""Hell's Paradise"" adapts the same-name manga. The death row prisoners head to the island of immortals to gain freedom. The work features battle, survival, and darkness as themes, with gorgeous battle scenes. The struggles of the death row prisoners are full of tension, making it a hardcore work."
2269,primary,en-US,魔法少女毁灭者,"""Magical Destroyers"" is an original anime telling the battles of the magical girls. This work revolves around the destruction of the magical girls; the work features battle, comedy, and ensemble, with a unique atmosphere, making it a novel-styled work."
2270,primary,en-US,我家的英雄,"""My Home Hero"" adapts the same-name manga. An ordinary father acts to protect his family. The work features suspense, family, and survival as themes, with a tense atmosphere. The father's wisdom and courage are full of tension, making it a gripping work."
2271,primary,en-US,我的英雄学院 最终季,"""My Hero Academia: Final Season"" continues the series; the hero path of Izuku Midoriya reaches the final chapter. This work revolves around the final battle and Deku's growth; the work features heroes, passion, and growth as themes, with gorgeous battle scenes, making it the finale of the My Hero Academia series."
2272,primary,en-US,SI-VIS：英雄之声,"This is an original anime telling the story of the heroes. This work revolves around the setting of the hero's voice; the work features battle, passion, and ensemble, with a unique atmosphere, making it a novel-styled work."
2273,primary,en-US,剧场版 我与机器子,"""Me & Roboco: The Movie"" is a movie of Me & Roboco; the story of the boy and Roboco. This work focuses on light daily life; the work features comedy, daily life, and sci-fi, with a light atmosphere, making it a movie of the Roboco series."
2274,primary,en-US,剧场版 链锯人 蕾塞篇,"""Chainsaw Man: Reze Arc"" is a movie of Chainsaw Man; the story of Denji and Reze. This work revolves around the Reze arc; the work features battle, passion, and darkness as themes, with high-quality production. Denji's fate is full of tension, making it a movie of the Chainsaw Man series."
2275,primary,en-US,Bâan -大人的彊界-,"This is an original short anime telling the story of the adult world. The work features daily life, comedy, and ensemble, with short episodes and a light atmosphere, making it a stress-relieving short anime."
2276,primary,en-US,考拉绘日记,"This is a short anime telling the daily life of the koalas. The work features cute pets, comedy, and healing, with cute art and short episodes, showcasing the interactions of the koalas in light daily life, making it a stress-relieving short anime."
2277,primary,en-US,GANGLION,"""GANGLION"" is a short anime telling the story of robot battles. The work features battle, sci-fi, and passion, with a unique atmosphere. The battles of the robots are full of tension, making it a novel-styled work."
2278,primary,en-US,罗小黑战记2,"""The Legend of Hei 2"" continues the series; the adventure of cat Luo Xiaohei. In this work, Xiaohei's adventure and daily life in the human world continue; the work features cute pets, adventure, and healing, with cute art and a warm atmosphere, making it a sequel of the Luo Xiaohei series."
2279,primary,en-US,陛下请忘记我吧,"This is a short anime telling the story of the court. The work features romance, the court, and daily life, with refined art and a tranquil atmosphere, showcasing the interactions of the court in light daily life, making it a stress-relieving short anime."
2280,primary,en-US,链锯人 总集篇,"This is a recap of Chainsaw Man; the story of Denji is rearranged. This work reviews the first season's plot; the work features battle, passion, and darkness as themes, with high-quality production, making it a recap of the Chainsaw Man series."
2281,primary,en-US,藤本树17-26,"""Fujimoto Tatsuki 17-26"" is a short anime collection of Tatsuki Fujimoto, adapting multiple short manga into animation. This work includes impactful shorts such as ""17-21"" and ""22-26""; each piece features Fujimoto's unique ideas and emotional outbursts, with both absurd developments and delicate moving moments. The work is known for cinematic storyboards, grotesque settings, and surprising endings, showing amazing imagination and tension in just a few minutes, making it an unmissable short anime collection."
2282,primary,en-US,小林家的龙女仆 怕寂寞的龙,"""Miss Kobayashi's Dragon Maid: A Lonely Dragon"" is an OVA of Miss Kobayashi's Dragon Maid; a daily side story of the dragons. This work focuses on light daily life; the work features daily life, healing, and comedy, with a warm atmosphere, making it a side story of the Dragon Maid series."
2283,primary,en-US,KING OF PRISM -Your Endless Call- み～んなきらめけ！プリズム☆ツアーズ,"""KING OF PRISM: Your Endless Call"" is a movie of the Prism series; the Prism performances of the boys. This work revolves around the dreams of Prism; the work features music, competition, and ensemble, with gorgeous performance scenes, making it a movie of the Prism series."
2284,primary,en-US,蜡笔小新：超华丽！灼热的春日部舞者,"This is a movie of Crayon Shin-chan; the adventure of Shin-chan in Kasukabe. This work revolves around the dance arc; Shin-chan and his partners battle through dance; the work features comedy, adventure, and family, with a joyful atmosphere, making it a movie of the Crayon Shin-chan series."
2285,primary,en-US,电影 小鲨鱼去郊游,"This is a movie of the little shark; the adventure of the little shark. In this work, the warm daily life of the little shark on an outing; the work features cute pets, healing, and daily life, with soft adorable art and a warm atmosphere, making it a healing work."
2286,primary,en-US,偶像活动×美妙天堂 电影,"""Aikatsu! x Pretty Rhythm: The Movie"" is a crossover movie of Aikatsu and Pretty Rhythm; the idol performances of the girls. In this work, the idols of both works gather for performances; the work features gorgeous stage performances, cute characters, and music, with infectious song and dance scenes, making it a movie of the girls' idol anime."
2287,primary,en-US,与爱丽丝梦游仙境 -Dive in Wonderland-,"This is a short anime telling the story of Alice in Wonderland. The work features fairy tale, fantasy, and daily life, with refined art and a dreamlike atmosphere, unfolding a story in the fairy tale world, making it a stress-relieving short anime."
2288,primary,en-US,泛而不精的我被逐出了勇者队伍,"This adapts the same-name light novel. The story of a boy banished from the hero's party. The work features isekai, daily life, and romance; the boy's leisurely life and new encounters are full of warmth, with a warm atmosphere, making it a healing work."
2289,primary,en-US,青之壬生浪 -芹泽暗杀篇-,"""Blue Miburo"" is an original anime telling the story of the Shinsengumi. This work revolves around the assassination of Serizawa; the work features historical era, battle, and ensemble, with a heavy atmosphere, making it a uniquely styled work."
2290,primary,en-US,葬送的芙莉莲 第二季,"""Frieren: Beyond Journey's End"" (Season 2) continues the first season; the journey of elf mage Frieren continues. In this work, Frieren's memories and encounters on her journey develop further; the work features fantasy, healing, and ensemble as themes, with a tranquil atmosphere, making it a sequel of the Frieren series."
2291,primary,en-US,金牌得主 第二季,"""Medalist"" (Season 2) continues the first season; the story of the figure skating girls continues. In this work, the girls' growth in skating develops further; the work features skating, youth, and ensemble, with beautiful skating scenes, making it a sequel of the Medalist series."
2292,primary,en-US,铠真传 武士军团,"This is an original anime telling the battles of the samurai. This work revolves around the setting of the armor legend; the work features battle, passion, and ensemble, with gorgeous battle scenes, making it a solid work."
2293,primary,en-US,黄金神威 最终章,"""Golden Kamuy"" (Final Chapter) continues the series; the adventure of Saichi Sugimoto in Hokkaido reaches the end. This work revolves around the final chapter of the contest for the gold; the work features adventure, gourmet food, and ensemble, depicting Hokkaido's nature and Ainu culture in detail, making it the finale of the Golden Kamuy series."
2294,primary,en-US,魔都精兵的奴隶 第二季,"""Chained Soldier"" (Season 2) continues the first season; the story of the boy and the Demon Defense Force continues. In this work, the boy's slave contract and battles develop further; the work features battle, fantasy, and harem, with a light atmosphere, making it a sequel of the Chained Soldier series."
2295,primary,en-US,能帮我弄干净吗？,"This is a short anime telling the story of cleaning. The work features daily life, healing, and comedy, with short episodes and a light atmosphere, showcasing the fun of cleaning in light daily life, making it a stress-relieving short anime."
2296,primary,en-US,魔王的女儿太温柔了！！,"This is a short anime telling the daily life of the demon king's daughter. The work features fantasy, comedy, and healing; the interactions between the demon king's daughter and humans are full of moe, with short episodes, making it a stress-relieving short anime."
2297,primary,en-US,午夜的倾心旋律,"This is a short anime telling the story of late-night music and romance. The work features music, romance, and daily life, with a tranquil atmosphere, showcasing emotions through the melody of music, making it a novel-styled work."
2298,primary,en-US,阿尔涅的事件簿,"This is a short anime telling the investigations of detective Arne. The work features deduction, suspense, and daily life, with a unique atmosphere. Arne's deductions are charming, making it a novel-styled work."
2299,primary,en-US,高校奇面组,"""High School! Kimengumi"" is a remake of a classic comedy anime; the comedic daily life of the Kimengumi students. This work reinterprets the classic story; the work features comedy, parody, and daily life, with a joyful atmosphere, making it a re-animation of a classic."
2300,primary,en-US,和青梅竹马之间不会有恋爱喜剧,"This adapts the same-name light novel. The romantic comedy between childhood friends. The work features romance, comedy, and daily life; the interactions of the childhood friends are full of laughs, with a light atmosphere, making it a joyful romance work."
2301,primary,en-US,身为魔族的我想向勇者小队的可爱女孩告白。,"This adapts the same-name light novel. The romance between a demon boy and a hero girl. The work features isekai, romance, and comedy; the opposition and romance between the demon and the hero are full of laughs, with a light atmosphere, making it a joyful work."
2302,primary,en-US,异国日记,"This adapts the same-name manga. The cohabitation of a girl and a writer. The work features daily life, healing, and ensemble; the girl's growth and the writer's daily life are full of warmth, with a warm atmosphere, making it a healing work."
2303,primary,en-US,地狱模式 ～喜欢速通游戏的玩家在废设定异世界无双～,"This adapts the same-name light novel. The adventure of a speedrun gamer in another world. The work features isekai, battle, and satisfaction; the gamer's speedrun and overpoweredness are highlights, with a light atmosphere, making it a standard isekai work."
2304,primary,en-US,29岁单身冒险家的日常,"This is a short anime telling the daily life of a single adventurer. The work features daily life, healing, and comedy, with short episodes and a light atmosphere, showcasing the life of the adventurer in light daily life, making it a stress-relieving short anime."
2305,primary,en-US,火喰鸟 羽州褴褛鸢组,"This is a short anime telling the story of the group. The work features historical era, battle, and ensemble, with a unique atmosphere, making it a novel-styled work."
2306,primary,en-US,魔术师库诺看得见一切,"This adapts the same-name light novel. The adventure of magician Kuno. The work features fantasy, battle, and ensemble; Kuno's magic and adventure are highlights, with a light atmosphere, making it a standard light novel adaptation."
2307,primary,en-US,花样少年少女,"""Hana-Kimi: For You in Full Blossom"" adapts the same-name manga. The story of a girl disguised as a boy at an all-boys school. The work features romance, comedy, and academy; the girl's disguise and romance daily life are full of laughs, with a light atmosphere, making it a joyful romance work."
2308,primary,en-US,靠死亡游戏混饭吃。,"This adapts the same-name light novel. The story of surviving through death games. The work features suspense, survival, and ensemble, with a tense atmosphere. The challenges of the games and survival are full of tension, making it a novel-styled work."
2309,primary,en-US,死亡账号,"""Death Account"" adapts Watanabe Shizuka's same-name manga. Soji Enjo earns money through fight live videos to pay for his sister's medical treatment. The work features martial arts, passion, and ensemble; Soji's battles and the bond with his sister are full of tension, with a heavy atmosphere, making it a hardcore work."
2310,primary,en-US,判处勇者刑 惩罚勇者9004队刑务纪录,"This adapts the same-name light novel. The story of a hero sentenced to a hero's punishment. The work features fantasy, comedy, and ensemble; the interactions between the hero and the punishment squad are full of laughs, with a light atmosphere, making it a joyful work."
2311,primary,en-US,打工仔的拷问日常,"This is a short anime telling the daily life of a part-time worker. The work features workplace, comedy, and daily life; the hardship and snark of the part-time worker are full of laughs, with short episodes, making it a stress-relieving short anime."
2312,primary,en-US,被邻国王子溺爱的反派女主,"This is a short anime telling the romance of a villainess. The work features romance, another world, and comedy; the interactions between the villainess and the prince are full of moe, with short episodes, making it a stress-relieving short anime."
2313,primary,en-US,厄里斯的圣杯,"""The Holy Grail of Erice"" adapts the same-name light novel. The story of a girl and a wicked woman. The work features fantasy, ensemble, and romance; the girl's growth and the bond with the wicked woman are highlights, with a unique atmosphere, making it a novel-styled work."
2314,primary,en-US,非人学生与厌世教师,"This adapts the same-name manga. The daily life of a non-human student and a world-weary teacher. The work features comedy, daily life, and ensemble; the non-human student's setting and the teacher's snark are full of laughs, with a light atmosphere, making it a joyful work."
2315,primary,en-US,地狱乐 第二季,"""Hell's Paradise"" (Season 2) continues the first season; the battles of the death row prisoners continue. In this work, the challenges of the death row prisoners on the island of immortals develop further; the work features battle, survival, and darkness as themes, with gorgeous battle scenes, making it a sequel of the Hell's Paradise series."
2316,primary,en-US,咒术回战 死灭回游 前篇,"""Jujutsu Kaisen: Culling Game"" (Part 1) continues the series; the battles of Yuji and his partners continue. This work revolves around the Culling Game; the work features battle, passion, and ensemble as themes, with gorgeous battle scenes, making it an important chapter of the Jujutsu Kaisen series."
2317,primary,en-US,卡片战斗先导者 Divinez 幻真星战篇,"""Cardfight!! Vanguard Divinez"" (Mirage Star Battle Arc) is a Cardfight!! Vanguard series anime; the card battles of the boys continue. This work revolves around the Mirage Star Battle; the work features cards, passion, and competition, with gorgeous battle scenes, making it a new chapter of the Vanguard series."
2318,primary,en-US,相反的你和我,"This adapts the same-name manga. The romance between a boy and a girl of opposite personalities. The work features romance, daily life, and comedy; the contrast and interactions of the two are full of moe, with a light atmosphere, making it a joyful romance work."
2319,primary,en-US,安逸领主的愉快领地防卫～以生产系魔术将无名小村打造成最强要塞都市～,"This adapts the same-name light novel. A lord defends his territory with production magic. The work features isekai, daily life, and light adventure; the lord's territory management is fun, with a light atmosphere, making it a joyful work."
2320,primary,en-US,TRIGUN STARGAZE,"""TRIGUN STARGAZE"" is a movie of Trigun; the adventure of gunslinger Vash. This work revolves around a new chapter; the work features gunfights, passion, and ensemble, with gorgeous battle scenes, making it a movie of the Trigun series."
2321,primary,en-US,达尔文事变,"""Darwin Incident"" adapts the same-name manga. The story of a human-animal hybrid. The work features sci-fi, suspense, and ensemble as themes, with a heavy atmosphere. The survival of the human-animal is full of tension, making it a thought-provoking work."
2322,primary,en-US,异世界的安泰全看社畜,"This adapts the same-name light novel. The daily life of an office worker in another world. The work features isekai, comedy, and daily life; the office worker's snark and the settings of another world are full of laughs, with a light atmosphere, making it a joyful work."
2323,primary,en-US,透明男与人类女～不久成为夫妇的二人～,"This adapts the same-name manga. The romance between a transparent man and a human woman. The work features romance, daily life, and comedy; the transparent man's setting and the interactions of the two are full of moe, with a light atmosphere, making it a joyful romance work."
2324,primary,en-US,转生之后的我变成了龙蛋,"""Reincarnated as a Dragon Hatchling"" adapts the same-name light novel. The adventure of a protagonist reincarnated as a dragon egg in another world. The work features isekai, battle, and growth as themes; the protagonist's adventure starting from a dragon egg is a highlight, with a light atmosphere, making it a standard isekai work."
2325,primary,en-US,神八小妹不可怕,"This adapts the same-name manga. The daily life of the god's little sister. The work features daily life, comedy, and healing; the interactions of the god's little sister are full of moe, with a warm atmosphere, making it a light healing work."
2326,primary,en-US,贵族转生 ～得天眷顾一出生就获得最强力量～,"This adapts the same-name light novel. A reincarnated aristocrat boy is born with the strongest power. The work features isekai, battle, and harem; the aristocrat's power and adventure are highlights, with a light atmosphere, making it a standard isekai work."
2327,primary,en-US,勇者之屑,"This adapts the same-name manga. The story of a boy called the hero's scum. The work features fantasy, battle, and ensemble; the boy's battles and growth are full of tension, with a unique atmosphere, making it a novel-styled work."
2328,primary,en-US,皎洁迎宵之月,"This adapts the same-name manga. The romance between a princess and a servant. The work features romance, the court, and daily life; the princess's innocence and the servant's loyalty are full of moe, with a gorgeous atmosphere, making it a uniquely styled romance work."
2329,primary,en-US,蘑菇魔女,"This adapts the same-name manga. The daily life of a mushroom witch. The work features fantasy, healing, and daily life; the interactions between the mushroom witch and humans are full of warmth, with refined art and a warm atmosphere, making it a healing work."
2330,primary,en-US,「凭你也想讨伐魔王？」被勇者小队逐出队伍，只好在王都自在过活,"This adapts the same-name light novel. The leisurely life of a boy banished from the hero's party. The work features isekai, daily life, and romance; the boy's leisurely life is full of warmth, with a warm atmosphere, making it a healing work."
2331,primary,en-US,现在多闻君是哪一面！？,"This adapts the same-name manga. The romance of the multifaceted Tamon. The work features romance, comedy, and daily life; the contrast and interactions of Tamon are full of moe, with a light atmosphere, making it a joyful romance work."
2332,primary,en-US,优雅贵族的休假指南。,"This adapts the same-name light novel. The vacation daily life of an elegant noble. The work features isekai, daily life, and healing; the noble's vacation and leisure are full of warmth, with a warm atmosphere, making it a healing work."
2333,primary,en-US,有栖川炼原来是女孩子啊。,"This adapts the same-name manga. The academy story of a girl disguised as a boy. The work features romance, comedy, and academy; the girl's disguise and romance daily life are full of laughs, with a light atmosphere, making it a joyful romance work."
2334,primary,en-US,暗芝居 第十六季,"""Yami Shibai"" Season 16 is a horror short anime series, continuing to tell various ghost stories in paper theater format. The work is known for its nostalgic art style, grotesque plots, and thought-provokingly frightening atmosphere; each episode creates a strong sense of horror in just a few minutes, and the distorted urban legends send chills down viewers' spines, making it a must-see for horror anime fans."
2335,primary,en-US,草莓哀歌,"This is a short anime telling a youthful story of the girls. The work features delicate daily life, sincere emotions, and a soft atmosphere; in seemingly plain life moments, the girls' inner agitation, friendship, and growth are depicted. The visuals are fresh and elegant, with soothing background music, portraying the girls' youthful thoughts gently and reservedly, making it a literary short work worth savoring quietly."
2336,primary,en-US,和机器人啪啪啪能算在经验次数里吗？,"This is a short adult-oriented anime telling the romance between a human and a robot. The work features romance, adult themes, and sci-fi, with an ambiguous atmosphere and tense interactions, making it an adult-oriented romance work."
2337,primary,en-US,北斗神拳 拳王军杂兵们的挽歌,"""Fist of the North Star: The Elegy of the Raoh's Soldiers"" is a spin-off anime of Fist of the North Star; the story of the soldiers. This work tells the daily life of the war from the soldiers' perspective; the work features comedy, historical era, and ensemble, with a unique atmosphere, making it a spin-off of the Fist of the North Star series."
2338,primary,en-US,辉夜大小姐想让我告白 通往大人的阶梯,"""Kaguya-sama: Love is War - The Stairway to Adulthood"" continues the series; the love battle of wits between Shirogane and Kaguya continues. In this work, the love game of the two reaches a new stage; the work features romance, comedy, and battle of wits, with exaggerated performances and dense laughs, making it a sequel of the Kaguya-sama series."
2339,primary,en-US,我们不可能成为恋人！绝对不行。 (※似乎可行？) 〜再次闪耀！〜,"This continues the series; the love story of the girls continues. In this work, the relationship of the girls develops further; the work features yuri, romance, and comedy, with a light atmosphere, making it a uniquely styled yuri romance work."
2340,primary,en-US,极速车魂 第三季,"""MF Ghost"" (Season 3) continues the series; the races of the racing boys continue. In this work, the competition of the boys in car racing develops further; the work features racing, passion, and competition, with passionate match scenes, making it a sequel of the MF Ghost series."
2341,primary,en-US,不死不幸 冬季篇,"""Undead Unluck"" (Winter Arc) continues the series; the battles of Fuuko and Andy continue. This work revolves around the Winter arc; the work features battle, passion, and ensemble, with gorgeous battle scenes, making it a sequel of the Undead Unluck series."
2342,primary,en-US,为了我最爱的义兄，我要长命百岁！,"This adapts the same-name light novel. The story of a girl striving to live long for her beloved older brother. The work features romance, the court, and ensemble; the girl's efforts and the interactions with her brother are full of warmth, with a warm atmosphere, making it a healing work."
2343,primary,en-US,终究、与你相恋。 第二季,"This continues the first season; the love story of the boys and girls continues. In this work, the emotional development of the girls unfolds further; the work features romance, youth, and ensemble, with a warm atmosphere, making it a sequel of the series."
2344,primary,en-US,炎炎消防队 叁之章 第2部分,"""Fire Force"" (Season 3, Part 2) continues the series; the battles of Shinra Kusakabe continue. In this work, the threat of the Infernals and new developments unfold; the work features battle, passion, and ensemble, with gorgeous battle scenes, making it a sequel of the Fire Force series."
2345,primary,en-US,DARK MOON -黑之月: 月之祭坛-,"""DARK MOON: The Altar of the Moon"" is a short anime telling the story of the Dark Moon. The work features fantasy, battle, and ensemble, with a unique atmosphere. The fate of the Dark Moon is full of tension, making it a novel-styled work."
2346,primary,en-US,地狱老师 第2部分,"""Hell Teacher Nube"" (Part 2) continues the series; the exorcism daily life of teacher Meisuke continues. In this work, the ghost stories of the teacher and the students develop further; the work features youkai, comedy, and daily life, with a light atmosphere, making it a sequel of the Hell Teacher Nube series."
2347,primary,en-US,超时空辉夜姬！,"This is a short anime telling the sci-fi story of Kaguya-hime. The work features sci-fi, comedy, and daily life, with a light atmosphere, unfolding a story in a fun setting, making it a stress-relieving short anime."
2348,primary,en-US,公主大人“拷问”的时间到了 第二季,"""Tis Time for ""Torture,"" Princess"" (Season 2) continues the first season; the torture daily life of the princess continues. In this work, the interactions between the princess and the torturers develop further; the work features comedy, fantasy, and daily life, with the princess's snark and gourmet food full of laughs, with a light atmosphere, making it a hilarious work."
2349,primary,en-US,正义使者 -我的英雄学院之非法英雄- 第二季,"This continues the first season; the story of the vigilante heroes continues. In this work, the battles and growth of the vigilante heroes develop further; the work features heroes, battle, and ensemble, with gorgeous battle scenes, making it a spin-off of the My Hero Academia series."
2350,primary,en-US,第三季,"This is a short anime telling a story in a light and humorous way. The work features daily life, comedy, and ensemble; the characters interact in all sorts of unexpected situations, with continuous laughs and brisk pacing. The animation is short, bringing joy in just a few minutes, with a simple yet expressive art style and exaggerated vivid expressions, making it a stress-relieving short anime suitable for relaxing anytime."
2351,primary,en-US,百米。,"This is a short anime telling the story of the hundred-meter sprint. The work features sports, passion, and youth, with a tense atmosphere. The competition of the hundred-meter sprint is full of tension, making it a novel-styled work."
2352,primary,en-US,名侦探光之美少女！,"""Pretty Cure Detective"" is a spin-off anime of the Pretty Cure series; the deductions of the detective girls. In this work, the daily life of the girls in deduction; the work features magical girls, deduction, and daily life, with a light atmosphere, making it a spin-off of the girls' magical girl anime."
2353,primary,en-US,淡岛百景,"This is a short anime telling the story on the island of Awajima. The work features daily life, healing, and ensemble, with a tranquil atmosphere, showcasing warmth in the life of the island, making it a novel-styled work."
2354,primary,en-US,纯洁庞克 发条少女,"This adapts the same-name manga. The story of a clockwork girl. The work features fantasy, battle, and ensemble, with a unique atmosphere. The fate of the clockwork girl is full of tension, making it a novel-styled work."
2355,primary,en-US,公鸡斗士,"This adapts the same-name manga. The battles of a boxer boy. The work features boxing, passion, and ensemble, with tense match scenes. The boy's growth is moving, making it a solid sports work."
2356,primary,en-US,春夏秋冬代行者 春之舞,"This adapts the same-name novel. The story of the girls who act as the seasons. The work features fantasy, battle, and ensemble as themes; the fates and bonds of the girls are full of tension, with a unique atmosphere, making it a novel-styled work."
2357,primary,en-US,在异世界获得超强能力的我，在现实世界照样无敌～等级提升改变人生命运～ SP,"""I Got a Cheat Ability in a Different World, and Become Unrivaled in the Real World Too"" (SP) continues the series; the story of the boy in another world and the real world continues. In this work, the boy's adventure in both worlds develops further; the work features isekai, battle, and harem, with a light atmosphere, making it a special of the series."
2358,primary,en-US,女仆小姐的贪吃日常,"This is a short anime telling the gourmand daily life of a maid. The work features gourmet food, comedy, and daily life; the maid's gluttony and the gourmet food are full of moe, with short episodes, making it a stress-relieving short anime."
2359,primary,en-US,最强的职业不是勇者也不是贤者好像是鉴定士(伪)的样子?,"This adapts the same-name light novel. The otherworld adventure of an appraiser boy. The work features isekai, battle, and light adventure; the appraiser's growth and adventure are highlights, with a light atmosphere, making it a standard isekai work."
2360,primary,en-US,电影 Love Live! 虹咲学园校园偶像同好会 完结篇 第2章,"""Love Live! Nijigasaki High School Idol Club: Final Chapter"" (Chapter 2) is a movie of Nijigasaki; the story of the girls reaches the final chapter. This work revolves around the final chapter; the work features music, chasing dreams, and ensemble, with moving songs and gorgeous stage performances, making it a movie of the Nijigasaki series."
2361,primary,en-US,佐贺偶像是传奇 梦想银河乐园,"""Zombie Land Saga: Dream Galaxy Paradise"" is a movie of Zombie Land Saga; the story of the zombie idols. This work revolves around the dream galaxy paradise; the work features idols, comedy, and ensemble, with a joyful atmosphere, making it a movie of the Zombie Land Saga series."
2362,primary,en-US,无尽的斯嘉丽,"This is a short anime telling an imaginative adventure story. The work features fantasy, adventure, and ensemble; in an endlessly extending fantasy world, the characters go on wonderful journeys one after another, exploring unknown territories and meeting all kinds of partners. The visuals are dreamlike, with a unique and charming atmosphere, depicting the romance of adventure and the freedom of imagination to the fullest, making it a short work with a distinct style and artistic atmosphere."
2363,primary,en-US,冰之城墙,"This adapts the same-name manga. In the world of the ice wall, the story of the girls. The work features fantasy, survival, and ensemble as themes, with a heavy atmosphere. The fates of the girls are full of tension, making it a novel-styled work."
2364,primary,en-US,尖帽子的魔法工房,"""Witch Hat Atelier"" adapts the same-name manga. The learning of a girl at a magic atelier. The work features magic, growth, and ensemble as themes; the girl's magic path is full of warmth, with refined art, making it an imaginative work."
2365,primary,en-US,迦楠大人的白给是恶魔级,"This is a short anime telling the daily life of the demon Kanan. The work features fantasy, comedy, and healing; the interactions of Kanan are full of moe, with short episodes, making it a stress-relieving short anime."
2366,primary,en-US,没有辣妹会对阿宅温柔!?,"This adapts the same-name manga. The romance between an otaku boy and a gyaru. The work features romance, comedy, and daily life; the contrast between the otaku and the gyaru is full of moe, with a light atmosphere, making it a joyful romance work."
2367,primary,en-US,姬骑士是蛮族的新娘,"This adapts the same-name manga. The romance between a princess knight and a barbarian. The work features romance, fantasy, and comedy; the interactions between the princess knight and the barbarian are full of moe, with a light atmosphere, making it a joyful romance work."
2368,primary,en-US,关于邻家的天使大人不知不觉把我惯成了废人这档子事 第二季,"""The Angel Next Door Spoils Me Rotten"" (Season 2) continues the first season; the daily life of the boy and the angel girl next door continues. In this work, the relationship of the two develops further; the work features romance, daily life, and healing, with a warm atmosphere, making it a sequel of the Angel Next Door series."
2369,primary,en-US,自称恶役大小姐的婚约者观察记录。,"This adapts the same-name light novel. The engagement of a girl reincarnated as a self-proclaimed villainess. The work features isekai, romance, and comedy; the villainess's observation and daily life are full of laughs, with a light atmosphere, making it a joyful work."
2370,primary,en-US,上伊那牡丹，酒醉身姿似百合花般,"This adapts the same-name manga. The daily life of a girl and fine wine. The work features daily life, healing, and ensemble; the girl's tipsy daily life is full of warmth, with a warm atmosphere, making it a healing work."
2371,primary,en-US,身为悲剧始作俑者的最强邪恶BOSS女王为民竭心尽力。 第二季,"This continues the first season; the story of the strongest evil boss queen continues. In this work, the daily life of the queen striving for the people develops further; the work features isekai, comedy, and romance, with a light atmosphere, making it a sequel of the series."
2372,primary,en-US,复制品的我也会谈恋爱。,"This adapts the same-name light novel. The romance of a clone girl. The work features romance, sci-fi, and daily life; the clone's identity and romance are highlights, with a unique atmosphere, making it a novel-styled work."
2373,primary,en-US,落语朱音,"This adapts the same-name manga. The growth of a girl in rakugo. The work features rakugo, youth, and ensemble; the girl's efforts on the rakugo path are infectious, with a warm atmosphere, making it a work full of artistic atmosphere."
2374,primary,en-US,雾尾粉丝后援会,"This is a short anime telling the daily life of a fan club. The work features comedy, idols, and daily life; the activities of the fan club are full of laughs, with short episodes, making it a stress-relieving short anime."
2375,primary,en-US,当前、正被打扰中！,"This is a short anime telling the funny stories of constantly being interrupted in daily life. The work features comedy, daily life, and snark; the protagonist is always interrupted at critical moments, causing all sorts of hilarious jokes. The animation is brisk with dense laughs, with exaggerated performances and sharp snark complementing each other, depicting the embarrassment and joy of ordinary daily life vividly, making it a stress-relieving comedy short anime suitable for watching anytime."
2376,primary,en-US,钻石王牌 act2 第二季,"""Ace of Diamond act II"" (Season 2) continues the series; the baseball path of Eijun Sawamura continues. In this work, the challenges of Seidou High at Koshien develop further; the work features baseball, passion, and youth, with passionate match scenes, making it a sequel of the Ace of Diamond series."
2377,primary,en-US,幽灵音乐会,"This is a short anime telling the story of a ghost concert. The work features music, fantasy, and healing, with a unique atmosphere. The music of the ghosts is charming, making it a novel-styled work."
2378,primary,en-US,日本三国,"This is a short anime telling the comedic story of the Three Kingdoms. The work features history, comedy, and ensemble; the parodies of the Three Kingdoms characters are full of laughs, with short episodes, making it a stress-relieving short anime."
2379,primary,en-US,和班上第二可爱的女孩成为朋友,"This adapts the same-name manga. The friendship between a boy and the second cutest girl in class. The work features daily life, romance, and healing; the interactions of the two are full of warmth, with a warm atmosphere, making it a healing work."
2380,primary,en-US,木头风纪委员和迷你裙JK的故事,"This adapts the same-name manga. The daily life of a disciplinarian and a high school girl. The work features romance, comedy, and academy; the disciplinarian's woodenness and the interactions with the girl are full of moe, with a light atmosphere, making it a joyful romance work."
2381,primary,en-US,楠木邸的神明庭院,"This is a short anime telling the story of the god's garden. The work features fantasy, healing, and daily life, with a tranquil atmosphere, showcasing warmth in the daily life of the garden, making it a novel-styled work."
2382,primary,en-US,加油吧！中村君!!,"""Ganbare! Nakamura-kun!!"" adapts the same-name manga. The fantasy daily life of introverted boy Nakamura. The work features comedy, daily life, and BL; Nakamura's fantasies and secret crush are full of laughs, with a light atmosphere, making it a hilarious work."
2383,primary,en-US,入间同学入魔了 第四季,"""Welcome to Demon School! Iruma-kun"" (Season 4) continues the series; the demon school daily life of kind boy Iruma continues. In this work, Iruma's growth in the demon world and new challenges develop further; the work features comedy, daily life, and the demon world, with a light atmosphere, making it a joyful work."
2384,primary,en-US,弱弱老师,"This adapts the same-name manga. The school daily life of a weak teacher. The work features comedy, daily life, and ensemble; the teacher's timidity and the interactions with students are full of laughs, with a light atmosphere, making it a hilarious work."
2385,primary,en-US,摩绪,"This is a short anime telling Moji's warm life story. The work features daily life, healing, and ensemble; in quiet daily life, Moji forms warm connections with the people around, experiencing plain but precious little things together. The atmosphere is tranquil and soft, with warm and delicate visuals, telling the bonds between people and the beauty of life at a gentle pace, making it a short work that soothes the heart and is worth savoring."
2386,primary,en-US,婚姻剧毒,"""Marriage Toxin"" adapts the same-name manga. The marriage of a sharp-tongued girl and a boy. The work features romance, comedy, and daily life; the girl's sharp tongue and the interactions with the boy are full of laughs, with a light atmosphere, making it a joyful romance work."
2387,primary,en-US,左撇子艾伦,"This adapts the same-name manga. The story of art student Allen. The work features art, youth, and ensemble; Allen's growth in art is full of tension, with a unique atmosphere, making it a novel-styled work."
2388,primary,en-US,神之水滴,"""Drops of God"" adapts the same-name manga. The story of wine commentary. The work features gourmet food, competition, and ensemble; the tasting and competition of wine are charming, with a unique atmosphere, making it a novel-styled work."
2389,primary,en-US,淫狱团地,"This is an adult-oriented dark anime telling stories set in a closed prison world. The work features a heavy atmosphere, oppressive ensemble, and distorted human relationships, depicting the struggles and desires deep within humanity in gray tones. The plot is bold and oppressive, facing the dark side of human nature head-on; it is a serious adult-oriented work not suitable for underage viewers."
2390,primary,en-US,杀手青春,"This is a short anime telling the story of an assassin and youth. The work features comedy, battle, and daily life; the contrast of the assassin and the daily life of youth are full of laughs, with short episodes, making it a stress-relieving short anime."
2391,primary,en-US,拜托了偶像公主,"This is a girls' idol anime; the princesses shine on stage with songs and dance. In this work, the girls grow on the idol path for their dreams; the work features gorgeous stage performances, cute characters, and catchy songs, with an atmosphere full of dreams and hope, making it a girls' idol anime."
2392,primary,en-US,一叠间漫画咖啡屋生活！,"This adapts the same-name manga. The daily life of a boy living in a manga cafe. The work features daily life, comedy, and otaku culture; the boy's manga cafe life is full of laughs, with a light atmosphere, making it a joyful work."
2393,primary,en-US,黑猫与魔女的教室,"This adapts the same-name manga. The story of a black cat and a girl in magic. The work features magic, academy, and healing; the black cat's teaching and the girl's growth are full of warmth, with a warm atmosphere, making it a healing work."
2394,primary,en-US,魔法姐妹露露特莉莉,"This is a short anime telling the daily life of the magical sisters. The work features magic, comedy, and daily life; the interactions of the sisters are full of moe, with short episodes, making it a stress-relieving short anime."
2395,primary,en-US,关于虽然逃走的鱼很大、但钓上来的鱼却太大了这件事,"This adapts the same-name manga. The daily life and snark of fishing. The work features fishing, comedy, and daily life; the fun and snark of fishing are full of laughs, with a light atmosphere, making it a joyful work."
2396,primary,en-US,库兹马唱歌的话家里哆啰啰,"This is a short anime telling the story of Kuzma. The work features music, comedy, and daily life; Kuzma's singing and the interactions with family are full of laughs, with short episodes, making it a stress-relieving short anime."
2397,primary,en-US,想结束这场“我爱你”的游戏,"This adapts the same-name manga. The romance story of confessing in a game. The work features romance, daily life, and comedy; the game and heartbeat of the two are full of moe, with a light atmosphere, making it a joyful romance work."
2398,primary,en-US,主播女孩重度依赖,"""NEEDY GIRL OVERDOSE"" adapts the same-name game. The story of a streaming girl. The work features streaming, daily life, and ensemble; the girl's streaming and inner struggles are full of tension, with a unique atmosphere, making it a game adaptation."
2399,primary,en-US,冻结地球,"This adapts the same-name novel. On the frozen earth, the story of the boys. The work features sci-fi, survival, and ensemble as themes, with a heavy atmosphere. The fates of the boys are full of tension, making it a novel-styled work."
2400,primary,en-US,转生成自动贩卖机的我今天也在迷宫徘徊 第三季,"""Reborn as a Vending Machine, I Now Wander the Dungeon"" (Season 3) continues the series; the daily life of the protagonist reincarnated as a vending machine in the dungeon continues. In this work, the story of the vending machine develops further; the work features isekai, comedy, and daily life, with the vending machine's setting full of laughs, making it a sequel of the vending machine series."
2401,primary,en-US,灰原同学重返过去，开启所向无敌的第二轮青春游戏,"This adapts the same-name light novel. Haibara returns to the past and redoes youth. The work features youth, romance, and ensemble; Haibara's second youth is a highlight, with a light atmosphere, making it a joyful work."
2402,primary,en-US,黄泉的使者,"This adapts the same-name manga. The story of a boy and the underworld. The work features fantasy, battle, and ensemble, with a unique atmosphere. The adventure of the boy and the underworld is full of tension, making it a novel-styled work."
2403,primary,en-US,异世界悠闲农家 第二季,"""Farming Life in Another World"" (Season 2) continues the first season; the farming life of the reincarnated protagonist continues. In this work, the daily life of the leisurely farm develops further; the work features isekai, daily life, and healing, with the leisure and warmth of farm life as highlights, with a warm atmosphere, making it a sequel of Farming Life in Another World."
2404,primary,en-US,最强王者的第二人生 第二季,"This continues the first season; the second life of the strongest king continues. In this work, the adventure of the king in a new world develops further; the work features isekai, battle, and harem, with a light atmosphere, making it a sequel of the series."
2405,primary,en-US,女神“异世界转生想成为什么”我“勇者的肋骨”,"This is a short anime telling the story of reincarnation. The work features isekai, comedy, and daily life, with short episodes and a light atmosphere, unfolding a story in a fun setting, making it a stress-relieving short anime."
2406,primary,en-US,欺诈游戏,"""Liar Game"" adapts the same-name manga. The story of a girl drawn into a liar game. The work features suspense, psychological battles, and survival as themes, with a tense atmosphere. The truth and betrayals of the game are impactful, making it a gripping work."
2407,primary,en-US,又被杀掉了呢，侦探大人,"This adapts the same-name light novel. The story of a detective who is killed and resurrected. The work features suspense, comedy, and ensemble; the detective's resurrection and deductions are highlights, with a light atmosphere, making it a novel-styled work."
2408,primary,en-US,轮回的花瓣,"This is a short anime telling the story of reincarnation. The work features fantasy, healing, and ensemble, with a tranquil atmosphere, showcasing warmth in the story of reincarnation, making it a novel-styled work."
2409,primary,en-US,异兽魔都 第二季,"""Dorohedoro"" (Season 2) continues the first season; the story of Kaiman and Nikaido continues. In this work, the battles between the monsters and the sorcerers develop further; the work features dark fantasy, battle, and ensemble, with a wild atmosphere, making it a sequel of the Dorohedoro series."
2410,primary,en-US,租借女友 第五季,"""Rent-A-Girlfriend"" (Season 5) continues the series; the romance of Kazuya and Chizuru continues. In this work, the relationship of the two reaches a new stage; the work features romance, comedy, and daily life, with a light atmosphere, making it a sequel of the Rent-A-Girlfriend series."
2411,primary,en-US,吞噬魔物的冒险者,"This adapts the same-name light novel. An adventurer who grows stronger by devouring monsters. The work features isekai, battle, and passion; the adventurer's growth and battles are highlights, with gorgeous battle scenes, making it a standard isekai work."
2412,primary,en-US,杖与剑的魔剑谭 第二季,"""Wistoria: Wand and Sword"" (Season 2) continues the first season; the story of the boy at a magic academy continues. In this work, the boy's battles with wand and sword develop further; the work features fantasy, academy, and battle, with gorgeous battle scenes, making it a sequel of the Wistoria series."
2413,primary,en-US,夜樱家的大作战 第二季,"""Mission: Yozakura Family"" (Season 2) continues the first season; the spy comedy of the Yozakura family continues. In this work, the daily life of the family and the boy develops further; the work features comedy, spies, and family, with a light atmosphere, making it a sequel of the Yozakura Family series."
2414,primary,en-US,欢迎来到实力至上主义教室 第四季,"""Classroom of the Elite"" (Season 4) continues the series; the battle of wits of Kiyotaka Ayanokoji continues. In this work, the games at the academy reach a new chapter; the work features academy, battle of wits, and ensemble, with a calm atmosphere, making it a sequel of the Classroom of the Elite series."
2415,primary,en-US,石纪元 科学与未来 第3部分,"""Dr. Stone: Science Future"" (Part 3) continues the series; the scientific revival of Senku continues. In this work, the chapter of science and the future develops further; the work features science, adventure, and passion, with a passionate atmosphere, making it a sequel of the Dr. Stone series."
2416,primary,en-US,Re：从零开始的异世界生活 第四季 丧失篇,"""Re:Zero - Starting Life in Another World"" (Season 4, Loss Arc) continues the series; the looping of Subaru Natsuki continues. In this work, Subaru faces new despair and challenges in the Loss arc; the work features isekai, looping, and ensemble as themes, with a heavy atmosphere. Subaru's struggles are moving, making it a sequel of the Re:Zero series."
2417,primary,en-US,关于我转生变成史莱姆这档事 第四季,"""That Time I Got Reincarnated as a Slime"" (Season 4) continues the series; the nation-building story of Rimuru continues. In this work, the further development of Rimuru in the Tempest Federation and new challenges unfold; the work features isekai, light adventure, and ensemble, with gorgeous battle scenes, making it a sequel of the Slime series."
2418,primary,en-US,小书痴的下克上 〜为了成为图书管理员而不择手段〜 领主的养女,"""Ascendance of a Bookworm"" (The Adopted Daughter of an Archduke) continues the series; the story of the book-loving girl continues. In this work, the life of the girl after becoming the archduke's adopted daughter develops further; the work features isekai, daily life, and growth as themes, with a warm atmosphere, making it a sequel of the Bookworm series."
2419,primary,en-US,大贤者里德尔的时空逆行,"This adapts the same-name light novel. Great sage Lidel goes back in time and redoes everything. The work features fantasy, strategy, and ensemble; the sage's counterattack is a highlight, with a unique atmosphere, making it a novel-styled work."
2420,primary,en-US,百鬼夜行抄,"""Night Wanderer"" adapts the same-name manga. The story of a boy and the hundred ghosts. The work features youkai, suspense, and healing; the boy's supernatural daily life is a highlight, with a unique atmosphere, making it a novel-styled work."
2421,primary,en-US,茉莉花酱的好感度正在崩坏,"This is a short anime telling the story of the crumbling affection of Jasmine. The work features romance, comedy, and daily life, with short episodes and a light atmosphere, showcasing emotions in an interesting story, making it a stress-relieving short anime."
2422,primary,en-US,这样高大的女孩子你喜欢吗？,"This adapts the same-name manga. The romance between a tall girl and a short boy. The work features romance, daily life, and comedy; the height contrast and the interactions of the two are full of moe, with a light atmosphere, making it a joyful romance work."
2423,primary,en-US,七米神物语,"This is a short anime telling the story of the seven-meter god. The work features fantasy, healing, and daily life, with a tranquil atmosphere, showcasing warmth in the story of the seven-meter god, making it a novel-styled work."
2424,primary,en-US,轻松熊,"""Rilakkuma"" is an anime of Rilakkuma; the leisurely daily life of Rilakkuma. The work features cute pets, healing, and daily life; the lazy life of Rilakkuma is full of warmth, with soft adorable art and a warm atmosphere, making it a healing work."
2425,primary,en-US,剧场版总集篇 GIRLS BAND CRY 青春狂走曲,"This is a recap movie of GIRLS BAND CRY; the story of the band girls is rearranged. This work reviews the plot of the anime; the work features music, youth, and ensemble, with moving songs, making it a recap of the GIRLS BAND CRY series."
2426,primary,en-US,剧场版总集篇 GIRLS BAND CRY 呐、未来。,"This is a recap movie of GIRLS BAND CRY; the story of the band girls is rearranged. This work reviews the plot of the anime; the work features music, youth, and ensemble, with moving songs, making it a recap of the GIRLS BAND CRY series."
2427,primary,en-US,Candy Caries 蛀在糖糖里,"""Candy Caries"" is a short anime telling the story of the sweets. The work features moe, comedy, and healing, with cute art and short episodes, showcasing the interactions of the sweets in light daily life, making it a stress-relieving short anime."
2428,primary,en-US,北斗神拳 -FIST OF THE NORTH STAR-,"""Fist of the North Star"" is an anime of Fist of the North Star; the battles of Kenshiro. This work revolves around the story of Hokuto Shinken; the work features martial arts, passion, and a post-apocalyptic world, with powerful battle scenes, making it a classic of martial arts anime."
2429,primary,en-US,一脸嫌弃表情的妹子给你看胖次R,"This is a short adult-oriented anime telling the daily life of the girls. The work features romance, adult themes, and daily life, with an ambiguous atmosphere, making it an adult-oriented romance work."
2430,primary,en-US,躲在超市后门抽烟的两人,"""Smoking Behind the Supermarket with You"" adapts the same-name manga. Two people smoking behind the supermarket. The work features daily life, healing, and office workers; the smoking time and conversations of the two are full of warmth, with a tranquil atmosphere, making it a healing work."
2431,primary,en-US,落第贤者的学院无双～第二次转生的S级开外挂魔术师冒险录～,"This adapts the same-name light novel. The overwhelming power of a failed sage at an academy. The work features academy, battle, and satisfaction; the sage's power and the daily life of the academy are highlights, with gorgeous battle scenes, making it a standard light novel adaptation."
2432,primary,en-US,剧场版 关于我转生变成史莱姆这档事 苍海之泪篇,"""That Time I Got Reincarnated as a Slime: The Movie - Tears of the Azure Sea"" is a movie of the Slime series; the story of Rimuru. This work revolves around the Tears of the Azure Sea; the work features isekai, light adventure, and ensemble, with gorgeous battle scenes, making it a movie of the Slime series."
2433,primary,en-US,航海王 埃鲁巴夫篇,"""One Piece: Elbaf Arc"" continues the series; the adventure of the Straw Hats continues. In this work, the adventure of Luffy and his crew in Elbaf unfolds; the work features adventure, passion, and the bonds of partners as themes, with gorgeous battle scenes, making it an important chapter of the One Piece series."
2434,primary,en-US,无自觉圣女今天也无意识地释放力量,"This adapts the same-name light novel. The daily life of a saint unaware of her own power. The work features isekai, comedy, and healing; the saint's unconsciously releasing her power is full of laughs, with a light atmosphere, making it a joyful work."
2435,primary,en-US,女主角？圣女？不，我是杂役女仆（自豪）！,"This adapts the same-name light novel. The story of a heroine who becomes a utility maid. The work features isekai, comedy, and daily life; the heroine's utility maid life is full of laughs, with a light atmosphere, making it a joyful work."
2436,primary,en-US,魔法少女奈叶 EXCEEDS Gun Blaze Vengeance,"""Magical Girl Lyrical Nanoha EXCEEDS Gun Blaze Vengeance"" is an anime of the Magical Girl Lyrical Nanoha series; the battles of the magical girls. This work revolves around a new chapter; the work features magical girls, battle, and ensemble, with gorgeous battle scenes, making it a new work of the Magical Girl Lyrical Nanoha series."
2437,primary,en-US,斗球儿弹子,"This adapts the same-name manga. The story of a boy in pinball machines. The work features competition, passion, and ensemble; the competition of the pinball is full of tension, and the boy's growth is moving, making it a uniquely styled work."
2438,primary,en-US,骸骨骑士大人异世界冒险中 第二季,"""Skeleton Knight in Another World"" (Season 2) continues the first season; the adventure of the skeleton knight continues. In this work, the adventure of the skeleton knight in another world develops further; the work features isekai, light adventure, and passion, with a light atmosphere, making it a sequel of the Skeleton Knight series."
2439,primary,en-US,才女的侍从 在满是高岭之花的贵族学校暗中照顾（毫无生活自理能力的）学院第一大小姐,"This adapts the same-name light novel. The daily life of the genius girl's attendant at an aristocratic school. The work features romance, academy, and comedy; the interactions between the attendant and the young lady are full of moe, with a light atmosphere, making it a joyful romance work."
2440,primary,en-US,从0位居民开始的边境领主大人,"This adapts the same-name light novel. The border lord management starting from zero. The work features isekai, daily life, and light adventure; the lord's territory management is fun, with a light atmosphere, making it a joyful work."
2441,primary,en-US,铠真传 武士军团 第2部分,"""Armored Legend: Samurai Corps"" (Part 2) continues the series; the battles of the samurai continue. This work revolves around a new chapter; the work features battle, passion, and ensemble, with gorgeous battle scenes, making it a sequel of the Armored Legend series."
2442,primary,en-US,乡下大叔成为剑圣 第二季,"""From Old Country Bumpkin to Master Swordsman"" (Season 2) continues the first season; the sword saint path of the countryside uncle continues. In this work, the uncle's growth in swordsmanship develops further; the work features swordsmanship, passion, and daily life, with a warm atmosphere, making it a sequel of the countryside uncle series."
2443,primary,en-US,恋爱游戏世界对路人角色很不友好 第二季,"This continues the first season; the counterattack of the background character boy continues. In this work, the boy's game in the otome game world develops further; the work features isekai, romance, and comedy, with a light atmosphere, making it a sequel of the series."
2444,primary,en-US,与奔驰于透明之夜的你，谈一场看不见的恋爱。,"This adapts the same-name manga. The romance with a transparent girl. The work features romance, fantasy, and daily life; the transparent girl's setting and the interactions of the two are full of moe, with a tranquil atmosphere, making it a uniquely styled romance work."
2445,primary,en-US,猫与龙,"This adapts the same-name manga. The daily life of a girl and a dragon. The work features fantasy, healing, and daily life; the interactions of the cat and the dragon are full of warmth, with refined art and a warm atmosphere, making it a healing work."
2446,primary,en-US,尼古喵喵,"This is a short anime telling the daily life of the Nikuke. The work features cute pets, comedy, and healing, with cute art and short episodes, showcasing the interactions of the cats in light daily life, making it a stress-relieving short anime."
2447,primary,en-US,描绘直至生命尽头,"This adapts the same-name manga. The story of a painter in war. The work features war, art, and tragedy as themes; the painter's creation and struggle for life are full of tension, with a heavy atmosphere, making it a thought-provoking work."
2448,primary,en-US,幼女战记 第二季,"""Saga of Tanya the Evil"" (Season 2) continues the first season; the battles of Tanya von Degurechaff continue. In this work, Tanya's strategy and battles in the war develop further; the work features war, strategy, and ensemble as themes, with a cold atmosphere, making it a sequel of the Saga of Tanya the Evil series."
2449,primary,en-US,无职转生 第三季 ～到了异世界就拿出真本事～,"""Mushoku Tensei: Jobless Reincarnation"" (Season 3) continues the series; Rudeus's life in another world continues. In this work, Rudeus's growth and adventure in another world develop further; the work features isekai, ensemble, and growth as themes, with high-quality production, making it a sequel of the Mushoku Tensei series."
2450,primary,en-US,魔法光源股份有限公司 第二季,"""Magilumiere Co. Ltd."" (Season 2) continues the first season; the story of the magical girl company continues. In this work, the battles and growth of the girls in the company develop further; the work features magical girls, workplace, and battle, with a light atmosphere, making it a sequel of the Magilumiere series."
2451,primary,en-US,超超超超超喜欢你的100个女朋友 第三季,"""The 100 Girlfriends Who Really, Really, Really, Really, Really Love You"" (Season 3) continues the series; the hundred-girl romance comedy of the boy continues. In this work, the daily life of the boy and his girlfriends develops further; the work features romance, comedy, and harem, with an exaggerated and joyful atmosphere, making it a sequel of the 100 Girlfriends series."
2452,primary,en-US,暴怒千金发誓复仇。～凭借魔导书之力打垮祖国～,"This adapts the same-name light novel. The story of a furious lady swearing revenge. The work features isekai, fantasy, and revenge; the lady's revenge and the power of the grimoire are highlights, with a unique atmosphere, making it a novel-styled work."
2453,primary,en-US,地狱模式～喜欢挑战特殊成就的玩家在废设定的异世界成为无双～第二季,"""Hell Mode: Hardcore Gamer's Rise to Unrivaled Power in a New World"" (Season 2) continues the first season; the overwhelming power of the player in another world continues. In this work, the adventure of the player in the flawed-setting world develops further; the work features isekai, battle, and satisfaction, with a light atmosphere, making it a sequel of the Hell Mode series."
2454,primary,en-US,奇招百出的维多利亚,"This adapts the same-name light novel. The strategy story of Victoria. The work features fantasy, strategy, and ensemble; Victoria's clever tricks are highlights, with a unique atmosphere, making it a novel-styled work."
2455,primary,en-US,说了不打算爱我的公爵继承人，不知为何对我宠爱有加,"This adapts the same-name light novel. The romance between a duke's heir and a girl. The work features romance, the court, and comedy; the contrast and pampering of the duke's heir are full of moe, with a light atmosphere, making it a joyful romance work."
2456,primary,en-US,LV999的村民,"This adapts the same-name light novel. The story of a level 999 villager. The work features isekai, battle, and daily life; the villager's power and leisure are highlights, with a light atmosphere, making it a standard isekai work."
2457,primary,en-US,令和的斑小姐,"This is a short anime telling the daily life of Madara. The work features daily life, comedy, and healing; the interactions of Madara are full of moe, with short episodes, making it a stress-relieving short anime."
2458,primary,en-US,世界最强的后卫 ～迷宫国的新人探索者～,"This adapts the same-name light novel. The adventure of the world's strongest rear guard in a dungeon country. The work features isekai, battle, and adventure; the story of the rear guard is a highlight, with a light atmosphere, making it a standard isekai work."
2459,primary,en-US,少女怪兽焦糖味,"This is a short anime telling the daily life of a monster girl. The work features moe, comedy, and healing; the interactions between the monster girl and humans are full of moe, with short episodes, making it a stress-relieving short anime."
2460,primary,en-US,我家的弟弟们真是让您费心了,"This adapts the same-name manga. The daily life of the younger brothers. The work features daily life, comedy, and family; the interactions of the younger brothers are full of laughs, with a warm atmosphere, making it a work that brings a smile."
2461,primary,en-US,穹庐下的魔女,"This adapts the same-name manga. A witch living under the dome. The work features fantasy, healing, and daily life; the witch's life is full of warmth, with a tranquil atmosphere, making it a healing work."
2462,primary,en-US,花织即使是转生也想打架,"This is a short anime telling the story of reincarnated Hanaori. The work features battle, comedy, and daily life; Hanaori's reincarnation and fights are full of laughs, with short episodes, making it a stress-relieving short anime."
2463,primary,en-US,与你相恋到生命尽头,"This adapts the same-name manga. A romance wagered on life. The work features romance, tragedy, and ensemble as themes; the fates of the two are full of tension, with a heavy atmosphere, making it a thought-provoking work."
2464,primary,en-US,北斗神拳 拳王军杂兵们的挽歌 第二季,"This continues the series; the story of the soldiers continues. In this work, the daily life of the war told from the soldiers' perspective develops further; the work features comedy, historical era, and ensemble, with a unique atmosphere, making it a spin-off of the Fist of the North Star series."
2465,primary,en-US,二十世纪电气目录,"This adapts the same-name novel. The story of a boy and a girl in the Meiji era. The work features historical era, romance, and adventure; the setting of the electric catalog is charming, with an elegant atmosphere, making it a uniquely styled work."
2466,primary,en-US,恶女不才，请多关照 ～雏宫蝶鼠换身传～,"This is a short anime telling the story of the body swap. The work features romance, comedy, and the court; the body swap setting is full of laughs, with short episodes, making it a stress-relieving short anime."
2467,primary,en-US,无用圣女的异世界美食之旅 凭借隐藏技能召唤露营车,"This adapts the same-name light novel. The gourmet journey of a useless saint. The work features isekai, gourmet food, and light adventure; the saint's gourmet journey is full of warmth, with a warm atmosphere, making it a healing work."
2468,primary,en-US,碧蓝之海 第三季,"""Grand Blue Dreaming"" (Season 3) continues the series; the comedic diving daily life of the university students continues. In this work, the daily life of Iori and his partners develops further; the work features comedy, diving, and youth, with a light atmosphere, making it a sequel of the Grand Blue series."
2469,primary,en-US,再见，拉拉,"This is a short anime telling the story of farewell and youth. The work features youth, healing, and ensemble, with a tranquil atmosphere; the story of farewell is full of warmth, making it a novel-styled work."
2470,primary,en-US,炒翻天,"This adapts the same-name manga. The battles of a young chef in cooking. The work features cooking, passion, and competition; the cooking duels are powerful, and the boy's growth is moving, making it a classic cooking anime."
2471,primary,en-US,文豪野犬 汪！第二季,"""Bungou Stray Dogs Wan!"" (Season 2) continues the first season; the chibi daily life of the literary masters continues. This work focuses on light daily life; the work features comedy, daily life, and chibi, with a joyful atmosphere, making it a side story of the Bungou Stray Dogs series."
2472,primary,en-US,暗黑灯火,"This is a short anime telling the story of finding light in the darkness. The work features fantasy, suspense, and ensemble; in a dim and oppressive world, the characters carry their own concerns and secrets, meeting and moving forward under the faint lamplight. The visuals have strong contrast of light and dark, with a heavy yet tense atmosphere, depicting the hope in darkness and the warmth of humanity delicately and deeply, making it a uniquely styled and thought-provoking short work."
2473,primary,en-US,岩元前辈的推荐,"This is a short anime telling the light daily life of senior Iwamoto and the people around him. The work features daily life, comedy, and ensemble; the senior always enthusiastically recommends all kinds of things to the people around, yet often triggers unexpected hilarious reactions. The animation is brisk with dense laughs, and the interactions of the characters are natural and fun, depicting the little humor in workplace and life vividly, making it a stress-relieving comedy short anime suitable for watching anytime."
2474,primary,en-US,Grow Up Show ～向日葵马戏团～,"""Grow Up Show: Sunflower Circus"" is a short anime telling the story of the circus. The work features performance, youth, and ensemble, with a joyful atmosphere; the performances of the circus are charming, making it a novel-styled work."
2475,primary,en-US,盗墓王,"This adapts the same-name manga. The story of tomb raiding. The work features adventure, fantasy, and ensemble; the adventure of tomb raiding is tense, with a unique atmosphere, making it a novel-styled work."
2476,primary,en-US,雷霆三人行,"This adapts the same-name manga. The story of three phantom thieves. The work features phantom thieves, comedy, and daily life; the interactions of the trio are full of laughs, with a light atmosphere, making it a joyful work."
2477,primary,en-US,梅比乌斯之尘,"This is a short anime telling the story unfolding in a world that repeats itself. The work features fantasy, suspense, and ensemble; under the setting of an infinitely looping Mobius ring, the characters keep experiencing similar yet subtly different fates, seeking the truth of the world and the meaning of themselves. The visuals are surreal, with a unique and dreamy atmosphere, depicting the theme of looping and redemption with philosophical depth, making it a uniquely styled and thought-provoking short work."
2478,primary,en-US,不虐待我的继母与继姐,"This is a short anime telling the daily life of a stepmother and step-sisters. The work features daily life, family, and healing; the interactions of the stepmother and step-sisters are full of warmth, with short episodes, making it a stress-relieving short anime."
2479,primary,en-US,花样少年少女 第二季,"""Hana-Kimi: For You in Full Blossom"" (Season 2) continues the first season; the academy story of the girl disguised as a boy continues. In this work, the daily life of the girl at the all-boys school develops further; the work features romance, comedy, and academy, with a light atmosphere, making it a sequel of the Hana-Kimi series."
2480,primary,en-US,Let's Go 怪奇组,"This is a short anime telling the story of the weird group. The work features comedy, weirdness, and daily life, with short episodes and a light atmosphere, showcasing the interactions of the characters in a fun setting, making it a stress-relieving short anime."
2481,primary,en-US,转学后班上的清纯可爱美少女，竟是小时候玩在一起的哥儿们,"This adapts the same-name manga. The story that the cute girl after the transfer is a childhood friend. The work features romance, comedy, and daily life; the gender reversal of the childhood friend is full of laughs, with a light atmosphere, making it a joyful romance work."
2482,primary,en-US,『你们先走我断后』，于是10年后我成为了传说,"This adapts the same-name light novel. The legend of the hero who stayed behind. The work features isekai, battle, and ensemble; the hero's staying behind and legend are highlights, with a light atmosphere, making it a standard isekai work."
2483,primary,en-US,攻壳机动队 THE GHOST IN THE SHELL,"""Ghost in the Shell"" is an anime of Ghost in the Shell; the battles of Motoko Kusanagi. This work revolves around the story of cyborgs and ghosts; the work features sci-fi, cyberpunk, and philosophy as themes, with a cold atmosphere, making it a classic of cyberpunk anime."
2484,primary,en-US,最强出涸皇子的暗跃帝位争夺,"This adapts the same-name light novel. The imperial succession struggle of the strongest disfavored prince. The work features isekai, strategy, and ensemble; the prince's covert maneuvers and the succession struggle are highlights, with a unique atmosphere, making it a novel-styled work."
2485,primary,en-US,天是红河岸,"""Red River"" adapts the same-name manga. The story of a girl who travels back to ancient times. The work features romance, history, and fantasy; the girl's time travel and the bond with the prince are charming, with a gorgeous atmosphere, making it a uniquely styled work."
2486,primary,en-US,死神 千年血战篇-祸进谭-,"""Bleach: Thousand-Year Blood War"" (The Calamity Arc) is a new chapter of Bleach's Thousand-Year Blood War; the battles of Ichigo continue. This work revolves around the new chapter; the work features battle, passion, and ensemble, with high-quality production, making it a sequel of the Bleach series."
2487,primary,en-US,碧蓝航线：微速前行！第二季,"""Azur Lane: Slow Ahead!"" (Season 2) continues the first season; the daily life of the ship girls continues. This work focuses on light daily life; the work features moe, comedy, and daily life, with a light atmosphere, making it a spin-off of the Azur Lane series."
2488,primary,en-US,Clevatess II-魔兽之王与虚假的勇者传承-,"""Clevatess II: The King of Demons and the False Hero's Legend"" is a short anime telling the story of the king of demons and the hero. The work features fantasy, battle, and ensemble, with a unique atmosphere, making it a novel-styled work."
2489,primary,en-US,感谢对战。 ～大小姐才不玩格斗游戏～,"This adapts the same-name manga. The story of a young lady in fighting games. The work features games, comedy, and daily life; the young lady's fighting game daily life is full of laughs, with a light atmosphere, making it a joyful work."
2490,primary,en-US,鬼的新娘,"This adapts the same-name manga. The romance between a girl and a demon. The work features romance, fantasy, and comedy; the demon bride setting and the interactions of the two are full of moe, with a light atmosphere, making it a joyful romance work."
2491,primary,en-US,相反的你和我 第二季,"This continues the first season; the romance of the boy and girl of opposite personalities continues. In this work, the relationship of the two develops further; the work features romance, daily life, and comedy, with a light atmosphere, making it a sequel of the Opposite series."
2492,primary,en-US,BanG Dream! YUME∞MITA,"""BanG Dream! YUME∞MITA"" is an anime of BanG Dream!; the dream story of the girls. This work revolves around a new chapter; the work features music, youth, and ensemble, with moving songs, making it a work of the BanG Dream project."
2493,primary,en-US,擅长逃跑的殿下 第二季,"""The Elusive Samurai"" (Season 2) continues the first season; the escape story of Tokiyuki Hojo continues. In this work, Tokiyuki's escape and development in the turbulent era unfold further; the work features history, comedy, and ensemble, with a unique atmosphere, making it a sequel of the Elusive Samurai series."
2494,primary,en-US,同一个研讨会的染谷同学是AV女优的事,"This is a short adult-oriented anime telling the romance in a seminar. The work features romance, adult themes, and daily life, with an ambiguous atmosphere, making it an adult-oriented romance work."
2495,primary,en-US,拯救替身千金的是冷酷无情冰之王子的爱,"This adapts the same-name light novel. The romance between a stand-in lady and an ice prince. The work features romance, the court, and comedy; the interactions between the stand-in lady and the prince are full of moe, with a light atmosphere, making it a joyful romance work."
2496,primary,en-US,正后方的神威,"This adapts the same-name manga. The battles of Kamiu. The work features battle, passion, and ensemble; Kamiu's power and battles are highlights, with gorgeous battle scenes, making it a hardcore work."
2497,primary,en-US,澈底对你成瘾,"This is a short anime telling the addictive love story. The work features romance, adult themes, and daily life, with an ambiguous atmosphere, making it an adult-oriented romance work."
2498,primary,en-US,THE LENTICULARS a/,"""THE LENTICULARS a/"" is a short anime telling the story of the LENTICULARS. The work features fantasy, suspense, and ensemble, with a unique atmosphere, making it a novel-styled work."
2499,primary,en-US,靠死亡游戏混饭吃。 44:CLOUDY BEACH,"This continues the series; the story of the death game continues. This work revolves around a new chapter; the work features suspense, survival, and ensemble, with a tense atmosphere, making it a sequel of the series."
2500,primary,en-US,暗芝居 第十七季,"""Yami Shibai"" Season 17 is a horror short anime series, continuing to tell various ghost stories in paper theater format. The work is known for its nostalgic art style, grotesque plots, and thought-provokingly frightening atmosphere; each episode creates a strong sense of horror in just a few minutes, and the distorted urban legends send chills down viewers' spines, making it a must-see for horror anime fans."
2501,primary,en-US,人造人009 涅墨西斯,"""Cyborg 009: Nemesis"" is a new anime of Cyborg 009; the battles of the cyborgs. This work revolves around the story of Nemesis; the work features sci-fi, battle, and ensemble, with a heavy atmosphere, making it a new work of the Cyborg 009 series."
2502,primary,en-US,剧场版 暗杀教室 大家的时间,"""Assassination Classroom: The Movie - Everyone's Time"" is a movie of Assassination Classroom; the story of the students and Koro-sensei. This work revolves around everyone's time; the work features comedy, academy, and warmth, with a warm atmosphere, making it a movie of the Assassination Classroom series."
2503,primary,en-US,剧场版 鬼灭之刃 无限城篇 第一章 猗窝座再袭,"""Demon Slayer: Kimetsu no Yaiba - The Movie: Infinite Castle Arc - Chapter 1: Akaza's Onslaught"" is a movie of Demon Slayer; the battles of Tanjiro. This work revolves around the Infinite Castle arc; the work features passion, battle, and bonds as themes, with high-quality production, making it an important chapter of the Demon Slayer series."
2504,primary,en-US,剧场版 我心里危险的东西,"""The Dangers in My Heart: The Movie"" is a movie of The Dangers in My Heart; the romance between a gloomy boy and a beautiful girl. This work revolves around the relationship of the two; the work features romance, daily life, and comedy, with a warm atmosphere, making it a movie of the Dangers in My Heart series."
2505,primary,en-US,Re：从零开始的异世界生活 第四季 夺还篇,"""Re:Zero - Starting Life in Another World"" (Season 4, Rescue Arc) continues the series; the looping of Subaru Natsuki continues. In this work, Subaru's challenges and growth in the Rescue arc develop further; the work features isekai, looping, and ensemble as themes, with a heavy atmosphere. Subaru's struggles are moving, making it a sequel of the Re:Zero series."
2506,primary,en-US,宝可梦 地平线,"""Pokemon Horizons"" is a new series of Pokemon; the adventure of new protagonists Liko and Friede. In this work, the journey of Liko and her group in the Pokemon world unfolds; the work features adventure, passion, and the bonds of partners, with a warm atmosphere, making it a new chapter of the Pokemon series."
2507,primary,en-US,吉伊卡哇,"""Chiikawa"" adapts the same-name manga. The daily life of Chiikawa. The work features cute pets, healing, and comedy; the interactions of the Chiikawa characters are full of moe, with soft adorable art and a warm atmosphere, making it a healing work."
2508,primary,en-US,进入花园,"""Enter the Garden"" is an original anime by WIT STUDIO telling the adventure of a boy and his friends. The story of the boys in a fantasy maze; the work features fantasy, adventure, and ensemble, with a unique atmosphere. The growth of the boys is full of tension, making it a novel-styled work."
